solid OpenSCAD_Model
  facet normal 0.9038 0.427955 0
    outer loop
      vertex 12.2239 6.93268 -7.62939e-07
      vertex 12.1819 7.02138 -1.8
      vertex 12.1819 7.02138 -7.62939e-07
    endloop
  endfacet
  facet normal 0.9038 0.427955 0
    outer loop
      vertex 12.1819 7.02138 -1.8
      vertex 12.2239 6.93268 -7.62939e-07
      vertex 12.2239 6.93268 -1.8
    endloop
  endfacet
  facet normal 0.243015 -0.970023 0
    outer loop
      vertex 11.4951 -7.53078 -1.8
      vertex 11.5903 -7.50693 -7.62939e-07
      vertex 11.4951 -7.53078 -7.62939e-07
    endloop
  endfacet
  facet normal 0.243015 -0.970023 0
    outer loop
      vertex 11.5903 -7.50693 -7.62939e-07
      vertex 11.4951 -7.53078 -1.8
      vertex 11.5903 -7.50693 -1.8
    endloop
  endfacet
  facet normal -0.146597 -0.989196 0
    outer loop
      vertex -11.4951 -7.53078 -1.8
      vertex -11.398 -7.54517 -7.62939e-07
      vertex -11.4951 -7.53078 -7.62939e-07
    endloop
  endfacet
  facet normal -0.146597 -0.989196 -0
    outer loop
      vertex -11.398 -7.54517 -7.62939e-07
      vertex -11.4951 -7.53078 -1.8
      vertex -11.398 -7.54517 -1.8
    endloop
  endfacet
  facet normal 0 -1 0
    outer loop
      vertex -11.3 -7.54999 -1.8
      vertex 11.3 -7.54999 -7.62939e-07
      vertex -11.3 -7.54999 -7.62939e-07
    endloop
  endfacet
  facet normal 0 -1 -0
    outer loop
      vertex 11.3 -7.54999 -7.62939e-07
      vertex -11.3 -7.54999 -1.8
      vertex 11.3 -7.54999 -1.8
    endloop
  endfacet
  facet normal 0.146597 -0.989196 0
    outer loop
      vertex 11.398 -7.54517 -1.8
      vertex 11.4951 -7.53078 -7.62939e-07
      vertex 11.398 -7.54517 -7.62939e-07
    endloop
  endfacet
  facet normal 0.146597 -0.989196 0
    outer loop
      vertex 11.4951 -7.53078 -7.62939e-07
      vertex 11.398 -7.54517 -1.8
      vertex 11.4951 -7.53078 -1.8
    endloop
  endfacet
  facet normal -0.336969 0.941516 0
    outer loop
      vertex -11.5903 7.50693 -1.8
      vertex -11.6827 7.47386 -7.62939e-07
      vertex -11.5903 7.50693 -7.62939e-07
    endloop
  endfacet
  facet normal -0.336969 0.941516 0
    outer loop
      vertex -11.6827 7.47386 -7.62939e-07
      vertex -11.5903 7.50693 -1.8
      vertex -11.6827 7.47386 -1.8
    endloop
  endfacet
  facet normal 0.998803 0.048911 0
    outer loop
      vertex 12.3 6.54999 -7.62939e-07
      vertex 12.2952 6.64801 -1.8
      vertex 12.2952 6.64801 -7.62939e-07
    endloop
  endfacet
  facet normal 0.998803 0.048911 0
    outer loop
      vertex 12.2952 6.64801 -1.8
      vertex 12.3 6.54999 -7.62939e-07
      vertex 12.3 6.54999 -1.8
    endloop
  endfacet
  facet normal 0.0491243 -0.998793 0
    outer loop
      vertex 11.3 -7.54999 -1.8
      vertex 11.398 -7.54517 -7.62939e-07
      vertex 11.3 -7.54999 -7.62939e-07
    endloop
  endfacet
  facet normal 0.0491243 -0.998793 0
    outer loop
      vertex 11.398 -7.54517 -7.62939e-07
      vertex 11.3 -7.54999 -1.8
      vertex 11.398 -7.54517 -1.8
    endloop
  endfacet
  facet normal -0.336969 -0.941516 0
    outer loop
      vertex -11.6827 -7.47386 -1.8
      vertex -11.5903 -7.50693 -7.62939e-07
      vertex -11.6827 -7.47386 -7.62939e-07
    endloop
  endfacet
  facet normal -0.336969 -0.941516 -0
    outer loop
      vertex -11.5903 -7.50693 -7.62939e-07
      vertex -11.6827 -7.47386 -1.8
      vertex -11.5903 -7.50693 -1.8
    endloop
  endfacet
  facet normal -0.989173 -0.146755 0
    outer loop
      vertex -12.2808 -6.74507 -1.8
      vertex -12.2952 -6.64801 -7.62939e-07
      vertex -12.2952 -6.64801 -1.8
    endloop
  endfacet
  facet normal -0.989173 -0.146755 0
    outer loop
      vertex -12.2952 -6.64801 -7.62939e-07
      vertex -12.2808 -6.74507 -1.8
      vertex -12.2808 -6.74507 -7.62939e-07
    endloop
  endfacet
  facet normal -0.0491243 0.998793 0
    outer loop
      vertex -11.3 7.54999 -1.8
      vertex -11.398 7.54517 -7.62939e-07
      vertex -11.3 7.54999 -7.62939e-07
    endloop
  endfacet
  facet normal -0.0491243 0.998793 0
    outer loop
      vertex -11.398 7.54517 -7.62939e-07
      vertex -11.3 7.54999 -1.8
      vertex -11.398 7.54517 -1.8
    endloop
  endfacet
  facet normal 0.671607 0.740908 -0
    outer loop
      vertex 12.0071 7.2571 -1.8
      vertex 11.9344 7.323 -7.62939e-07
      vertex 12.0071 7.2571 -7.62939e-07
    endloop
  endfacet
  facet normal 0.671607 0.740908 0
    outer loop
      vertex 11.9344 7.323 -7.62939e-07
      vertex 12.0071 7.2571 -1.8
      vertex 11.9344 7.323 -1.8
    endloop
  endfacet
  facet normal -0.989173 0.146755 0
    outer loop
      vertex -12.2952 6.64801 -1.8
      vertex -12.2808 6.74507 -7.62939e-07
      vertex -12.2808 6.74507 -1.8
    endloop
  endfacet
  facet normal -0.989173 0.146755 0
    outer loop
      vertex -12.2808 6.74507 -7.62939e-07
      vertex -12.2952 6.64801 -1.8
      vertex -12.2952 6.64801 -7.62939e-07
    endloop
  endfacet
  facet normal 1 -0 0
    outer loop
      vertex 12.3 -6.54999 -7.62939e-07
      vertex 12.3 6.54999 -1.8
      vertex 12.3 6.54999 -7.62939e-07
    endloop
  endfacet
  facet normal 1 0 0
    outer loop
      vertex 12.3 6.54999 -1.8
      vertex 12.3 -6.54999 -7.62939e-07
      vertex 12.3 -6.54999 -1.8
    endloop
  endfacet
  facet normal -1 0 0
    outer loop
      vertex -12.3 -6.54999 -1.8
      vertex -12.3 6.54999 -7.62939e-07
      vertex -12.3 6.54999 -1.8
    endloop
  endfacet
  facet normal -1 -0 0
    outer loop
      vertex -12.3 6.54999 -7.62939e-07
      vertex -12.3 -6.54999 -1.8
      vertex -12.3 -6.54999 -7.62939e-07
    endloop
  endfacet
  facet normal 0.427455 0.904036 -0
    outer loop
      vertex 11.7714 7.43192 -1.8
      vertex 11.6827 7.47386 -7.62939e-07
      vertex 11.7714 7.43192 -7.62939e-07
    endloop
  endfacet
  facet normal 0.427455 0.904036 0
    outer loop
      vertex 11.6827 7.47386 -7.62939e-07
      vertex 11.7714 7.43192 -1.8
      vertex 11.6827 7.47386 -1.8
    endloop
  endfacet
  facet normal -0.941753 0.336304 0
    outer loop
      vertex -12.2569 6.84027 -1.8
      vertex -12.2239 6.93268 -7.62939e-07
      vertex -12.2239 6.93268 -1.8
    endloop
  endfacet
  facet normal -0.941753 0.336304 0
    outer loop
      vertex -12.2239 6.93268 -7.62939e-07
      vertex -12.2569 6.84027 -1.8
      vertex -12.2569 6.84027 -7.62939e-07
    endloop
  endfacet
  facet normal 0.989173 0.146755 0
    outer loop
      vertex 12.2952 6.64801 -7.62939e-07
      vertex 12.2808 6.74507 -1.8
      vertex 12.2808 6.74507 -7.62939e-07
    endloop
  endfacet
  facet normal 0.989173 0.146755 0
    outer loop
      vertex 12.2808 6.74507 -1.8
      vertex 12.2952 6.64801 -7.62939e-07
      vertex 12.2952 6.64801 -1.8
    endloop
  endfacet
  facet normal 0.146597 0.989196 -0
    outer loop
      vertex 11.4951 7.53078 -1.8
      vertex 11.398 7.54517 -7.62939e-07
      vertex 11.4951 7.53078 -7.62939e-07
    endloop
  endfacet
  facet normal 0.146597 0.989196 0
    outer loop
      vertex 11.398 7.54517 -7.62939e-07
      vertex 11.4951 7.53078 -1.8
      vertex 11.398 7.54517 -1.8
    endloop
  endfacet
  facet normal 0.336969 -0.941516 0
    outer loop
      vertex 11.5903 -7.50693 -1.8
      vertex 11.6827 -7.47386 -7.62939e-07
      vertex 11.5903 -7.50693 -7.62939e-07
    endloop
  endfacet
  facet normal 0.336969 -0.941516 0
    outer loop
      vertex 11.6827 -7.47386 -7.62939e-07
      vertex 11.5903 -7.50693 -1.8
      vertex 11.6827 -7.47386 -1.8
    endloop
  endfacet
  facet normal -0.514121 0.857718 0
    outer loop
      vertex -11.7714 7.43192 -1.8
      vertex -11.8556 7.38145 -7.62939e-07
      vertex -11.7714 7.43192 -7.62939e-07
    endloop
  endfacet
  facet normal -0.514121 0.857718 0
    outer loop
      vertex -11.8556 7.38145 -7.62939e-07
      vertex -11.7714 7.43192 -1.8
      vertex -11.8556 7.38145 -1.8
    endloop
  endfacet
  facet normal -0.243015 -0.970023 0
    outer loop
      vertex -11.5903 -7.50693 -1.8
      vertex -11.4951 -7.53078 -7.62939e-07
      vertex -11.5903 -7.50693 -7.62939e-07
    endloop
  endfacet
  facet normal -0.243015 -0.970023 -0
    outer loop
      vertex -11.4951 -7.53078 -7.62939e-07
      vertex -11.5903 -7.50693 -1.8
      vertex -11.4951 -7.53078 -1.8
    endloop
  endfacet
  facet normal -0.671607 0.740908 0
    outer loop
      vertex -11.9344 7.323 -1.8
      vertex -12.0071 7.2571 -7.62939e-07
      vertex -11.9344 7.323 -7.62939e-07
    endloop
  endfacet
  facet normal -0.671607 0.740908 0
    outer loop
      vertex -12.0071 7.2571 -7.62939e-07
      vertex -11.9344 7.323 -1.8
      vertex -12.0071 7.2571 -1.8
    endloop
  endfacet
  facet normal -0.969902 -0.243494 0
    outer loop
      vertex -12.2569 -6.84027 -1.8
      vertex -12.2808 -6.74507 -7.62939e-07
      vertex -12.2808 -6.74507 -1.8
    endloop
  endfacet
  facet normal -0.969902 -0.243494 0
    outer loop
      vertex -12.2808 -6.74507 -7.62939e-07
      vertex -12.2569 -6.84027 -1.8
      vertex -12.2569 -6.84027 -7.62939e-07
    endloop
  endfacet
  facet normal -0.595751 0.803169 0
    outer loop
      vertex -11.8556 7.38145 -1.8
      vertex -11.9344 7.323 -7.62939e-07
      vertex -11.8556 7.38145 -7.62939e-07
    endloop
  endfacet
  facet normal -0.595751 0.803169 0
    outer loop
      vertex -11.9344 7.323 -7.62939e-07
      vertex -11.8556 7.38145 -1.8
      vertex -11.9344 7.323 -1.8
    endloop
  endfacet
  facet normal -0.514121 -0.857718 0
    outer loop
      vertex -11.8556 -7.38145 -1.8
      vertex -11.7714 -7.43192 -7.62939e-07
      vertex -11.8556 -7.38145 -7.62939e-07
    endloop
  endfacet
  facet normal -0.514121 -0.857718 -0
    outer loop
      vertex -11.7714 -7.43192 -7.62939e-07
      vertex -11.8556 -7.38145 -1.8
      vertex -11.7714 -7.43192 -1.8
    endloop
  endfacet
  facet normal 0 1 -0
    outer loop
      vertex 11.3 7.54999 -1.8
      vertex -11.3 7.54999 -7.62939e-07
      vertex 11.3 7.54999 -7.62939e-07
    endloop
  endfacet
  facet normal 0 1 0
    outer loop
      vertex -11.3 7.54999 -7.62939e-07
      vertex 11.3 7.54999 -1.8
      vertex -11.3 7.54999 -1.8
    endloop
  endfacet
  facet normal -0.969902 0.243494 0
    outer loop
      vertex -12.2808 6.74507 -1.8
      vertex -12.2569 6.84027 -7.62939e-07
      vertex -12.2569 6.84027 -1.8
    endloop
  endfacet
  facet normal -0.969902 0.243494 0
    outer loop
      vertex -12.2569 6.84027 -7.62939e-07
      vertex -12.2808 6.74507 -1.8
      vertex -12.2808 6.74507 -7.62939e-07
    endloop
  endfacet
  facet normal -0.243015 0.970023 0
    outer loop
      vertex -11.4951 7.53078 -1.8
      vertex -11.5903 7.50693 -7.62939e-07
      vertex -11.4951 7.53078 -7.62939e-07
    endloop
  endfacet
  facet normal -0.243015 0.970023 0
    outer loop
      vertex -11.5903 7.50693 -7.62939e-07
      vertex -11.4951 7.53078 -1.8
      vertex -11.5903 7.50693 -1.8
    endloop
  endfacet
  facet normal -0.146597 0.989196 0
    outer loop
      vertex -11.398 7.54517 -1.8
      vertex -11.4951 7.53078 -7.62939e-07
      vertex -11.398 7.54517 -7.62939e-07
    endloop
  endfacet
  facet normal -0.146597 0.989196 0
    outer loop
      vertex -11.4951 7.53078 -7.62939e-07
      vertex -11.398 7.54517 -1.8
      vertex -11.4951 7.53078 -1.8
    endloop
  endfacet
  facet normal -0.941753 -0.336304 0
    outer loop
      vertex -12.2239 -6.93268 -1.8
      vertex -12.2569 -6.84027 -7.62939e-07
      vertex -12.2569 -6.84027 -1.8
    endloop
  endfacet
  facet normal -0.941753 -0.336304 0
    outer loop
      vertex -12.2569 -6.84027 -7.62939e-07
      vertex -12.2239 -6.93268 -1.8
      vertex -12.2239 -6.93268 -7.62939e-07
    endloop
  endfacet
  facet normal 0.969902 0.243494 0
    outer loop
      vertex 12.2808 6.74507 -7.62939e-07
      vertex 12.2569 6.84027 -1.8
      vertex 12.2569 6.84027 -7.62939e-07
    endloop
  endfacet
  facet normal 0.969902 0.243494 0
    outer loop
      vertex 12.2569 6.84027 -1.8
      vertex 12.2808 6.74507 -7.62939e-07
      vertex 12.2808 6.74507 -1.8
    endloop
  endfacet
  facet normal -0.9038 0.427955 0
    outer loop
      vertex -12.2239 6.93268 -1.8
      vertex -12.1819 7.02138 -7.62939e-07
      vertex -12.1819 7.02138 -1.8
    endloop
  endfacet
  facet normal -0.9038 0.427955 0
    outer loop
      vertex -12.1819 7.02138 -7.62939e-07
      vertex -12.2239 6.93268 -1.8
      vertex -12.2239 6.93268 -7.62939e-07
    endloop
  endfacet
  facet normal -0.803034 0.595934 0
    outer loop
      vertex -12.1315 7.10556 -1.8
      vertex -12.073 7.18439 -7.62939e-07
      vertex -12.073 7.18439 -1.8
    endloop
  endfacet
  facet normal -0.803034 0.595934 0
    outer loop
      vertex -12.073 7.18439 -7.62939e-07
      vertex -12.1315 7.10556 -1.8
      vertex -12.1315 7.10556 -7.62939e-07
    endloop
  endfacet
  facet normal -0.427455 -0.904036 0
    outer loop
      vertex -11.7714 -7.43192 -1.8
      vertex -11.6827 -7.47386 -7.62939e-07
      vertex -11.7714 -7.43192 -7.62939e-07
    endloop
  endfacet
  facet normal -0.427455 -0.904036 -0
    outer loop
      vertex -11.6827 -7.47386 -7.62939e-07
      vertex -11.7714 -7.43192 -1.8
      vertex -11.6827 -7.47386 -1.8
    endloop
  endfacet
  facet normal 0.857978 0.513686 0
    outer loop
      vertex 12.1819 7.02138 -7.62939e-07
      vertex 12.1315 7.10556 -1.8
      vertex 12.1315 7.10556 -7.62939e-07
    endloop
  endfacet
  facet normal 0.857978 0.513686 0
    outer loop
      vertex 12.1315 7.10556 -1.8
      vertex 12.1819 7.02138 -7.62939e-07
      vertex 12.1819 7.02138 -1.8
    endloop
  endfacet
  facet normal 0.803034 0.595934 0
    outer loop
      vertex 12.1315 7.10556 -7.62939e-07
      vertex 12.073 7.18439 -1.8
      vertex 12.073 7.18439 -7.62939e-07
    endloop
  endfacet
  facet normal 0.803034 0.595934 0
    outer loop
      vertex 12.073 7.18439 -1.8
      vertex 12.1315 7.10556 -7.62939e-07
      vertex 12.1315 7.10556 -1.8
    endloop
  endfacet
  facet normal -0.998803 0.048911 0
    outer loop
      vertex -12.3 6.54999 -1.8
      vertex -12.2952 6.64801 -7.62939e-07
      vertex -12.2952 6.64801 -1.8
    endloop
  endfacet
  facet normal -0.998803 0.048911 0
    outer loop
      vertex -12.2952 6.64801 -7.62939e-07
      vertex -12.3 6.54999 -1.8
      vertex -12.3 6.54999 -7.62939e-07
    endloop
  endfacet
  facet normal 0.243015 0.970023 -0
    outer loop
      vertex 11.5903 7.50693 -1.8
      vertex 11.4951 7.53078 -7.62939e-07
      vertex 11.5903 7.50693 -7.62939e-07
    endloop
  endfacet
  facet normal 0.243015 0.970023 0
    outer loop
      vertex 11.4951 7.53078 -7.62939e-07
      vertex 11.5903 7.50693 -1.8
      vertex 11.4951 7.53078 -1.8
    endloop
  endfacet
  facet normal 0.0491243 0.998793 -0
    outer loop
      vertex 11.398 7.54517 -1.8
      vertex 11.3 7.54999 -7.62939e-07
      vertex 11.398 7.54517 -7.62939e-07
    endloop
  endfacet
  facet normal 0.0491243 0.998793 0
    outer loop
      vertex 11.3 7.54999 -7.62939e-07
      vertex 11.398 7.54517 -1.8
      vertex 11.3 7.54999 -1.8
    endloop
  endfacet
  facet normal 0.595751 0.803169 -0
    outer loop
      vertex 11.9344 7.323 -1.8
      vertex 11.8556 7.38145 -7.62939e-07
      vertex 11.9344 7.323 -7.62939e-07
    endloop
  endfacet
  facet normal 0.595751 0.803169 0
    outer loop
      vertex 11.8556 7.38145 -7.62939e-07
      vertex 11.9344 7.323 -1.8
      vertex 11.8556 7.38145 -1.8
    endloop
  endfacet
  facet normal -0.671607 -0.740908 0
    outer loop
      vertex -12.0071 -7.2571 -1.8
      vertex -11.9344 -7.323 -7.62939e-07
      vertex -12.0071 -7.2571 -7.62939e-07
    endloop
  endfacet
  facet normal -0.671607 -0.740908 -0
    outer loop
      vertex -11.9344 -7.323 -7.62939e-07
      vertex -12.0071 -7.2571 -1.8
      vertex -11.9344 -7.323 -1.8
    endloop
  endfacet
  facet normal 0.969902 -0.243494 0
    outer loop
      vertex 12.2569 -6.84027 -7.62939e-07
      vertex 12.2808 -6.74507 -1.8
      vertex 12.2808 -6.74507 -7.62939e-07
    endloop
  endfacet
  facet normal 0.969902 -0.243494 0
    outer loop
      vertex 12.2808 -6.74507 -1.8
      vertex 12.2569 -6.84027 -7.62939e-07
      vertex 12.2569 -6.84027 -1.8
    endloop
  endfacet
  facet normal 0.514121 -0.857718 0
    outer loop
      vertex 11.7714 -7.43192 -1.8
      vertex 11.8556 -7.38145 -7.62939e-07
      vertex 11.7714 -7.43192 -7.62939e-07
    endloop
  endfacet
  facet normal 0.514121 -0.857718 0
    outer loop
      vertex 11.8556 -7.38145 -7.62939e-07
      vertex 11.7714 -7.43192 -1.8
      vertex 11.8556 -7.38145 -1.8
    endloop
  endfacet
  facet normal 0.671607 -0.740908 0
    outer loop
      vertex 11.9344 -7.323 -1.8
      vertex 12.0071 -7.2571 -7.62939e-07
      vertex 11.9344 -7.323 -7.62939e-07
    endloop
  endfacet
  facet normal 0.671607 -0.740908 0
    outer loop
      vertex 12.0071 -7.2571 -7.62939e-07
      vertex 11.9344 -7.323 -1.8
      vertex 12.0071 -7.2571 -1.8
    endloop
  endfacet
  facet normal 0.514121 0.857718 -0
    outer loop
      vertex 11.8556 7.38145 -1.8
      vertex 11.7714 7.43192 -7.62939e-07
      vertex 11.8556 7.38145 -7.62939e-07
    endloop
  endfacet
  facet normal 0.514121 0.857718 0
    outer loop
      vertex 11.7714 7.43192 -7.62939e-07
      vertex 11.8556 7.38145 -1.8
      vertex 11.7714 7.43192 -1.8
    endloop
  endfacet
  facet normal -0.427455 0.904036 0
    outer loop
      vertex -11.6827 7.47386 -1.8
      vertex -11.7714 7.43192 -7.62939e-07
      vertex -11.6827 7.47386 -7.62939e-07
    endloop
  endfacet
  facet normal -0.427455 0.904036 0
    outer loop
      vertex -11.7714 7.43192 -7.62939e-07
      vertex -11.6827 7.47386 -1.8
      vertex -11.7714 7.43192 -1.8
    endloop
  endfacet
  facet normal 0.595751 -0.803169 0
    outer loop
      vertex 11.8556 -7.38145 -1.8
      vertex 11.9344 -7.323 -7.62939e-07
      vertex 11.8556 -7.38145 -7.62939e-07
    endloop
  endfacet
  facet normal 0.595751 -0.803169 0
    outer loop
      vertex 11.9344 -7.323 -7.62939e-07
      vertex 11.8556 -7.38145 -1.8
      vertex 11.9344 -7.323 -1.8
    endloop
  endfacet
  facet normal -0.857978 0.513686 0
    outer loop
      vertex -12.1819 7.02138 -1.8
      vertex -12.1315 7.10556 -7.62939e-07
      vertex -12.1315 7.10556 -1.8
    endloop
  endfacet
  facet normal -0.857978 0.513686 0
    outer loop
      vertex -12.1315 7.10556 -7.62939e-07
      vertex -12.1819 7.02138 -1.8
      vertex -12.1819 7.02138 -7.62939e-07
    endloop
  endfacet
  facet normal 0.336969 0.941516 -0
    outer loop
      vertex 11.6827 7.47386 -1.8
      vertex 11.5903 7.50693 -7.62939e-07
      vertex 11.6827 7.47386 -7.62939e-07
    endloop
  endfacet
  facet normal 0.336969 0.941516 0
    outer loop
      vertex 11.5903 7.50693 -7.62939e-07
      vertex 11.6827 7.47386 -1.8
      vertex 11.5903 7.50693 -1.8
    endloop
  endfacet
  facet normal 0 0 1
    outer loop
      vertex 10.7071 5.95711 -7.62939e-07
      vertex 12.3 6.54999 -7.62939e-07
      vertex 12.2952 6.64801 -7.62939e-07
    endloop
  endfacet
  facet normal 0 0 1
    outer loop
      vertex 12.3 6.54999 -7.62939e-07
      vertex 11 5.25 -7.62939e-07
      vertex 12.3 -6.54999 -7.62939e-07
    endloop
  endfacet
  facet normal 0 0 1
    outer loop
      vertex 10.7071 5.95711 -7.62939e-07
      vertex 12.2952 6.64801 -7.62939e-07
      vertex 12.2808 6.74507 -7.62939e-07
    endloop
  endfacet
  facet normal -0 0 1
    outer loop
      vertex 11 -5.25 -7.62939e-07
      vertex 12.3 -6.54999 -7.62939e-07
      vertex 11 5.25 -7.62939e-07
    endloop
  endfacet
  facet normal 0 0 1
    outer loop
      vertex 10.7071 5.95711 -7.62939e-07
      vertex 12.2808 6.74507 -7.62939e-07
      vertex 12.2569 6.84027 -7.62939e-07
    endloop
  endfacet
  facet normal -0 0 1
    outer loop
      vertex 10.9952 -5.34802 -7.62939e-07
      vertex 12.3 -6.54999 -7.62939e-07
      vertex 11 -5.25 -7.62939e-07
    endloop
  endfacet
  facet normal 0 0 1
    outer loop
      vertex 10.7071 5.95711 -7.62939e-07
      vertex 12.2569 6.84027 -7.62939e-07
      vertex 12.2239 6.93268 -7.62939e-07
    endloop
  endfacet
  facet normal -0 0 1
    outer loop
      vertex 10.9808 -5.44508 -7.62939e-07
      vertex 12.3 -6.54999 -7.62939e-07
      vertex 10.9952 -5.34802 -7.62939e-07
    endloop
  endfacet
  facet normal 0 0 1
    outer loop
      vertex 10.7071 5.95711 -7.62939e-07
      vertex 12.2239 6.93268 -7.62939e-07
      vertex 12.1819 7.02138 -7.62939e-07
    endloop
  endfacet
  facet normal -0 0 1
    outer loop
      vertex 10.9569 -5.54028 -7.62939e-07
      vertex 12.3 -6.54999 -7.62939e-07
      vertex 10.9808 -5.44508 -7.62939e-07
    endloop
  endfacet
  facet normal 0 0 1
    outer loop
      vertex 10.7071 5.95711 -7.62939e-07
      vertex 12.1819 7.02138 -7.62939e-07
      vertex 12.1315 7.10556 -7.62939e-07
    endloop
  endfacet
  facet normal -0 0 1
    outer loop
      vertex 10.9239 -5.63269 -7.62939e-07
      vertex 12.3 -6.54999 -7.62939e-07
      vertex 10.9569 -5.54028 -7.62939e-07
    endloop
  endfacet
  facet normal 0 0 1
    outer loop
      vertex 10.7071 5.95711 -7.62939e-07
      vertex 12.1315 7.10556 -7.62939e-07
      vertex 12.073 7.18439 -7.62939e-07
    endloop
  endfacet
  facet normal -0 0 1
    outer loop
      vertex 10.8819 -5.72139 -7.62939e-07
      vertex 12.3 -6.54999 -7.62939e-07
      vertex 10.9239 -5.63269 -7.62939e-07
    endloop
  endfacet
  facet normal 0 0 1
    outer loop
      vertex 10.7071 5.95711 -7.62939e-07
      vertex 12.073 7.18439 -7.62939e-07
      vertex 12.0071 7.2571 -7.62939e-07
    endloop
  endfacet
  facet normal -0 0 1
    outer loop
      vertex 10.8315 -5.80557 -7.62939e-07
      vertex 12.3 -6.54999 -7.62939e-07
      vertex 10.8819 -5.72139 -7.62939e-07
    endloop
  endfacet
  facet normal 0 0 1
    outer loop
      vertex 10.7071 5.95711 -7.62939e-07
      vertex 12.0071 7.2571 -7.62939e-07
      vertex 11.9344 7.323 -7.62939e-07
    endloop
  endfacet
  facet normal -0 0 1
    outer loop
      vertex 10.773 -5.8844 -7.62939e-07
      vertex 12.3 -6.54999 -7.62939e-07
      vertex 10.8315 -5.80557 -7.62939e-07
    endloop
  endfacet
  facet normal 0 0 1
    outer loop
      vertex 10.7071 5.95711 -7.62939e-07
      vertex 11.9344 7.323 -7.62939e-07
      vertex 11.8556 7.38145 -7.62939e-07
    endloop
  endfacet
  facet normal -0 0 1
    outer loop
      vertex 10.7071 -5.95711 -7.62939e-07
      vertex 12.3 -6.54999 -7.62939e-07
      vertex 10.773 -5.8844 -7.62939e-07
    endloop
  endfacet
  facet normal 0 0 1
    outer loop
      vertex 10.7071 5.95711 -7.62939e-07
      vertex 11.8556 7.38145 -7.62939e-07
      vertex 11.7714 7.43192 -7.62939e-07
    endloop
  endfacet
  facet normal 0 0 1
    outer loop
      vertex 12.3 -6.54999 -7.62939e-07
      vertex 10.7071 -5.95711 -7.62939e-07
      vertex 12.2952 -6.64801 -7.62939e-07
    endloop
  endfacet
  facet normal 0 0 1
    outer loop
      vertex 10.7071 5.95711 -7.62939e-07
      vertex 11.7714 7.43192 -7.62939e-07
      vertex 11.6827 7.47386 -7.62939e-07
    endloop
  endfacet
  facet normal 0 0 1
    outer loop
      vertex 12.2952 -6.64801 -7.62939e-07
      vertex 10.7071 -5.95711 -7.62939e-07
      vertex 12.2808 -6.74507 -7.62939e-07
    endloop
  endfacet
  facet normal 0 0 1
    outer loop
      vertex 10.7071 5.95711 -7.62939e-07
      vertex 11.6827 7.47386 -7.62939e-07
      vertex 11.5903 7.50693 -7.62939e-07
    endloop
  endfacet
  facet normal 0 0 1
    outer loop
      vertex 12.2808 -6.74507 -7.62939e-07
      vertex 10.7071 -5.95711 -7.62939e-07
      vertex 12.2569 -6.84027 -7.62939e-07
    endloop
  endfacet
  facet normal 0 0 1
    outer loop
      vertex 10.7071 5.95711 -7.62939e-07
      vertex 11.5903 7.50693 -7.62939e-07
      vertex 11.4951 7.53078 -7.62939e-07
    endloop
  endfacet
  facet normal 0 0 1
    outer loop
      vertex 12.2569 -6.84027 -7.62939e-07
      vertex 10.7071 -5.95711 -7.62939e-07
      vertex 12.2239 -6.93268 -7.62939e-07
    endloop
  endfacet
  facet normal 0 0 1
    outer loop
      vertex 10.7071 5.95711 -7.62939e-07
      vertex 11.4951 7.53078 -7.62939e-07
      vertex 11.398 7.54517 -7.62939e-07
    endloop
  endfacet
  facet normal 0 0 1
    outer loop
      vertex 12.2239 -6.93268 -7.62939e-07
      vertex 10.7071 -5.95711 -7.62939e-07
      vertex 12.1819 -7.02138 -7.62939e-07
    endloop
  endfacet
  facet normal 0 0 1
    outer loop
      vertex 10.7071 5.95711 -7.62939e-07
      vertex 11.398 7.54517 -7.62939e-07
      vertex 11.3 7.54999 -7.62939e-07
    endloop
  endfacet
  facet normal 0 0 1
    outer loop
      vertex 12.1819 -7.02138 -7.62939e-07
      vertex 10.7071 -5.95711 -7.62939e-07
      vertex 12.1315 -7.10556 -7.62939e-07
    endloop
  endfacet
  facet normal 0 0 1
    outer loop
      vertex 12.1315 -7.10556 -7.62939e-07
      vertex 10.7071 -5.95711 -7.62939e-07
      vertex 12.073 -7.18439 -7.62939e-07
    endloop
  endfacet
  facet normal 0 0 1
    outer loop
      vertex 12.3 6.54999 -7.62939e-07
      vertex 10.9952 5.34802 -7.62939e-07
      vertex 11 5.25 -7.62939e-07
    endloop
  endfacet
  facet normal 0 0 1
    outer loop
      vertex 12.3 6.54999 -7.62939e-07
      vertex 10.9808 5.44508 -7.62939e-07
      vertex 10.9952 5.34802 -7.62939e-07
    endloop
  endfacet
  facet normal 0 0 1
    outer loop
      vertex 12.3 6.54999 -7.62939e-07
      vertex 10.9569 5.54028 -7.62939e-07
      vertex 10.9808 5.44508 -7.62939e-07
    endloop
  endfacet
  facet normal 0 0 1
    outer loop
      vertex 12.3 6.54999 -7.62939e-07
      vertex 10.9239 5.63269 -7.62939e-07
      vertex 10.9569 5.54028 -7.62939e-07
    endloop
  endfacet
  facet normal 0 0 1
    outer loop
      vertex 12.3 6.54999 -7.62939e-07
      vertex 10.8819 5.72139 -7.62939e-07
      vertex 10.9239 5.63269 -7.62939e-07
    endloop
  endfacet
  facet normal 0 0 1
    outer loop
      vertex 12.3 6.54999 -7.62939e-07
      vertex 10.8315 5.80557 -7.62939e-07
      vertex 10.8819 5.72139 -7.62939e-07
    endloop
  endfacet
  facet normal 0 0 1
    outer loop
      vertex 12.3 6.54999 -7.62939e-07
      vertex 10.773 5.8844 -7.62939e-07
      vertex 10.8315 5.80557 -7.62939e-07
    endloop
  endfacet
  facet normal 0 0 1
    outer loop
      vertex 12.3 6.54999 -7.62939e-07
      vertex 10.7071 5.95711 -7.62939e-07
      vertex 10.773 5.8844 -7.62939e-07
    endloop
  endfacet
  facet normal 0 0 1
    outer loop
      vertex 11.3 7.54999 -7.62939e-07
      vertex 10.6344 6.02301 -7.62939e-07
      vertex 10.7071 5.95711 -7.62939e-07
    endloop
  endfacet
  facet normal 0 0 1
    outer loop
      vertex 11.3 7.54999 -7.62939e-07
      vertex 10.5556 6.08147 -7.62939e-07
      vertex 10.6344 6.02301 -7.62939e-07
    endloop
  endfacet
  facet normal 0 0 1
    outer loop
      vertex 11.3 7.54999 -7.62939e-07
      vertex 10.4714 6.13193 -7.62939e-07
      vertex 10.5556 6.08147 -7.62939e-07
    endloop
  endfacet
  facet normal 0 0 1
    outer loop
      vertex 11.3 7.54999 -7.62939e-07
      vertex 10.3827 6.17387 -7.62939e-07
      vertex 10.4714 6.13193 -7.62939e-07
    endloop
  endfacet
  facet normal 0 0 1
    outer loop
      vertex 11.3 7.54999 -7.62939e-07
      vertex 10.2903 6.20694 -7.62939e-07
      vertex 10.3827 6.17387 -7.62939e-07
    endloop
  endfacet
  facet normal 0 0 1
    outer loop
      vertex 11.3 7.54999 -7.62939e-07
      vertex 10.1951 6.23079 -7.62939e-07
      vertex 10.2903 6.20694 -7.62939e-07
    endloop
  endfacet
  facet normal 0 0 1
    outer loop
      vertex 11.3 7.54999 -7.62939e-07
      vertex 10.098 6.24518 -7.62939e-07
      vertex 10.1951 6.23079 -7.62939e-07
    endloop
  endfacet
  facet normal 0 0 1
    outer loop
      vertex 11.3 7.54999 -7.62939e-07
      vertex 10 6.25 -7.62939e-07
      vertex 10.098 6.24518 -7.62939e-07
    endloop
  endfacet
  facet normal 0 0 1
    outer loop
      vertex 11.3 7.54999 -7.62939e-07
      vertex -10 6.25 -7.62939e-07
      vertex 10 6.25 -7.62939e-07
    endloop
  endfacet
  facet normal -0 0 1
    outer loop
      vertex -11.3 7.54999 -7.62939e-07
      vertex -10 6.25 -7.62939e-07
      vertex 11.3 7.54999 -7.62939e-07
    endloop
  endfacet
  facet normal 0 0 1
    outer loop
      vertex -10.9952 5.34802 -7.62939e-07
      vertex -12.3 6.54999 -7.62939e-07
      vertex -11 5.25 -7.62939e-07
    endloop
  endfacet
  facet normal 0 0 1
    outer loop
      vertex -10.9808 5.44508 -7.62939e-07
      vertex -12.3 6.54999 -7.62939e-07
      vertex -10.9952 5.34802 -7.62939e-07
    endloop
  endfacet
  facet normal 0 0 1
    outer loop
      vertex -10.9569 5.54028 -7.62939e-07
      vertex -12.3 6.54999 -7.62939e-07
      vertex -10.9808 5.44508 -7.62939e-07
    endloop
  endfacet
  facet normal 0 0 1
    outer loop
      vertex -10.9239 5.63269 -7.62939e-07
      vertex -12.3 6.54999 -7.62939e-07
      vertex -10.9569 5.54028 -7.62939e-07
    endloop
  endfacet
  facet normal 0 0 1
    outer loop
      vertex -10.8819 5.72139 -7.62939e-07
      vertex -12.3 6.54999 -7.62939e-07
      vertex -10.9239 5.63269 -7.62939e-07
    endloop
  endfacet
  facet normal 0 0 1
    outer loop
      vertex -10.8315 5.80557 -7.62939e-07
      vertex -12.3 6.54999 -7.62939e-07
      vertex -10.8819 5.72139 -7.62939e-07
    endloop
  endfacet
  facet normal 0 0 1
    outer loop
      vertex -10.773 5.8844 -7.62939e-07
      vertex -12.3 6.54999 -7.62939e-07
      vertex -10.8315 5.80557 -7.62939e-07
    endloop
  endfacet
  facet normal 0 0 1
    outer loop
      vertex -10.7071 5.95711 -7.62939e-07
      vertex -12.3 6.54999 -7.62939e-07
      vertex -10.773 5.8844 -7.62939e-07
    endloop
  endfacet
  facet normal -0 0 1
    outer loop
      vertex -12.3 6.54999 -7.62939e-07
      vertex -10.7071 5.95711 -7.62939e-07
      vertex -11.3 7.54999 -7.62939e-07
    endloop
  endfacet
  facet normal 0 0 1
    outer loop
      vertex -10.6344 6.02301 -7.62939e-07
      vertex -11.3 7.54999 -7.62939e-07
      vertex -10.7071 5.95711 -7.62939e-07
    endloop
  endfacet
  facet normal 0 0 1
    outer loop
      vertex -10.5556 6.08147 -7.62939e-07
      vertex -11.3 7.54999 -7.62939e-07
      vertex -10.6344 6.02301 -7.62939e-07
    endloop
  endfacet
  facet normal 0 0 1
    outer loop
      vertex -10.4714 6.13193 -7.62939e-07
      vertex -11.3 7.54999 -7.62939e-07
      vertex -10.5556 6.08147 -7.62939e-07
    endloop
  endfacet
  facet normal 0 0 1
    outer loop
      vertex -10.3827 6.17387 -7.62939e-07
      vertex -11.3 7.54999 -7.62939e-07
      vertex -10.4714 6.13193 -7.62939e-07
    endloop
  endfacet
  facet normal 0 0 1
    outer loop
      vertex -10.2903 6.20694 -7.62939e-07
      vertex -11.3 7.54999 -7.62939e-07
      vertex -10.3827 6.17387 -7.62939e-07
    endloop
  endfacet
  facet normal 0 0 1
    outer loop
      vertex -10.1951 6.23079 -7.62939e-07
      vertex -11.3 7.54999 -7.62939e-07
      vertex -10.2903 6.20694 -7.62939e-07
    endloop
  endfacet
  facet normal 0 0 1
    outer loop
      vertex -10.098 6.24518 -7.62939e-07
      vertex -11.3 7.54999 -7.62939e-07
      vertex -10.1951 6.23079 -7.62939e-07
    endloop
  endfacet
  facet normal 0 0 1
    outer loop
      vertex -10 6.25 -7.62939e-07
      vertex -11.3 7.54999 -7.62939e-07
      vertex -10.098 6.24518 -7.62939e-07
    endloop
  endfacet
  facet normal 0 0 1
    outer loop
      vertex 12.073 -7.18439 -7.62939e-07
      vertex 10.7071 -5.95711 -7.62939e-07
      vertex 12.0071 -7.2571 -7.62939e-07
    endloop
  endfacet
  facet normal 0 0 1
    outer loop
      vertex 12.0071 -7.2571 -7.62939e-07
      vertex 10.7071 -5.95711 -7.62939e-07
      vertex 11.9344 -7.323 -7.62939e-07
    endloop
  endfacet
  facet normal 0 0 1
    outer loop
      vertex 11.9344 -7.323 -7.62939e-07
      vertex 10.7071 -5.95711 -7.62939e-07
      vertex 11.8556 -7.38145 -7.62939e-07
    endloop
  endfacet
  facet normal 0 0 1
    outer loop
      vertex 11.8556 -7.38145 -7.62939e-07
      vertex 10.7071 -5.95711 -7.62939e-07
      vertex 11.7714 -7.43192 -7.62939e-07
    endloop
  endfacet
  facet normal 0 0 1
    outer loop
      vertex 11.7714 -7.43192 -7.62939e-07
      vertex 10.7071 -5.95711 -7.62939e-07
      vertex 11.6827 -7.47386 -7.62939e-07
    endloop
  endfacet
  facet normal 0 0 1
    outer loop
      vertex 11.6827 -7.47386 -7.62939e-07
      vertex 10.7071 -5.95711 -7.62939e-07
      vertex 11.5903 -7.50693 -7.62939e-07
    endloop
  endfacet
  facet normal 0 0 1
    outer loop
      vertex 11.5903 -7.50693 -7.62939e-07
      vertex 10.7071 -5.95711 -7.62939e-07
      vertex 11.4951 -7.53078 -7.62939e-07
    endloop
  endfacet
  facet normal 0 0 1
    outer loop
      vertex 11.4951 -7.53078 -7.62939e-07
      vertex 10.7071 -5.95711 -7.62939e-07
      vertex 11.398 -7.54517 -7.62939e-07
    endloop
  endfacet
  facet normal 0 0 1
    outer loop
      vertex 11.398 -7.54517 -7.62939e-07
      vertex 10.7071 -5.95711 -7.62939e-07
      vertex 11.3 -7.54999 -7.62939e-07
    endloop
  endfacet
  facet normal -0 0 1
    outer loop
      vertex 10.6344 -6.02301 -7.62939e-07
      vertex 11.3 -7.54999 -7.62939e-07
      vertex 10.7071 -5.95711 -7.62939e-07
    endloop
  endfacet
  facet normal -0 0 1
    outer loop
      vertex 10.5556 -6.08147 -7.62939e-07
      vertex 11.3 -7.54999 -7.62939e-07
      vertex 10.6344 -6.02301 -7.62939e-07
    endloop
  endfacet
  facet normal -0 0 1
    outer loop
      vertex 10.4714 -6.13193 -7.62939e-07
      vertex 11.3 -7.54999 -7.62939e-07
      vertex 10.5556 -6.08147 -7.62939e-07
    endloop
  endfacet
  facet normal -0 0 1
    outer loop
      vertex 10.3827 -6.17387 -7.62939e-07
      vertex 11.3 -7.54999 -7.62939e-07
      vertex 10.4714 -6.13193 -7.62939e-07
    endloop
  endfacet
  facet normal -0 0 1
    outer loop
      vertex 10.2903 -6.20694 -7.62939e-07
      vertex 11.3 -7.54999 -7.62939e-07
      vertex 10.3827 -6.17387 -7.62939e-07
    endloop
  endfacet
  facet normal -0 0 1
    outer loop
      vertex 10.1951 -6.23079 -7.62939e-07
      vertex 11.3 -7.54999 -7.62939e-07
      vertex 10.2903 -6.20694 -7.62939e-07
    endloop
  endfacet
  facet normal -0 0 1
    outer loop
      vertex 10.098 -6.24518 -7.62939e-07
      vertex 11.3 -7.54999 -7.62939e-07
      vertex 10.1951 -6.23079 -7.62939e-07
    endloop
  endfacet
  facet normal -0 0 1
    outer loop
      vertex 10 -6.25 -7.62939e-07
      vertex 11.3 -7.54999 -7.62939e-07
      vertex 10.098 -6.24518 -7.62939e-07
    endloop
  endfacet
  facet normal -0 0 1
    outer loop
      vertex -10 -6.25 -7.62939e-07
      vertex 11.3 -7.54999 -7.62939e-07
      vertex 10 -6.25 -7.62939e-07
    endloop
  endfacet
  facet normal 0 0 1
    outer loop
      vertex -11.3 -7.54999 -7.62939e-07
      vertex -10 -6.25 -7.62939e-07
      vertex -10.098 -6.24518 -7.62939e-07
    endloop
  endfacet
  facet normal 0 0 1
    outer loop
      vertex -10 -6.25 -7.62939e-07
      vertex -11.3 -7.54999 -7.62939e-07
      vertex 11.3 -7.54999 -7.62939e-07
    endloop
  endfacet
  facet normal 0 0 1
    outer loop
      vertex -10.1951 -6.23079 -7.62939e-07
      vertex -11.3 -7.54999 -7.62939e-07
      vertex -10.098 -6.24518 -7.62939e-07
    endloop
  endfacet
  facet normal 0 0 1
    outer loop
      vertex -10.2903 -6.20694 -7.62939e-07
      vertex -11.3 -7.54999 -7.62939e-07
      vertex -10.1951 -6.23079 -7.62939e-07
    endloop
  endfacet
  facet normal 0 0 1
    outer loop
      vertex -10.3827 -6.17387 -7.62939e-07
      vertex -11.3 -7.54999 -7.62939e-07
      vertex -10.2903 -6.20694 -7.62939e-07
    endloop
  endfacet
  facet normal 0 0 1
    outer loop
      vertex -10.4714 -6.13193 -7.62939e-07
      vertex -11.3 -7.54999 -7.62939e-07
      vertex -10.3827 -6.17387 -7.62939e-07
    endloop
  endfacet
  facet normal 0 0 1
    outer loop
      vertex -10.5556 -6.08147 -7.62939e-07
      vertex -11.3 -7.54999 -7.62939e-07
      vertex -10.4714 -6.13193 -7.62939e-07
    endloop
  endfacet
  facet normal 0 0 1
    outer loop
      vertex -10.6344 -6.02301 -7.62939e-07
      vertex -11.3 -7.54999 -7.62939e-07
      vertex -10.5556 -6.08147 -7.62939e-07
    endloop
  endfacet
  facet normal 0 0 1
    outer loop
      vertex -10.7071 -5.95711 -7.62939e-07
      vertex -11.3 -7.54999 -7.62939e-07
      vertex -10.6344 -6.02301 -7.62939e-07
    endloop
  endfacet
  facet normal 0 0 1
    outer loop
      vertex -12.3 -6.54999 -7.62939e-07
      vertex -10.7071 -5.95711 -7.62939e-07
      vertex -10.773 -5.8844 -7.62939e-07
    endloop
  endfacet
  facet normal 0 0 1
    outer loop
      vertex -12.3 -6.54999 -7.62939e-07
      vertex -10.773 -5.8844 -7.62939e-07
      vertex -10.8315 -5.80557 -7.62939e-07
    endloop
  endfacet
  facet normal 0 0 1
    outer loop
      vertex -12.3 -6.54999 -7.62939e-07
      vertex -10.8315 -5.80557 -7.62939e-07
      vertex -10.8819 -5.72139 -7.62939e-07
    endloop
  endfacet
  facet normal 0 0 1
    outer loop
      vertex -12.3 -6.54999 -7.62939e-07
      vertex -10.8819 -5.72139 -7.62939e-07
      vertex -10.9239 -5.63269 -7.62939e-07
    endloop
  endfacet
  facet normal 0 0 1
    outer loop
      vertex -12.3 -6.54999 -7.62939e-07
      vertex -10.9239 -5.63269 -7.62939e-07
      vertex -10.9569 -5.54028 -7.62939e-07
    endloop
  endfacet
  facet normal 0 0 1
    outer loop
      vertex -12.3 -6.54999 -7.62939e-07
      vertex -10.9569 -5.54028 -7.62939e-07
      vertex -10.9808 -5.44508 -7.62939e-07
    endloop
  endfacet
  facet normal 0 0 1
    outer loop
      vertex -12.3 -6.54999 -7.62939e-07
      vertex -10.9808 -5.44508 -7.62939e-07
      vertex -10.9952 -5.34802 -7.62939e-07
    endloop
  endfacet
  facet normal 0 0 1
    outer loop
      vertex -12.3 -6.54999 -7.62939e-07
      vertex -10.9952 -5.34802 -7.62939e-07
      vertex -11 -5.25 -7.62939e-07
    endloop
  endfacet
  facet normal 0 0 1
    outer loop
      vertex -11 5.25 -7.62939e-07
      vertex -12.3 6.54999 -7.62939e-07
      vertex -11 -5.25 -7.62939e-07
    endloop
  endfacet
  facet normal 0 0 1
    outer loop
      vertex -12.3 6.54999 -7.62939e-07
      vertex -11.3 7.54999 -7.62939e-07
      vertex -11.398 7.54517 -7.62939e-07
    endloop
  endfacet
  facet normal 0 0 1
    outer loop
      vertex -12.3 -6.54999 -7.62939e-07
      vertex -11 -5.25 -7.62939e-07
      vertex -12.3 6.54999 -7.62939e-07
    endloop
  endfacet
  facet normal 0 0 1
    outer loop
      vertex -12.3 6.54999 -7.62939e-07
      vertex -11.398 7.54517 -7.62939e-07
      vertex -11.4951 7.53078 -7.62939e-07
    endloop
  endfacet
  facet normal 0 0 1
    outer loop
      vertex -10.7071 -5.95711 -7.62939e-07
      vertex -12.3 -6.54999 -7.62939e-07
      vertex -12.2808 -6.74507 -7.62939e-07
    endloop
  endfacet
  facet normal 0 0 1
    outer loop
      vertex -12.3 6.54999 -7.62939e-07
      vertex -11.4951 7.53078 -7.62939e-07
      vertex -11.5903 7.50693 -7.62939e-07
    endloop
  endfacet
  facet normal 0 0 1
    outer loop
      vertex -10.7071 -5.95711 -7.62939e-07
      vertex -11.398 -7.54517 -7.62939e-07
      vertex -11.3 -7.54999 -7.62939e-07
    endloop
  endfacet
  facet normal 0 0 1
    outer loop
      vertex -12.3 6.54999 -7.62939e-07
      vertex -11.5903 7.50693 -7.62939e-07
      vertex -11.6827 7.47386 -7.62939e-07
    endloop
  endfacet
  facet normal 0 0 1
    outer loop
      vertex -10.7071 -5.95711 -7.62939e-07
      vertex -11.4951 -7.53078 -7.62939e-07
      vertex -11.398 -7.54517 -7.62939e-07
    endloop
  endfacet
  facet normal 0 0 1
    outer loop
      vertex -12.3 6.54999 -7.62939e-07
      vertex -11.6827 7.47386 -7.62939e-07
      vertex -11.7714 7.43192 -7.62939e-07
    endloop
  endfacet
  facet normal 0 0 1
    outer loop
      vertex -10.7071 -5.95711 -7.62939e-07
      vertex -11.5903 -7.50693 -7.62939e-07
      vertex -11.4951 -7.53078 -7.62939e-07
    endloop
  endfacet
  facet normal 0 0 1
    outer loop
      vertex -12.3 6.54999 -7.62939e-07
      vertex -11.7714 7.43192 -7.62939e-07
      vertex -11.8556 7.38145 -7.62939e-07
    endloop
  endfacet
  facet normal 0 0 1
    outer loop
      vertex -10.7071 -5.95711 -7.62939e-07
      vertex -11.6827 -7.47386 -7.62939e-07
      vertex -11.5903 -7.50693 -7.62939e-07
    endloop
  endfacet
  facet normal 0 0 1
    outer loop
      vertex -12.3 6.54999 -7.62939e-07
      vertex -11.8556 7.38145 -7.62939e-07
      vertex -11.9344 7.323 -7.62939e-07
    endloop
  endfacet
  facet normal 0 0 1
    outer loop
      vertex -10.7071 -5.95711 -7.62939e-07
      vertex -11.7714 -7.43192 -7.62939e-07
      vertex -11.6827 -7.47386 -7.62939e-07
    endloop
  endfacet
  facet normal 0 0 1
    outer loop
      vertex -12.3 6.54999 -7.62939e-07
      vertex -11.9344 7.323 -7.62939e-07
      vertex -12.0071 7.2571 -7.62939e-07
    endloop
  endfacet
  facet normal 0 0 1
    outer loop
      vertex -10.7071 -5.95711 -7.62939e-07
      vertex -11.8556 -7.38145 -7.62939e-07
      vertex -11.7714 -7.43192 -7.62939e-07
    endloop
  endfacet
  facet normal 0 0 1
    outer loop
      vertex -12.3 6.54999 -7.62939e-07
      vertex -12.0071 7.2571 -7.62939e-07
      vertex -12.073 7.18439 -7.62939e-07
    endloop
  endfacet
  facet normal 0 0 1
    outer loop
      vertex -10.7071 -5.95711 -7.62939e-07
      vertex -11.9344 -7.323 -7.62939e-07
      vertex -11.8556 -7.38145 -7.62939e-07
    endloop
  endfacet
  facet normal 0 0 1
    outer loop
      vertex -12.3 6.54999 -7.62939e-07
      vertex -12.073 7.18439 -7.62939e-07
      vertex -12.1315 7.10556 -7.62939e-07
    endloop
  endfacet
  facet normal 0 0 1
    outer loop
      vertex -10.7071 -5.95711 -7.62939e-07
      vertex -12.0071 -7.2571 -7.62939e-07
      vertex -11.9344 -7.323 -7.62939e-07
    endloop
  endfacet
  facet normal 0 0 1
    outer loop
      vertex -12.3 6.54999 -7.62939e-07
      vertex -12.1315 7.10556 -7.62939e-07
      vertex -12.1819 7.02138 -7.62939e-07
    endloop
  endfacet
  facet normal 0 0 1
    outer loop
      vertex -10.7071 -5.95711 -7.62939e-07
      vertex -12.073 -7.18439 -7.62939e-07
      vertex -12.0071 -7.2571 -7.62939e-07
    endloop
  endfacet
  facet normal 0 0 1
    outer loop
      vertex -12.3 6.54999 -7.62939e-07
      vertex -12.1819 7.02138 -7.62939e-07
      vertex -12.2239 6.93268 -7.62939e-07
    endloop
  endfacet
  facet normal 0 0 1
    outer loop
      vertex -10.7071 -5.95711 -7.62939e-07
      vertex -12.1315 -7.10556 -7.62939e-07
      vertex -12.073 -7.18439 -7.62939e-07
    endloop
  endfacet
  facet normal 0 0 1
    outer loop
      vertex -12.3 6.54999 -7.62939e-07
      vertex -12.2239 6.93268 -7.62939e-07
      vertex -12.2569 6.84027 -7.62939e-07
    endloop
  endfacet
  facet normal 0 0 1
    outer loop
      vertex -10.7071 -5.95711 -7.62939e-07
      vertex -12.1819 -7.02138 -7.62939e-07
      vertex -12.1315 -7.10556 -7.62939e-07
    endloop
  endfacet
  facet normal 0 0 1
    outer loop
      vertex -12.3 6.54999 -7.62939e-07
      vertex -12.2569 6.84027 -7.62939e-07
      vertex -12.2808 6.74507 -7.62939e-07
    endloop
  endfacet
  facet normal 0 0 1
    outer loop
      vertex -10.7071 -5.95711 -7.62939e-07
      vertex -12.2239 -6.93268 -7.62939e-07
      vertex -12.1819 -7.02138 -7.62939e-07
    endloop
  endfacet
  facet normal 0 0 1
    outer loop
      vertex -12.3 6.54999 -7.62939e-07
      vertex -12.2808 6.74507 -7.62939e-07
      vertex -12.2952 6.64801 -7.62939e-07
    endloop
  endfacet
  facet normal 0 0 1
    outer loop
      vertex -10.7071 -5.95711 -7.62939e-07
      vertex -12.2569 -6.84027 -7.62939e-07
      vertex -12.2239 -6.93268 -7.62939e-07
    endloop
  endfacet
  facet normal 0 0 1
    outer loop
      vertex -10.7071 -5.95711 -7.62939e-07
      vertex -12.2808 -6.74507 -7.62939e-07
      vertex -12.2569 -6.84027 -7.62939e-07
    endloop
  endfacet
  facet normal 0 0 1
    outer loop
      vertex -12.2808 -6.74507 -7.62939e-07
      vertex -12.3 -6.54999 -7.62939e-07
      vertex -12.2952 -6.64801 -7.62939e-07
    endloop
  endfacet
  facet normal -0.0491243 -0.998793 0
    outer loop
      vertex -11.398 -7.54517 -1.8
      vertex -11.3 -7.54999 -7.62939e-07
      vertex -11.398 -7.54517 -7.62939e-07
    endloop
  endfacet
  facet normal -0.0491243 -0.998793 -0
    outer loop
      vertex -11.3 -7.54999 -7.62939e-07
      vertex -11.398 -7.54517 -1.8
      vertex -11.3 -7.54999 -1.8
    endloop
  endfacet
  facet normal -0.9038 -0.427955 0
    outer loop
      vertex -12.1819 -7.02138 -1.8
      vertex -12.2239 -6.93268 -7.62939e-07
      vertex -12.2239 -6.93268 -1.8
    endloop
  endfacet
  facet normal -0.9038 -0.427955 0
    outer loop
      vertex -12.2239 -6.93268 -7.62939e-07
      vertex -12.1819 -7.02138 -1.8
      vertex -12.1819 -7.02138 -7.62939e-07
    endloop
  endfacet
  facet normal -0.998803 -0.048911 0
    outer loop
      vertex -12.2952 -6.64801 -1.8
      vertex -12.3 -6.54999 -7.62939e-07
      vertex -12.3 -6.54999 -1.8
    endloop
  endfacet
  facet normal -0.998803 -0.048911 0
    outer loop
      vertex -12.3 -6.54999 -7.62939e-07
      vertex -12.2952 -6.64801 -1.8
      vertex -12.2952 -6.64801 -7.62939e-07
    endloop
  endfacet
  facet normal -0.857978 -0.513686 0
    outer loop
      vertex -12.1315 -7.10556 -1.8
      vertex -12.1819 -7.02138 -7.62939e-07
      vertex -12.1819 -7.02138 -1.8
    endloop
  endfacet
  facet normal -0.857978 -0.513686 0
    outer loop
      vertex -12.1819 -7.02138 -7.62939e-07
      vertex -12.1315 -7.10556 -1.8
      vertex -12.1315 -7.10556 -7.62939e-07
    endloop
  endfacet
  facet normal -0.803034 -0.595934 0
    outer loop
      vertex -12.073 -7.18439 -1.8
      vertex -12.1315 -7.10556 -7.62939e-07
      vertex -12.1315 -7.10556 -1.8
    endloop
  endfacet
  facet normal -0.803034 -0.595934 0
    outer loop
      vertex -12.1315 -7.10556 -7.62939e-07
      vertex -12.073 -7.18439 -1.8
      vertex -12.073 -7.18439 -7.62939e-07
    endloop
  endfacet
  facet normal -0.740954 0.671556 0
    outer loop
      vertex -12.073 7.18439 -1.8
      vertex -12.0071 7.2571 -7.62939e-07
      vertex -12.0071 7.2571 -1.8
    endloop
  endfacet
  facet normal -0.740954 0.671556 0
    outer loop
      vertex -12.0071 7.2571 -7.62939e-07
      vertex -12.073 7.18439 -1.8
      vertex -12.073 7.18439 -7.62939e-07
    endloop
  endfacet
  facet normal -0.595751 -0.803169 0
    outer loop
      vertex -11.9344 -7.323 -1.8
      vertex -11.8556 -7.38145 -7.62939e-07
      vertex -11.9344 -7.323 -7.62939e-07
    endloop
  endfacet
  facet normal -0.595751 -0.803169 -0
    outer loop
      vertex -11.8556 -7.38145 -7.62939e-07
      vertex -11.9344 -7.323 -1.8
      vertex -11.8556 -7.38145 -1.8
    endloop
  endfacet
  facet normal -0.740954 -0.671556 0
    outer loop
      vertex -12.0071 -7.2571 -1.8
      vertex -12.073 -7.18439 -7.62939e-07
      vertex -12.073 -7.18439 -1.8
    endloop
  endfacet
  facet normal -0.740954 -0.671556 0
    outer loop
      vertex -12.073 -7.18439 -7.62939e-07
      vertex -12.0071 -7.2571 -1.8
      vertex -12.0071 -7.2571 -7.62939e-07
    endloop
  endfacet
  facet normal 0.740954 0.671556 0
    outer loop
      vertex 12.073 7.18439 -7.62939e-07
      vertex 12.0071 7.2571 -1.8
      vertex 12.0071 7.2571 -7.62939e-07
    endloop
  endfacet
  facet normal 0.740954 0.671556 0
    outer loop
      vertex 12.0071 7.2571 -1.8
      vertex 12.073 7.18439 -7.62939e-07
      vertex 12.073 7.18439 -1.8
    endloop
  endfacet
  facet normal 0.941753 -0.336304 0
    outer loop
      vertex 12.2239 -6.93268 -7.62939e-07
      vertex 12.2569 -6.84027 -1.8
      vertex 12.2569 -6.84027 -7.62939e-07
    endloop
  endfacet
  facet normal 0.941753 -0.336304 0
    outer loop
      vertex 12.2569 -6.84027 -1.8
      vertex 12.2239 -6.93268 -7.62939e-07
      vertex 12.2239 -6.93268 -1.8
    endloop
  endfacet
  facet normal 0.9038 -0.427955 0
    outer loop
      vertex 12.1819 -7.02138 -7.62939e-07
      vertex 12.2239 -6.93268 -1.8
      vertex 12.2239 -6.93268 -7.62939e-07
    endloop
  endfacet
  facet normal 0.9038 -0.427955 0
    outer loop
      vertex 12.2239 -6.93268 -1.8
      vertex 12.1819 -7.02138 -7.62939e-07
      vertex 12.1819 -7.02138 -1.8
    endloop
  endfacet
  facet normal 0.941753 0.336304 0
    outer loop
      vertex 12.2569 6.84027 -7.62939e-07
      vertex 12.2239 6.93268 -1.8
      vertex 12.2239 6.93268 -7.62939e-07
    endloop
  endfacet
  facet normal 0.941753 0.336304 0
    outer loop
      vertex 12.2239 6.93268 -1.8
      vertex 12.2569 6.84027 -7.62939e-07
      vertex 12.2569 6.84027 -1.8
    endloop
  endfacet
  facet normal 0.989173 -0.146755 0
    outer loop
      vertex 12.2808 -6.74507 -7.62939e-07
      vertex 12.2952 -6.64801 -1.8
      vertex 12.2952 -6.64801 -7.62939e-07
    endloop
  endfacet
  facet normal 0.989173 -0.146755 0
    outer loop
      vertex 12.2952 -6.64801 -1.8
      vertex 12.2808 -6.74507 -7.62939e-07
      vertex 12.2808 -6.74507 -1.8
    endloop
  endfacet
  facet normal 0.740954 -0.671556 0
    outer loop
      vertex 12.0071 -7.2571 -7.62939e-07
      vertex 12.073 -7.18439 -1.8
      vertex 12.073 -7.18439 -7.62939e-07
    endloop
  endfacet
  facet normal 0.740954 -0.671556 0
    outer loop
      vertex 12.073 -7.18439 -1.8
      vertex 12.0071 -7.2571 -7.62939e-07
      vertex 12.0071 -7.2571 -1.8
    endloop
  endfacet
  facet normal 0 0 -1
    outer loop
      vertex 10.7071 -5.95711 -1.8
      vertex 12.3 -6.54999 -1.8
      vertex 12.2952 -6.64801 -1.8
    endloop
  endfacet
  facet normal 0 0 -1
    outer loop
      vertex 12.3 -6.54999 -1.8
      vertex 11 -5.25 -1.8
      vertex 12.3 6.54999 -1.8
    endloop
  endfacet
  facet normal 0 0 -1
    outer loop
      vertex 10.7071 -5.95711 -1.8
      vertex 12.2952 -6.64801 -1.8
      vertex 12.2808 -6.74507 -1.8
    endloop
  endfacet
  facet normal 0 0 -1
    outer loop
      vertex 11 5.25 -1.8
      vertex 12.3 6.54999 -1.8
      vertex 11 -5.25 -1.8
    endloop
  endfacet
  facet normal 0 0 -1
    outer loop
      vertex 10.7071 -5.95711 -1.8
      vertex 12.2808 -6.74507 -1.8
      vertex 12.2569 -6.84027 -1.8
    endloop
  endfacet
  facet normal 0 0 -1
    outer loop
      vertex 10.9952 5.34802 -1.8
      vertex 12.3 6.54999 -1.8
      vertex 11 5.25 -1.8
    endloop
  endfacet
  facet normal 0 0 -1
    outer loop
      vertex 10.7071 -5.95711 -1.8
      vertex 12.2569 -6.84027 -1.8
      vertex 12.2239 -6.93268 -1.8
    endloop
  endfacet
  facet normal 0 0 -1
    outer loop
      vertex 10.9808 5.44508 -1.8
      vertex 12.3 6.54999 -1.8
      vertex 10.9952 5.34802 -1.8
    endloop
  endfacet
  facet normal 0 0 -1
    outer loop
      vertex 10.7071 -5.95711 -1.8
      vertex 12.2239 -6.93268 -1.8
      vertex 12.1819 -7.02138 -1.8
    endloop
  endfacet
  facet normal 0 0 -1
    outer loop
      vertex 10.9569 5.54028 -1.8
      vertex 12.3 6.54999 -1.8
      vertex 10.9808 5.44508 -1.8
    endloop
  endfacet
  facet normal 0 0 -1
    outer loop
      vertex 10.7071 -5.95711 -1.8
      vertex 12.1819 -7.02138 -1.8
      vertex 12.1315 -7.10556 -1.8
    endloop
  endfacet
  facet normal 0 0 -1
    outer loop
      vertex 10.9239 5.63269 -1.8
      vertex 12.3 6.54999 -1.8
      vertex 10.9569 5.54028 -1.8
    endloop
  endfacet
  facet normal 0 0 -1
    outer loop
      vertex 10.7071 -5.95711 -1.8
      vertex 12.1315 -7.10556 -1.8
      vertex 12.073 -7.18439 -1.8
    endloop
  endfacet
  facet normal 0 0 -1
    outer loop
      vertex 10.8819 5.72139 -1.8
      vertex 12.3 6.54999 -1.8
      vertex 10.9239 5.63269 -1.8
    endloop
  endfacet
  facet normal 0 0 -1
    outer loop
      vertex 10.7071 -5.95711 -1.8
      vertex 12.073 -7.18439 -1.8
      vertex 12.0071 -7.2571 -1.8
    endloop
  endfacet
  facet normal 0 0 -1
    outer loop
      vertex 10.8315 5.80557 -1.8
      vertex 12.3 6.54999 -1.8
      vertex 10.8819 5.72139 -1.8
    endloop
  endfacet
  facet normal 0 0 -1
    outer loop
      vertex 10.7071 -5.95711 -1.8
      vertex 12.0071 -7.2571 -1.8
      vertex 11.9344 -7.323 -1.8
    endloop
  endfacet
  facet normal 0 0 -1
    outer loop
      vertex 10.773 5.8844 -1.8
      vertex 12.3 6.54999 -1.8
      vertex 10.8315 5.80557 -1.8
    endloop
  endfacet
  facet normal 0 0 -1
    outer loop
      vertex 10.7071 -5.95711 -1.8
      vertex 11.9344 -7.323 -1.8
      vertex 11.8556 -7.38145 -1.8
    endloop
  endfacet
  facet normal 0 0 -1
    outer loop
      vertex 10.7071 5.95711 -1.8
      vertex 12.3 6.54999 -1.8
      vertex 10.773 5.8844 -1.8
    endloop
  endfacet
  facet normal 0 0 -1
    outer loop
      vertex 10.7071 -5.95711 -1.8
      vertex 11.8556 -7.38145 -1.8
      vertex 11.7714 -7.43192 -1.8
    endloop
  endfacet
  facet normal -0 0 -1
    outer loop
      vertex 12.3 6.54999 -1.8
      vertex 10.7071 5.95711 -1.8
      vertex 12.2952 6.64801 -1.8
    endloop
  endfacet
  facet normal 0 0 -1
    outer loop
      vertex 10.7071 -5.95711 -1.8
      vertex 11.7714 -7.43192 -1.8
      vertex 11.6827 -7.47386 -1.8
    endloop
  endfacet
  facet normal -0 0 -1
    outer loop
      vertex 12.2952 6.64801 -1.8
      vertex 10.7071 5.95711 -1.8
      vertex 12.2808 6.74507 -1.8
    endloop
  endfacet
  facet normal 0 0 -1
    outer loop
      vertex 10.7071 -5.95711 -1.8
      vertex 11.6827 -7.47386 -1.8
      vertex 11.5903 -7.50693 -1.8
    endloop
  endfacet
  facet normal -0 0 -1
    outer loop
      vertex 12.2808 6.74507 -1.8
      vertex 10.7071 5.95711 -1.8
      vertex 12.2569 6.84027 -1.8
    endloop
  endfacet
  facet normal 0 0 -1
    outer loop
      vertex 10.7071 -5.95711 -1.8
      vertex 11.5903 -7.50693 -1.8
      vertex 11.4951 -7.53078 -1.8
    endloop
  endfacet
  facet normal -0 0 -1
    outer loop
      vertex 12.2569 6.84027 -1.8
      vertex 10.7071 5.95711 -1.8
      vertex 12.2239 6.93268 -1.8
    endloop
  endfacet
  facet normal 0 0 -1
    outer loop
      vertex 10.7071 -5.95711 -1.8
      vertex 11.4951 -7.53078 -1.8
      vertex 11.398 -7.54517 -1.8
    endloop
  endfacet
  facet normal -0 0 -1
    outer loop
      vertex 12.2239 6.93268 -1.8
      vertex 10.7071 5.95711 -1.8
      vertex 12.1819 7.02138 -1.8
    endloop
  endfacet
  facet normal 0 0 -1
    outer loop
      vertex 10.7071 -5.95711 -1.8
      vertex 11.398 -7.54517 -1.8
      vertex 11.3 -7.54999 -1.8
    endloop
  endfacet
  facet normal -0 0 -1
    outer loop
      vertex 12.1819 7.02138 -1.8
      vertex 10.7071 5.95711 -1.8
      vertex 12.1315 7.10556 -1.8
    endloop
  endfacet
  facet normal -0 0 -1
    outer loop
      vertex 12.1315 7.10556 -1.8
      vertex 10.7071 5.95711 -1.8
      vertex 12.073 7.18439 -1.8
    endloop
  endfacet
  facet normal 0 0 -1
    outer loop
      vertex 12.3 -6.54999 -1.8
      vertex 10.9952 -5.34802 -1.8
      vertex 11 -5.25 -1.8
    endloop
  endfacet
  facet normal 0 0 -1
    outer loop
      vertex 12.3 -6.54999 -1.8
      vertex 10.9808 -5.44508 -1.8
      vertex 10.9952 -5.34802 -1.8
    endloop
  endfacet
  facet normal 0 0 -1
    outer loop
      vertex 12.3 -6.54999 -1.8
      vertex 10.9569 -5.54028 -1.8
      vertex 10.9808 -5.44508 -1.8
    endloop
  endfacet
  facet normal 0 0 -1
    outer loop
      vertex 12.3 -6.54999 -1.8
      vertex 10.9239 -5.63269 -1.8
      vertex 10.9569 -5.54028 -1.8
    endloop
  endfacet
  facet normal 0 0 -1
    outer loop
      vertex 12.3 -6.54999 -1.8
      vertex 10.8819 -5.72139 -1.8
      vertex 10.9239 -5.63269 -1.8
    endloop
  endfacet
  facet normal 0 0 -1
    outer loop
      vertex 12.3 -6.54999 -1.8
      vertex 10.8315 -5.80557 -1.8
      vertex 10.8819 -5.72139 -1.8
    endloop
  endfacet
  facet normal 0 0 -1
    outer loop
      vertex 12.3 -6.54999 -1.8
      vertex 10.773 -5.8844 -1.8
      vertex 10.8315 -5.80557 -1.8
    endloop
  endfacet
  facet normal 0 0 -1
    outer loop
      vertex 12.3 -6.54999 -1.8
      vertex 10.7071 -5.95711 -1.8
      vertex 10.773 -5.8844 -1.8
    endloop
  endfacet
  facet normal 0 0 -1
    outer loop
      vertex 11.3 -7.54999 -1.8
      vertex 10.6344 -6.02301 -1.8
      vertex 10.7071 -5.95711 -1.8
    endloop
  endfacet
  facet normal 0 0 -1
    outer loop
      vertex 11.3 -7.54999 -1.8
      vertex 10.5556 -6.08147 -1.8
      vertex 10.6344 -6.02301 -1.8
    endloop
  endfacet
  facet normal 0 0 -1
    outer loop
      vertex 11.3 -7.54999 -1.8
      vertex 10.4714 -6.13193 -1.8
      vertex 10.5556 -6.08147 -1.8
    endloop
  endfacet
  facet normal 0 0 -1
    outer loop
      vertex 11.3 -7.54999 -1.8
      vertex 10.3827 -6.17387 -1.8
      vertex 10.4714 -6.13193 -1.8
    endloop
  endfacet
  facet normal 0 0 -1
    outer loop
      vertex 11.3 -7.54999 -1.8
      vertex 10.2903 -6.20694 -1.8
      vertex 10.3827 -6.17387 -1.8
    endloop
  endfacet
  facet normal 0 0 -1
    outer loop
      vertex 11.3 -7.54999 -1.8
      vertex 10.1951 -6.23079 -1.8
      vertex 10.2903 -6.20694 -1.8
    endloop
  endfacet
  facet normal 0 0 -1
    outer loop
      vertex 11.3 -7.54999 -1.8
      vertex 10.098 -6.24518 -1.8
      vertex 10.1951 -6.23079 -1.8
    endloop
  endfacet
  facet normal 0 0 -1
    outer loop
      vertex 11.3 -7.54999 -1.8
      vertex 10 -6.25 -1.8
      vertex 10.098 -6.24518 -1.8
    endloop
  endfacet
  facet normal 0 0 -1
    outer loop
      vertex 11.3 -7.54999 -1.8
      vertex -10 -6.25 -1.8
      vertex 10 -6.25 -1.8
    endloop
  endfacet
  facet normal 0 0 -1
    outer loop
      vertex -11.3 -7.54999 -1.8
      vertex -10 -6.25 -1.8
      vertex 11.3 -7.54999 -1.8
    endloop
  endfacet
  facet normal -0 0 -1
    outer loop
      vertex -10.9952 -5.34802 -1.8
      vertex -12.3 -6.54999 -1.8
      vertex -11 -5.25 -1.8
    endloop
  endfacet
  facet normal -0 0 -1
    outer loop
      vertex -10.9808 -5.44508 -1.8
      vertex -12.3 -6.54999 -1.8
      vertex -10.9952 -5.34802 -1.8
    endloop
  endfacet
  facet normal -0 0 -1
    outer loop
      vertex -10.9569 -5.54028 -1.8
      vertex -12.3 -6.54999 -1.8
      vertex -10.9808 -5.44508 -1.8
    endloop
  endfacet
  facet normal -0 0 -1
    outer loop
      vertex -10.9239 -5.63269 -1.8
      vertex -12.3 -6.54999 -1.8
      vertex -10.9569 -5.54028 -1.8
    endloop
  endfacet
  facet normal -0 0 -1
    outer loop
      vertex -10.8819 -5.72139 -1.8
      vertex -12.3 -6.54999 -1.8
      vertex -10.9239 -5.63269 -1.8
    endloop
  endfacet
  facet normal -0 0 -1
    outer loop
      vertex -10.8315 -5.80557 -1.8
      vertex -12.3 -6.54999 -1.8
      vertex -10.8819 -5.72139 -1.8
    endloop
  endfacet
  facet normal -0 0 -1
    outer loop
      vertex -10.773 -5.8844 -1.8
      vertex -12.3 -6.54999 -1.8
      vertex -10.8315 -5.80557 -1.8
    endloop
  endfacet
  facet normal -0 0 -1
    outer loop
      vertex -10.7071 -5.95711 -1.8
      vertex -12.3 -6.54999 -1.8
      vertex -10.773 -5.8844 -1.8
    endloop
  endfacet
  facet normal 0 0 -1
    outer loop
      vertex -12.3 -6.54999 -1.8
      vertex -10.7071 -5.95711 -1.8
      vertex -11.3 -7.54999 -1.8
    endloop
  endfacet
  facet normal -0 0 -1
    outer loop
      vertex -10.6344 -6.02301 -1.8
      vertex -11.3 -7.54999 -1.8
      vertex -10.7071 -5.95711 -1.8
    endloop
  endfacet
  facet normal -0 0 -1
    outer loop
      vertex -10.5556 -6.08147 -1.8
      vertex -11.3 -7.54999 -1.8
      vertex -10.6344 -6.02301 -1.8
    endloop
  endfacet
  facet normal -0 0 -1
    outer loop
      vertex -10.4714 -6.13193 -1.8
      vertex -11.3 -7.54999 -1.8
      vertex -10.5556 -6.08147 -1.8
    endloop
  endfacet
  facet normal -0 0 -1
    outer loop
      vertex -10.3827 -6.17387 -1.8
      vertex -11.3 -7.54999 -1.8
      vertex -10.4714 -6.13193 -1.8
    endloop
  endfacet
  facet normal -0 0 -1
    outer loop
      vertex -10.2903 -6.20694 -1.8
      vertex -11.3 -7.54999 -1.8
      vertex -10.3827 -6.17387 -1.8
    endloop
  endfacet
  facet normal -0 0 -1
    outer loop
      vertex -10.1951 -6.23079 -1.8
      vertex -11.3 -7.54999 -1.8
      vertex -10.2903 -6.20694 -1.8
    endloop
  endfacet
  facet normal -0 0 -1
    outer loop
      vertex -10.098 -6.24518 -1.8
      vertex -11.3 -7.54999 -1.8
      vertex -10.1951 -6.23079 -1.8
    endloop
  endfacet
  facet normal -0 0 -1
    outer loop
      vertex -10 -6.25 -1.8
      vertex -11.3 -7.54999 -1.8
      vertex -10.098 -6.24518 -1.8
    endloop
  endfacet
  facet normal -0 0 -1
    outer loop
      vertex 12.073 7.18439 -1.8
      vertex 10.7071 5.95711 -1.8
      vertex 12.0071 7.2571 -1.8
    endloop
  endfacet
  facet normal -0 0 -1
    outer loop
      vertex 12.0071 7.2571 -1.8
      vertex 10.7071 5.95711 -1.8
      vertex 11.9344 7.323 -1.8
    endloop
  endfacet
  facet normal -0 0 -1
    outer loop
      vertex 11.9344 7.323 -1.8
      vertex 10.7071 5.95711 -1.8
      vertex 11.8556 7.38145 -1.8
    endloop
  endfacet
  facet normal -0 0 -1
    outer loop
      vertex 11.8556 7.38145 -1.8
      vertex 10.7071 5.95711 -1.8
      vertex 11.7714 7.43192 -1.8
    endloop
  endfacet
  facet normal -0 0 -1
    outer loop
      vertex 11.7714 7.43192 -1.8
      vertex 10.7071 5.95711 -1.8
      vertex 11.6827 7.47386 -1.8
    endloop
  endfacet
  facet normal -0 0 -1
    outer loop
      vertex 11.6827 7.47386 -1.8
      vertex 10.7071 5.95711 -1.8
      vertex 11.5903 7.50693 -1.8
    endloop
  endfacet
  facet normal -0 0 -1
    outer loop
      vertex 11.5903 7.50693 -1.8
      vertex 10.7071 5.95711 -1.8
      vertex 11.4951 7.53078 -1.8
    endloop
  endfacet
  facet normal -0 0 -1
    outer loop
      vertex 11.4951 7.53078 -1.8
      vertex 10.7071 5.95711 -1.8
      vertex 11.398 7.54517 -1.8
    endloop
  endfacet
  facet normal -0 0 -1
    outer loop
      vertex 11.398 7.54517 -1.8
      vertex 10.7071 5.95711 -1.8
      vertex 11.3 7.54999 -1.8
    endloop
  endfacet
  facet normal 0 0 -1
    outer loop
      vertex 10.6344 6.02301 -1.8
      vertex 11.3 7.54999 -1.8
      vertex 10.7071 5.95711 -1.8
    endloop
  endfacet
  facet normal 0 0 -1
    outer loop
      vertex 10.5556 6.08147 -1.8
      vertex 11.3 7.54999 -1.8
      vertex 10.6344 6.02301 -1.8
    endloop
  endfacet
  facet normal 0 0 -1
    outer loop
      vertex 10.4714 6.13193 -1.8
      vertex 11.3 7.54999 -1.8
      vertex 10.5556 6.08147 -1.8
    endloop
  endfacet
  facet normal 0 0 -1
    outer loop
      vertex 10.3827 6.17387 -1.8
      vertex 11.3 7.54999 -1.8
      vertex 10.4714 6.13193 -1.8
    endloop
  endfacet
  facet normal 0 0 -1
    outer loop
      vertex 10.2903 6.20694 -1.8
      vertex 11.3 7.54999 -1.8
      vertex 10.3827 6.17387 -1.8
    endloop
  endfacet
  facet normal 0 0 -1
    outer loop
      vertex 10.1951 6.23079 -1.8
      vertex 11.3 7.54999 -1.8
      vertex 10.2903 6.20694 -1.8
    endloop
  endfacet
  facet normal 0 0 -1
    outer loop
      vertex 10.098 6.24518 -1.8
      vertex 11.3 7.54999 -1.8
      vertex 10.1951 6.23079 -1.8
    endloop
  endfacet
  facet normal 0 0 -1
    outer loop
      vertex 10 6.25 -1.8
      vertex 11.3 7.54999 -1.8
      vertex 10.098 6.24518 -1.8
    endloop
  endfacet
  facet normal 0 0 -1
    outer loop
      vertex -10 6.25 -1.8
      vertex 11.3 7.54999 -1.8
      vertex 10 6.25 -1.8
    endloop
  endfacet
  facet normal 0 0 -1
    outer loop
      vertex -11.3 7.54999 -1.8
      vertex -10 6.25 -1.8
      vertex -10.098 6.24518 -1.8
    endloop
  endfacet
  facet normal 0 0 -1
    outer loop
      vertex -10 6.25 -1.8
      vertex -11.3 7.54999 -1.8
      vertex 11.3 7.54999 -1.8
    endloop
  endfacet
  facet normal 0 0 -1
    outer loop
      vertex -10.1951 6.23079 -1.8
      vertex -11.3 7.54999 -1.8
      vertex -10.098 6.24518 -1.8
    endloop
  endfacet
  facet normal 0 0 -1
    outer loop
      vertex -10.2903 6.20694 -1.8
      vertex -11.3 7.54999 -1.8
      vertex -10.1951 6.23079 -1.8
    endloop
  endfacet
  facet normal 0 0 -1
    outer loop
      vertex -10.3827 6.17387 -1.8
      vertex -11.3 7.54999 -1.8
      vertex -10.2903 6.20694 -1.8
    endloop
  endfacet
  facet normal 0 0 -1
    outer loop
      vertex -10.4714 6.13193 -1.8
      vertex -11.3 7.54999 -1.8
      vertex -10.3827 6.17387 -1.8
    endloop
  endfacet
  facet normal 0 0 -1
    outer loop
      vertex -10.5556 6.08147 -1.8
      vertex -11.3 7.54999 -1.8
      vertex -10.4714 6.13193 -1.8
    endloop
  endfacet
  facet normal 0 0 -1
    outer loop
      vertex -10.6344 6.02301 -1.8
      vertex -11.3 7.54999 -1.8
      vertex -10.5556 6.08147 -1.8
    endloop
  endfacet
  facet normal 0 0 -1
    outer loop
      vertex -10.7071 5.95711 -1.8
      vertex -11.3 7.54999 -1.8
      vertex -10.6344 6.02301 -1.8
    endloop
  endfacet
  facet normal 0 0 -1
    outer loop
      vertex -12.3 6.54999 -1.8
      vertex -10.7071 5.95711 -1.8
      vertex -10.773 5.8844 -1.8
    endloop
  endfacet
  facet normal 0 0 -1
    outer loop
      vertex -12.3 6.54999 -1.8
      vertex -10.773 5.8844 -1.8
      vertex -10.8315 5.80557 -1.8
    endloop
  endfacet
  facet normal 0 0 -1
    outer loop
      vertex -12.3 6.54999 -1.8
      vertex -10.8315 5.80557 -1.8
      vertex -10.8819 5.72139 -1.8
    endloop
  endfacet
  facet normal 0 0 -1
    outer loop
      vertex -12.3 6.54999 -1.8
      vertex -10.8819 5.72139 -1.8
      vertex -10.9239 5.63269 -1.8
    endloop
  endfacet
  facet normal 0 0 -1
    outer loop
      vertex -12.3 6.54999 -1.8
      vertex -10.9239 5.63269 -1.8
      vertex -10.9569 5.54028 -1.8
    endloop
  endfacet
  facet normal 0 0 -1
    outer loop
      vertex -12.3 6.54999 -1.8
      vertex -10.9569 5.54028 -1.8
      vertex -10.9808 5.44508 -1.8
    endloop
  endfacet
  facet normal 0 0 -1
    outer loop
      vertex -12.3 6.54999 -1.8
      vertex -10.9808 5.44508 -1.8
      vertex -10.9952 5.34802 -1.8
    endloop
  endfacet
  facet normal 0 0 -1
    outer loop
      vertex -12.3 6.54999 -1.8
      vertex -10.9952 5.34802 -1.8
      vertex -11 5.25 -1.8
    endloop
  endfacet
  facet normal -0 0 -1
    outer loop
      vertex -11 -5.25 -1.8
      vertex -12.3 -6.54999 -1.8
      vertex -11 5.25 -1.8
    endloop
  endfacet
  facet normal 0 0 -1
    outer loop
      vertex -12.3 -6.54999 -1.8
      vertex -11.3 -7.54999 -1.8
      vertex -11.398 -7.54517 -1.8
    endloop
  endfacet
  facet normal 0 0 -1
    outer loop
      vertex -12.3 6.54999 -1.8
      vertex -11 5.25 -1.8
      vertex -12.3 -6.54999 -1.8
    endloop
  endfacet
  facet normal 0 0 -1
    outer loop
      vertex -12.3 -6.54999 -1.8
      vertex -11.398 -7.54517 -1.8
      vertex -11.4951 -7.53078 -1.8
    endloop
  endfacet
  facet normal 0 0 -1
    outer loop
      vertex -10.7071 5.95711 -1.8
      vertex -12.3 6.54999 -1.8
      vertex -12.2808 6.74507 -1.8
    endloop
  endfacet
  facet normal 0 0 -1
    outer loop
      vertex -12.3 -6.54999 -1.8
      vertex -11.4951 -7.53078 -1.8
      vertex -11.5903 -7.50693 -1.8
    endloop
  endfacet
  facet normal 0 0 -1
    outer loop
      vertex -10.7071 5.95711 -1.8
      vertex -11.398 7.54517 -1.8
      vertex -11.3 7.54999 -1.8
    endloop
  endfacet
  facet normal 0 0 -1
    outer loop
      vertex -12.3 -6.54999 -1.8
      vertex -11.5903 -7.50693 -1.8
      vertex -11.6827 -7.47386 -1.8
    endloop
  endfacet
  facet normal 0 0 -1
    outer loop
      vertex -10.7071 5.95711 -1.8
      vertex -11.4951 7.53078 -1.8
      vertex -11.398 7.54517 -1.8
    endloop
  endfacet
  facet normal 0 0 -1
    outer loop
      vertex -12.3 -6.54999 -1.8
      vertex -11.6827 -7.47386 -1.8
      vertex -11.7714 -7.43192 -1.8
    endloop
  endfacet
  facet normal 0 0 -1
    outer loop
      vertex -10.7071 5.95711 -1.8
      vertex -11.5903 7.50693 -1.8
      vertex -11.4951 7.53078 -1.8
    endloop
  endfacet
  facet normal 0 0 -1
    outer loop
      vertex -12.3 -6.54999 -1.8
      vertex -11.7714 -7.43192 -1.8
      vertex -11.8556 -7.38145 -1.8
    endloop
  endfacet
  facet normal 0 0 -1
    outer loop
      vertex -10.7071 5.95711 -1.8
      vertex -11.6827 7.47386 -1.8
      vertex -11.5903 7.50693 -1.8
    endloop
  endfacet
  facet normal 0 0 -1
    outer loop
      vertex -12.3 -6.54999 -1.8
      vertex -11.8556 -7.38145 -1.8
      vertex -11.9344 -7.323 -1.8
    endloop
  endfacet
  facet normal 0 0 -1
    outer loop
      vertex -10.7071 5.95711 -1.8
      vertex -11.7714 7.43192 -1.8
      vertex -11.6827 7.47386 -1.8
    endloop
  endfacet
  facet normal 0 0 -1
    outer loop
      vertex -12.3 -6.54999 -1.8
      vertex -11.9344 -7.323 -1.8
      vertex -12.0071 -7.2571 -1.8
    endloop
  endfacet
  facet normal 0 0 -1
    outer loop
      vertex -10.7071 5.95711 -1.8
      vertex -11.8556 7.38145 -1.8
      vertex -11.7714 7.43192 -1.8
    endloop
  endfacet
  facet normal 0 0 -1
    outer loop
      vertex -12.3 -6.54999 -1.8
      vertex -12.0071 -7.2571 -1.8
      vertex -12.073 -7.18439 -1.8
    endloop
  endfacet
  facet normal 0 0 -1
    outer loop
      vertex -10.7071 5.95711 -1.8
      vertex -11.9344 7.323 -1.8
      vertex -11.8556 7.38145 -1.8
    endloop
  endfacet
  facet normal 0 0 -1
    outer loop
      vertex -12.3 -6.54999 -1.8
      vertex -12.073 -7.18439 -1.8
      vertex -12.1315 -7.10556 -1.8
    endloop
  endfacet
  facet normal 0 0 -1
    outer loop
      vertex -10.7071 5.95711 -1.8
      vertex -12.0071 7.2571 -1.8
      vertex -11.9344 7.323 -1.8
    endloop
  endfacet
  facet normal 0 0 -1
    outer loop
      vertex -12.3 -6.54999 -1.8
      vertex -12.1315 -7.10556 -1.8
      vertex -12.1819 -7.02138 -1.8
    endloop
  endfacet
  facet normal 0 0 -1
    outer loop
      vertex -10.7071 5.95711 -1.8
      vertex -12.073 7.18439 -1.8
      vertex -12.0071 7.2571 -1.8
    endloop
  endfacet
  facet normal 0 0 -1
    outer loop
      vertex -12.3 -6.54999 -1.8
      vertex -12.1819 -7.02138 -1.8
      vertex -12.2239 -6.93268 -1.8
    endloop
  endfacet
  facet normal 0 0 -1
    outer loop
      vertex -10.7071 5.95711 -1.8
      vertex -12.1315 7.10556 -1.8
      vertex -12.073 7.18439 -1.8
    endloop
  endfacet
  facet normal 0 0 -1
    outer loop
      vertex -12.3 -6.54999 -1.8
      vertex -12.2239 -6.93268 -1.8
      vertex -12.2569 -6.84027 -1.8
    endloop
  endfacet
  facet normal 0 0 -1
    outer loop
      vertex -10.7071 5.95711 -1.8
      vertex -12.1819 7.02138 -1.8
      vertex -12.1315 7.10556 -1.8
    endloop
  endfacet
  facet normal 0 0 -1
    outer loop
      vertex -12.3 -6.54999 -1.8
      vertex -12.2569 -6.84027 -1.8
      vertex -12.2808 -6.74507 -1.8
    endloop
  endfacet
  facet normal 0 0 -1
    outer loop
      vertex -10.7071 5.95711 -1.8
      vertex -12.2239 6.93268 -1.8
      vertex -12.1819 7.02138 -1.8
    endloop
  endfacet
  facet normal 0 0 -1
    outer loop
      vertex -12.3 -6.54999 -1.8
      vertex -12.2808 -6.74507 -1.8
      vertex -12.2952 -6.64801 -1.8
    endloop
  endfacet
  facet normal 0 0 -1
    outer loop
      vertex -10.7071 5.95711 -1.8
      vertex -12.2569 6.84027 -1.8
      vertex -12.2239 6.93268 -1.8
    endloop
  endfacet
  facet normal 0 0 -1
    outer loop
      vertex -10.7071 5.95711 -1.8
      vertex -12.2808 6.74507 -1.8
      vertex -12.2569 6.84027 -1.8
    endloop
  endfacet
  facet normal 0 0 -1
    outer loop
      vertex -12.2808 6.74507 -1.8
      vertex -12.3 6.54999 -1.8
      vertex -12.2952 6.64801 -1.8
    endloop
  endfacet
  facet normal 0.803034 -0.595934 0
    outer loop
      vertex 12.073 -7.18439 -7.62939e-07
      vertex 12.1315 -7.10556 -1.8
      vertex 12.1315 -7.10556 -7.62939e-07
    endloop
  endfacet
  facet normal 0.803034 -0.595934 0
    outer loop
      vertex 12.1315 -7.10556 -1.8
      vertex 12.073 -7.18439 -7.62939e-07
      vertex 12.073 -7.18439 -1.8
    endloop
  endfacet
  facet normal 0.998803 -0.048911 0
    outer loop
      vertex 12.2952 -6.64801 -7.62939e-07
      vertex 12.3 -6.54999 -1.8
      vertex 12.3 -6.54999 -7.62939e-07
    endloop
  endfacet
  facet normal 0.998803 -0.048911 0
    outer loop
      vertex 12.3 -6.54999 -1.8
      vertex 12.2952 -6.64801 -7.62939e-07
      vertex 12.2952 -6.64801 -1.8
    endloop
  endfacet
  facet normal 0.857978 -0.513686 0
    outer loop
      vertex 12.1315 -7.10556 -7.62939e-07
      vertex 12.1819 -7.02138 -1.8
      vertex 12.1819 -7.02138 -7.62939e-07
    endloop
  endfacet
  facet normal 0.857978 -0.513686 0
    outer loop
      vertex 12.1819 -7.02138 -1.8
      vertex 12.1315 -7.10556 -7.62939e-07
      vertex 12.1315 -7.10556 -1.8
    endloop
  endfacet
  facet normal 0.427455 -0.904036 0
    outer loop
      vertex 11.6827 -7.47386 -1.8
      vertex 11.7714 -7.43192 -7.62939e-07
      vertex 11.6827 -7.47386 -7.62939e-07
    endloop
  endfacet
  facet normal 0.427455 -0.904036 0
    outer loop
      vertex 11.7714 -7.43192 -7.62939e-07
      vertex 11.6827 -7.47386 -1.8
      vertex 11.7714 -7.43192 -1.8
    endloop
  endfacet
  facet normal -0.9038 -0.427955 0
    outer loop
      vertex 10.9239 5.63269 -1.8
      vertex 10.8819 5.72139 -7.62939e-07
      vertex 10.8819 5.72139 -1.8
    endloop
  endfacet
  facet normal -0.9038 -0.427955 0
    outer loop
      vertex 10.8819 5.72139 -7.62939e-07
      vertex 10.9239 5.63269 -1.8
      vertex 10.9239 5.63269 -7.62939e-07
    endloop
  endfacet
  facet normal -0.243015 0.970023 0
    outer loop
      vertex 10.2903 -6.20694 -1.8
      vertex 10.1951 -6.23079 -7.62939e-07
      vertex 10.2903 -6.20694 -7.62939e-07
    endloop
  endfacet
  facet normal -0.243015 0.970023 0
    outer loop
      vertex 10.1951 -6.23079 -7.62939e-07
      vertex 10.2903 -6.20694 -1.8
      vertex 10.1951 -6.23079 -1.8
    endloop
  endfacet
  facet normal 0.146597 0.989196 -0
    outer loop
      vertex -10.098 -6.24518 -1.8
      vertex -10.1951 -6.23079 -7.62939e-07
      vertex -10.098 -6.24518 -7.62939e-07
    endloop
  endfacet
  facet normal 0.146597 0.989196 0
    outer loop
      vertex -10.1951 -6.23079 -7.62939e-07
      vertex -10.098 -6.24518 -1.8
      vertex -10.1951 -6.23079 -1.8
    endloop
  endfacet
  facet normal 0 1 -0
    outer loop
      vertex 10 -6.25 -1.8
      vertex -10 -6.25 -7.62939e-07
      vertex 10 -6.25 -7.62939e-07
    endloop
  endfacet
  facet normal 0 1 0
    outer loop
      vertex -10 -6.25 -7.62939e-07
      vertex 10 -6.25 -1.8
      vertex -10 -6.25 -1.8
    endloop
  endfacet
  facet normal -0.146597 0.989196 0
    outer loop
      vertex 10.1951 -6.23079 -1.8
      vertex 10.098 -6.24518 -7.62939e-07
      vertex 10.1951 -6.23079 -7.62939e-07
    endloop
  endfacet
  facet normal -0.146597 0.989196 0
    outer loop
      vertex 10.098 -6.24518 -7.62939e-07
      vertex 10.1951 -6.23079 -1.8
      vertex 10.098 -6.24518 -1.8
    endloop
  endfacet
  facet normal 0.336969 -0.941516 0
    outer loop
      vertex -10.3827 6.17387 -1.8
      vertex -10.2903 6.20694 -7.62939e-07
      vertex -10.3827 6.17387 -7.62939e-07
    endloop
  endfacet
  facet normal 0.336969 -0.941516 0
    outer loop
      vertex -10.2903 6.20694 -7.62939e-07
      vertex -10.3827 6.17387 -1.8
      vertex -10.2903 6.20694 -1.8
    endloop
  endfacet
  facet normal -0.998803 -0.048911 0
    outer loop
      vertex 11 5.25 -1.8
      vertex 10.9952 5.34802 -7.62939e-07
      vertex 10.9952 5.34802 -1.8
    endloop
  endfacet
  facet normal -0.998803 -0.048911 0
    outer loop
      vertex 10.9952 5.34802 -7.62939e-07
      vertex 11 5.25 -1.8
      vertex 11 5.25 -7.62939e-07
    endloop
  endfacet
  facet normal -0.0491243 0.998793 0
    outer loop
      vertex 10.098 -6.24518 -1.8
      vertex 10 -6.25 -7.62939e-07
      vertex 10.098 -6.24518 -7.62939e-07
    endloop
  endfacet
  facet normal -0.0491243 0.998793 0
    outer loop
      vertex 10 -6.25 -7.62939e-07
      vertex 10.098 -6.24518 -1.8
      vertex 10 -6.25 -1.8
    endloop
  endfacet
  facet normal 0.336969 0.941516 -0
    outer loop
      vertex -10.2903 -6.20694 -1.8
      vertex -10.3827 -6.17387 -7.62939e-07
      vertex -10.2903 -6.20694 -7.62939e-07
    endloop
  endfacet
  facet normal 0.336969 0.941516 0
    outer loop
      vertex -10.3827 -6.17387 -7.62939e-07
      vertex -10.2903 -6.20694 -1.8
      vertex -10.3827 -6.17387 -1.8
    endloop
  endfacet
  facet normal 0.989173 0.146755 0
    outer loop
      vertex -10.9808 -5.44508 -7.62939e-07
      vertex -10.9952 -5.34802 -1.8
      vertex -10.9952 -5.34802 -7.62939e-07
    endloop
  endfacet
  facet normal 0.989173 0.146755 0
    outer loop
      vertex -10.9952 -5.34802 -1.8
      vertex -10.9808 -5.44508 -7.62939e-07
      vertex -10.9808 -5.44508 -1.8
    endloop
  endfacet
  facet normal 0.0491243 -0.998793 0
    outer loop
      vertex -10.098 6.24518 -1.8
      vertex -10 6.25 -7.62939e-07
      vertex -10.098 6.24518 -7.62939e-07
    endloop
  endfacet
  facet normal 0.0491243 -0.998793 0
    outer loop
      vertex -10 6.25 -7.62939e-07
      vertex -10.098 6.24518 -1.8
      vertex -10 6.25 -1.8
    endloop
  endfacet
  facet normal -0.671607 -0.740908 0
    outer loop
      vertex 10.6344 6.02301 -1.8
      vertex 10.7071 5.95711 -7.62939e-07
      vertex 10.6344 6.02301 -7.62939e-07
    endloop
  endfacet
  facet normal -0.671607 -0.740908 -0
    outer loop
      vertex 10.7071 5.95711 -7.62939e-07
      vertex 10.6344 6.02301 -1.8
      vertex 10.7071 5.95711 -1.8
    endloop
  endfacet
  facet normal 0.989173 -0.146755 0
    outer loop
      vertex -10.9952 5.34802 -7.62939e-07
      vertex -10.9808 5.44508 -1.8
      vertex -10.9808 5.44508 -7.62939e-07
    endloop
  endfacet
  facet normal 0.989173 -0.146755 0
    outer loop
      vertex -10.9808 5.44508 -1.8
      vertex -10.9952 5.34802 -7.62939e-07
      vertex -10.9952 5.34802 -1.8
    endloop
  endfacet
  facet normal -1 0 0
    outer loop
      vertex 11 -5.25 -1.8
      vertex 11 5.25 -7.62939e-07
      vertex 11 5.25 -1.8
    endloop
  endfacet
  facet normal -1 -0 0
    outer loop
      vertex 11 5.25 -7.62939e-07
      vertex 11 -5.25 -1.8
      vertex 11 -5.25 -7.62939e-07
    endloop
  endfacet
  facet normal 1 -0 0
    outer loop
      vertex -11 -5.25 -7.62939e-07
      vertex -11 5.25 -1.8
      vertex -11 5.25 -7.62939e-07
    endloop
  endfacet
  facet normal 1 0 0
    outer loop
      vertex -11 5.25 -1.8
      vertex -11 -5.25 -7.62939e-07
      vertex -11 -5.25 -1.8
    endloop
  endfacet
  facet normal -0.427455 -0.904036 0
    outer loop
      vertex 10.3827 6.17387 -1.8
      vertex 10.4714 6.13193 -7.62939e-07
      vertex 10.3827 6.17387 -7.62939e-07
    endloop
  endfacet
  facet normal -0.427455 -0.904036 -0
    outer loop
      vertex 10.4714 6.13193 -7.62939e-07
      vertex 10.3827 6.17387 -1.8
      vertex 10.4714 6.13193 -1.8
    endloop
  endfacet
  facet normal 0.941753 -0.336304 0
    outer loop
      vertex -10.9569 5.54028 -7.62939e-07
      vertex -10.9239 5.63269 -1.8
      vertex -10.9239 5.63269 -7.62939e-07
    endloop
  endfacet
  facet normal 0.941753 -0.336304 0
    outer loop
      vertex -10.9239 5.63269 -1.8
      vertex -10.9569 5.54028 -7.62939e-07
      vertex -10.9569 5.54028 -1.8
    endloop
  endfacet
  facet normal -0.989173 -0.146755 0
    outer loop
      vertex 10.9952 5.34802 -1.8
      vertex 10.9808 5.44508 -7.62939e-07
      vertex 10.9808 5.44508 -1.8
    endloop
  endfacet
  facet normal -0.989173 -0.146755 0
    outer loop
      vertex 10.9808 5.44508 -7.62939e-07
      vertex 10.9952 5.34802 -1.8
      vertex 10.9952 5.34802 -7.62939e-07
    endloop
  endfacet
  facet normal -0.146597 -0.989196 0
    outer loop
      vertex 10.098 6.24518 -1.8
      vertex 10.1951 6.23079 -7.62939e-07
      vertex 10.098 6.24518 -7.62939e-07
    endloop
  endfacet
  facet normal -0.146597 -0.989196 -0
    outer loop
      vertex 10.1951 6.23079 -7.62939e-07
      vertex 10.098 6.24518 -1.8
      vertex 10.1951 6.23079 -1.8
    endloop
  endfacet
  facet normal -0.336969 0.941516 0
    outer loop
      vertex 10.3827 -6.17387 -1.8
      vertex 10.2903 -6.20694 -7.62939e-07
      vertex 10.3827 -6.17387 -7.62939e-07
    endloop
  endfacet
  facet normal -0.336969 0.941516 0
    outer loop
      vertex 10.2903 -6.20694 -7.62939e-07
      vertex 10.3827 -6.17387 -1.8
      vertex 10.2903 -6.20694 -1.8
    endloop
  endfacet
  facet normal 0.514046 -0.857762 0
    outer loop
      vertex -10.5556 6.08147 -1.8
      vertex -10.4714 6.13193 -7.62939e-07
      vertex -10.5556 6.08147 -7.62939e-07
    endloop
  endfacet
  facet normal 0.514046 -0.857762 0
    outer loop
      vertex -10.4714 6.13193 -7.62939e-07
      vertex -10.5556 6.08147 -1.8
      vertex -10.4714 6.13193 -1.8
    endloop
  endfacet
  facet normal 0.243015 0.970023 -0
    outer loop
      vertex -10.1951 -6.23079 -1.8
      vertex -10.2903 -6.20694 -7.62939e-07
      vertex -10.1951 -6.23079 -7.62939e-07
    endloop
  endfacet
  facet normal 0.243015 0.970023 0
    outer loop
      vertex -10.2903 -6.20694 -7.62939e-07
      vertex -10.1951 -6.23079 -1.8
      vertex -10.2903 -6.20694 -1.8
    endloop
  endfacet
  facet normal 0.671607 -0.740908 0
    outer loop
      vertex -10.7071 5.95711 -1.8
      vertex -10.6344 6.02301 -7.62939e-07
      vertex -10.7071 5.95711 -7.62939e-07
    endloop
  endfacet
  facet normal 0.671607 -0.740908 0
    outer loop
      vertex -10.6344 6.02301 -7.62939e-07
      vertex -10.7071 5.95711 -1.8
      vertex -10.6344 6.02301 -1.8
    endloop
  endfacet
  facet normal 0.969902 0.243494 0
    outer loop
      vertex -10.9569 -5.54028 -7.62939e-07
      vertex -10.9808 -5.44508 -1.8
      vertex -10.9808 -5.44508 -7.62939e-07
    endloop
  endfacet
  facet normal 0.969902 0.243494 0
    outer loop
      vertex -10.9808 -5.44508 -1.8
      vertex -10.9569 -5.54028 -7.62939e-07
      vertex -10.9569 -5.54028 -1.8
    endloop
  endfacet
  facet normal 0.595817 -0.80312 0
    outer loop
      vertex -10.6344 6.02301 -1.8
      vertex -10.5556 6.08147 -7.62939e-07
      vertex -10.6344 6.02301 -7.62939e-07
    endloop
  endfacet
  facet normal 0.595817 -0.80312 0
    outer loop
      vertex -10.5556 6.08147 -7.62939e-07
      vertex -10.6344 6.02301 -1.8
      vertex -10.5556 6.08147 -1.8
    endloop
  endfacet
  facet normal 0.514046 0.857762 -0
    outer loop
      vertex -10.4714 -6.13193 -1.8
      vertex -10.5556 -6.08147 -7.62939e-07
      vertex -10.4714 -6.13193 -7.62939e-07
    endloop
  endfacet
  facet normal 0.514046 0.857762 0
    outer loop
      vertex -10.5556 -6.08147 -7.62939e-07
      vertex -10.4714 -6.13193 -1.8
      vertex -10.5556 -6.08147 -1.8
    endloop
  endfacet
  facet normal 0 -1 0
    outer loop
      vertex -10 6.25 -1.8
      vertex 10 6.25 -7.62939e-07
      vertex -10 6.25 -7.62939e-07
    endloop
  endfacet
  facet normal 0 -1 -0
    outer loop
      vertex 10 6.25 -7.62939e-07
      vertex -10 6.25 -1.8
      vertex 10 6.25 -1.8
    endloop
  endfacet
  facet normal 0.969902 -0.243494 0
    outer loop
      vertex -10.9808 5.44508 -7.62939e-07
      vertex -10.9569 5.54028 -1.8
      vertex -10.9569 5.54028 -7.62939e-07
    endloop
  endfacet
  facet normal 0.969902 -0.243494 0
    outer loop
      vertex -10.9569 5.54028 -1.8
      vertex -10.9808 5.44508 -7.62939e-07
      vertex -10.9808 5.44508 -1.8
    endloop
  endfacet
  facet normal 0.243015 -0.970023 0
    outer loop
      vertex -10.2903 6.20694 -1.8
      vertex -10.1951 6.23079 -7.62939e-07
      vertex -10.2903 6.20694 -7.62939e-07
    endloop
  endfacet
  facet normal 0.243015 -0.970023 0
    outer loop
      vertex -10.1951 6.23079 -7.62939e-07
      vertex -10.2903 6.20694 -1.8
      vertex -10.1951 6.23079 -1.8
    endloop
  endfacet
  facet normal 0.998803 -0.048911 0
    outer loop
      vertex -11 5.25 -7.62939e-07
      vertex -10.9952 5.34802 -1.8
      vertex -10.9952 5.34802 -7.62939e-07
    endloop
  endfacet
  facet normal 0.998803 -0.048911 0
    outer loop
      vertex -10.9952 5.34802 -1.8
      vertex -11 5.25 -7.62939e-07
      vertex -11 5.25 -1.8
    endloop
  endfacet
  facet normal 0.146597 -0.989196 0
    outer loop
      vertex -10.1951 6.23079 -1.8
      vertex -10.098 6.24518 -7.62939e-07
      vertex -10.1951 6.23079 -7.62939e-07
    endloop
  endfacet
  facet normal 0.146597 -0.989196 0
    outer loop
      vertex -10.098 6.24518 -7.62939e-07
      vertex -10.1951 6.23079 -1.8
      vertex -10.098 6.24518 -1.8
    endloop
  endfacet
  facet normal 0.941753 0.336304 0
    outer loop
      vertex -10.9239 -5.63269 -7.62939e-07
      vertex -10.9569 -5.54028 -1.8
      vertex -10.9569 -5.54028 -7.62939e-07
    endloop
  endfacet
  facet normal 0.941753 0.336304 0
    outer loop
      vertex -10.9569 -5.54028 -1.8
      vertex -10.9239 -5.63269 -7.62939e-07
      vertex -10.9239 -5.63269 -1.8
    endloop
  endfacet
  facet normal 0.9038 -0.427955 0
    outer loop
      vertex -10.9239 5.63269 -7.62939e-07
      vertex -10.8819 5.72139 -1.8
      vertex -10.8819 5.72139 -7.62939e-07
    endloop
  endfacet
  facet normal 0.9038 -0.427955 0
    outer loop
      vertex -10.8819 5.72139 -1.8
      vertex -10.9239 5.63269 -7.62939e-07
      vertex -10.9239 5.63269 -1.8
    endloop
  endfacet
  facet normal 0.803034 -0.595934 0
    outer loop
      vertex -10.8315 5.80557 -7.62939e-07
      vertex -10.773 5.8844 -1.8
      vertex -10.773 5.8844 -7.62939e-07
    endloop
  endfacet
  facet normal 0.803034 -0.595934 0
    outer loop
      vertex -10.773 5.8844 -1.8
      vertex -10.8315 5.80557 -7.62939e-07
      vertex -10.8315 5.80557 -1.8
    endloop
  endfacet
  facet normal 0.427455 0.904036 -0
    outer loop
      vertex -10.3827 -6.17387 -1.8
      vertex -10.4714 -6.13193 -7.62939e-07
      vertex -10.3827 -6.17387 -7.62939e-07
    endloop
  endfacet
  facet normal 0.427455 0.904036 0
    outer loop
      vertex -10.4714 -6.13193 -7.62939e-07
      vertex -10.3827 -6.17387 -1.8
      vertex -10.4714 -6.13193 -1.8
    endloop
  endfacet
  facet normal -0.857978 -0.513686 0
    outer loop
      vertex 10.8819 5.72139 -1.8
      vertex 10.8315 5.80557 -7.62939e-07
      vertex 10.8315 5.80557 -1.8
    endloop
  endfacet
  facet normal -0.857978 -0.513686 0
    outer loop
      vertex 10.8315 5.80557 -7.62939e-07
      vertex 10.8819 5.72139 -1.8
      vertex 10.8819 5.72139 -7.62939e-07
    endloop
  endfacet
  facet normal -0.803034 -0.595934 0
    outer loop
      vertex 10.8315 5.80557 -1.8
      vertex 10.773 5.8844 -7.62939e-07
      vertex 10.773 5.8844 -1.8
    endloop
  endfacet
  facet normal -0.803034 -0.595934 0
    outer loop
      vertex 10.773 5.8844 -7.62939e-07
      vertex 10.8315 5.80557 -1.8
      vertex 10.8315 5.80557 -7.62939e-07
    endloop
  endfacet
  facet normal -0.243015 -0.970023 0
    outer loop
      vertex 10.1951 6.23079 -1.8
      vertex 10.2903 6.20694 -7.62939e-07
      vertex 10.1951 6.23079 -7.62939e-07
    endloop
  endfacet
  facet normal -0.243015 -0.970023 -0
    outer loop
      vertex 10.2903 6.20694 -7.62939e-07
      vertex 10.1951 6.23079 -1.8
      vertex 10.2903 6.20694 -1.8
    endloop
  endfacet
  facet normal -0.0491243 -0.998793 0
    outer loop
      vertex 10 6.25 -1.8
      vertex 10.098 6.24518 -7.62939e-07
      vertex 10 6.25 -7.62939e-07
    endloop
  endfacet
  facet normal -0.0491243 -0.998793 -0
    outer loop
      vertex 10.098 6.24518 -7.62939e-07
      vertex 10 6.25 -1.8
      vertex 10.098 6.24518 -1.8
    endloop
  endfacet
  facet normal -0.969902 -0.243494 0
    outer loop
      vertex 10.9808 5.44508 -1.8
      vertex 10.9569 5.54028 -7.62939e-07
      vertex 10.9569 5.54028 -1.8
    endloop
  endfacet
  facet normal -0.969902 -0.243494 0
    outer loop
      vertex 10.9569 5.54028 -7.62939e-07
      vertex 10.9808 5.44508 -1.8
      vertex 10.9808 5.44508 -7.62939e-07
    endloop
  endfacet
  facet normal -0.595817 -0.80312 0
    outer loop
      vertex 10.5556 6.08147 -1.8
      vertex 10.6344 6.02301 -7.62939e-07
      vertex 10.5556 6.08147 -7.62939e-07
    endloop
  endfacet
  facet normal -0.595817 -0.80312 -0
    outer loop
      vertex 10.6344 6.02301 -7.62939e-07
      vertex 10.5556 6.08147 -1.8
      vertex 10.6344 6.02301 -1.8
    endloop
  endfacet
  facet normal 0.671607 0.740908 -0
    outer loop
      vertex -10.6344 -6.02301 -1.8
      vertex -10.7071 -5.95711 -7.62939e-07
      vertex -10.6344 -6.02301 -7.62939e-07
    endloop
  endfacet
  facet normal 0.671607 0.740908 0
    outer loop
      vertex -10.7071 -5.95711 -7.62939e-07
      vertex -10.6344 -6.02301 -1.8
      vertex -10.7071 -5.95711 -1.8
    endloop
  endfacet
  facet normal -0.969902 0.243494 0
    outer loop
      vertex 10.9569 -5.54028 -1.8
      vertex 10.9808 -5.44508 -7.62939e-07
      vertex 10.9808 -5.44508 -1.8
    endloop
  endfacet
  facet normal -0.969902 0.243494 0
    outer loop
      vertex 10.9808 -5.44508 -7.62939e-07
      vertex 10.9569 -5.54028 -1.8
      vertex 10.9569 -5.54028 -7.62939e-07
    endloop
  endfacet
  facet normal -0.514046 0.857762 0
    outer loop
      vertex 10.5556 -6.08147 -1.8
      vertex 10.4714 -6.13193 -7.62939e-07
      vertex 10.5556 -6.08147 -7.62939e-07
    endloop
  endfacet
  facet normal -0.514046 0.857762 0
    outer loop
      vertex 10.4714 -6.13193 -7.62939e-07
      vertex 10.5556 -6.08147 -1.8
      vertex 10.4714 -6.13193 -1.8
    endloop
  endfacet
  facet normal -0.671607 0.740908 0
    outer loop
      vertex 10.7071 -5.95711 -1.8
      vertex 10.6344 -6.02301 -7.62939e-07
      vertex 10.7071 -5.95711 -7.62939e-07
    endloop
  endfacet
  facet normal -0.671607 0.740908 0
    outer loop
      vertex 10.6344 -6.02301 -7.62939e-07
      vertex 10.7071 -5.95711 -1.8
      vertex 10.6344 -6.02301 -1.8
    endloop
  endfacet
  facet normal -0.514046 -0.857762 0
    outer loop
      vertex 10.4714 6.13193 -1.8
      vertex 10.5556 6.08147 -7.62939e-07
      vertex 10.4714 6.13193 -7.62939e-07
    endloop
  endfacet
  facet normal -0.514046 -0.857762 -0
    outer loop
      vertex 10.5556 6.08147 -7.62939e-07
      vertex 10.4714 6.13193 -1.8
      vertex 10.5556 6.08147 -1.8
    endloop
  endfacet
  facet normal 0.427455 -0.904036 0
    outer loop
      vertex -10.4714 6.13193 -1.8
      vertex -10.3827 6.17387 -7.62939e-07
      vertex -10.4714 6.13193 -7.62939e-07
    endloop
  endfacet
  facet normal 0.427455 -0.904036 0
    outer loop
      vertex -10.3827 6.17387 -7.62939e-07
      vertex -10.4714 6.13193 -1.8
      vertex -10.3827 6.17387 -1.8
    endloop
  endfacet
  facet normal -0.595817 0.80312 0
    outer loop
      vertex 10.6344 -6.02301 -1.8
      vertex 10.5556 -6.08147 -7.62939e-07
      vertex 10.6344 -6.02301 -7.62939e-07
    endloop
  endfacet
  facet normal -0.595817 0.80312 0
    outer loop
      vertex 10.5556 -6.08147 -7.62939e-07
      vertex 10.6344 -6.02301 -1.8
      vertex 10.5556 -6.08147 -1.8
    endloop
  endfacet
  facet normal 0.857978 -0.513686 0
    outer loop
      vertex -10.8819 5.72139 -7.62939e-07
      vertex -10.8315 5.80557 -1.8
      vertex -10.8315 5.80557 -7.62939e-07
    endloop
  endfacet
  facet normal 0.857978 -0.513686 0
    outer loop
      vertex -10.8315 5.80557 -1.8
      vertex -10.8819 5.72139 -7.62939e-07
      vertex -10.8819 5.72139 -1.8
    endloop
  endfacet
  facet normal -0.336969 -0.941516 0
    outer loop
      vertex 10.2903 6.20694 -1.8
      vertex 10.3827 6.17387 -7.62939e-07
      vertex 10.2903 6.20694 -7.62939e-07
    endloop
  endfacet
  facet normal -0.336969 -0.941516 -0
    outer loop
      vertex 10.3827 6.17387 -7.62939e-07
      vertex 10.2903 6.20694 -1.8
      vertex 10.3827 6.17387 -1.8
    endloop
  endfacet
  facet normal 0.0491243 0.998793 -0
    outer loop
      vertex -10 -6.25 -1.8
      vertex -10.098 -6.24518 -7.62939e-07
      vertex -10 -6.25 -7.62939e-07
    endloop
  endfacet
  facet normal 0.0491243 0.998793 0
    outer loop
      vertex -10.098 -6.24518 -7.62939e-07
      vertex -10 -6.25 -1.8
      vertex -10.098 -6.24518 -1.8
    endloop
  endfacet
  facet normal 0.9038 0.427955 0
    outer loop
      vertex -10.8819 -5.72139 -7.62939e-07
      vertex -10.9239 -5.63269 -1.8
      vertex -10.9239 -5.63269 -7.62939e-07
    endloop
  endfacet
  facet normal 0.9038 0.427955 0
    outer loop
      vertex -10.9239 -5.63269 -1.8
      vertex -10.8819 -5.72139 -7.62939e-07
      vertex -10.8819 -5.72139 -1.8
    endloop
  endfacet
  facet normal 0.998803 0.048911 0
    outer loop
      vertex -10.9952 -5.34802 -7.62939e-07
      vertex -11 -5.25 -1.8
      vertex -11 -5.25 -7.62939e-07
    endloop
  endfacet
  facet normal 0.998803 0.048911 0
    outer loop
      vertex -11 -5.25 -1.8
      vertex -10.9952 -5.34802 -7.62939e-07
      vertex -10.9952 -5.34802 -1.8
    endloop
  endfacet
  facet normal 0.857978 0.513686 0
    outer loop
      vertex -10.8315 -5.80557 -7.62939e-07
      vertex -10.8819 -5.72139 -1.8
      vertex -10.8819 -5.72139 -7.62939e-07
    endloop
  endfacet
  facet normal 0.857978 0.513686 0
    outer loop
      vertex -10.8819 -5.72139 -1.8
      vertex -10.8315 -5.80557 -7.62939e-07
      vertex -10.8315 -5.80557 -1.8
    endloop
  endfacet
  facet normal 0.803034 0.595934 0
    outer loop
      vertex -10.773 -5.8844 -7.62939e-07
      vertex -10.8315 -5.80557 -1.8
      vertex -10.8315 -5.80557 -7.62939e-07
    endloop
  endfacet
  facet normal 0.803034 0.595934 0
    outer loop
      vertex -10.8315 -5.80557 -1.8
      vertex -10.773 -5.8844 -7.62939e-07
      vertex -10.773 -5.8844 -1.8
    endloop
  endfacet
  facet normal 0.740954 -0.671556 0
    outer loop
      vertex -10.773 5.8844 -7.62939e-07
      vertex -10.7071 5.95711 -1.8
      vertex -10.7071 5.95711 -7.62939e-07
    endloop
  endfacet
  facet normal 0.740954 -0.671556 0
    outer loop
      vertex -10.7071 5.95711 -1.8
      vertex -10.773 5.8844 -7.62939e-07
      vertex -10.773 5.8844 -1.8
    endloop
  endfacet
  facet normal 0.595817 0.80312 -0
    outer loop
      vertex -10.5556 -6.08147 -1.8
      vertex -10.6344 -6.02301 -7.62939e-07
      vertex -10.5556 -6.08147 -7.62939e-07
    endloop
  endfacet
  facet normal 0.595817 0.80312 0
    outer loop
      vertex -10.6344 -6.02301 -7.62939e-07
      vertex -10.5556 -6.08147 -1.8
      vertex -10.6344 -6.02301 -1.8
    endloop
  endfacet
  facet normal 0.740954 0.671556 0
    outer loop
      vertex -10.7071 -5.95711 -7.62939e-07
      vertex -10.773 -5.8844 -1.8
      vertex -10.773 -5.8844 -7.62939e-07
    endloop
  endfacet
  facet normal 0.740954 0.671556 0
    outer loop
      vertex -10.773 -5.8844 -1.8
      vertex -10.7071 -5.95711 -7.62939e-07
      vertex -10.7071 -5.95711 -1.8
    endloop
  endfacet
  facet normal -0.740954 -0.671556 0
    outer loop
      vertex 10.773 5.8844 -1.8
      vertex 10.7071 5.95711 -7.62939e-07
      vertex 10.7071 5.95711 -1.8
    endloop
  endfacet
  facet normal -0.740954 -0.671556 0
    outer loop
      vertex 10.7071 5.95711 -7.62939e-07
      vertex 10.773 5.8844 -1.8
      vertex 10.773 5.8844 -7.62939e-07
    endloop
  endfacet
  facet normal -0.941753 0.336304 0
    outer loop
      vertex 10.9239 -5.63269 -1.8
      vertex 10.9569 -5.54028 -7.62939e-07
      vertex 10.9569 -5.54028 -1.8
    endloop
  endfacet
  facet normal -0.941753 0.336304 0
    outer loop
      vertex 10.9569 -5.54028 -7.62939e-07
      vertex 10.9239 -5.63269 -1.8
      vertex 10.9239 -5.63269 -7.62939e-07
    endloop
  endfacet
  facet normal -0.857978 0.513686 0
    outer loop
      vertex 10.8315 -5.80557 -1.8
      vertex 10.8819 -5.72139 -7.62939e-07
      vertex 10.8819 -5.72139 -1.8
    endloop
  endfacet
  facet normal -0.857978 0.513686 0
    outer loop
      vertex 10.8819 -5.72139 -7.62939e-07
      vertex 10.8315 -5.80557 -1.8
      vertex 10.8315 -5.80557 -7.62939e-07
    endloop
  endfacet
  facet normal -0.9038 0.427955 0
    outer loop
      vertex 10.8819 -5.72139 -1.8
      vertex 10.9239 -5.63269 -7.62939e-07
      vertex 10.9239 -5.63269 -1.8
    endloop
  endfacet
  facet normal -0.9038 0.427955 0
    outer loop
      vertex 10.9239 -5.63269 -7.62939e-07
      vertex 10.8819 -5.72139 -1.8
      vertex 10.8819 -5.72139 -7.62939e-07
    endloop
  endfacet
  facet normal -0.941753 -0.336304 0
    outer loop
      vertex 10.9569 5.54028 -1.8
      vertex 10.9239 5.63269 -7.62939e-07
      vertex 10.9239 5.63269 -1.8
    endloop
  endfacet
  facet normal -0.941753 -0.336304 0
    outer loop
      vertex 10.9239 5.63269 -7.62939e-07
      vertex 10.9569 5.54028 -1.8
      vertex 10.9569 5.54028 -7.62939e-07
    endloop
  endfacet
  facet normal -0.740954 0.671556 0
    outer loop
      vertex 10.7071 -5.95711 -1.8
      vertex 10.773 -5.8844 -7.62939e-07
      vertex 10.773 -5.8844 -1.8
    endloop
  endfacet
  facet normal -0.740954 0.671556 0
    outer loop
      vertex 10.773 -5.8844 -7.62939e-07
      vertex 10.7071 -5.95711 -1.8
      vertex 10.7071 -5.95711 -7.62939e-07
    endloop
  endfacet
  facet normal -0.803034 0.595934 0
    outer loop
      vertex 10.773 -5.8844 -1.8
      vertex 10.8315 -5.80557 -7.62939e-07
      vertex 10.8315 -5.80557 -1.8
    endloop
  endfacet
  facet normal -0.803034 0.595934 0
    outer loop
      vertex 10.8315 -5.80557 -7.62939e-07
      vertex 10.773 -5.8844 -1.8
      vertex 10.773 -5.8844 -7.62939e-07
    endloop
  endfacet
  facet normal -0.998803 0.048911 0
    outer loop
      vertex 10.9952 -5.34802 -1.8
      vertex 11 -5.25 -7.62939e-07
      vertex 11 -5.25 -1.8
    endloop
  endfacet
  facet normal -0.998803 0.048911 0
    outer loop
      vertex 11 -5.25 -7.62939e-07
      vertex 10.9952 -5.34802 -1.8
      vertex 10.9952 -5.34802 -7.62939e-07
    endloop
  endfacet
  facet normal -0.989173 0.146755 0
    outer loop
      vertex 10.9808 -5.44508 -1.8
      vertex 10.9952 -5.34802 -7.62939e-07
      vertex 10.9952 -5.34802 -1.8
    endloop
  endfacet
  facet normal -0.989173 0.146755 0
    outer loop
      vertex 10.9952 -5.34802 -7.62939e-07
      vertex 10.9808 -5.44508 -1.8
      vertex 10.9808 -5.44508 -7.62939e-07
    endloop
  endfacet
  facet normal -0.427455 0.904036 0
    outer loop
      vertex 10.4714 -6.13193 -1.8
      vertex 10.3827 -6.17387 -7.62939e-07
      vertex 10.4714 -6.13193 -7.62939e-07
    endloop
  endfacet
  facet normal -0.427455 0.904036 0
    outer loop
      vertex 10.3827 -6.17387 -7.62939e-07
      vertex 10.4714 -6.13193 -1.8
      vertex 10.3827 -6.17387 -1.8
    endloop
  endfacet
  facet normal 0.514246 -0.857643 0
    outer loop
      vertex 15.4142 -13.6458 0
      vertex 15.6667 -13.4944 1.6
      vertex 15.4142 -13.6458 1.6
    endloop
  endfacet
  facet normal 0.514246 -0.857643 0
    outer loop
      vertex 15.6667 -13.4944 1.6
      vertex 15.4142 -13.6458 0
      vertex 15.6667 -13.4944 0
    endloop
  endfacet
  facet normal -0.989224 -0.146413 0
    outer loop
      vertex -16.9424 -11.5853 0
      vertex -16.9855 -11.2941 1.6
      vertex -16.9855 -11.2941 0
    endloop
  endfacet
  facet normal -0.989224 -0.146413 0
    outer loop
      vertex -16.9855 -11.2941 1.6
      vertex -16.9424 -11.5853 0
      vertex -16.9424 -11.5853 1.6
    endloop
  endfacet
  facet normal 0.4274 0.904063 -0
    outer loop
      vertex 15.4142 13.6458 0
      vertex 15.1481 13.7716 1.6
      vertex 15.4142 13.6458 1.6
    endloop
  endfacet
  facet normal 0.4274 0.904063 0
    outer loop
      vertex 15.1481 13.7716 1.6
      vertex 15.4142 13.6458 0
      vertex 15.1481 13.7716 0
    endloop
  endfacet
  facet normal -0.0492431 -0.998787 0
    outer loop
      vertex -14.2941 -13.9855 0
      vertex -14 -14 1.6
      vertex -14.2941 -13.9855 1.6
    endloop
  endfacet
  facet normal -0.0492431 -0.998787 -0
    outer loop
      vertex -14 -14 1.6
      vertex -14.2941 -13.9855 0
      vertex -14 -14 0
    endloop
  endfacet
  facet normal 0.336831 -0.941565 0
    outer loop
      vertex 14.8708 -13.8708 0
      vertex 15.1481 -13.7716 1.6
      vertex 14.8708 -13.8708 1.6
    endloop
  endfacet
  facet normal 0.336831 -0.941565 0
    outer loop
      vertex 15.1481 -13.7716 1.6
      vertex 14.8708 -13.8708 0
      vertex 15.1481 -13.7716 0
    endloop
  endfacet
  facet normal 0.4274 -0.904063 0
    outer loop
      vertex 15.1481 -13.7716 0
      vertex 15.4142 -13.6458 1.6
      vertex 15.1481 -13.7716 1.6
    endloop
  endfacet
  facet normal 0.4274 -0.904063 0
    outer loop
      vertex 15.4142 -13.6458 1.6
      vertex 15.1481 -13.7716 0
      vertex 15.4142 -13.6458 0
    endloop
  endfacet
  facet normal -0.4274 0.904063 0
    outer loop
      vertex -15.1481 13.7716 0
      vertex -15.4142 13.6458 1.6
      vertex -15.1481 13.7716 1.6
    endloop
  endfacet
  facet normal -0.4274 0.904063 0
    outer loop
      vertex -15.4142 13.6458 1.6
      vertex -15.1481 13.7716 0
      vertex -15.4142 13.6458 0
    endloop
  endfacet
  facet normal 0.243255 0.969962 -0
    outer loop
      vertex 14.8708 13.8708 0
      vertex 14.5853 13.9424 1.6
      vertex 14.8708 13.8708 1.6
    endloop
  endfacet
  facet normal 0.243255 0.969962 0
    outer loop
      vertex 14.5853 13.9424 1.6
      vertex 14.8708 13.8708 0
      vertex 14.5853 13.9424 0
    endloop
  endfacet
  facet normal -0.146413 0.989224 0
    outer loop
      vertex -14.2941 13.9855 0
      vertex -14.5853 13.9424 1.6
      vertex -14.2941 13.9855 1.6
    endloop
  endfacet
  facet normal -0.146413 0.989224 0
    outer loop
      vertex -14.5853 13.9424 1.6
      vertex -14.2941 13.9855 0
      vertex -14.5853 13.9424 0
    endloop
  endfacet
  facet normal -0.989224 0.146413 0
    outer loop
      vertex -16.9855 11.2941 0
      vertex -16.9424 11.5853 1.6
      vertex -16.9424 11.5853 0
    endloop
  endfacet
  facet normal -0.989224 0.146413 0
    outer loop
      vertex -16.9424 11.5853 1.6
      vertex -16.9855 11.2941 0
      vertex -16.9855 11.2941 1.6
    endloop
  endfacet
  facet normal 0.740908 0.671607 0
    outer loop
      vertex 16.319 12.9032 1.6
      vertex 16.1213 13.1213 0
      vertex 16.1213 13.1213 1.6
    endloop
  endfacet
  facet normal 0.740908 0.671607 0
    outer loop
      vertex 16.1213 13.1213 0
      vertex 16.319 12.9032 1.6
      vertex 16.319 12.9032 0
    endloop
  endfacet
  facet normal 0.904063 -0.4274 0
    outer loop
      vertex 16.6458 -12.4142 1.6
      vertex 16.7716 -12.1481 0
      vertex 16.7716 -12.1481 1.6
    endloop
  endfacet
  facet normal 0.904063 -0.4274 0
    outer loop
      vertex 16.7716 -12.1481 0
      vertex 16.6458 -12.4142 1.6
      vertex 16.6458 -12.4142 0
    endloop
  endfacet
  facet normal -0.969962 0.243255 0
    outer loop
      vertex -16.9424 11.5853 0
      vertex -16.8708 11.8708 1.6
      vertex -16.8708 11.8708 0
    endloop
  endfacet
  facet normal -0.969962 0.243255 0
    outer loop
      vertex -16.8708 11.8708 1.6
      vertex -16.9424 11.5853 0
      vertex -16.9424 11.5853 1.6
    endloop
  endfacet
  facet normal -1 0 0
    outer loop
      vertex -17 -11 0
      vertex -17 11 1.6
      vertex -17 11 0
    endloop
  endfacet
  facet normal -1 -0 0
    outer loop
      vertex -17 11 1.6
      vertex -17 -11 0
      vertex -17 -11 1.6
    endloop
  endfacet
  facet normal -0.671607 0.740908 0
    outer loop
      vertex -15.9032 13.319 0
      vertex -16.1213 13.1213 1.6
      vertex -15.9032 13.319 1.6
    endloop
  endfacet
  facet normal -0.671607 0.740908 0
    outer loop
      vertex -16.1213 13.1213 1.6
      vertex -15.9032 13.319 0
      vertex -16.1213 13.1213 0
    endloop
  endfacet
  facet normal 0 -1 0
    outer loop
      vertex -14 -14 0
      vertex 14 -14 1.6
      vertex -14 -14 1.6
    endloop
  endfacet
  facet normal 0 -1 -0
    outer loop
      vertex 14 -14 1.6
      vertex -14 -14 0
      vertex 14 -14 0
    endloop
  endfacet
  facet normal -0.803208 -0.595699 0
    outer loop
      vertex -16.319 -12.9032 0
      vertex -16.4944 -12.6667 1.6
      vertex -16.4944 -12.6667 0
    endloop
  endfacet
  facet normal -0.803208 -0.595699 0
    outer loop
      vertex -16.4944 -12.6667 1.6
      vertex -16.319 -12.9032 0
      vertex -16.319 -12.9032 1.6
    endloop
  endfacet
  facet normal 0.998787 -0.0492431 0
    outer loop
      vertex 16.9855 -11.2941 1.6
      vertex 17 -11 0
      vertex 17 -11 1.6
    endloop
  endfacet
  facet normal 0.998787 -0.0492431 0
    outer loop
      vertex 17 -11 0
      vertex 16.9855 -11.2941 1.6
      vertex 16.9855 -11.2941 0
    endloop
  endfacet
  facet normal 0.243255 -0.969962 0
    outer loop
      vertex 14.5853 -13.9424 0
      vertex 14.8708 -13.8708 1.6
      vertex 14.5853 -13.9424 1.6
    endloop
  endfacet
  facet normal 0.243255 -0.969962 0
    outer loop
      vertex 14.8708 -13.8708 1.6
      vertex 14.5853 -13.9424 0
      vertex 14.8708 -13.8708 0
    endloop
  endfacet
  facet normal 0.146413 -0.989224 0
    outer loop
      vertex 14.2941 -13.9855 0
      vertex 14.5853 -13.9424 1.6
      vertex 14.2941 -13.9855 1.6
    endloop
  endfacet
  facet normal 0.146413 -0.989224 0
    outer loop
      vertex 14.5853 -13.9424 1.6
      vertex 14.2941 -13.9855 0
      vertex 14.5853 -13.9424 0
    endloop
  endfacet
  facet normal 0.0492431 -0.998787 0
    outer loop
      vertex 14 -14 0
      vertex 14.2941 -13.9855 1.6
      vertex 14 -14 1.6
    endloop
  endfacet
  facet normal 0.0492431 -0.998787 0
    outer loop
      vertex 14.2941 -13.9855 1.6
      vertex 14 -14 0
      vertex 14.2941 -13.9855 0
    endloop
  endfacet
  facet normal -0.671607 -0.740908 0
    outer loop
      vertex -16.1213 -13.1213 0
      vertex -15.9032 -13.319 1.6
      vertex -16.1213 -13.1213 1.6
    endloop
  endfacet
  facet normal -0.671607 -0.740908 -0
    outer loop
      vertex -15.9032 -13.319 1.6
      vertex -16.1213 -13.1213 0
      vertex -15.9032 -13.319 0
    endloop
  endfacet
  facet normal -0.857643 0.514246 0
    outer loop
      vertex -16.6458 12.4142 0
      vertex -16.4944 12.6667 1.6
      vertex -16.4944 12.6667 0
    endloop
  endfacet
  facet normal -0.857643 0.514246 0
    outer loop
      vertex -16.4944 12.6667 1.6
      vertex -16.6458 12.4142 0
      vertex -16.6458 12.4142 1.6
    endloop
  endfacet
  facet normal -0.336831 -0.941565 0
    outer loop
      vertex -15.1481 -13.7716 0
      vertex -14.8708 -13.8708 1.6
      vertex -15.1481 -13.7716 1.6
    endloop
  endfacet
  facet normal -0.336831 -0.941565 -0
    outer loop
      vertex -14.8708 -13.8708 1.6
      vertex -15.1481 -13.7716 0
      vertex -14.8708 -13.8708 0
    endloop
  endfacet
  facet normal 0.969962 0.243255 0
    outer loop
      vertex 16.9424 11.5853 1.6
      vertex 16.8708 11.8708 0
      vertex 16.8708 11.8708 1.6
    endloop
  endfacet
  facet normal 0.969962 0.243255 0
    outer loop
      vertex 16.8708 11.8708 0
      vertex 16.9424 11.5853 1.6
      vertex 16.9424 11.5853 0
    endloop
  endfacet
  facet normal -0.904063 -0.4274 0
    outer loop
      vertex -16.6458 -12.4142 0
      vertex -16.7716 -12.1481 1.6
      vertex -16.7716 -12.1481 0
    endloop
  endfacet
  facet normal -0.904063 -0.4274 0
    outer loop
      vertex -16.7716 -12.1481 1.6
      vertex -16.6458 -12.4142 0
      vertex -16.6458 -12.4142 1.6
    endloop
  endfacet
  facet normal -0.514246 0.857643 0
    outer loop
      vertex -15.4142 13.6458 0
      vertex -15.6667 13.4944 1.6
      vertex -15.4142 13.6458 1.6
    endloop
  endfacet
  facet normal -0.514246 0.857643 0
    outer loop
      vertex -15.6667 13.4944 1.6
      vertex -15.4142 13.6458 0
      vertex -15.6667 13.4944 0
    endloop
  endfacet
  facet normal 0.998787 0.0492431 0
    outer loop
      vertex 17 11 1.6
      vertex 16.9855 11.2941 0
      vertex 16.9855 11.2941 1.6
    endloop
  endfacet
  facet normal 0.998787 0.0492431 0
    outer loop
      vertex 16.9855 11.2941 0
      vertex 17 11 1.6
      vertex 17 11 0
    endloop
  endfacet
  facet normal -0.969962 -0.243255 0
    outer loop
      vertex -16.8708 -11.8708 0
      vertex -16.9424 -11.5853 1.6
      vertex -16.9424 -11.5853 0
    endloop
  endfacet
  facet normal -0.969962 -0.243255 0
    outer loop
      vertex -16.9424 -11.5853 1.6
      vertex -16.8708 -11.8708 0
      vertex -16.8708 -11.8708 1.6
    endloop
  endfacet
  facet normal -0.941565 -0.336831 0
    outer loop
      vertex -16.7716 -12.1481 0
      vertex -16.8708 -11.8708 1.6
      vertex -16.8708 -11.8708 0
    endloop
  endfacet
  facet normal -0.941565 -0.336831 0
    outer loop
      vertex -16.8708 -11.8708 1.6
      vertex -16.7716 -12.1481 0
      vertex -16.7716 -12.1481 1.6
    endloop
  endfacet
  facet normal -0.595699 0.803208 0
    outer loop
      vertex -15.6667 13.4944 0
      vertex -15.9032 13.319 1.6
      vertex -15.6667 13.4944 1.6
    endloop
  endfacet
  facet normal -0.595699 0.803208 0
    outer loop
      vertex -15.9032 13.319 1.6
      vertex -15.6667 13.4944 0
      vertex -15.9032 13.319 0
    endloop
  endfacet
  facet normal -0.4274 -0.904063 0
    outer loop
      vertex -15.4142 -13.6458 0
      vertex -15.1481 -13.7716 1.6
      vertex -15.4142 -13.6458 1.6
    endloop
  endfacet
  facet normal -0.4274 -0.904063 -0
    outer loop
      vertex -15.1481 -13.7716 1.6
      vertex -15.4142 -13.6458 0
      vertex -15.1481 -13.7716 0
    endloop
  endfacet
  facet normal -0.998787 0.0492431 0
    outer loop
      vertex -17 11 0
      vertex -16.9855 11.2941 1.6
      vertex -16.9855 11.2941 0
    endloop
  endfacet
  facet normal -0.998787 0.0492431 0
    outer loop
      vertex -16.9855 11.2941 1.6
      vertex -17 11 0
      vertex -17 11 1.6
    endloop
  endfacet
  facet normal 0.941565 -0.336831 0
    outer loop
      vertex 16.7716 -12.1481 1.6
      vertex 16.8708 -11.8708 0
      vertex 16.8708 -11.8708 1.6
    endloop
  endfacet
  facet normal 0.941565 -0.336831 0
    outer loop
      vertex 16.8708 -11.8708 0
      vertex 16.7716 -12.1481 1.6
      vertex 16.7716 -12.1481 0
    endloop
  endfacet
  facet normal 0.595699 0.803208 -0
    outer loop
      vertex 15.9032 13.319 0
      vertex 15.6667 13.4944 1.6
      vertex 15.9032 13.319 1.6
    endloop
  endfacet
  facet normal 0.595699 0.803208 0
    outer loop
      vertex 15.6667 13.4944 1.6
      vertex 15.9032 13.319 0
      vertex 15.6667 13.4944 0
    endloop
  endfacet
  facet normal -0.243255 -0.969962 0
    outer loop
      vertex -14.8708 -13.8708 0
      vertex -14.5853 -13.9424 1.6
      vertex -14.8708 -13.8708 1.6
    endloop
  endfacet
  facet normal -0.243255 -0.969962 -0
    outer loop
      vertex -14.5853 -13.9424 1.6
      vertex -14.8708 -13.8708 0
      vertex -14.5853 -13.9424 0
    endloop
  endfacet
  facet normal 0 1 -0
    outer loop
      vertex 14 14 0
      vertex -14 14 1.6
      vertex 14 14 1.6
    endloop
  endfacet
  facet normal 0 1 0
    outer loop
      vertex -14 14 1.6
      vertex 14 14 0
      vertex -14 14 0
    endloop
  endfacet
  facet normal 0 0 1
    outer loop
      vertex 14 14 1.6
      vertex 17 11 1.6
      vertex 16.9855 11.2941 1.6
    endloop
  endfacet
  facet normal 0 0 1
    outer loop
      vertex 17 11 1.6
      vertex 14 14 1.6
      vertex 17 -11 1.6
    endloop
  endfacet
  facet normal 0 0 1
    outer loop
      vertex 14 14 1.6
      vertex 16.9855 11.2941 1.6
      vertex 16.9424 11.5853 1.6
    endloop
  endfacet
  facet normal 0 0 1
    outer loop
      vertex 14 -14 1.6
      vertex 17 -11 1.6
      vertex 14 14 1.6
    endloop
  endfacet
  facet normal 0 0 1
    outer loop
      vertex 14 14 1.6
      vertex 16.9424 11.5853 1.6
      vertex 16.8708 11.8708 1.6
    endloop
  endfacet
  facet normal 0 0 1
    outer loop
      vertex 17 -11 1.6
      vertex 14 -14 1.6
      vertex 16.9855 -11.2941 1.6
    endloop
  endfacet
  facet normal 0 0 1
    outer loop
      vertex 14 14 1.6
      vertex 16.8708 11.8708 1.6
      vertex 16.7716 12.1481 1.6
    endloop
  endfacet
  facet normal 0 0 1
    outer loop
      vertex 16.9855 -11.2941 1.6
      vertex 14 -14 1.6
      vertex 16.9424 -11.5853 1.6
    endloop
  endfacet
  facet normal 0 0 1
    outer loop
      vertex 14 14 1.6
      vertex 16.7716 12.1481 1.6
      vertex 16.6458 12.4142 1.6
    endloop
  endfacet
  facet normal 0 0 1
    outer loop
      vertex 16.9424 -11.5853 1.6
      vertex 14 -14 1.6
      vertex 16.8708 -11.8708 1.6
    endloop
  endfacet
  facet normal 0 0 1
    outer loop
      vertex 14 14 1.6
      vertex 16.6458 12.4142 1.6
      vertex 16.4944 12.6667 1.6
    endloop
  endfacet
  facet normal 0 0 1
    outer loop
      vertex 16.8708 -11.8708 1.6
      vertex 14 -14 1.6
      vertex 16.7716 -12.1481 1.6
    endloop
  endfacet
  facet normal 0 0 1
    outer loop
      vertex 14 14 1.6
      vertex 16.4944 12.6667 1.6
      vertex 16.319 12.9032 1.6
    endloop
  endfacet
  facet normal 0 0 1
    outer loop
      vertex 16.7716 -12.1481 1.6
      vertex 14 -14 1.6
      vertex 16.6458 -12.4142 1.6
    endloop
  endfacet
  facet normal 0 0 1
    outer loop
      vertex 14 14 1.6
      vertex 16.319 12.9032 1.6
      vertex 16.1213 13.1213 1.6
    endloop
  endfacet
  facet normal 0 0 1
    outer loop
      vertex 16.6458 -12.4142 1.6
      vertex 14 -14 1.6
      vertex 16.4944 -12.6667 1.6
    endloop
  endfacet
  facet normal 0 0 1
    outer loop
      vertex 14 14 1.6
      vertex 16.1213 13.1213 1.6
      vertex 15.9032 13.319 1.6
    endloop
  endfacet
  facet normal 0 0 1
    outer loop
      vertex 16.4944 -12.6667 1.6
      vertex 14 -14 1.6
      vertex 16.319 -12.9032 1.6
    endloop
  endfacet
  facet normal 0 0 1
    outer loop
      vertex 14 14 1.6
      vertex 15.9032 13.319 1.6
      vertex 15.6667 13.4944 1.6
    endloop
  endfacet
  facet normal 0 0 1
    outer loop
      vertex 16.319 -12.9032 1.6
      vertex 14 -14 1.6
      vertex 16.1213 -13.1213 1.6
    endloop
  endfacet
  facet normal 0 0 1
    outer loop
      vertex 14 14 1.6
      vertex 15.6667 13.4944 1.6
      vertex 15.4142 13.6458 1.6
    endloop
  endfacet
  facet normal 0 0 1
    outer loop
      vertex 16.1213 -13.1213 1.6
      vertex 14 -14 1.6
      vertex 15.9032 -13.319 1.6
    endloop
  endfacet
  facet normal 0 0 1
    outer loop
      vertex 14 14 1.6
      vertex 15.4142 13.6458 1.6
      vertex 15.1481 13.7716 1.6
    endloop
  endfacet
  facet normal 0 0 1
    outer loop
      vertex 15.9032 -13.319 1.6
      vertex 14 -14 1.6
      vertex 15.6667 -13.4944 1.6
    endloop
  endfacet
  facet normal 0 0 1
    outer loop
      vertex 14 14 1.6
      vertex 15.1481 13.7716 1.6
      vertex 14.8708 13.8708 1.6
    endloop
  endfacet
  facet normal 0 0 1
    outer loop
      vertex 15.6667 -13.4944 1.6
      vertex 14 -14 1.6
      vertex 15.4142 -13.6458 1.6
    endloop
  endfacet
  facet normal 0 0 1
    outer loop
      vertex 14 14 1.6
      vertex 14.8708 13.8708 1.6
      vertex 14.5853 13.9424 1.6
    endloop
  endfacet
  facet normal 0 0 1
    outer loop
      vertex 15.4142 -13.6458 1.6
      vertex 14 -14 1.6
      vertex 15.1481 -13.7716 1.6
    endloop
  endfacet
  facet normal 0 0 1
    outer loop
      vertex 14 14 1.6
      vertex 14.5853 13.9424 1.6
      vertex 14.2941 13.9855 1.6
    endloop
  endfacet
  facet normal 0 0 1
    outer loop
      vertex 15.1481 -13.7716 1.6
      vertex 14 -14 1.6
      vertex 14.8708 -13.8708 1.6
    endloop
  endfacet
  facet normal 0 0 1
    outer loop
      vertex 14.8708 -13.8708 1.6
      vertex 14 -14 1.6
      vertex 14.5853 -13.9424 1.6
    endloop
  endfacet
  facet normal 0 0 1
    outer loop
      vertex 14.5853 -13.9424 1.6
      vertex 14 -14 1.6
      vertex 14.2941 -13.9855 1.6
    endloop
  endfacet
  facet normal -0 0 1
    outer loop
      vertex -14 14 1.6
      vertex 14 -14 1.6
      vertex 14 14 1.6
    endloop
  endfacet
  facet normal 0 0 1
    outer loop
      vertex -14 14 1.6
      vertex -14 -14 1.6
      vertex 14 -14 1.6
    endloop
  endfacet
  facet normal 0 0 1
    outer loop
      vertex -17 11 1.6
      vertex -14 14 1.6
      vertex -14.2941 13.9855 1.6
    endloop
  endfacet
  facet normal 0 0 1
    outer loop
      vertex -14 14 1.6
      vertex -17 11 1.6
      vertex -14 -14 1.6
    endloop
  endfacet
  facet normal 0 0 1
    outer loop
      vertex -17 11 1.6
      vertex -14.2941 13.9855 1.6
      vertex -14.5853 13.9424 1.6
    endloop
  endfacet
  facet normal -0 0 1
    outer loop
      vertex -17 -11 1.6
      vertex -14 -14 1.6
      vertex -17 11 1.6
    endloop
  endfacet
  facet normal 0 0 1
    outer loop
      vertex -17 11 1.6
      vertex -14.5853 13.9424 1.6
      vertex -14.8708 13.8708 1.6
    endloop
  endfacet
  facet normal 0 0 1
    outer loop
      vertex -14 -14 1.6
      vertex -17 -11 1.6
      vertex -14.2941 -13.9855 1.6
    endloop
  endfacet
  facet normal 0 0 1
    outer loop
      vertex -17 11 1.6
      vertex -14.8708 13.8708 1.6
      vertex -15.1481 13.7716 1.6
    endloop
  endfacet
  facet normal 0 0 1
    outer loop
      vertex -14.2941 -13.9855 1.6
      vertex -17 -11 1.6
      vertex -14.5853 -13.9424 1.6
    endloop
  endfacet
  facet normal 0 0 1
    outer loop
      vertex -17 11 1.6
      vertex -15.1481 13.7716 1.6
      vertex -15.4142 13.6458 1.6
    endloop
  endfacet
  facet normal 0 0 1
    outer loop
      vertex -14.5853 -13.9424 1.6
      vertex -17 -11 1.6
      vertex -14.8708 -13.8708 1.6
    endloop
  endfacet
  facet normal 0 0 1
    outer loop
      vertex -17 11 1.6
      vertex -15.4142 13.6458 1.6
      vertex -15.6667 13.4944 1.6
    endloop
  endfacet
  facet normal 0 0 1
    outer loop
      vertex -14.8708 -13.8708 1.6
      vertex -17 -11 1.6
      vertex -15.1481 -13.7716 1.6
    endloop
  endfacet
  facet normal 0 0 1
    outer loop
      vertex -17 11 1.6
      vertex -15.6667 13.4944 1.6
      vertex -15.9032 13.319 1.6
    endloop
  endfacet
  facet normal 0 0 1
    outer loop
      vertex -15.1481 -13.7716 1.6
      vertex -17 -11 1.6
      vertex -15.4142 -13.6458 1.6
    endloop
  endfacet
  facet normal 0 0 1
    outer loop
      vertex -17 11 1.6
      vertex -15.9032 13.319 1.6
      vertex -16.1213 13.1213 1.6
    endloop
  endfacet
  facet normal 0 0 1
    outer loop
      vertex -15.4142 -13.6458 1.6
      vertex -17 -11 1.6
      vertex -15.6667 -13.4944 1.6
    endloop
  endfacet
  facet normal 0 0 1
    outer loop
      vertex -17 11 1.6
      vertex -16.1213 13.1213 1.6
      vertex -16.319 12.9032 1.6
    endloop
  endfacet
  facet normal 0 0 1
    outer loop
      vertex -15.6667 -13.4944 1.6
      vertex -17 -11 1.6
      vertex -15.9032 -13.319 1.6
    endloop
  endfacet
  facet normal 0 0 1
    outer loop
      vertex -17 11 1.6
      vertex -16.319 12.9032 1.6
      vertex -16.4944 12.6667 1.6
    endloop
  endfacet
  facet normal 0 0 1
    outer loop
      vertex -15.9032 -13.319 1.6
      vertex -17 -11 1.6
      vertex -16.1213 -13.1213 1.6
    endloop
  endfacet
  facet normal 0 0 1
    outer loop
      vertex -17 11 1.6
      vertex -16.4944 12.6667 1.6
      vertex -16.6458 12.4142 1.6
    endloop
  endfacet
  facet normal 0 0 1
    outer loop
      vertex -16.1213 -13.1213 1.6
      vertex -17 -11 1.6
      vertex -16.319 -12.9032 1.6
    endloop
  endfacet
  facet normal 0 0 1
    outer loop
      vertex -17 11 1.6
      vertex -16.6458 12.4142 1.6
      vertex -16.7716 12.1481 1.6
    endloop
  endfacet
  facet normal 0 0 1
    outer loop
      vertex -16.319 -12.9032 1.6
      vertex -17 -11 1.6
      vertex -16.4944 -12.6667 1.6
    endloop
  endfacet
  facet normal 0 0 1
    outer loop
      vertex -17 11 1.6
      vertex -16.7716 12.1481 1.6
      vertex -16.8708 11.8708 1.6
    endloop
  endfacet
  facet normal 0 0 1
    outer loop
      vertex -16.4944 -12.6667 1.6
      vertex -17 -11 1.6
      vertex -16.6458 -12.4142 1.6
    endloop
  endfacet
  facet normal 0 0 1
    outer loop
      vertex -17 11 1.6
      vertex -16.8708 11.8708 1.6
      vertex -16.9424 11.5853 1.6
    endloop
  endfacet
  facet normal 0 0 1
    outer loop
      vertex -16.6458 -12.4142 1.6
      vertex -17 -11 1.6
      vertex -16.7716 -12.1481 1.6
    endloop
  endfacet
  facet normal 0 0 1
    outer loop
      vertex -17 11 1.6
      vertex -16.9424 11.5853 1.6
      vertex -16.9855 11.2941 1.6
    endloop
  endfacet
  facet normal 0 0 1
    outer loop
      vertex -16.7716 -12.1481 1.6
      vertex -17 -11 1.6
      vertex -16.8708 -11.8708 1.6
    endloop
  endfacet
  facet normal 0 0 1
    outer loop
      vertex -16.8708 -11.8708 1.6
      vertex -17 -11 1.6
      vertex -16.9424 -11.5853 1.6
    endloop
  endfacet
  facet normal 0 0 1
    outer loop
      vertex -16.9424 -11.5853 1.6
      vertex -17 -11 1.6
      vertex -16.9855 -11.2941 1.6
    endloop
  endfacet
  facet normal 0.904063 0.4274 0
    outer loop
      vertex 16.7716 12.1481 1.6
      vertex 16.6458 12.4142 0
      vertex 16.6458 12.4142 1.6
    endloop
  endfacet
  facet normal 0.904063 0.4274 0
    outer loop
      vertex 16.6458 12.4142 0
      vertex 16.7716 12.1481 1.6
      vertex 16.7716 12.1481 0
    endloop
  endfacet
  facet normal 1 -0 0
    outer loop
      vertex 17 -11 1.6
      vertex 17 11 0
      vertex 17 11 1.6
    endloop
  endfacet
  facet normal 1 0 0
    outer loop
      vertex 17 11 0
      vertex 17 -11 1.6
      vertex 17 -11 0
    endloop
  endfacet
  facet normal 0.146413 0.989224 -0
    outer loop
      vertex 14.5853 13.9424 0
      vertex 14.2941 13.9855 1.6
      vertex 14.5853 13.9424 1.6
    endloop
  endfacet
  facet normal 0.146413 0.989224 0
    outer loop
      vertex 14.2941 13.9855 1.6
      vertex 14.5853 13.9424 0
      vertex 14.2941 13.9855 0
    endloop
  endfacet
  facet normal -0.336831 0.941565 0
    outer loop
      vertex -14.8708 13.8708 0
      vertex -15.1481 13.7716 1.6
      vertex -14.8708 13.8708 1.6
    endloop
  endfacet
  facet normal -0.336831 0.941565 0
    outer loop
      vertex -15.1481 13.7716 1.6
      vertex -14.8708 13.8708 0
      vertex -15.1481 13.7716 0
    endloop
  endfacet
  facet normal -0.243255 0.969962 0
    outer loop
      vertex -14.5853 13.9424 0
      vertex -14.8708 13.8708 1.6
      vertex -14.5853 13.9424 1.6
    endloop
  endfacet
  facet normal -0.243255 0.969962 0
    outer loop
      vertex -14.8708 13.8708 1.6
      vertex -14.5853 13.9424 0
      vertex -14.8708 13.8708 0
    endloop
  endfacet
  facet normal 0.857643 0.514246 0
    outer loop
      vertex 16.6458 12.4142 1.6
      vertex 16.4944 12.6667 0
      vertex 16.4944 12.6667 1.6
    endloop
  endfacet
  facet normal 0.857643 0.514246 0
    outer loop
      vertex 16.4944 12.6667 0
      vertex 16.6458 12.4142 1.6
      vertex 16.6458 12.4142 0
    endloop
  endfacet
  facet normal 0.514246 0.857643 -0
    outer loop
      vertex 15.6667 13.4944 0
      vertex 15.4142 13.6458 1.6
      vertex 15.6667 13.4944 1.6
    endloop
  endfacet
  facet normal 0.514246 0.857643 0
    outer loop
      vertex 15.4142 13.6458 1.6
      vertex 15.6667 13.4944 0
      vertex 15.4142 13.6458 0
    endloop
  endfacet
  facet normal 0.857643 -0.514246 0
    outer loop
      vertex 16.4944 -12.6667 1.6
      vertex 16.6458 -12.4142 0
      vertex 16.6458 -12.4142 1.6
    endloop
  endfacet
  facet normal 0.857643 -0.514246 0
    outer loop
      vertex 16.6458 -12.4142 0
      vertex 16.4944 -12.6667 1.6
      vertex 16.4944 -12.6667 0
    endloop
  endfacet
  facet normal -0.514246 -0.857643 0
    outer loop
      vertex -15.6667 -13.4944 0
      vertex -15.4142 -13.6458 1.6
      vertex -15.6667 -13.4944 1.6
    endloop
  endfacet
  facet normal -0.514246 -0.857643 -0
    outer loop
      vertex -15.4142 -13.6458 1.6
      vertex -15.6667 -13.4944 0
      vertex -15.4142 -13.6458 0
    endloop
  endfacet
  facet normal 0.671607 -0.740908 0
    outer loop
      vertex 15.9032 -13.319 0
      vertex 16.1213 -13.1213 1.6
      vertex 15.9032 -13.319 1.6
    endloop
  endfacet
  facet normal 0.671607 -0.740908 0
    outer loop
      vertex 16.1213 -13.1213 1.6
      vertex 15.9032 -13.319 0
      vertex 16.1213 -13.1213 0
    endloop
  endfacet
  facet normal -0.595699 -0.803208 0
    outer loop
      vertex -15.9032 -13.319 0
      vertex -15.6667 -13.4944 1.6
      vertex -15.9032 -13.319 1.6
    endloop
  endfacet
  facet normal -0.595699 -0.803208 -0
    outer loop
      vertex -15.6667 -13.4944 1.6
      vertex -15.9032 -13.319 0
      vertex -15.6667 -13.4944 0
    endloop
  endfacet
  facet normal -0.146413 -0.989224 0
    outer loop
      vertex -14.5853 -13.9424 0
      vertex -14.2941 -13.9855 1.6
      vertex -14.5853 -13.9424 1.6
    endloop
  endfacet
  facet normal -0.146413 -0.989224 -0
    outer loop
      vertex -14.2941 -13.9855 1.6
      vertex -14.5853 -13.9424 0
      vertex -14.2941 -13.9855 0
    endloop
  endfacet
  facet normal 0.336831 0.941565 -0
    outer loop
      vertex 15.1481 13.7716 0
      vertex 14.8708 13.8708 1.6
      vertex 15.1481 13.7716 1.6
    endloop
  endfacet
  facet normal 0.336831 0.941565 0
    outer loop
      vertex 14.8708 13.8708 1.6
      vertex 15.1481 13.7716 0
      vertex 14.8708 13.8708 0
    endloop
  endfacet
  facet normal -0.0492431 0.998787 0
    outer loop
      vertex -14 14 0
      vertex -14.2941 13.9855 1.6
      vertex -14 14 1.6
    endloop
  endfacet
  facet normal -0.0492431 0.998787 0
    outer loop
      vertex -14.2941 13.9855 1.6
      vertex -14 14 0
      vertex -14.2941 13.9855 0
    endloop
  endfacet
  facet normal -0.998787 -0.0492431 0
    outer loop
      vertex -16.9855 -11.2941 0
      vertex -17 -11 1.6
      vertex -17 -11 0
    endloop
  endfacet
  facet normal -0.998787 -0.0492431 0
    outer loop
      vertex -17 -11 1.6
      vertex -16.9855 -11.2941 0
      vertex -16.9855 -11.2941 1.6
    endloop
  endfacet
  facet normal -0.941565 0.336831 0
    outer loop
      vertex -16.8708 11.8708 0
      vertex -16.7716 12.1481 1.6
      vertex -16.7716 12.1481 0
    endloop
  endfacet
  facet normal -0.941565 0.336831 0
    outer loop
      vertex -16.7716 12.1481 1.6
      vertex -16.8708 11.8708 0
      vertex -16.8708 11.8708 1.6
    endloop
  endfacet
  facet normal 0.671607 0.740908 -0
    outer loop
      vertex 16.1213 13.1213 0
      vertex 15.9032 13.319 1.6
      vertex 16.1213 13.1213 1.6
    endloop
  endfacet
  facet normal 0.671607 0.740908 0
    outer loop
      vertex 15.9032 13.319 1.6
      vertex 16.1213 13.1213 0
      vertex 15.9032 13.319 0
    endloop
  endfacet
  facet normal -0.740908 0.671607 0
    outer loop
      vertex -16.319 12.9032 0
      vertex -16.1213 13.1213 1.6
      vertex -16.1213 13.1213 0
    endloop
  endfacet
  facet normal -0.740908 0.671607 0
    outer loop
      vertex -16.1213 13.1213 1.6
      vertex -16.319 12.9032 0
      vertex -16.319 12.9032 1.6
    endloop
  endfacet
  facet normal -0.803208 0.595699 0
    outer loop
      vertex -16.4944 12.6667 0
      vertex -16.319 12.9032 1.6
      vertex -16.319 12.9032 0
    endloop
  endfacet
  facet normal -0.803208 0.595699 0
    outer loop
      vertex -16.319 12.9032 1.6
      vertex -16.4944 12.6667 0
      vertex -16.4944 12.6667 1.6
    endloop
  endfacet
  facet normal 0.595699 -0.803208 0
    outer loop
      vertex 15.6667 -13.4944 0
      vertex 15.9032 -13.319 1.6
      vertex 15.6667 -13.4944 1.6
    endloop
  endfacet
  facet normal 0.595699 -0.803208 0
    outer loop
      vertex 15.9032 -13.319 1.6
      vertex 15.6667 -13.4944 0
      vertex 15.9032 -13.319 0
    endloop
  endfacet
  facet normal -0.857643 -0.514246 0
    outer loop
      vertex -16.4944 -12.6667 0
      vertex -16.6458 -12.4142 1.6
      vertex -16.6458 -12.4142 0
    endloop
  endfacet
  facet normal -0.857643 -0.514246 0
    outer loop
      vertex -16.6458 -12.4142 1.6
      vertex -16.4944 -12.6667 0
      vertex -16.4944 -12.6667 1.6
    endloop
  endfacet
  facet normal -0.904063 0.4274 0
    outer loop
      vertex -16.7716 12.1481 0
      vertex -16.6458 12.4142 1.6
      vertex -16.6458 12.4142 0
    endloop
  endfacet
  facet normal -0.904063 0.4274 0
    outer loop
      vertex -16.6458 12.4142 1.6
      vertex -16.7716 12.1481 0
      vertex -16.7716 12.1481 1.6
    endloop
  endfacet
  facet normal 0.803208 -0.595699 0
    outer loop
      vertex 16.319 -12.9032 1.6
      vertex 16.4944 -12.6667 0
      vertex 16.4944 -12.6667 1.6
    endloop
  endfacet
  facet normal 0.803208 -0.595699 0
    outer loop
      vertex 16.4944 -12.6667 0
      vertex 16.319 -12.9032 1.6
      vertex 16.319 -12.9032 0
    endloop
  endfacet
  facet normal 0.941565 0.336831 0
    outer loop
      vertex 16.8708 11.8708 1.6
      vertex 16.7716 12.1481 0
      vertex 16.7716 12.1481 1.6
    endloop
  endfacet
  facet normal 0.941565 0.336831 0
    outer loop
      vertex 16.7716 12.1481 0
      vertex 16.8708 11.8708 1.6
      vertex 16.8708 11.8708 0
    endloop
  endfacet
  facet normal 0.989224 0.146413 0
    outer loop
      vertex 16.9855 11.2941 1.6
      vertex 16.9424 11.5853 0
      vertex 16.9424 11.5853 1.6
    endloop
  endfacet
  facet normal 0.989224 0.146413 0
    outer loop
      vertex 16.9424 11.5853 0
      vertex 16.9855 11.2941 1.6
      vertex 16.9855 11.2941 0
    endloop
  endfacet
  facet normal 0.0492431 0.998787 -0
    outer loop
      vertex 14.2941 13.9855 0
      vertex 14 14 1.6
      vertex 14.2941 13.9855 1.6
    endloop
  endfacet
  facet normal 0.0492431 0.998787 0
    outer loop
      vertex 14 14 1.6
      vertex 14.2941 13.9855 0
      vertex 14 14 0
    endloop
  endfacet
  facet normal -0.740908 -0.671607 0
    outer loop
      vertex -16.1213 -13.1213 0
      vertex -16.319 -12.9032 1.6
      vertex -16.319 -12.9032 0
    endloop
  endfacet
  facet normal -0.740908 -0.671607 0
    outer loop
      vertex -16.319 -12.9032 1.6
      vertex -16.1213 -13.1213 0
      vertex -16.1213 -13.1213 1.6
    endloop
  endfacet
  facet normal 0.740908 -0.671607 0
    outer loop
      vertex 16.1213 -13.1213 1.6
      vertex 16.319 -12.9032 0
      vertex 16.319 -12.9032 1.6
    endloop
  endfacet
  facet normal 0.740908 -0.671607 0
    outer loop
      vertex 16.319 -12.9032 0
      vertex 16.1213 -13.1213 1.6
      vertex 16.1213 -13.1213 0
    endloop
  endfacet
  facet normal 0.803208 0.595699 0
    outer loop
      vertex 16.4944 12.6667 1.6
      vertex 16.319 12.9032 0
      vertex 16.319 12.9032 1.6
    endloop
  endfacet
  facet normal 0.803208 0.595699 0
    outer loop
      vertex 16.319 12.9032 0
      vertex 16.4944 12.6667 1.6
      vertex 16.4944 12.6667 0
    endloop
  endfacet
  facet normal 0.969962 -0.243255 0
    outer loop
      vertex 16.8708 -11.8708 1.6
      vertex 16.9424 -11.5853 0
      vertex 16.9424 -11.5853 1.6
    endloop
  endfacet
  facet normal 0.969962 -0.243255 0
    outer loop
      vertex 16.9424 -11.5853 0
      vertex 16.8708 -11.8708 1.6
      vertex 16.8708 -11.8708 0
    endloop
  endfacet
  facet normal 0.989224 -0.146413 0
    outer loop
      vertex 16.9424 -11.5853 1.6
      vertex 16.9855 -11.2941 0
      vertex 16.9855 -11.2941 1.6
    endloop
  endfacet
  facet normal 0.989224 -0.146413 0
    outer loop
      vertex 16.9855 -11.2941 0
      vertex 16.9424 -11.5853 1.6
      vertex 16.9424 -11.5853 0
    endloop
  endfacet
  facet normal 0 0 -1
    outer loop
      vertex 14 -14 0
      vertex 17 -11 0
      vertex 16.9855 -11.2941 0
    endloop
  endfacet
  facet normal -0 0 -1
    outer loop
      vertex 17 -11 0
      vertex 14 -14 0
      vertex 17 11 0
    endloop
  endfacet
  facet normal 0 0 -1
    outer loop
      vertex 14 -14 0
      vertex 16.9855 -11.2941 0
      vertex 16.9424 -11.5853 0
    endloop
  endfacet
  facet normal 0 0 -1
    outer loop
      vertex 14 14 0
      vertex 17 11 0
      vertex 14 -14 0
    endloop
  endfacet
  facet normal 0 0 -1
    outer loop
      vertex 14 -14 0
      vertex 16.9424 -11.5853 0
      vertex 16.8708 -11.8708 0
    endloop
  endfacet
  facet normal 0 0 -1
    outer loop
      vertex 17 11 0
      vertex 14 14 0
      vertex 16.9855 11.2941 0
    endloop
  endfacet
  facet normal 0 0 -1
    outer loop
      vertex 14 -14 0
      vertex 16.8708 -11.8708 0
      vertex 16.7716 -12.1481 0
    endloop
  endfacet
  facet normal 0 0 -1
    outer loop
      vertex 16.9855 11.2941 0
      vertex 14 14 0
      vertex 16.9424 11.5853 0
    endloop
  endfacet
  facet normal 0 0 -1
    outer loop
      vertex 14 -14 0
      vertex 16.7716 -12.1481 0
      vertex 16.6458 -12.4142 0
    endloop
  endfacet
  facet normal 0 0 -1
    outer loop
      vertex 16.9424 11.5853 0
      vertex 14 14 0
      vertex 16.8708 11.8708 0
    endloop
  endfacet
  facet normal 0 0 -1
    outer loop
      vertex 14 -14 0
      vertex 16.6458 -12.4142 0
      vertex 16.4944 -12.6667 0
    endloop
  endfacet
  facet normal 0 0 -1
    outer loop
      vertex 16.8708 11.8708 0
      vertex 14 14 0
      vertex 16.7716 12.1481 0
    endloop
  endfacet
  facet normal 0 0 -1
    outer loop
      vertex 14 -14 0
      vertex 16.4944 -12.6667 0
      vertex 16.319 -12.9032 0
    endloop
  endfacet
  facet normal 0 0 -1
    outer loop
      vertex 16.7716 12.1481 0
      vertex 14 14 0
      vertex 16.6458 12.4142 0
    endloop
  endfacet
  facet normal 0 0 -1
    outer loop
      vertex 14 -14 0
      vertex 16.319 -12.9032 0
      vertex 16.1213 -13.1213 0
    endloop
  endfacet
  facet normal 0 0 -1
    outer loop
      vertex 16.6458 12.4142 0
      vertex 14 14 0
      vertex 16.4944 12.6667 0
    endloop
  endfacet
  facet normal 0 0 -1
    outer loop
      vertex 14 -14 0
      vertex 16.1213 -13.1213 0
      vertex 15.9032 -13.319 0
    endloop
  endfacet
  facet normal 0 0 -1
    outer loop
      vertex 16.4944 12.6667 0
      vertex 14 14 0
      vertex 16.319 12.9032 0
    endloop
  endfacet
  facet normal 0 0 -1
    outer loop
      vertex 14 -14 0
      vertex 15.9032 -13.319 0
      vertex 15.6667 -13.4944 0
    endloop
  endfacet
  facet normal 0 0 -1
    outer loop
      vertex 16.319 12.9032 0
      vertex 14 14 0
      vertex 16.1213 13.1213 0
    endloop
  endfacet
  facet normal 0 0 -1
    outer loop
      vertex 14 -14 0
      vertex 15.6667 -13.4944 0
      vertex 15.4142 -13.6458 0
    endloop
  endfacet
  facet normal 0 0 -1
    outer loop
      vertex 16.1213 13.1213 0
      vertex 14 14 0
      vertex 15.9032 13.319 0
    endloop
  endfacet
  facet normal 0 0 -1
    outer loop
      vertex 14 -14 0
      vertex 15.4142 -13.6458 0
      vertex 15.1481 -13.7716 0
    endloop
  endfacet
  facet normal 0 0 -1
    outer loop
      vertex 15.9032 13.319 0
      vertex 14 14 0
      vertex 15.6667 13.4944 0
    endloop
  endfacet
  facet normal 0 0 -1
    outer loop
      vertex 14 -14 0
      vertex 15.1481 -13.7716 0
      vertex 14.8708 -13.8708 0
    endloop
  endfacet
  facet normal 0 0 -1
    outer loop
      vertex 15.6667 13.4944 0
      vertex 14 14 0
      vertex 15.4142 13.6458 0
    endloop
  endfacet
  facet normal 0 0 -1
    outer loop
      vertex 14 -14 0
      vertex 14.8708 -13.8708 0
      vertex 14.5853 -13.9424 0
    endloop
  endfacet
  facet normal 0 0 -1
    outer loop
      vertex 15.4142 13.6458 0
      vertex 14 14 0
      vertex 15.1481 13.7716 0
    endloop
  endfacet
  facet normal 0 0 -1
    outer loop
      vertex 14 -14 0
      vertex 14.5853 -13.9424 0
      vertex 14.2941 -13.9855 0
    endloop
  endfacet
  facet normal 0 0 -1
    outer loop
      vertex 15.1481 13.7716 0
      vertex 14 14 0
      vertex 14.8708 13.8708 0
    endloop
  endfacet
  facet normal 0 0 -1
    outer loop
      vertex 14.8708 13.8708 0
      vertex 14 14 0
      vertex 14.5853 13.9424 0
    endloop
  endfacet
  facet normal 0 0 -1
    outer loop
      vertex 14.5853 13.9424 0
      vertex 14 14 0
      vertex 14.2941 13.9855 0
    endloop
  endfacet
  facet normal 0 0 -1
    outer loop
      vertex -14 -14 0
      vertex 14 14 0
      vertex 14 -14 0
    endloop
  endfacet
  facet normal 0 0 -1
    outer loop
      vertex -14 -14 0
      vertex -14 14 0
      vertex 14 14 0
    endloop
  endfacet
  facet normal 0 0 -1
    outer loop
      vertex -17 -11 0
      vertex -14 -14 0
      vertex -14.2941 -13.9855 0
    endloop
  endfacet
  facet normal 0 0 -1
    outer loop
      vertex -14 -14 0
      vertex -17 -11 0
      vertex -14 14 0
    endloop
  endfacet
  facet normal 0 0 -1
    outer loop
      vertex -17 -11 0
      vertex -14.2941 -13.9855 0
      vertex -14.5853 -13.9424 0
    endloop
  endfacet
  facet normal 0 0 -1
    outer loop
      vertex -17 11 0
      vertex -14 14 0
      vertex -17 -11 0
    endloop
  endfacet
  facet normal 0 0 -1
    outer loop
      vertex -17 -11 0
      vertex -14.5853 -13.9424 0
      vertex -14.8708 -13.8708 0
    endloop
  endfacet
  facet normal 0 0 -1
    outer loop
      vertex -14 14 0
      vertex -17 11 0
      vertex -14.2941 13.9855 0
    endloop
  endfacet
  facet normal 0 0 -1
    outer loop
      vertex -17 -11 0
      vertex -14.8708 -13.8708 0
      vertex -15.1481 -13.7716 0
    endloop
  endfacet
  facet normal 0 0 -1
    outer loop
      vertex -14.2941 13.9855 0
      vertex -17 11 0
      vertex -14.5853 13.9424 0
    endloop
  endfacet
  facet normal 0 0 -1
    outer loop
      vertex -17 -11 0
      vertex -15.1481 -13.7716 0
      vertex -15.4142 -13.6458 0
    endloop
  endfacet
  facet normal 0 0 -1
    outer loop
      vertex -14.5853 13.9424 0
      vertex -17 11 0
      vertex -14.8708 13.8708 0
    endloop
  endfacet
  facet normal 0 0 -1
    outer loop
      vertex -17 -11 0
      vertex -15.4142 -13.6458 0
      vertex -15.6667 -13.4944 0
    endloop
  endfacet
  facet normal 0 0 -1
    outer loop
      vertex -14.8708 13.8708 0
      vertex -17 11 0
      vertex -15.1481 13.7716 0
    endloop
  endfacet
  facet normal 0 0 -1
    outer loop
      vertex -17 -11 0
      vertex -15.6667 -13.4944 0
      vertex -15.9032 -13.319 0
    endloop
  endfacet
  facet normal 0 0 -1
    outer loop
      vertex -15.1481 13.7716 0
      vertex -17 11 0
      vertex -15.4142 13.6458 0
    endloop
  endfacet
  facet normal 0 0 -1
    outer loop
      vertex -17 -11 0
      vertex -15.9032 -13.319 0
      vertex -16.1213 -13.1213 0
    endloop
  endfacet
  facet normal 0 0 -1
    outer loop
      vertex -15.4142 13.6458 0
      vertex -17 11 0
      vertex -15.6667 13.4944 0
    endloop
  endfacet
  facet normal 0 0 -1
    outer loop
      vertex -17 -11 0
      vertex -16.1213 -13.1213 0
      vertex -16.319 -12.9032 0
    endloop
  endfacet
  facet normal 0 0 -1
    outer loop
      vertex -15.6667 13.4944 0
      vertex -17 11 0
      vertex -15.9032 13.319 0
    endloop
  endfacet
  facet normal 0 0 -1
    outer loop
      vertex -17 -11 0
      vertex -16.319 -12.9032 0
      vertex -16.4944 -12.6667 0
    endloop
  endfacet
  facet normal 0 0 -1
    outer loop
      vertex -15.9032 13.319 0
      vertex -17 11 0
      vertex -16.1213 13.1213 0
    endloop
  endfacet
  facet normal 0 0 -1
    outer loop
      vertex -17 -11 0
      vertex -16.4944 -12.6667 0
      vertex -16.6458 -12.4142 0
    endloop
  endfacet
  facet normal 0 0 -1
    outer loop
      vertex -16.1213 13.1213 0
      vertex -17 11 0
      vertex -16.319 12.9032 0
    endloop
  endfacet
  facet normal 0 0 -1
    outer loop
      vertex -17 -11 0
      vertex -16.6458 -12.4142 0
      vertex -16.7716 -12.1481 0
    endloop
  endfacet
  facet normal 0 0 -1
    outer loop
      vertex -16.319 12.9032 0
      vertex -17 11 0
      vertex -16.4944 12.6667 0
    endloop
  endfacet
  facet normal 0 0 -1
    outer loop
      vertex -17 -11 0
      vertex -16.7716 -12.1481 0
      vertex -16.8708 -11.8708 0
    endloop
  endfacet
  facet normal 0 0 -1
    outer loop
      vertex -16.4944 12.6667 0
      vertex -17 11 0
      vertex -16.6458 12.4142 0
    endloop
  endfacet
  facet normal 0 0 -1
    outer loop
      vertex -17 -11 0
      vertex -16.8708 -11.8708 0
      vertex -16.9424 -11.5853 0
    endloop
  endfacet
  facet normal 0 0 -1
    outer loop
      vertex -16.6458 12.4142 0
      vertex -17 11 0
      vertex -16.7716 12.1481 0
    endloop
  endfacet
  facet normal 0 0 -1
    outer loop
      vertex -17 -11 0
      vertex -16.9424 -11.5853 0
      vertex -16.9855 -11.2941 0
    endloop
  endfacet
  facet normal 0 0 -1
    outer loop
      vertex -16.7716 12.1481 0
      vertex -17 11 0
      vertex -16.8708 11.8708 0
    endloop
  endfacet
  facet normal 0 0 -1
    outer loop
      vertex -16.8708 11.8708 0
      vertex -17 11 0
      vertex -16.9424 11.5853 0
    endloop
  endfacet
  facet normal 0 0 -1
    outer loop
      vertex -16.9424 11.5853 0
      vertex -17 11 0
      vertex -16.9855 11.2941 0
    endloop
  endfacet
endsolid OpenSCAD_Model
