solid OpenSCAD_Model
  facet normal 0 -0.242919 0.970047
    outer loop
      vertex 56.6 -33.6371 35.8038
      vertex 71.2753 -33.7561 35.774
      vertex 71.3636 -33.6371 35.8038
    endloop
  endfacet
  facet normal 0 -0.242919 0.970047
    outer loop
      vertex 71.2753 -33.7561 35.774
      vertex 56.6 -33.6371 35.8038
      vertex 56.6 -33.7561 35.774
    endloop
  endfacet
  facet normal 0 0.336698 -0.941613
    outer loop
      vertex 56.6 -34.3629 38.1962
      vertex 70.5826 -34.4784 38.1549
      vertex 56.6 -34.4784 38.1549
    endloop
  endfacet
  facet normal 0 0.336698 -0.941613
    outer loop
      vertex 70.5826 -34.4784 38.1549
      vertex 56.6 -34.3629 38.1962
      vertex 70.71 -34.3629 38.1962
    endloop
  endfacet
  facet normal -0 0.941613 0.336698
    outer loop
      vertex 56.6 -35.1549 36.5216
      vertex 69.5875 -35.1962 36.6371
      vertex 69.6564 -35.1549 36.5216
    endloop
  endfacet
  facet normal 0 0.941613 0.336698
    outer loop
      vertex 69.5875 -35.1962 36.6371
      vertex 56.6 -35.1549 36.5216
      vertex 56.6 -35.1962 36.6371
    endloop
  endfacet
  facet normal 0 0.998803 -0.0489209
    outer loop
      vertex 69.4977 -35.25 37
      vertex 56.6 -35.244 37.1225
      vertex 69.5077 -35.244 37.1225
    endloop
  endfacet
  facet normal 0 0.998803 -0.0489209
    outer loop
      vertex 56.6 -35.244 37.1225
      vertex 69.4977 -35.25 37
      vertex 56.6 -35.25 37
    endloop
  endfacet
  facet normal 0 -0.998803 0.0489209
    outer loop
      vertex 71.9258 -32.756 36.8775
      vertex 56.6 -32.75 37
      vertex 56.6 -32.756 36.8775
    endloop
  endfacet
  facet normal 0 -0.998803 0.0489209
    outer loop
      vertex 56.6 -32.75 37
      vertex 71.9258 -32.756 36.8775
      vertex 71.9286 -32.75 37
    endloop
  endfacet
  facet normal 0 -0.0489209 0.998803
    outer loop
      vertex 56.6 -33.8775 35.756
      vertex 71.0626 -34 35.75
      vertex 71.1736 -33.8775 35.756
    endloop
  endfacet
  facet normal 0 -0.0489209 0.998803
    outer loop
      vertex 71.0626 -34 35.75
      vertex 56.6 -33.8775 35.756
      vertex 56.6 -34 35.75
    endloop
  endfacet
  facet normal -0 0.903688 0.428192
    outer loop
      vertex 56.6 -35.1024 36.4108
      vertex 69.6564 -35.1549 36.5216
      vertex 69.7439 -35.1024 36.4108
    endloop
  endfacet
  facet normal 0 0.903688 0.428192
    outer loop
      vertex 69.6564 -35.1549 36.5216
      vertex 56.6 -35.1024 36.4108
      vertex 56.6 -35.1549 36.5216
    endloop
  endfacet
  facet normal -0 0.242919 0.970047
    outer loop
      vertex 56.6 -34.2439 35.774
      vertex 70.71 -34.3629 35.8038
      vertex 70.8413 -34.2439 35.774
    endloop
  endfacet
  facet normal 0 0.242919 0.970047
    outer loop
      vertex 70.71 -34.3629 35.8038
      vertex 56.6 -34.2439 35.774
      vertex 56.6 -34.3629 35.8038
    endloop
  endfacet
  facet normal 0 -0.970047 0.242919
    outer loop
      vertex 71.9031 -32.8038 36.6371
      vertex 56.6 -32.774 36.7561
      vertex 56.6 -32.8038 36.6371
    endloop
  endfacet
  facet normal 0 -0.970047 0.242919
    outer loop
      vertex 56.6 -32.774 36.7561
      vertex 71.9031 -32.8038 36.6371
      vertex 71.9172 -32.774 36.7561
    endloop
  endfacet
  facet normal 0 0.85778 -0.514016
    outer loop
      vertex 69.7439 -35.1024 37.5892
      vertex 56.6 -35.0393 37.6945
      vertex 69.8491 -35.0393 37.6945
    endloop
  endfacet
  facet normal 0 0.85778 -0.514016
    outer loop
      vertex 56.6 -35.0393 37.6945
      vertex 69.7439 -35.1024 37.5892
      vertex 56.6 -35.1024 37.5892
    endloop
  endfacet
  facet normal 0.0600689 0.0928338 -0.993868
    outer loop
      vertex 70.8413 -34.2439 38.226
      vertex 70.9515 -34.1225 38.244
      vertex 70.8426 -34.2426 38.2262
    endloop
  endfacet
  facet normal 0 0.146667 -0.989186
    outer loop
      vertex 56.6 -34.1225 38.244
      vertex 70.8413 -34.2439 38.226
      vertex 56.6 -34.2439 38.226
    endloop
  endfacet
  facet normal 0 0.146667 -0.989186
    outer loop
      vertex 70.8413 -34.2439 38.226
      vertex 56.6 -34.1225 38.244
      vertex 70.9515 -34.1225 38.244
    endloop
  endfacet
  facet normal 0 -0.595423 -0.803413
    outer loop
      vertex 56.6 -33.207 37.9663
      vertex 71.6055 -33.3055 38.0393
      vertex 56.6 -33.3055 38.0393
    endloop
  endfacet
  facet normal 0 -0.595423 -0.803413
    outer loop
      vertex 71.6055 -33.3055 38.0393
      vertex 56.6 -33.207 37.9663
      vertex 71.6646 -33.207 37.9663
    endloop
  endfacet
  facet normal 0 0.242919 -0.970047
    outer loop
      vertex 56.6 -34.2439 38.226
      vertex 70.71 -34.3629 38.1962
      vertex 56.6 -34.3629 38.1962
    endloop
  endfacet
  facet normal 0 0.242919 -0.970047
    outer loop
      vertex 70.71 -34.3629 38.1962
      vertex 56.6 -34.2439 38.226
      vertex 70.8413 -34.2439 38.226
    endloop
  endfacet
  facet normal 0 -0.903688 -0.428192
    outer loop
      vertex 56.6 -32.8451 37.4784
      vertex 71.85 -32.8976 37.5892
      vertex 56.6 -32.8976 37.5892
    endloop
  endfacet
  facet normal 0 -0.903688 -0.428192
    outer loop
      vertex 71.85 -32.8976 37.5892
      vertex 56.6 -32.8451 37.4784
      vertex 71.8815 -32.8451 37.4784
    endloop
  endfacet
  facet normal 0 0.903688 -0.428192
    outer loop
      vertex 69.6564 -35.1549 37.4784
      vertex 56.6 -35.1024 37.5892
      vertex 69.7439 -35.1024 37.5892
    endloop
  endfacet
  facet normal 0 0.903688 -0.428192
    outer loop
      vertex 56.6 -35.1024 37.5892
      vertex 69.6564 -35.1549 37.4784
      vertex 56.6 -35.1549 37.4784
    endloop
  endfacet
  facet normal 0 -0.941613 -0.336698
    outer loop
      vertex 56.6 -32.8038 37.3629
      vertex 71.8815 -32.8451 37.4784
      vertex 56.6 -32.8451 37.4784
    endloop
  endfacet
  facet normal -0 -0.941613 -0.336698
    outer loop
      vertex 71.9031 -32.8038 37.3629
      vertex 71.8815 -32.8451 37.4784
      vertex 56.6 -32.8038 37.3629
    endloop
  endfacet
  facet normal -0.0535979 -0.937039 -0.345086
    outer loop
      vertex 71.8815 -32.8451 37.4784
      vertex 71.9031 -32.8038 37.3629
      vertex 71.8915 -32.8284 37.4315
    endloop
  endfacet
  facet normal -0.00555974 -0.511131 -0.859485
    outer loop
      vertex 71.5315 -33.4108 38.1024
      vertex 71.6055 -33.3055 38.0393
      vertex 71.5888 -33.3334 38.056
    endloop
  endfacet
  facet normal 0 -0.514016 -0.85778
    outer loop
      vertex 56.6 -33.3055 38.0393
      vertex 71.5315 -33.4108 38.1024
      vertex 56.6 -33.4108 38.1024
    endloop
  endfacet
  facet normal 0 -0.514016 -0.85778
    outer loop
      vertex 71.5315 -33.4108 38.1024
      vertex 56.6 -33.3055 38.0393
      vertex 71.6055 -33.3055 38.0393
    endloop
  endfacet
  facet normal 0 0.970047 -0.242919
    outer loop
      vertex 69.5377 -35.226 37.2439
      vertex 56.6 -35.1962 37.3629
      vertex 69.5875 -35.1962 37.3629
    endloop
  endfacet
  facet normal 0 0.970047 -0.242919
    outer loop
      vertex 56.6 -35.1962 37.3629
      vertex 69.5377 -35.226 37.2439
      vertex 56.6 -35.226 37.2439
    endloop
  endfacet
  facet normal 0 0.740898 -0.671617
    outer loop
      vertex 69.9638 -34.9663 37.793
      vertex 56.6 -34.8839 37.8839
      vertex 70.0749 -34.8839 37.8839
    endloop
  endfacet
  facet normal 0 0.740898 -0.671617
    outer loop
      vertex 56.6 -34.8839 37.8839
      vertex 69.9638 -34.9663 37.793
      vertex 56.6 -34.9663 37.793
    endloop
  endfacet
  facet normal -0 0.85778 0.514016
    outer loop
      vertex 56.6 -35.0393 36.3055
      vertex 69.7439 -35.1024 36.4108
      vertex 69.8491 -35.0393 36.3055
    endloop
  endfacet
  facet normal 0 0.85778 0.514016
    outer loop
      vertex 69.7439 -35.1024 36.4108
      vertex 56.6 -35.0393 36.3055
      vertex 56.6 -35.1024 36.4108
    endloop
  endfacet
  facet normal 0 0.671617 -0.740898
    outer loop
      vertex 56.6 -34.793 37.9663
      vertex 70.0749 -34.8839 37.8839
      vertex 56.6 -34.8839 37.8839
    endloop
  endfacet
  facet normal 0 0.671617 -0.740898
    outer loop
      vertex 70.0749 -34.8839 37.8839
      vertex 56.6 -34.793 37.9663
      vertex 70.1975 -34.793 37.9663
    endloop
  endfacet
  facet normal 0 -0.903688 0.428192
    outer loop
      vertex 71.85 -32.8976 36.4108
      vertex 56.6 -32.8451 36.5216
      vertex 56.6 -32.8976 36.4108
    endloop
  endfacet
  facet normal 0 -0.903688 0.428192
    outer loop
      vertex 56.6 -32.8451 36.5216
      vertex 71.85 -32.8976 36.4108
      vertex 71.8815 -32.8451 36.5216
    endloop
  endfacet
  facet normal 0 0.428192 -0.903688
    outer loop
      vertex 56.6 -34.4784 38.1549
      vertex 70.4602 -34.5892 38.1024
      vertex 56.6 -34.5892 38.1024
    endloop
  endfacet
  facet normal 0 0.428192 -0.903688
    outer loop
      vertex 70.4602 -34.5892 38.1024
      vertex 56.6 -34.4784 38.1549
      vertex 70.5826 -34.4784 38.1549
    endloop
  endfacet
  facet normal -0 0.336698 0.941613
    outer loop
      vertex 56.6 -34.3629 35.8038
      vertex 70.5826 -34.4784 35.8451
      vertex 70.71 -34.3629 35.8038
    endloop
  endfacet
  facet normal 0 0.336698 0.941613
    outer loop
      vertex 70.5826 -34.4784 35.8451
      vertex 56.6 -34.3629 35.8038
      vertex 56.6 -34.4784 35.8451
    endloop
  endfacet
  facet normal 0 0.989186 -0.146667
    outer loop
      vertex 69.5077 -35.244 37.1225
      vertex 56.6 -35.226 37.2439
      vertex 69.5377 -35.226 37.2439
    endloop
  endfacet
  facet normal 0 0.989186 -0.146667
    outer loop
      vertex 56.6 -35.226 37.2439
      vertex 69.5077 -35.244 37.1225
      vertex 56.6 -35.244 37.1225
    endloop
  endfacet
  facet normal 0 -0.85778 0.514016
    outer loop
      vertex 71.8122 -32.9607 36.3055
      vertex 56.6 -32.8976 36.4108
      vertex 56.6 -32.9607 36.3055
    endloop
  endfacet
  facet normal 0 -0.85778 0.514016
    outer loop
      vertex 56.6 -32.8976 36.4108
      vertex 71.8122 -32.9607 36.3055
      vertex 71.85 -32.8976 36.4108
    endloop
  endfacet
  facet normal 0 -0.595423 0.803413
    outer loop
      vertex 56.6 -33.207 36.0337
      vertex 71.6055 -33.3055 35.9607
      vertex 71.6646 -33.207 36.0337
    endloop
  endfacet
  facet normal 0 -0.595423 0.803413
    outer loop
      vertex 71.6055 -33.3055 35.9607
      vertex 56.6 -33.207 36.0337
      vertex 56.6 -33.3055 35.9607
    endloop
  endfacet
  facet normal 0 -0.803413 -0.595423
    outer loop
      vertex 56.6 -32.9607 37.6945
      vertex 71.7684 -33.0337 37.793
      vertex 56.6 -33.0337 37.793
    endloop
  endfacet
  facet normal 0 -0.803413 -0.595423
    outer loop
      vertex 71.7684 -33.0337 37.793
      vertex 56.6 -32.9607 37.6945
      vertex 71.8122 -32.9607 37.6945
    endloop
  endfacet
  facet normal 0 -0.941613 0.336698
    outer loop
      vertex 71.8815 -32.8451 36.5216
      vertex 71.9031 -32.8038 36.6371
      vertex 56.6 -32.8038 36.6371
    endloop
  endfacet
  facet normal 0 -0.941613 0.336698
    outer loop
      vertex 71.8815 -32.8451 36.5216
      vertex 56.6 -32.8038 36.6371
      vertex 56.6 -32.8451 36.5216
    endloop
  endfacet
  facet normal -0.0535979 -0.937039 0.345086
    outer loop
      vertex 71.9031 -32.8038 36.6371
      vertex 71.8815 -32.8451 36.5216
      vertex 71.8915 -32.8284 36.5685
    endloop
  endfacet
  facet normal -0.0116328 -0.137115 0.990487
    outer loop
      vertex 71.2753 -33.7561 35.774
      vertex 71.1736 -33.8775 35.756
      vertex 71.2381 -33.8064 35.7666
    endloop
  endfacet
  facet normal 0 -0.146667 0.989186
    outer loop
      vertex 56.6 -33.7561 35.774
      vertex 71.1736 -33.8775 35.756
      vertex 71.2753 -33.7561 35.774
    endloop
  endfacet
  facet normal 0 -0.146667 0.989186
    outer loop
      vertex 71.1736 -33.8775 35.756
      vertex 56.6 -33.7561 35.774
      vertex 56.6 -33.8775 35.756
    endloop
  endfacet
  facet normal 0 0.0489209 -0.998803
    outer loop
      vertex 56.6 -34 38.25
      vertex 70.9515 -34.1225 38.244
      vertex 56.6 -34.1225 38.244
    endloop
  endfacet
  facet normal 0 0.0489209 -0.998803
    outer loop
      vertex 70.9515 -34.1225 38.244
      vertex 56.6 -34 38.25
      vertex 71.0626 -34 38.25
    endloop
  endfacet
  facet normal -0 0.998803 0.0489209
    outer loop
      vertex 56.6 -35.244 36.8775
      vertex 69.4977 -35.25 37
      vertex 69.5077 -35.244 36.8775
    endloop
  endfacet
  facet normal 0 0.998803 0.0489209
    outer loop
      vertex 69.4977 -35.25 37
      vertex 56.6 -35.244 36.8775
      vertex 56.6 -35.25 37
    endloop
  endfacet
  facet normal 0 -0.989186 -0.146667
    outer loop
      vertex 56.6 -32.756 37.1225
      vertex 71.9172 -32.774 37.2439
      vertex 56.6 -32.774 37.2439
    endloop
  endfacet
  facet normal 0 -0.989186 -0.146667
    outer loop
      vertex 71.9172 -32.774 37.2439
      vertex 56.6 -32.756 37.1225
      vertex 71.9258 -32.756 37.1225
    endloop
  endfacet
  facet normal 0.000374682 0.513676 0.857984
    outer loop
      vertex 70.4602 -34.5892 35.8976
      vertex 70.3303 -34.6945 35.9607
      vertex 70.4064 -34.6381 35.9269
    endloop
  endfacet
  facet normal -0 0.514016 0.85778
    outer loop
      vertex 56.6 -34.5892 35.8976
      vertex 70.3303 -34.6945 35.9607
      vertex 70.4602 -34.5892 35.8976
    endloop
  endfacet
  facet normal 0 0.514016 0.85778
    outer loop
      vertex 70.3303 -34.6945 35.9607
      vertex 56.6 -34.5892 35.8976
      vertex 56.6 -34.6945 35.9607
    endloop
  endfacet
  facet normal -0.00482852 0.806085 -0.59178
    outer loop
      vertex 69.8491 -35.0393 37.6945
      vertex 69.9638 -34.9663 37.793
      vertex 69.9334 -34.9888 37.7626
    endloop
  endfacet
  facet normal 0 0.803413 -0.595423
    outer loop
      vertex 69.9638 -34.9663 37.793
      vertex 69.8491 -35.0393 37.6945
      vertex 56.6 -34.9663 37.793
    endloop
  endfacet
  facet normal 0 0.803413 -0.595423
    outer loop
      vertex 56.6 -34.9663 37.793
      vertex 69.8491 -35.0393 37.6945
      vertex 56.6 -35.0393 37.6945
    endloop
  endfacet
  facet normal 0 -0.671617 0.740898
    outer loop
      vertex 56.6 -33.1161 36.1161
      vertex 71.6646 -33.207 36.0337
      vertex 71.7191 -33.1161 36.1161
    endloop
  endfacet
  facet normal 0 -0.671617 0.740898
    outer loop
      vertex 71.6646 -33.207 36.0337
      vertex 56.6 -33.1161 36.1161
      vertex 56.6 -33.207 36.0337
    endloop
  endfacet
  facet normal 0 -0.740898 0.671617
    outer loop
      vertex 71.7191 -33.1161 36.1161
      vertex 56.6 -33.0337 36.207
      vertex 56.6 -33.1161 36.1161
    endloop
  endfacet
  facet normal 0 -0.740898 0.671617
    outer loop
      vertex 56.6 -33.0337 36.207
      vertex 71.7191 -33.1161 36.1161
      vertex 71.7684 -33.0337 36.207
    endloop
  endfacet
  facet normal -0 0.0489209 0.998803
    outer loop
      vertex 56.6 -34 35.75
      vertex 70.9515 -34.1225 35.756
      vertex 71.0626 -34 35.75
    endloop
  endfacet
  facet normal 0 0.0489209 0.998803
    outer loop
      vertex 70.9515 -34.1225 35.756
      vertex 56.6 -34 35.75
      vertex 56.6 -34.1225 35.756
    endloop
  endfacet
  facet normal 0 -0.803413 0.595423
    outer loop
      vertex 71.7684 -33.0337 36.207
      vertex 56.6 -32.9607 36.3055
      vertex 56.6 -33.0337 36.207
    endloop
  endfacet
  facet normal 0 -0.803413 0.595423
    outer loop
      vertex 56.6 -32.9607 36.3055
      vertex 71.7684 -33.0337 36.207
      vertex 71.8122 -32.9607 36.3055
    endloop
  endfacet
  facet normal -0 0.989186 0.146667
    outer loop
      vertex 56.6 -35.226 36.7561
      vertex 69.5077 -35.244 36.8775
      vertex 69.5377 -35.226 36.7561
    endloop
  endfacet
  facet normal 0 0.989186 0.146667
    outer loop
      vertex 69.5077 -35.244 36.8775
      vertex 56.6 -35.226 36.7561
      vertex 56.6 -35.244 36.8775
    endloop
  endfacet
  facet normal 0 -0.336698 0.941613
    outer loop
      vertex 56.6 -33.5216 35.8451
      vertex 71.3636 -33.6371 35.8038
      vertex 71.4492 -33.5216 35.8451
    endloop
  endfacet
  facet normal 0 -0.336698 0.941613
    outer loop
      vertex 71.3636 -33.6371 35.8038
      vertex 56.6 -33.5216 35.8451
      vertex 56.6 -33.6371 35.8038
    endloop
  endfacet
  facet normal -0 0.671617 0.740898
    outer loop
      vertex 56.6 -34.793 36.0337
      vertex 70.0749 -34.8839 36.1161
      vertex 70.1975 -34.793 36.0337
    endloop
  endfacet
  facet normal 0 0.671617 0.740898
    outer loop
      vertex 70.0749 -34.8839 36.1161
      vertex 56.6 -34.793 36.0337
      vertex 56.6 -34.8839 36.1161
    endloop
  endfacet
  facet normal -0 0.595423 0.803413
    outer loop
      vertex 56.6 -34.6945 35.9607
      vertex 70.1975 -34.793 36.0337
      vertex 70.3303 -34.6945 35.9607
    endloop
  endfacet
  facet normal 0 0.595423 0.803413
    outer loop
      vertex 70.1975 -34.793 36.0337
      vertex 56.6 -34.6945 35.9607
      vertex 56.6 -34.793 36.0337
    endloop
  endfacet
  facet normal -0 0.428192 0.903688
    outer loop
      vertex 56.6 -34.4784 35.8451
      vertex 70.4602 -34.5892 35.8976
      vertex 70.5826 -34.4784 35.8451
    endloop
  endfacet
  facet normal 0 0.428192 0.903688
    outer loop
      vertex 70.4602 -34.5892 35.8976
      vertex 56.6 -34.4784 35.8451
      vertex 56.6 -34.5892 35.8976
    endloop
  endfacet
  facet normal 0 -0.428192 0.903688
    outer loop
      vertex 56.6 -33.4108 35.8976
      vertex 71.4492 -33.5216 35.8451
      vertex 71.5315 -33.4108 35.8976
    endloop
  endfacet
  facet normal 0 -0.428192 0.903688
    outer loop
      vertex 71.4492 -33.5216 35.8451
      vertex 56.6 -33.4108 35.8976
      vertex 56.6 -33.5216 35.8451
    endloop
  endfacet
  facet normal 0 -0.998803 -0.0489209
    outer loop
      vertex 56.6 -32.75 37
      vertex 71.9258 -32.756 37.1225
      vertex 56.6 -32.756 37.1225
    endloop
  endfacet
  facet normal 0 -0.998803 -0.0489209
    outer loop
      vertex 71.9258 -32.756 37.1225
      vertex 56.6 -32.75 37
      vertex 71.9286 -32.75 37
    endloop
  endfacet
  facet normal 0 -0.85778 -0.514016
    outer loop
      vertex 56.6 -32.8976 37.5892
      vertex 71.8122 -32.9607 37.6945
      vertex 56.6 -32.9607 37.6945
    endloop
  endfacet
  facet normal 0 -0.85778 -0.514016
    outer loop
      vertex 71.8122 -32.9607 37.6945
      vertex 56.6 -32.8976 37.5892
      vertex 71.85 -32.8976 37.5892
    endloop
  endfacet
  facet normal 0.0600689 0.0928338 0.993868
    outer loop
      vertex 70.9515 -34.1225 35.756
      vertex 70.8413 -34.2439 35.774
      vertex 70.8426 -34.2426 35.7738
    endloop
  endfacet
  facet normal -0 0.146667 0.989186
    outer loop
      vertex 56.6 -34.1225 35.756
      vertex 70.8413 -34.2439 35.774
      vertex 70.9515 -34.1225 35.756
    endloop
  endfacet
  facet normal 0 0.146667 0.989186
    outer loop
      vertex 70.8413 -34.2439 35.774
      vertex 56.6 -34.1225 35.756
      vertex 56.6 -34.2439 35.774
    endloop
  endfacet
  facet normal -0.00555974 -0.511131 0.859485
    outer loop
      vertex 71.6055 -33.3055 35.9607
      vertex 71.5315 -33.4108 35.8976
      vertex 71.5888 -33.3334 35.944
    endloop
  endfacet
  facet normal 0 -0.514016 0.85778
    outer loop
      vertex 56.6 -33.3055 35.9607
      vertex 71.5315 -33.4108 35.8976
      vertex 71.6055 -33.3055 35.9607
    endloop
  endfacet
  facet normal 0 -0.514016 0.85778
    outer loop
      vertex 71.5315 -33.4108 35.8976
      vertex 56.6 -33.3055 35.9607
      vertex 56.6 -33.4108 35.8976
    endloop
  endfacet
  facet normal 0 -0.336698 -0.941613
    outer loop
      vertex 56.6 -33.5216 38.1549
      vertex 71.3636 -33.6371 38.1962
      vertex 56.6 -33.6371 38.1962
    endloop
  endfacet
  facet normal 0 -0.336698 -0.941613
    outer loop
      vertex 71.3636 -33.6371 38.1962
      vertex 56.6 -33.5216 38.1549
      vertex 71.4492 -33.5216 38.1549
    endloop
  endfacet
  facet normal 0 -0.740898 -0.671617
    outer loop
      vertex 56.6 -33.0337 37.793
      vertex 71.7191 -33.1161 37.8839
      vertex 56.6 -33.1161 37.8839
    endloop
  endfacet
  facet normal 0 -0.740898 -0.671617
    outer loop
      vertex 71.7191 -33.1161 37.8839
      vertex 56.6 -33.0337 37.793
      vertex 71.7684 -33.0337 37.793
    endloop
  endfacet
  facet normal 0 -0.242919 -0.970047
    outer loop
      vertex 56.6 -33.6371 38.1962
      vertex 71.2753 -33.7561 38.226
      vertex 56.6 -33.7561 38.226
    endloop
  endfacet
  facet normal 0 -0.242919 -0.970047
    outer loop
      vertex 71.2753 -33.7561 38.226
      vertex 56.6 -33.6371 38.1962
      vertex 71.3636 -33.6371 38.1962
    endloop
  endfacet
  facet normal 0.000374682 0.513676 -0.857984
    outer loop
      vertex 70.3303 -34.6945 38.0393
      vertex 70.4602 -34.5892 38.1024
      vertex 70.4064 -34.6381 38.0731
    endloop
  endfacet
  facet normal 0 0.514016 -0.85778
    outer loop
      vertex 56.6 -34.5892 38.1024
      vertex 70.3303 -34.6945 38.0393
      vertex 56.6 -34.6945 38.0393
    endloop
  endfacet
  facet normal 0 0.514016 -0.85778
    outer loop
      vertex 70.3303 -34.6945 38.0393
      vertex 56.6 -34.5892 38.1024
      vertex 70.4602 -34.5892 38.1024
    endloop
  endfacet
  facet normal -0 0.970047 0.242919
    outer loop
      vertex 56.6 -35.1962 36.6371
      vertex 69.5377 -35.226 36.7561
      vertex 69.5875 -35.1962 36.6371
    endloop
  endfacet
  facet normal 0 0.970047 0.242919
    outer loop
      vertex 69.5377 -35.226 36.7561
      vertex 56.6 -35.1962 36.6371
      vertex 56.6 -35.226 36.7561
    endloop
  endfacet
  facet normal 0 -0.970047 -0.242919
    outer loop
      vertex 56.6 -32.774 37.2439
      vertex 71.9031 -32.8038 37.3629
      vertex 56.6 -32.8038 37.3629
    endloop
  endfacet
  facet normal 0 -0.970047 -0.242919
    outer loop
      vertex 71.9031 -32.8038 37.3629
      vertex 56.6 -32.774 37.2439
      vertex 71.9172 -32.774 37.2439
    endloop
  endfacet
  facet normal -0.00482852 0.806085 0.59178
    outer loop
      vertex 69.9638 -34.9663 36.207
      vertex 69.8491 -35.0393 36.3055
      vertex 69.9334 -34.9888 36.2374
    endloop
  endfacet
  facet normal 0 0.803413 0.595423
    outer loop
      vertex 69.8491 -35.0393 36.3055
      vertex 69.9638 -34.9663 36.207
      vertex 56.6 -34.9663 36.207
    endloop
  endfacet
  facet normal 0 0.803413 0.595423
    outer loop
      vertex 69.8491 -35.0393 36.3055
      vertex 56.6 -34.9663 36.207
      vertex 56.6 -35.0393 36.3055
    endloop
  endfacet
  facet normal 0 -0.671617 -0.740898
    outer loop
      vertex 56.6 -33.1161 37.8839
      vertex 71.6646 -33.207 37.9663
      vertex 56.6 -33.207 37.9663
    endloop
  endfacet
  facet normal 0 -0.671617 -0.740898
    outer loop
      vertex 71.6646 -33.207 37.9663
      vertex 56.6 -33.1161 37.8839
      vertex 71.7191 -33.1161 37.8839
    endloop
  endfacet
  facet normal 0 -0.428192 -0.903688
    outer loop
      vertex 56.6 -33.4108 38.1024
      vertex 71.4492 -33.5216 38.1549
      vertex 56.6 -33.5216 38.1549
    endloop
  endfacet
  facet normal 0 -0.428192 -0.903688
    outer loop
      vertex 71.4492 -33.5216 38.1549
      vertex 56.6 -33.4108 38.1024
      vertex 71.5315 -33.4108 38.1024
    endloop
  endfacet
  facet normal 0 0.595423 -0.803413
    outer loop
      vertex 56.6 -34.6945 38.0393
      vertex 70.1975 -34.793 37.9663
      vertex 56.6 -34.793 37.9663
    endloop
  endfacet
  facet normal 0 0.595423 -0.803413
    outer loop
      vertex 70.1975 -34.793 37.9663
      vertex 56.6 -34.6945 38.0393
      vertex 70.3303 -34.6945 38.0393
    endloop
  endfacet
  facet normal -0.0116328 -0.137115 -0.990487
    outer loop
      vertex 71.1736 -33.8775 38.244
      vertex 71.2753 -33.7561 38.226
      vertex 71.2381 -33.8064 38.2334
    endloop
  endfacet
  facet normal 0 -0.146667 -0.989186
    outer loop
      vertex 56.6 -33.7561 38.226
      vertex 71.1736 -33.8775 38.244
      vertex 56.6 -33.8775 38.244
    endloop
  endfacet
  facet normal 0 -0.146667 -0.989186
    outer loop
      vertex 71.1736 -33.8775 38.244
      vertex 56.6 -33.7561 38.226
      vertex 71.2753 -33.7561 38.226
    endloop
  endfacet
  facet normal 0 -0.989186 0.146667
    outer loop
      vertex 71.9172 -32.774 36.7561
      vertex 56.6 -32.756 36.8775
      vertex 56.6 -32.774 36.7561
    endloop
  endfacet
  facet normal 0 -0.989186 0.146667
    outer loop
      vertex 56.6 -32.756 36.8775
      vertex 71.9172 -32.774 36.7561
      vertex 71.9258 -32.756 36.8775
    endloop
  endfacet
  facet normal 1 0 0
    outer loop
      vertex 56.6 -32.756 37.1225
      vertex 56.6 -32.756 36.8775
      vertex 56.6 -32.75 37
    endloop
  endfacet
  facet normal 1 0 0
    outer loop
      vertex 56.6 -32.774 37.2439
      vertex 56.6 -32.756 36.8775
      vertex 56.6 -32.756 37.1225
    endloop
  endfacet
  facet normal 1 0 0
    outer loop
      vertex 56.6 -32.774 37.2439
      vertex 56.6 -32.774 36.7561
      vertex 56.6 -32.756 36.8775
    endloop
  endfacet
  facet normal 1 0 0
    outer loop
      vertex 56.6 -32.8038 37.3629
      vertex 56.6 -32.774 36.7561
      vertex 56.6 -32.774 37.2439
    endloop
  endfacet
  facet normal 1 0 0
    outer loop
      vertex 56.6 -32.8038 37.3629
      vertex 56.6 -32.8038 36.6371
      vertex 56.6 -32.774 36.7561
    endloop
  endfacet
  facet normal 1 0 0
    outer loop
      vertex 56.6 -32.8451 37.4784
      vertex 56.6 -32.8038 36.6371
      vertex 56.6 -32.8038 37.3629
    endloop
  endfacet
  facet normal 1 0 0
    outer loop
      vertex 56.6 -32.8451 37.4784
      vertex 56.6 -32.8451 36.5216
      vertex 56.6 -32.8038 36.6371
    endloop
  endfacet
  facet normal 1 0 0
    outer loop
      vertex 56.6 -32.8976 37.5892
      vertex 56.6 -32.8451 36.5216
      vertex 56.6 -32.8451 37.4784
    endloop
  endfacet
  facet normal 1 0 0
    outer loop
      vertex 56.6 -32.8976 37.5892
      vertex 56.6 -32.8976 36.4108
      vertex 56.6 -32.8451 36.5216
    endloop
  endfacet
  facet normal 1 0 0
    outer loop
      vertex 56.6 -32.9607 37.6945
      vertex 56.6 -32.8976 36.4108
      vertex 56.6 -32.8976 37.5892
    endloop
  endfacet
  facet normal 1 0 0
    outer loop
      vertex 56.6 -32.9607 37.6945
      vertex 56.6 -32.9607 36.3055
      vertex 56.6 -32.8976 36.4108
    endloop
  endfacet
  facet normal 1 0 0
    outer loop
      vertex 56.6 -33.0337 37.793
      vertex 56.6 -32.9607 36.3055
      vertex 56.6 -32.9607 37.6945
    endloop
  endfacet
  facet normal 1 0 0
    outer loop
      vertex 56.6 -33.0337 37.793
      vertex 56.6 -33.0337 36.207
      vertex 56.6 -32.9607 36.3055
    endloop
  endfacet
  facet normal 1 0 0
    outer loop
      vertex 56.6 -33.1161 37.8839
      vertex 56.6 -33.0337 36.207
      vertex 56.6 -33.0337 37.793
    endloop
  endfacet
  facet normal 1 0 0
    outer loop
      vertex 56.6 -33.1161 37.8839
      vertex 56.6 -33.1161 36.1161
      vertex 56.6 -33.0337 36.207
    endloop
  endfacet
  facet normal 1 0 0
    outer loop
      vertex 56.6 -33.207 37.9663
      vertex 56.6 -33.1161 36.1161
      vertex 56.6 -33.1161 37.8839
    endloop
  endfacet
  facet normal 1 0 0
    outer loop
      vertex 56.6 -33.207 37.9663
      vertex 56.6 -33.207 36.0337
      vertex 56.6 -33.1161 36.1161
    endloop
  endfacet
  facet normal 1 0 0
    outer loop
      vertex 56.6 -33.3055 38.0393
      vertex 56.6 -33.207 36.0337
      vertex 56.6 -33.207 37.9663
    endloop
  endfacet
  facet normal 1 0 0
    outer loop
      vertex 56.6 -33.3055 38.0393
      vertex 56.6 -33.3055 35.9607
      vertex 56.6 -33.207 36.0337
    endloop
  endfacet
  facet normal 1 0 0
    outer loop
      vertex 56.6 -33.4108 38.1024
      vertex 56.6 -33.3055 35.9607
      vertex 56.6 -33.3055 38.0393
    endloop
  endfacet
  facet normal 1 0 0
    outer loop
      vertex 56.6 -33.4108 38.1024
      vertex 56.6 -33.4108 35.8976
      vertex 56.6 -33.3055 35.9607
    endloop
  endfacet
  facet normal 1 0 0
    outer loop
      vertex 56.6 -33.5216 38.1549
      vertex 56.6 -33.4108 35.8976
      vertex 56.6 -33.4108 38.1024
    endloop
  endfacet
  facet normal 1 0 0
    outer loop
      vertex 56.6 -33.5216 38.1549
      vertex 56.6 -33.5216 35.8451
      vertex 56.6 -33.4108 35.8976
    endloop
  endfacet
  facet normal 1 0 0
    outer loop
      vertex 56.6 -33.6371 38.1962
      vertex 56.6 -33.5216 35.8451
      vertex 56.6 -33.5216 38.1549
    endloop
  endfacet
  facet normal 1 0 0
    outer loop
      vertex 56.6 -33.6371 38.1962
      vertex 56.6 -33.6371 35.8038
      vertex 56.6 -33.5216 35.8451
    endloop
  endfacet
  facet normal 1 0 0
    outer loop
      vertex 56.6 -33.7561 38.226
      vertex 56.6 -33.6371 35.8038
      vertex 56.6 -33.6371 38.1962
    endloop
  endfacet
  facet normal 1 0 0
    outer loop
      vertex 56.6 -33.7561 38.226
      vertex 56.6 -33.7561 35.774
      vertex 56.6 -33.6371 35.8038
    endloop
  endfacet
  facet normal 1 0 0
    outer loop
      vertex 56.6 -33.8775 38.244
      vertex 56.6 -33.7561 35.774
      vertex 56.6 -33.7561 38.226
    endloop
  endfacet
  facet normal 1 0 0
    outer loop
      vertex 56.6 -33.8775 38.244
      vertex 56.6 -33.8775 35.756
      vertex 56.6 -33.7561 35.774
    endloop
  endfacet
  facet normal 1 0 0
    outer loop
      vertex 56.6 -34 38.25
      vertex 56.6 -33.8775 35.756
      vertex 56.6 -33.8775 38.244
    endloop
  endfacet
  facet normal 1 0 0
    outer loop
      vertex 56.6 -34 38.25
      vertex 56.6 -34 35.75
      vertex 56.6 -33.8775 35.756
    endloop
  endfacet
  facet normal 1 -0 0
    outer loop
      vertex 56.6 -34.1225 38.244
      vertex 56.6 -34 35.75
      vertex 56.6 -34 38.25
    endloop
  endfacet
  facet normal 1 0 0
    outer loop
      vertex 56.6 -34.1225 38.244
      vertex 56.6 -34.1225 35.756
      vertex 56.6 -34 35.75
    endloop
  endfacet
  facet normal 1 -0 0
    outer loop
      vertex 56.6 -34.2439 38.226
      vertex 56.6 -34.1225 35.756
      vertex 56.6 -34.1225 38.244
    endloop
  endfacet
  facet normal 1 0 0
    outer loop
      vertex 56.6 -34.2439 38.226
      vertex 56.6 -34.2439 35.774
      vertex 56.6 -34.1225 35.756
    endloop
  endfacet
  facet normal 1 -0 0
    outer loop
      vertex 56.6 -34.3629 38.1962
      vertex 56.6 -34.2439 35.774
      vertex 56.6 -34.2439 38.226
    endloop
  endfacet
  facet normal 1 0 0
    outer loop
      vertex 56.6 -34.3629 38.1962
      vertex 56.6 -34.3629 35.8038
      vertex 56.6 -34.2439 35.774
    endloop
  endfacet
  facet normal 1 -0 0
    outer loop
      vertex 56.6 -34.4784 38.1549
      vertex 56.6 -34.3629 35.8038
      vertex 56.6 -34.3629 38.1962
    endloop
  endfacet
  facet normal 1 0 0
    outer loop
      vertex 56.6 -34.4784 38.1549
      vertex 56.6 -34.4784 35.8451
      vertex 56.6 -34.3629 35.8038
    endloop
  endfacet
  facet normal 1 -0 0
    outer loop
      vertex 56.6 -34.5892 38.1024
      vertex 56.6 -34.4784 35.8451
      vertex 56.6 -34.4784 38.1549
    endloop
  endfacet
  facet normal 1 0 0
    outer loop
      vertex 56.6 -34.5892 38.1024
      vertex 56.6 -34.5892 35.8976
      vertex 56.6 -34.4784 35.8451
    endloop
  endfacet
  facet normal 1 -0 0
    outer loop
      vertex 56.6 -34.6945 38.0393
      vertex 56.6 -34.5892 35.8976
      vertex 56.6 -34.5892 38.1024
    endloop
  endfacet
  facet normal 1 0 0
    outer loop
      vertex 56.6 -34.6945 38.0393
      vertex 56.6 -34.6945 35.9607
      vertex 56.6 -34.5892 35.8976
    endloop
  endfacet
  facet normal 1 -0 0
    outer loop
      vertex 56.6 -34.793 37.9663
      vertex 56.6 -34.6945 35.9607
      vertex 56.6 -34.6945 38.0393
    endloop
  endfacet
  facet normal 1 0 0
    outer loop
      vertex 56.6 -34.793 37.9663
      vertex 56.6 -34.793 36.0337
      vertex 56.6 -34.6945 35.9607
    endloop
  endfacet
  facet normal 1 -0 0
    outer loop
      vertex 56.6 -34.8839 37.8839
      vertex 56.6 -34.793 36.0337
      vertex 56.6 -34.793 37.9663
    endloop
  endfacet
  facet normal 1 0 0
    outer loop
      vertex 56.6 -34.8839 37.8839
      vertex 56.6 -34.8839 36.1161
      vertex 56.6 -34.793 36.0337
    endloop
  endfacet
  facet normal 1 -0 0
    outer loop
      vertex 56.6 -34.9663 37.793
      vertex 56.6 -34.8839 36.1161
      vertex 56.6 -34.8839 37.8839
    endloop
  endfacet
  facet normal 1 0 0
    outer loop
      vertex 56.6 -34.9663 37.793
      vertex 56.6 -34.9663 36.207
      vertex 56.6 -34.8839 36.1161
    endloop
  endfacet
  facet normal 1 -0 0
    outer loop
      vertex 56.6 -35.0393 37.6945
      vertex 56.6 -34.9663 36.207
      vertex 56.6 -34.9663 37.793
    endloop
  endfacet
  facet normal 1 0 0
    outer loop
      vertex 56.6 -35.0393 37.6945
      vertex 56.6 -35.0393 36.3055
      vertex 56.6 -34.9663 36.207
    endloop
  endfacet
  facet normal 1 -0 0
    outer loop
      vertex 56.6 -35.1024 37.5892
      vertex 56.6 -35.0393 36.3055
      vertex 56.6 -35.0393 37.6945
    endloop
  endfacet
  facet normal 1 0 0
    outer loop
      vertex 56.6 -35.1024 37.5892
      vertex 56.6 -35.1024 36.4108
      vertex 56.6 -35.0393 36.3055
    endloop
  endfacet
  facet normal 1 -0 0
    outer loop
      vertex 56.6 -35.1549 37.4784
      vertex 56.6 -35.1024 36.4108
      vertex 56.6 -35.1024 37.5892
    endloop
  endfacet
  facet normal 1 0 0
    outer loop
      vertex 56.6 -35.1549 37.4784
      vertex 56.6 -35.1549 36.5216
      vertex 56.6 -35.1024 36.4108
    endloop
  endfacet
  facet normal 1 -0 0
    outer loop
      vertex 56.6 -35.1962 37.3629
      vertex 56.6 -35.1549 36.5216
      vertex 56.6 -35.1549 37.4784
    endloop
  endfacet
  facet normal 1 0 0
    outer loop
      vertex 56.6 -35.1962 37.3629
      vertex 56.6 -35.1962 36.6371
      vertex 56.6 -35.1549 36.5216
    endloop
  endfacet
  facet normal 1 -0 0
    outer loop
      vertex 56.6 -35.226 37.2439
      vertex 56.6 -35.1962 36.6371
      vertex 56.6 -35.1962 37.3629
    endloop
  endfacet
  facet normal 1 0 0
    outer loop
      vertex 56.6 -35.226 37.2439
      vertex 56.6 -35.226 36.7561
      vertex 56.6 -35.1962 36.6371
    endloop
  endfacet
  facet normal 1 -0 0
    outer loop
      vertex 56.6 -35.244 37.1225
      vertex 56.6 -35.226 36.7561
      vertex 56.6 -35.226 37.2439
    endloop
  endfacet
  facet normal 1 0 0
    outer loop
      vertex 56.6 -35.244 37.1225
      vertex 56.6 -35.244 36.8775
      vertex 56.6 -35.226 36.7561
    endloop
  endfacet
  facet normal 1 0 -0
    outer loop
      vertex 56.6 -35.244 36.8775
      vertex 56.6 -35.244 37.1225
      vertex 56.6 -35.25 37
    endloop
  endfacet
  facet normal 0 -0.0489209 -0.998803
    outer loop
      vertex 56.6 -33.8775 38.244
      vertex 71.0626 -34 38.25
      vertex 56.6 -34 38.25
    endloop
  endfacet
  facet normal 0 -0.0489209 -0.998803
    outer loop
      vertex 71.0626 -34 38.25
      vertex 56.6 -33.8775 38.244
      vertex 71.1736 -33.8775 38.244
    endloop
  endfacet
  facet normal 0 0.941613 -0.336698
    outer loop
      vertex 69.5875 -35.1962 37.3629
      vertex 56.6 -35.1549 37.4784
      vertex 69.6564 -35.1549 37.4784
    endloop
  endfacet
  facet normal 0 0.941613 -0.336698
    outer loop
      vertex 56.6 -35.1549 37.4784
      vertex 69.5875 -35.1962 37.3629
      vertex 56.6 -35.1962 37.3629
    endloop
  endfacet
  facet normal -0 0.740898 0.671617
    outer loop
      vertex 56.6 -34.8839 36.1161
      vertex 69.9638 -34.9663 36.207
      vertex 70.0749 -34.8839 36.1161
    endloop
  endfacet
  facet normal 0 0.740898 0.671617
    outer loop
      vertex 69.9638 -34.9663 36.207
      vertex 56.6 -34.8839 36.1161
      vertex 56.6 -34.9663 36.207
    endloop
  endfacet
  facet normal 0 -0.242919 0.970047
    outer loop
      vertex 56.6 34.2439 35.774
      vertex 70.71 34.3629 35.8038
      vertex 56.6 34.3629 35.8038
    endloop
  endfacet
  facet normal 0 -0.242919 0.970047
    outer loop
      vertex 70.71 34.3629 35.8038
      vertex 56.6 34.2439 35.774
      vertex 70.8413 34.2439 35.774
    endloop
  endfacet
  facet normal -0 -0.989186 -0.146667
    outer loop
      vertex 69.5077 35.244 37.1225
      vertex 56.6 35.226 37.2439
      vertex 56.6 35.244 37.1225
    endloop
  endfacet
  facet normal 0 -0.989186 -0.146667
    outer loop
      vertex 56.6 35.226 37.2439
      vertex 69.5077 35.244 37.1225
      vertex 69.5377 35.226 37.2439
    endloop
  endfacet
  facet normal -0.0535979 0.937039 0.345086
    outer loop
      vertex 71.8815 32.8451 36.5216
      vertex 71.9031 32.8038 36.6371
      vertex 71.8915 32.8284 36.5685
    endloop
  endfacet
  facet normal 0 0.941613 0.336698
    outer loop
      vertex 71.9031 32.8038 36.6371
      vertex 71.8815 32.8451 36.5216
      vertex 56.6 32.8038 36.6371
    endloop
  endfacet
  facet normal 0 0.941613 0.336698
    outer loop
      vertex 56.6 32.8038 36.6371
      vertex 71.8815 32.8451 36.5216
      vertex 56.6 32.8451 36.5216
    endloop
  endfacet
  facet normal 0 -0.671617 -0.740898
    outer loop
      vertex 56.6 34.793 37.9663
      vertex 70.0749 34.8839 37.8839
      vertex 70.1975 34.793 37.9663
    endloop
  endfacet
  facet normal -0 -0.671617 -0.740898
    outer loop
      vertex 70.0749 34.8839 37.8839
      vertex 56.6 34.793 37.9663
      vertex 56.6 34.8839 37.8839
    endloop
  endfacet
  facet normal 0 -0.903688 0.428192
    outer loop
      vertex 56.6 35.1024 36.4108
      vertex 69.6564 35.1549 36.5216
      vertex 56.6 35.1549 36.5216
    endloop
  endfacet
  facet normal 0 -0.903688 0.428192
    outer loop
      vertex 69.6564 35.1549 36.5216
      vertex 56.6 35.1024 36.4108
      vertex 69.7439 35.1024 36.4108
    endloop
  endfacet
  facet normal -0 -0.740898 -0.671617
    outer loop
      vertex 69.9638 34.9663 37.793
      vertex 56.6 34.8839 37.8839
      vertex 56.6 34.9663 37.793
    endloop
  endfacet
  facet normal 0 -0.740898 -0.671617
    outer loop
      vertex 56.6 34.8839 37.8839
      vertex 69.9638 34.9663 37.793
      vertex 70.0749 34.8839 37.8839
    endloop
  endfacet
  facet normal 0 0.671617 -0.740898
    outer loop
      vertex 56.6 33.1161 37.8839
      vertex 71.6646 33.207 37.9663
      vertex 71.7191 33.1161 37.8839
    endloop
  endfacet
  facet normal 0 0.671617 -0.740898
    outer loop
      vertex 71.6646 33.207 37.9663
      vertex 56.6 33.1161 37.8839
      vertex 56.6 33.207 37.9663
    endloop
  endfacet
  facet normal 0 -0.336698 0.941613
    outer loop
      vertex 56.6 34.3629 35.8038
      vertex 70.5826 34.4784 35.8451
      vertex 56.6 34.4784 35.8451
    endloop
  endfacet
  facet normal 0 -0.336698 0.941613
    outer loop
      vertex 70.5826 34.4784 35.8451
      vertex 56.6 34.3629 35.8038
      vertex 70.71 34.3629 35.8038
    endloop
  endfacet
  facet normal 0 -0.0489209 0.998803
    outer loop
      vertex 56.6 34 35.75
      vertex 70.9515 34.1225 35.756
      vertex 56.6 34.1225 35.756
    endloop
  endfacet
  facet normal 0 -0.0489209 0.998803
    outer loop
      vertex 70.9515 34.1225 35.756
      vertex 56.6 34 35.75
      vertex 71.0626 34 35.75
    endloop
  endfacet
  facet normal 0 -0.740898 0.671617
    outer loop
      vertex 56.6 34.8839 36.1161
      vertex 69.9638 34.9663 36.207
      vertex 56.6 34.9663 36.207
    endloop
  endfacet
  facet normal 0 -0.740898 0.671617
    outer loop
      vertex 69.9638 34.9663 36.207
      vertex 56.6 34.8839 36.1161
      vertex 70.0749 34.8839 36.1161
    endloop
  endfacet
  facet normal 0 0.903688 0.428192
    outer loop
      vertex 71.85 32.8976 36.4108
      vertex 56.6 32.8451 36.5216
      vertex 71.8815 32.8451 36.5216
    endloop
  endfacet
  facet normal 0 0.903688 0.428192
    outer loop
      vertex 56.6 32.8451 36.5216
      vertex 71.85 32.8976 36.4108
      vertex 56.6 32.8976 36.4108
    endloop
  endfacet
  facet normal 0 -0.671617 0.740898
    outer loop
      vertex 56.6 34.793 36.0337
      vertex 70.0749 34.8839 36.1161
      vertex 56.6 34.8839 36.1161
    endloop
  endfacet
  facet normal 0 -0.671617 0.740898
    outer loop
      vertex 70.0749 34.8839 36.1161
      vertex 56.6 34.793 36.0337
      vertex 70.1975 34.793 36.0337
    endloop
  endfacet
  facet normal 0 -0.85778 0.514016
    outer loop
      vertex 56.6 35.0393 36.3055
      vertex 69.7439 35.1024 36.4108
      vertex 56.6 35.1024 36.4108
    endloop
  endfacet
  facet normal 0 -0.85778 0.514016
    outer loop
      vertex 69.7439 35.1024 36.4108
      vertex 56.6 35.0393 36.3055
      vertex 69.8491 35.0393 36.3055
    endloop
  endfacet
  facet normal 0 0.595423 -0.803413
    outer loop
      vertex 56.6 33.207 37.9663
      vertex 71.6055 33.3055 38.0393
      vertex 71.6646 33.207 37.9663
    endloop
  endfacet
  facet normal 0 0.595423 -0.803413
    outer loop
      vertex 71.6055 33.3055 38.0393
      vertex 56.6 33.207 37.9663
      vertex 56.6 33.3055 38.0393
    endloop
  endfacet
  facet normal 0 0.0489209 0.998803
    outer loop
      vertex 56.6 33.8775 35.756
      vertex 71.0626 34 35.75
      vertex 56.6 34 35.75
    endloop
  endfacet
  facet normal 0 0.0489209 0.998803
    outer loop
      vertex 71.0626 34 35.75
      vertex 56.6 33.8775 35.756
      vertex 71.1736 33.8775 35.756
    endloop
  endfacet
  facet normal 0 0.428192 0.903688
    outer loop
      vertex 56.6 33.4108 35.8976
      vertex 71.4492 33.5216 35.8451
      vertex 56.6 33.5216 35.8451
    endloop
  endfacet
  facet normal 0 0.428192 0.903688
    outer loop
      vertex 71.4492 33.5216 35.8451
      vertex 56.6 33.4108 35.8976
      vertex 71.5315 33.4108 35.8976
    endloop
  endfacet
  facet normal 0 -0.0489209 -0.998803
    outer loop
      vertex 56.6 34 38.25
      vertex 70.9515 34.1225 38.244
      vertex 71.0626 34 38.25
    endloop
  endfacet
  facet normal -0 -0.0489209 -0.998803
    outer loop
      vertex 70.9515 34.1225 38.244
      vertex 56.6 34 38.25
      vertex 56.6 34.1225 38.244
    endloop
  endfacet
  facet normal 0 0.998803 -0.0489209
    outer loop
      vertex 56.6 32.75 37
      vertex 71.9258 32.756 37.1225
      vertex 71.9286 32.75 37
    endloop
  endfacet
  facet normal 0 0.998803 -0.0489209
    outer loop
      vertex 71.9258 32.756 37.1225
      vertex 56.6 32.75 37
      vertex 56.6 32.756 37.1225
    endloop
  endfacet
  facet normal -0.0116328 0.137115 0.990487
    outer loop
      vertex 71.1736 33.8775 35.756
      vertex 71.2753 33.7561 35.774
      vertex 71.2381 33.8064 35.7666
    endloop
  endfacet
  facet normal 0 0.146667 0.989186
    outer loop
      vertex 56.6 33.7561 35.774
      vertex 71.1736 33.8775 35.756
      vertex 56.6 33.8775 35.756
    endloop
  endfacet
  facet normal 0 0.146667 0.989186
    outer loop
      vertex 71.1736 33.8775 35.756
      vertex 56.6 33.7561 35.774
      vertex 71.2753 33.7561 35.774
    endloop
  endfacet
  facet normal -0 -0.941613 -0.336698
    outer loop
      vertex 69.5875 35.1962 37.3629
      vertex 56.6 35.1549 37.4784
      vertex 56.6 35.1962 37.3629
    endloop
  endfacet
  facet normal 0 -0.941613 -0.336698
    outer loop
      vertex 56.6 35.1549 37.4784
      vertex 69.5875 35.1962 37.3629
      vertex 69.6564 35.1549 37.4784
    endloop
  endfacet
  facet normal -0 -0.970047 -0.242919
    outer loop
      vertex 69.5377 35.226 37.2439
      vertex 56.6 35.1962 37.3629
      vertex 56.6 35.226 37.2439
    endloop
  endfacet
  facet normal 0 -0.970047 -0.242919
    outer loop
      vertex 56.6 35.1962 37.3629
      vertex 69.5377 35.226 37.2439
      vertex 69.5875 35.1962 37.3629
    endloop
  endfacet
  facet normal 0 0.671617 0.740898
    outer loop
      vertex 56.6 33.1161 36.1161
      vertex 71.6646 33.207 36.0337
      vertex 56.6 33.207 36.0337
    endloop
  endfacet
  facet normal 0 0.671617 0.740898
    outer loop
      vertex 71.6646 33.207 36.0337
      vertex 56.6 33.1161 36.1161
      vertex 71.7191 33.1161 36.1161
    endloop
  endfacet
  facet normal 0 0.242919 0.970047
    outer loop
      vertex 56.6 33.6371 35.8038
      vertex 71.2753 33.7561 35.774
      vertex 56.6 33.7561 35.774
    endloop
  endfacet
  facet normal 0 0.242919 0.970047
    outer loop
      vertex 71.2753 33.7561 35.774
      vertex 56.6 33.6371 35.8038
      vertex 71.3636 33.6371 35.8038
    endloop
  endfacet
  facet normal 0 0.242919 -0.970047
    outer loop
      vertex 56.6 33.6371 38.1962
      vertex 71.2753 33.7561 38.226
      vertex 71.3636 33.6371 38.1962
    endloop
  endfacet
  facet normal 0 0.242919 -0.970047
    outer loop
      vertex 71.2753 33.7561 38.226
      vertex 56.6 33.6371 38.1962
      vertex 56.6 33.7561 38.226
    endloop
  endfacet
  facet normal 0 0.0489209 -0.998803
    outer loop
      vertex 56.6 33.8775 38.244
      vertex 71.0626 34 38.25
      vertex 71.1736 33.8775 38.244
    endloop
  endfacet
  facet normal 0 0.0489209 -0.998803
    outer loop
      vertex 71.0626 34 38.25
      vertex 56.6 33.8775 38.244
      vertex 56.6 34 38.25
    endloop
  endfacet
  facet normal 0 0.85778 0.514016
    outer loop
      vertex 71.8122 32.9607 36.3055
      vertex 56.6 32.8976 36.4108
      vertex 71.85 32.8976 36.4108
    endloop
  endfacet
  facet normal 0 0.85778 0.514016
    outer loop
      vertex 56.6 32.8976 36.4108
      vertex 71.8122 32.9607 36.3055
      vertex 56.6 32.9607 36.3055
    endloop
  endfacet
  facet normal 0 -0.803413 -0.595423
    outer loop
      vertex 69.8491 35.0393 37.6945
      vertex 69.9638 34.9663 37.793
      vertex 56.6 34.9663 37.793
    endloop
  endfacet
  facet normal -0 -0.803413 -0.595423
    outer loop
      vertex 69.8491 35.0393 37.6945
      vertex 56.6 34.9663 37.793
      vertex 56.6 35.0393 37.6945
    endloop
  endfacet
  facet normal -0.00482852 -0.806085 -0.59178
    outer loop
      vertex 69.9638 34.9663 37.793
      vertex 69.8491 35.0393 37.6945
      vertex 69.9334 34.9888 37.7626
    endloop
  endfacet
  facet normal 0.000374682 -0.513676 -0.857984
    outer loop
      vertex 70.4602 34.5892 38.1024
      vertex 70.3303 34.6945 38.0393
      vertex 70.4064 34.6381 38.0731
    endloop
  endfacet
  facet normal 0 -0.514016 -0.85778
    outer loop
      vertex 56.6 34.5892 38.1024
      vertex 70.3303 34.6945 38.0393
      vertex 70.4602 34.5892 38.1024
    endloop
  endfacet
  facet normal -0 -0.514016 -0.85778
    outer loop
      vertex 70.3303 34.6945 38.0393
      vertex 56.6 34.5892 38.1024
      vertex 56.6 34.6945 38.0393
    endloop
  endfacet
  facet normal 0.000374682 -0.513676 0.857984
    outer loop
      vertex 70.3303 34.6945 35.9607
      vertex 70.4602 34.5892 35.8976
      vertex 70.4064 34.6381 35.9269
    endloop
  endfacet
  facet normal 0 -0.514016 0.85778
    outer loop
      vertex 56.6 34.5892 35.8976
      vertex 70.3303 34.6945 35.9607
      vertex 56.6 34.6945 35.9607
    endloop
  endfacet
  facet normal 0 -0.514016 0.85778
    outer loop
      vertex 70.3303 34.6945 35.9607
      vertex 56.6 34.5892 35.8976
      vertex 70.4602 34.5892 35.8976
    endloop
  endfacet
  facet normal 0 0.970047 -0.242919
    outer loop
      vertex 56.6 32.774 37.2439
      vertex 71.9031 32.8038 37.3629
      vertex 71.9172 32.774 37.2439
    endloop
  endfacet
  facet normal 0 0.970047 -0.242919
    outer loop
      vertex 71.9031 32.8038 37.3629
      vertex 56.6 32.774 37.2439
      vertex 56.6 32.8038 37.3629
    endloop
  endfacet
  facet normal 0.0600689 -0.0928338 0.993868
    outer loop
      vertex 70.8413 34.2439 35.774
      vertex 70.9515 34.1225 35.756
      vertex 70.8426 34.2426 35.7738
    endloop
  endfacet
  facet normal 0 -0.146667 0.989186
    outer loop
      vertex 56.6 34.1225 35.756
      vertex 70.8413 34.2439 35.774
      vertex 56.6 34.2439 35.774
    endloop
  endfacet
  facet normal 0 -0.146667 0.989186
    outer loop
      vertex 70.8413 34.2439 35.774
      vertex 56.6 34.1225 35.756
      vertex 70.9515 34.1225 35.756
    endloop
  endfacet
  facet normal -0 -0.85778 -0.514016
    outer loop
      vertex 69.7439 35.1024 37.5892
      vertex 56.6 35.0393 37.6945
      vertex 56.6 35.1024 37.5892
    endloop
  endfacet
  facet normal 0 -0.85778 -0.514016
    outer loop
      vertex 56.6 35.0393 37.6945
      vertex 69.7439 35.1024 37.5892
      vertex 69.8491 35.0393 37.6945
    endloop
  endfacet
  facet normal 0 0.336698 -0.941613
    outer loop
      vertex 56.6 33.5216 38.1549
      vertex 71.3636 33.6371 38.1962
      vertex 71.4492 33.5216 38.1549
    endloop
  endfacet
  facet normal 0 0.336698 -0.941613
    outer loop
      vertex 71.3636 33.6371 38.1962
      vertex 56.6 33.5216 38.1549
      vertex 56.6 33.6371 38.1962
    endloop
  endfacet
  facet normal -0 -0.903688 -0.428192
    outer loop
      vertex 69.6564 35.1549 37.4784
      vertex 56.6 35.1024 37.5892
      vertex 56.6 35.1549 37.4784
    endloop
  endfacet
  facet normal 0 -0.903688 -0.428192
    outer loop
      vertex 56.6 35.1024 37.5892
      vertex 69.6564 35.1549 37.4784
      vertex 69.7439 35.1024 37.5892
    endloop
  endfacet
  facet normal 0 -0.336698 -0.941613
    outer loop
      vertex 56.6 34.3629 38.1962
      vertex 70.5826 34.4784 38.1549
      vertex 70.71 34.3629 38.1962
    endloop
  endfacet
  facet normal -0 -0.336698 -0.941613
    outer loop
      vertex 70.5826 34.4784 38.1549
      vertex 56.6 34.3629 38.1962
      vertex 56.6 34.4784 38.1549
    endloop
  endfacet
  facet normal 0 -0.989186 0.146667
    outer loop
      vertex 56.6 35.226 36.7561
      vertex 69.5077 35.244 36.8775
      vertex 56.6 35.244 36.8775
    endloop
  endfacet
  facet normal 0 -0.989186 0.146667
    outer loop
      vertex 69.5077 35.244 36.8775
      vertex 56.6 35.226 36.7561
      vertex 69.5377 35.226 36.7561
    endloop
  endfacet
  facet normal 0 0.970047 0.242919
    outer loop
      vertex 71.9031 32.8038 36.6371
      vertex 56.6 32.774 36.7561
      vertex 71.9172 32.774 36.7561
    endloop
  endfacet
  facet normal 0 0.970047 0.242919
    outer loop
      vertex 56.6 32.774 36.7561
      vertex 71.9031 32.8038 36.6371
      vertex 56.6 32.8038 36.6371
    endloop
  endfacet
  facet normal 0 -0.595423 -0.803413
    outer loop
      vertex 56.6 34.6945 38.0393
      vertex 70.1975 34.793 37.9663
      vertex 70.3303 34.6945 38.0393
    endloop
  endfacet
  facet normal -0 -0.595423 -0.803413
    outer loop
      vertex 70.1975 34.793 37.9663
      vertex 56.6 34.6945 38.0393
      vertex 56.6 34.793 37.9663
    endloop
  endfacet
  facet normal 0.0600689 -0.0928338 -0.993868
    outer loop
      vertex 70.9515 34.1225 38.244
      vertex 70.8413 34.2439 38.226
      vertex 70.8426 34.2426 38.2262
    endloop
  endfacet
  facet normal 0 -0.146667 -0.989186
    outer loop
      vertex 56.6 34.1225 38.244
      vertex 70.8413 34.2439 38.226
      vertex 70.9515 34.1225 38.244
    endloop
  endfacet
  facet normal -0 -0.146667 -0.989186
    outer loop
      vertex 70.8413 34.2439 38.226
      vertex 56.6 34.1225 38.244
      vertex 56.6 34.2439 38.226
    endloop
  endfacet
  facet normal -0.00555974 0.511131 0.859485
    outer loop
      vertex 71.5315 33.4108 35.8976
      vertex 71.6055 33.3055 35.9607
      vertex 71.5888 33.3334 35.944
    endloop
  endfacet
  facet normal 0 0.514016 0.85778
    outer loop
      vertex 56.6 33.3055 35.9607
      vertex 71.5315 33.4108 35.8976
      vertex 56.6 33.4108 35.8976
    endloop
  endfacet
  facet normal 0 0.514016 0.85778
    outer loop
      vertex 71.5315 33.4108 35.8976
      vertex 56.6 33.3055 35.9607
      vertex 71.6055 33.3055 35.9607
    endloop
  endfacet
  facet normal 0 -0.803413 0.595423
    outer loop
      vertex 56.6 34.9663 36.207
      vertex 69.8491 35.0393 36.3055
      vertex 56.6 35.0393 36.3055
    endloop
  endfacet
  facet normal 0 -0.803413 0.595423
    outer loop
      vertex 69.9638 34.9663 36.207
      vertex 69.8491 35.0393 36.3055
      vertex 56.6 34.9663 36.207
    endloop
  endfacet
  facet normal -0.00482852 -0.806085 0.59178
    outer loop
      vertex 69.8491 35.0393 36.3055
      vertex 69.9638 34.9663 36.207
      vertex 69.9334 34.9888 36.2374
    endloop
  endfacet
  facet normal 0 -0.428192 0.903688
    outer loop
      vertex 56.6 34.4784 35.8451
      vertex 70.4602 34.5892 35.8976
      vertex 56.6 34.5892 35.8976
    endloop
  endfacet
  facet normal 0 -0.428192 0.903688
    outer loop
      vertex 70.4602 34.5892 35.8976
      vertex 56.6 34.4784 35.8451
      vertex 70.5826 34.4784 35.8451
    endloop
  endfacet
  facet normal 0 -0.428192 -0.903688
    outer loop
      vertex 56.6 34.4784 38.1549
      vertex 70.4602 34.5892 38.1024
      vertex 70.5826 34.4784 38.1549
    endloop
  endfacet
  facet normal -0 -0.428192 -0.903688
    outer loop
      vertex 70.4602 34.5892 38.1024
      vertex 56.6 34.4784 38.1549
      vertex 56.6 34.5892 38.1024
    endloop
  endfacet
  facet normal 0 0.989186 -0.146667
    outer loop
      vertex 56.6 32.756 37.1225
      vertex 71.9172 32.774 37.2439
      vertex 71.9258 32.756 37.1225
    endloop
  endfacet
  facet normal 0 0.989186 -0.146667
    outer loop
      vertex 71.9172 32.774 37.2439
      vertex 56.6 32.756 37.1225
      vertex 56.6 32.774 37.2439
    endloop
  endfacet
  facet normal 0 -0.595423 0.803413
    outer loop
      vertex 56.6 34.6945 35.9607
      vertex 70.1975 34.793 36.0337
      vertex 56.6 34.793 36.0337
    endloop
  endfacet
  facet normal 0 -0.595423 0.803413
    outer loop
      vertex 70.1975 34.793 36.0337
      vertex 56.6 34.6945 35.9607
      vertex 70.3303 34.6945 35.9607
    endloop
  endfacet
  facet normal -0.00555974 0.511131 -0.859485
    outer loop
      vertex 71.6055 33.3055 38.0393
      vertex 71.5315 33.4108 38.1024
      vertex 71.5888 33.3334 38.056
    endloop
  endfacet
  facet normal 0 0.514016 -0.85778
    outer loop
      vertex 56.6 33.3055 38.0393
      vertex 71.5315 33.4108 38.1024
      vertex 71.6055 33.3055 38.0393
    endloop
  endfacet
  facet normal 0 0.514016 -0.85778
    outer loop
      vertex 71.5315 33.4108 38.1024
      vertex 56.6 33.3055 38.0393
      vertex 56.6 33.4108 38.1024
    endloop
  endfacet
  facet normal 0 -0.998803 0.0489209
    outer loop
      vertex 56.6 35.244 36.8775
      vertex 69.4977 35.25 37
      vertex 56.6 35.25 37
    endloop
  endfacet
  facet normal 0 -0.998803 0.0489209
    outer loop
      vertex 69.4977 35.25 37
      vertex 56.6 35.244 36.8775
      vertex 69.5077 35.244 36.8775
    endloop
  endfacet
  facet normal 0 0.336698 0.941613
    outer loop
      vertex 56.6 33.5216 35.8451
      vertex 71.3636 33.6371 35.8038
      vertex 56.6 33.6371 35.8038
    endloop
  endfacet
  facet normal 0 0.336698 0.941613
    outer loop
      vertex 71.3636 33.6371 35.8038
      vertex 56.6 33.5216 35.8451
      vertex 71.4492 33.5216 35.8451
    endloop
  endfacet
  facet normal 0 0.998803 0.0489209
    outer loop
      vertex 71.9258 32.756 36.8775
      vertex 56.6 32.75 37
      vertex 71.9286 32.75 37
    endloop
  endfacet
  facet normal 0 0.998803 0.0489209
    outer loop
      vertex 56.6 32.75 37
      vertex 71.9258 32.756 36.8775
      vertex 56.6 32.756 36.8775
    endloop
  endfacet
  facet normal -0 -0.998803 -0.0489209
    outer loop
      vertex 69.4977 35.25 37
      vertex 56.6 35.244 37.1225
      vertex 56.6 35.25 37
    endloop
  endfacet
  facet normal 0 -0.998803 -0.0489209
    outer loop
      vertex 56.6 35.244 37.1225
      vertex 69.4977 35.25 37
      vertex 69.5077 35.244 37.1225
    endloop
  endfacet
  facet normal 0 -0.941613 0.336698
    outer loop
      vertex 56.6 35.1549 36.5216
      vertex 69.5875 35.1962 36.6371
      vertex 56.6 35.1962 36.6371
    endloop
  endfacet
  facet normal 0 -0.941613 0.336698
    outer loop
      vertex 69.5875 35.1962 36.6371
      vertex 56.6 35.1549 36.5216
      vertex 69.6564 35.1549 36.5216
    endloop
  endfacet
  facet normal 0 0.595423 0.803413
    outer loop
      vertex 56.6 33.207 36.0337
      vertex 71.6055 33.3055 35.9607
      vertex 56.6 33.3055 35.9607
    endloop
  endfacet
  facet normal 0 0.595423 0.803413
    outer loop
      vertex 71.6055 33.3055 35.9607
      vertex 56.6 33.207 36.0337
      vertex 71.6646 33.207 36.0337
    endloop
  endfacet
  facet normal 0 0.989186 0.146667
    outer loop
      vertex 71.9172 32.774 36.7561
      vertex 56.6 32.756 36.8775
      vertex 71.9258 32.756 36.8775
    endloop
  endfacet
  facet normal 0 0.989186 0.146667
    outer loop
      vertex 56.6 32.756 36.8775
      vertex 71.9172 32.774 36.7561
      vertex 56.6 32.774 36.7561
    endloop
  endfacet
  facet normal 0 -0.970047 0.242919
    outer loop
      vertex 56.6 35.1962 36.6371
      vertex 69.5377 35.226 36.7561
      vertex 56.6 35.226 36.7561
    endloop
  endfacet
  facet normal 0 -0.970047 0.242919
    outer loop
      vertex 69.5377 35.226 36.7561
      vertex 56.6 35.1962 36.6371
      vertex 69.5875 35.1962 36.6371
    endloop
  endfacet
  facet normal 0 0.428192 -0.903688
    outer loop
      vertex 56.6 33.4108 38.1024
      vertex 71.4492 33.5216 38.1549
      vertex 71.5315 33.4108 38.1024
    endloop
  endfacet
  facet normal 0 0.428192 -0.903688
    outer loop
      vertex 71.4492 33.5216 38.1549
      vertex 56.6 33.4108 38.1024
      vertex 56.6 33.5216 38.1549
    endloop
  endfacet
  facet normal -0.0535979 0.937039 -0.345086
    outer loop
      vertex 71.9031 32.8038 37.3629
      vertex 71.8815 32.8451 37.4784
      vertex 71.8915 32.8284 37.4315
    endloop
  endfacet
  facet normal 0 0.941613 -0.336698
    outer loop
      vertex 71.8815 32.8451 37.4784
      vertex 71.9031 32.8038 37.3629
      vertex 56.6 32.8038 37.3629
    endloop
  endfacet
  facet normal 0 0.941613 -0.336698
    outer loop
      vertex 71.8815 32.8451 37.4784
      vertex 56.6 32.8038 37.3629
      vertex 56.6 32.8451 37.4784
    endloop
  endfacet
  facet normal 0 0.803413 -0.595423
    outer loop
      vertex 56.6 32.9607 37.6945
      vertex 71.7684 33.0337 37.793
      vertex 71.8122 32.9607 37.6945
    endloop
  endfacet
  facet normal 0 0.803413 -0.595423
    outer loop
      vertex 71.7684 33.0337 37.793
      vertex 56.6 32.9607 37.6945
      vertex 56.6 33.0337 37.793
    endloop
  endfacet
  facet normal -0.0116328 0.137115 -0.990487
    outer loop
      vertex 71.2753 33.7561 38.226
      vertex 71.1736 33.8775 38.244
      vertex 71.2381 33.8064 38.2334
    endloop
  endfacet
  facet normal 0 0.146667 -0.989186
    outer loop
      vertex 56.6 33.7561 38.226
      vertex 71.1736 33.8775 38.244
      vertex 71.2753 33.7561 38.226
    endloop
  endfacet
  facet normal 0 0.146667 -0.989186
    outer loop
      vertex 71.1736 33.8775 38.244
      vertex 56.6 33.7561 38.226
      vertex 56.6 33.8775 38.244
    endloop
  endfacet
  facet normal 0 -0.242919 -0.970047
    outer loop
      vertex 56.6 34.2439 38.226
      vertex 70.71 34.3629 38.1962
      vertex 70.8413 34.2439 38.226
    endloop
  endfacet
  facet normal -0 -0.242919 -0.970047
    outer loop
      vertex 70.71 34.3629 38.1962
      vertex 56.6 34.2439 38.226
      vertex 56.6 34.3629 38.1962
    endloop
  endfacet
  facet normal 0 0.803413 0.595423
    outer loop
      vertex 71.7684 33.0337 36.207
      vertex 56.6 32.9607 36.3055
      vertex 71.8122 32.9607 36.3055
    endloop
  endfacet
  facet normal 0 0.803413 0.595423
    outer loop
      vertex 56.6 32.9607 36.3055
      vertex 71.7684 33.0337 36.207
      vertex 56.6 33.0337 36.207
    endloop
  endfacet
  facet normal 0 0.740898 0.671617
    outer loop
      vertex 71.7191 33.1161 36.1161
      vertex 56.6 33.0337 36.207
      vertex 71.7684 33.0337 36.207
    endloop
  endfacet
  facet normal 0 0.740898 0.671617
    outer loop
      vertex 56.6 33.0337 36.207
      vertex 71.7191 33.1161 36.1161
      vertex 56.6 33.1161 36.1161
    endloop
  endfacet
  facet normal 1 0 0
    outer loop
      vertex 56.6 35.244 37.1225
      vertex 56.6 35.244 36.8775
      vertex 56.6 35.25 37
    endloop
  endfacet
  facet normal 1 0 0
    outer loop
      vertex 56.6 35.226 37.2439
      vertex 56.6 35.244 36.8775
      vertex 56.6 35.244 37.1225
    endloop
  endfacet
  facet normal 1 0 0
    outer loop
      vertex 56.6 35.226 37.2439
      vertex 56.6 35.226 36.7561
      vertex 56.6 35.244 36.8775
    endloop
  endfacet
  facet normal 1 0 0
    outer loop
      vertex 56.6 35.1962 37.3629
      vertex 56.6 35.226 36.7561
      vertex 56.6 35.226 37.2439
    endloop
  endfacet
  facet normal 1 0 0
    outer loop
      vertex 56.6 35.1962 37.3629
      vertex 56.6 35.1962 36.6371
      vertex 56.6 35.226 36.7561
    endloop
  endfacet
  facet normal 1 0 0
    outer loop
      vertex 56.6 35.1549 37.4784
      vertex 56.6 35.1962 36.6371
      vertex 56.6 35.1962 37.3629
    endloop
  endfacet
  facet normal 1 0 0
    outer loop
      vertex 56.6 35.1549 37.4784
      vertex 56.6 35.1549 36.5216
      vertex 56.6 35.1962 36.6371
    endloop
  endfacet
  facet normal 1 0 0
    outer loop
      vertex 56.6 35.1024 37.5892
      vertex 56.6 35.1549 36.5216
      vertex 56.6 35.1549 37.4784
    endloop
  endfacet
  facet normal 1 0 0
    outer loop
      vertex 56.6 35.1024 37.5892
      vertex 56.6 35.1024 36.4108
      vertex 56.6 35.1549 36.5216
    endloop
  endfacet
  facet normal 1 0 0
    outer loop
      vertex 56.6 35.0393 37.6945
      vertex 56.6 35.1024 36.4108
      vertex 56.6 35.1024 37.5892
    endloop
  endfacet
  facet normal 1 0 0
    outer loop
      vertex 56.6 35.0393 37.6945
      vertex 56.6 35.0393 36.3055
      vertex 56.6 35.1024 36.4108
    endloop
  endfacet
  facet normal 1 0 0
    outer loop
      vertex 56.6 34.9663 37.793
      vertex 56.6 35.0393 36.3055
      vertex 56.6 35.0393 37.6945
    endloop
  endfacet
  facet normal 1 0 0
    outer loop
      vertex 56.6 34.9663 37.793
      vertex 56.6 34.9663 36.207
      vertex 56.6 35.0393 36.3055
    endloop
  endfacet
  facet normal 1 0 0
    outer loop
      vertex 56.6 34.8839 37.8839
      vertex 56.6 34.9663 36.207
      vertex 56.6 34.9663 37.793
    endloop
  endfacet
  facet normal 1 0 0
    outer loop
      vertex 56.6 34.8839 37.8839
      vertex 56.6 34.8839 36.1161
      vertex 56.6 34.9663 36.207
    endloop
  endfacet
  facet normal 1 0 0
    outer loop
      vertex 56.6 34.793 37.9663
      vertex 56.6 34.8839 36.1161
      vertex 56.6 34.8839 37.8839
    endloop
  endfacet
  facet normal 1 0 0
    outer loop
      vertex 56.6 34.793 37.9663
      vertex 56.6 34.793 36.0337
      vertex 56.6 34.8839 36.1161
    endloop
  endfacet
  facet normal 1 0 0
    outer loop
      vertex 56.6 34.6945 38.0393
      vertex 56.6 34.793 36.0337
      vertex 56.6 34.793 37.9663
    endloop
  endfacet
  facet normal 1 0 0
    outer loop
      vertex 56.6 34.6945 38.0393
      vertex 56.6 34.6945 35.9607
      vertex 56.6 34.793 36.0337
    endloop
  endfacet
  facet normal 1 0 0
    outer loop
      vertex 56.6 34.5892 38.1024
      vertex 56.6 34.6945 35.9607
      vertex 56.6 34.6945 38.0393
    endloop
  endfacet
  facet normal 1 0 0
    outer loop
      vertex 56.6 34.5892 38.1024
      vertex 56.6 34.5892 35.8976
      vertex 56.6 34.6945 35.9607
    endloop
  endfacet
  facet normal 1 0 0
    outer loop
      vertex 56.6 34.4784 38.1549
      vertex 56.6 34.5892 35.8976
      vertex 56.6 34.5892 38.1024
    endloop
  endfacet
  facet normal 1 0 0
    outer loop
      vertex 56.6 34.4784 38.1549
      vertex 56.6 34.4784 35.8451
      vertex 56.6 34.5892 35.8976
    endloop
  endfacet
  facet normal 1 0 0
    outer loop
      vertex 56.6 34.3629 38.1962
      vertex 56.6 34.4784 35.8451
      vertex 56.6 34.4784 38.1549
    endloop
  endfacet
  facet normal 1 0 0
    outer loop
      vertex 56.6 34.3629 38.1962
      vertex 56.6 34.3629 35.8038
      vertex 56.6 34.4784 35.8451
    endloop
  endfacet
  facet normal 1 0 0
    outer loop
      vertex 56.6 34.2439 38.226
      vertex 56.6 34.3629 35.8038
      vertex 56.6 34.3629 38.1962
    endloop
  endfacet
  facet normal 1 0 0
    outer loop
      vertex 56.6 34.2439 38.226
      vertex 56.6 34.2439 35.774
      vertex 56.6 34.3629 35.8038
    endloop
  endfacet
  facet normal 1 0 0
    outer loop
      vertex 56.6 34.1225 38.244
      vertex 56.6 34.2439 35.774
      vertex 56.6 34.2439 38.226
    endloop
  endfacet
  facet normal 1 0 0
    outer loop
      vertex 56.6 34.1225 38.244
      vertex 56.6 34.1225 35.756
      vertex 56.6 34.2439 35.774
    endloop
  endfacet
  facet normal 1 0 0
    outer loop
      vertex 56.6 34 38.25
      vertex 56.6 34.1225 35.756
      vertex 56.6 34.1225 38.244
    endloop
  endfacet
  facet normal 1 0 0
    outer loop
      vertex 56.6 34 38.25
      vertex 56.6 34 35.75
      vertex 56.6 34.1225 35.756
    endloop
  endfacet
  facet normal 1 -0 0
    outer loop
      vertex 56.6 33.8775 38.244
      vertex 56.6 34 35.75
      vertex 56.6 34 38.25
    endloop
  endfacet
  facet normal 1 0 0
    outer loop
      vertex 56.6 33.8775 38.244
      vertex 56.6 33.8775 35.756
      vertex 56.6 34 35.75
    endloop
  endfacet
  facet normal 1 -0 0
    outer loop
      vertex 56.6 33.7561 38.226
      vertex 56.6 33.8775 35.756
      vertex 56.6 33.8775 38.244
    endloop
  endfacet
  facet normal 1 0 0
    outer loop
      vertex 56.6 33.7561 38.226
      vertex 56.6 33.7561 35.774
      vertex 56.6 33.8775 35.756
    endloop
  endfacet
  facet normal 1 -0 0
    outer loop
      vertex 56.6 33.6371 38.1962
      vertex 56.6 33.7561 35.774
      vertex 56.6 33.7561 38.226
    endloop
  endfacet
  facet normal 1 0 0
    outer loop
      vertex 56.6 33.6371 38.1962
      vertex 56.6 33.6371 35.8038
      vertex 56.6 33.7561 35.774
    endloop
  endfacet
  facet normal 1 -0 0
    outer loop
      vertex 56.6 33.5216 38.1549
      vertex 56.6 33.6371 35.8038
      vertex 56.6 33.6371 38.1962
    endloop
  endfacet
  facet normal 1 0 0
    outer loop
      vertex 56.6 33.5216 38.1549
      vertex 56.6 33.5216 35.8451
      vertex 56.6 33.6371 35.8038
    endloop
  endfacet
  facet normal 1 -0 0
    outer loop
      vertex 56.6 33.4108 38.1024
      vertex 56.6 33.5216 35.8451
      vertex 56.6 33.5216 38.1549
    endloop
  endfacet
  facet normal 1 0 0
    outer loop
      vertex 56.6 33.4108 38.1024
      vertex 56.6 33.4108 35.8976
      vertex 56.6 33.5216 35.8451
    endloop
  endfacet
  facet normal 1 -0 0
    outer loop
      vertex 56.6 33.3055 38.0393
      vertex 56.6 33.4108 35.8976
      vertex 56.6 33.4108 38.1024
    endloop
  endfacet
  facet normal 1 0 0
    outer loop
      vertex 56.6 33.3055 38.0393
      vertex 56.6 33.3055 35.9607
      vertex 56.6 33.4108 35.8976
    endloop
  endfacet
  facet normal 1 -0 0
    outer loop
      vertex 56.6 33.207 37.9663
      vertex 56.6 33.3055 35.9607
      vertex 56.6 33.3055 38.0393
    endloop
  endfacet
  facet normal 1 0 0
    outer loop
      vertex 56.6 33.207 37.9663
      vertex 56.6 33.207 36.0337
      vertex 56.6 33.3055 35.9607
    endloop
  endfacet
  facet normal 1 -0 0
    outer loop
      vertex 56.6 33.1161 37.8839
      vertex 56.6 33.207 36.0337
      vertex 56.6 33.207 37.9663
    endloop
  endfacet
  facet normal 1 0 0
    outer loop
      vertex 56.6 33.1161 37.8839
      vertex 56.6 33.1161 36.1161
      vertex 56.6 33.207 36.0337
    endloop
  endfacet
  facet normal 1 -0 0
    outer loop
      vertex 56.6 33.0337 37.793
      vertex 56.6 33.1161 36.1161
      vertex 56.6 33.1161 37.8839
    endloop
  endfacet
  facet normal 1 0 0
    outer loop
      vertex 56.6 33.0337 37.793
      vertex 56.6 33.0337 36.207
      vertex 56.6 33.1161 36.1161
    endloop
  endfacet
  facet normal 1 -0 0
    outer loop
      vertex 56.6 32.9607 37.6945
      vertex 56.6 33.0337 36.207
      vertex 56.6 33.0337 37.793
    endloop
  endfacet
  facet normal 1 0 0
    outer loop
      vertex 56.6 32.9607 37.6945
      vertex 56.6 32.9607 36.3055
      vertex 56.6 33.0337 36.207
    endloop
  endfacet
  facet normal 1 -0 0
    outer loop
      vertex 56.6 32.8976 37.5892
      vertex 56.6 32.9607 36.3055
      vertex 56.6 32.9607 37.6945
    endloop
  endfacet
  facet normal 1 0 0
    outer loop
      vertex 56.6 32.8976 37.5892
      vertex 56.6 32.8976 36.4108
      vertex 56.6 32.9607 36.3055
    endloop
  endfacet
  facet normal 1 -0 0
    outer loop
      vertex 56.6 32.8451 37.4784
      vertex 56.6 32.8976 36.4108
      vertex 56.6 32.8976 37.5892
    endloop
  endfacet
  facet normal 1 0 0
    outer loop
      vertex 56.6 32.8451 37.4784
      vertex 56.6 32.8451 36.5216
      vertex 56.6 32.8976 36.4108
    endloop
  endfacet
  facet normal 1 -0 0
    outer loop
      vertex 56.6 32.8038 37.3629
      vertex 56.6 32.8451 36.5216
      vertex 56.6 32.8451 37.4784
    endloop
  endfacet
  facet normal 1 0 0
    outer loop
      vertex 56.6 32.8038 37.3629
      vertex 56.6 32.8038 36.6371
      vertex 56.6 32.8451 36.5216
    endloop
  endfacet
  facet normal 1 -0 0
    outer loop
      vertex 56.6 32.774 37.2439
      vertex 56.6 32.8038 36.6371
      vertex 56.6 32.8038 37.3629
    endloop
  endfacet
  facet normal 1 0 0
    outer loop
      vertex 56.6 32.774 37.2439
      vertex 56.6 32.774 36.7561
      vertex 56.6 32.8038 36.6371
    endloop
  endfacet
  facet normal 1 -0 0
    outer loop
      vertex 56.6 32.756 37.1225
      vertex 56.6 32.774 36.7561
      vertex 56.6 32.774 37.2439
    endloop
  endfacet
  facet normal 1 0 0
    outer loop
      vertex 56.6 32.756 37.1225
      vertex 56.6 32.756 36.8775
      vertex 56.6 32.774 36.7561
    endloop
  endfacet
  facet normal 1 0 -0
    outer loop
      vertex 56.6 32.756 36.8775
      vertex 56.6 32.756 37.1225
      vertex 56.6 32.75 37
    endloop
  endfacet
  facet normal 0 0.740898 -0.671617
    outer loop
      vertex 56.6 33.0337 37.793
      vertex 71.7191 33.1161 37.8839
      vertex 71.7684 33.0337 37.793
    endloop
  endfacet
  facet normal 0 0.740898 -0.671617
    outer loop
      vertex 71.7191 33.1161 37.8839
      vertex 56.6 33.0337 37.793
      vertex 56.6 33.1161 37.8839
    endloop
  endfacet
  facet normal 0 0.85778 -0.514016
    outer loop
      vertex 56.6 32.8976 37.5892
      vertex 71.8122 32.9607 37.6945
      vertex 71.85 32.8976 37.5892
    endloop
  endfacet
  facet normal 0 0.85778 -0.514016
    outer loop
      vertex 71.8122 32.9607 37.6945
      vertex 56.6 32.8976 37.5892
      vertex 56.6 32.9607 37.6945
    endloop
  endfacet
  facet normal 0 0.903688 -0.428192
    outer loop
      vertex 56.6 32.8451 37.4784
      vertex 71.85 32.8976 37.5892
      vertex 71.8815 32.8451 37.4784
    endloop
  endfacet
  facet normal 0 0.903688 -0.428192
    outer loop
      vertex 71.85 32.8976 37.5892
      vertex 56.6 32.8451 37.4784
      vertex 56.6 32.8976 37.5892
    endloop
  endfacet
  facet normal 0 -0.242919 0.970047
    outer loop
      vertex -72.6 -29.6371 20.3038
      vertex -69.6 -29.7561 20.274
      vertex -69.6 -29.6371 20.3038
    endloop
  endfacet
  facet normal 0 -0.242919 0.970047
    outer loop
      vertex -69.6 -29.7561 20.274
      vertex -72.6 -29.6371 20.3038
      vertex -72.6 -29.7561 20.274
    endloop
  endfacet
  facet normal 0 0.336698 -0.941613
    outer loop
      vertex -72.5765 -30.4784 22.6549
      vertex -69.6 -30.3629 22.6962
      vertex -69.6 -30.4784 22.6549
    endloop
  endfacet
  facet normal 0 0.336698 -0.941613
    outer loop
      vertex -69.6 -30.3629 22.6962
      vertex -72.5765 -30.4784 22.6549
      vertex -72.5822 -30.3629 22.6962
    endloop
  endfacet
  facet normal 0 0.941613 0.336698
    outer loop
      vertex -69.6 -31.1549 21.0216
      vertex -72.4783 -31.1962 21.1371
      vertex -69.6 -31.1962 21.1371
    endloop
  endfacet
  facet normal 5.12867e-05 0.941207 0.337831
    outer loop
      vertex -72.4783 -31.1962 21.1371
      vertex -69.6 -31.1549 21.0216
      vertex -72.4847 -31.1705 21.0655
    endloop
  endfacet
  facet normal 0 0.942275 0.33484
    outer loop
      vertex -72.4847 -31.1705 21.0655
      vertex -69.6 -31.1549 21.0216
      vertex -72.487 -31.1549 21.0216
    endloop
  endfacet
  facet normal 0 -0.998803 0.0489209
    outer loop
      vertex -72.6 -28.756 21.3775
      vertex -69.6 -28.75 21.5
      vertex -72.6 -28.75 21.5
    endloop
  endfacet
  facet normal 0 -0.998803 0.0489209
    outer loop
      vertex -69.6 -28.75 21.5
      vertex -72.6 -28.756 21.3775
      vertex -69.6 -28.756 21.3775
    endloop
  endfacet
  facet normal 0 -0.0489209 0.998803
    outer loop
      vertex -72.6 -29.8775 20.256
      vertex -69.6 -30 20.25
      vertex -69.6 -29.8775 20.256
    endloop
  endfacet
  facet normal 0 -0.0489209 0.998803
    outer loop
      vertex -69.6 -30 20.25
      vertex -72.6 -29.8775 20.256
      vertex -72.6 -30 20.25
    endloop
  endfacet
  facet normal 0 0.903688 0.428192
    outer loop
      vertex -69.6 -31.1024 20.9108
      vertex -72.487 -31.1549 21.0216
      vertex -69.6 -31.1549 21.0216
    endloop
  endfacet
  facet normal 0 0.903688 0.428192
    outer loop
      vertex -72.487 -31.1549 21.0216
      vertex -69.6 -31.1024 20.9108
      vertex -72.4948 -31.1024 20.9108
    endloop
  endfacet
  facet normal 0 0.242919 0.970047
    outer loop
      vertex -69.6 -30.2439 20.274
      vertex -72.5822 -30.3629 20.3038
      vertex -69.6 -30.3629 20.3038
    endloop
  endfacet
  facet normal 0 0.242919 0.970047
    outer loop
      vertex -72.5822 -30.3629 20.3038
      vertex -69.6 -30.2439 20.274
      vertex -72.588 -30.2439 20.274
    endloop
  endfacet
  facet normal 0 -0.970047 0.242919
    outer loop
      vertex -72.6 -28.8038 21.1371
      vertex -69.6 -28.774 21.2561
      vertex -72.6 -28.774 21.2561
    endloop
  endfacet
  facet normal 0 -0.970047 0.242919
    outer loop
      vertex -69.6 -28.774 21.2561
      vertex -72.6 -28.8038 21.1371
      vertex -69.6 -28.8038 21.1371
    endloop
  endfacet
  facet normal 0 0.85778 -0.514016
    outer loop
      vertex -72.4948 -31.1024 22.0892
      vertex -69.6 -31.0393 22.1945
      vertex -69.6 -31.1024 22.0892
    endloop
  endfacet
  facet normal 0 0.85778 -0.514016
    outer loop
      vertex -69.6 -31.0393 22.1945
      vertex -72.4948 -31.1024 22.0892
      vertex -72.5042 -31.0393 22.1945
    endloop
  endfacet
  facet normal 0 0.146667 -0.989186
    outer loop
      vertex -72.588 -30.2439 22.726
      vertex -69.6 -30.1225 22.744
      vertex -69.6 -30.2439 22.726
    endloop
  endfacet
  facet normal 0 0.146667 -0.989186
    outer loop
      vertex -69.6 -30.1225 22.744
      vertex -72.588 -30.2439 22.726
      vertex -72.594 -30.1225 22.744
    endloop
  endfacet
  facet normal 0 -0.595423 -0.803413
    outer loop
      vertex -72.6 -29.3055 22.5393
      vertex -69.6 -29.207 22.4663
      vertex -69.6 -29.3055 22.5393
    endloop
  endfacet
  facet normal -0 -0.595423 -0.803413
    outer loop
      vertex -69.6 -29.207 22.4663
      vertex -72.6 -29.3055 22.5393
      vertex -72.6 -29.207 22.4663
    endloop
  endfacet
  facet normal 0 0.242919 -0.970047
    outer loop
      vertex -72.5822 -30.3629 22.6962
      vertex -69.6 -30.2439 22.726
      vertex -69.6 -30.3629 22.6962
    endloop
  endfacet
  facet normal 0 0.242919 -0.970047
    outer loop
      vertex -69.6 -30.2439 22.726
      vertex -72.5822 -30.3629 22.6962
      vertex -72.588 -30.2439 22.726
    endloop
  endfacet
  facet normal 0 -0.903688 -0.428192
    outer loop
      vertex -72.6 -28.8451 21.9784
      vertex -69.6 -28.8976 22.0892
      vertex -72.6 -28.8976 22.0892
    endloop
  endfacet
  facet normal 0 -0.903688 -0.428192
    outer loop
      vertex -69.6 -28.8976 22.0892
      vertex -72.6 -28.8451 21.9784
      vertex -69.6 -28.8451 21.9784
    endloop
  endfacet
  facet normal 0 0.903688 -0.428192
    outer loop
      vertex -72.487 -31.1549 21.9784
      vertex -69.6 -31.1024 22.0892
      vertex -69.6 -31.1549 21.9784
    endloop
  endfacet
  facet normal 0 0.903688 -0.428192
    outer loop
      vertex -69.6 -31.1024 22.0892
      vertex -72.487 -31.1549 21.9784
      vertex -72.4948 -31.1024 22.0892
    endloop
  endfacet
  facet normal 0 -0.941613 -0.336698
    outer loop
      vertex -72.6 -28.8038 21.8629
      vertex -69.6 -28.8451 21.9784
      vertex -72.6 -28.8451 21.9784
    endloop
  endfacet
  facet normal 0 -0.941613 -0.336698
    outer loop
      vertex -69.6 -28.8451 21.9784
      vertex -72.6 -28.8038 21.8629
      vertex -69.6 -28.8038 21.8629
    endloop
  endfacet
  facet normal 0 -0.514016 -0.85778
    outer loop
      vertex -72.6 -29.4108 22.6024
      vertex -69.6 -29.3055 22.5393
      vertex -69.6 -29.4108 22.6024
    endloop
  endfacet
  facet normal -0 -0.514016 -0.85778
    outer loop
      vertex -69.6 -29.3055 22.5393
      vertex -72.6 -29.4108 22.6024
      vertex -72.6 -29.3055 22.5393
    endloop
  endfacet
  facet normal 0 0.970047 -0.242919
    outer loop
      vertex -72.4708 -31.226 21.7439
      vertex -69.6 -31.1962 21.8629
      vertex -69.6 -31.226 21.7439
    endloop
  endfacet
  facet normal 0 0.970047 -0.242919
    outer loop
      vertex -69.6 -31.1962 21.8629
      vertex -72.4708 -31.226 21.7439
      vertex -72.4783 -31.1962 21.8629
    endloop
  endfacet
  facet normal 0 0.740898 -0.671617
    outer loop
      vertex -72.515 -30.9663 22.293
      vertex -69.6 -30.8839 22.3839
      vertex -69.6 -30.9663 22.293
    endloop
  endfacet
  facet normal 0 0.740898 -0.671617
    outer loop
      vertex -69.6 -30.8839 22.3839
      vertex -72.515 -30.9663 22.293
      vertex -72.5272 -30.8839 22.3839
    endloop
  endfacet
  facet normal 0 0.85778 0.514016
    outer loop
      vertex -69.6 -31.0393 20.8055
      vertex -72.4948 -31.1024 20.9108
      vertex -69.6 -31.1024 20.9108
    endloop
  endfacet
  facet normal 0 0.85778 0.514016
    outer loop
      vertex -72.4948 -31.1024 20.9108
      vertex -69.6 -31.0393 20.8055
      vertex -72.5042 -31.0393 20.8055
    endloop
  endfacet
  facet normal 0 0.671617 -0.740898
    outer loop
      vertex -72.5272 -30.8839 22.3839
      vertex -69.6 -30.793 22.4663
      vertex -69.6 -30.8839 22.3839
    endloop
  endfacet
  facet normal 0 0.671617 -0.740898
    outer loop
      vertex -69.6 -30.793 22.4663
      vertex -72.5272 -30.8839 22.3839
      vertex -72.5407 -30.793 22.4663
    endloop
  endfacet
  facet normal 0 -0.903688 0.428192
    outer loop
      vertex -72.6 -28.8976 20.9108
      vertex -69.6 -28.8451 21.0216
      vertex -72.6 -28.8451 21.0216
    endloop
  endfacet
  facet normal 0 -0.903688 0.428192
    outer loop
      vertex -69.6 -28.8451 21.0216
      vertex -72.6 -28.8976 20.9108
      vertex -69.6 -28.8976 20.9108
    endloop
  endfacet
  facet normal 0 0.428192 -0.903688
    outer loop
      vertex -72.5709 -30.5892 22.6024
      vertex -69.6 -30.4784 22.6549
      vertex -69.6 -30.5892 22.6024
    endloop
  endfacet
  facet normal 0.131203 0.429898 -0.893294
    outer loop
      vertex -72.5765 -30.4784 22.6549
      vertex -72.5709 -30.5892 22.6024
      vertex -72.5711 -30.5881 22.6029
    endloop
  endfacet
  facet normal 0 0.428192 -0.903688
    outer loop
      vertex -72.5709 -30.5892 22.6024
      vertex -72.5765 -30.4784 22.6549
      vertex -69.6 -30.4784 22.6549
    endloop
  endfacet
  facet normal 0 0.336698 0.941613
    outer loop
      vertex -69.6 -30.3629 20.3038
      vertex -72.5765 -30.4784 20.3451
      vertex -69.6 -30.4784 20.3451
    endloop
  endfacet
  facet normal 0 0.336698 0.941613
    outer loop
      vertex -72.5765 -30.4784 20.3451
      vertex -69.6 -30.3629 20.3038
      vertex -72.5822 -30.3629 20.3038
    endloop
  endfacet
  facet normal 0 0.989186 -0.146667
    outer loop
      vertex -72.4663 -31.244 21.6225
      vertex -69.6 -31.226 21.7439
      vertex -69.6 -31.244 21.6225
    endloop
  endfacet
  facet normal 0 0.989186 -0.146667
    outer loop
      vertex -69.6 -31.226 21.7439
      vertex -72.4663 -31.244 21.6225
      vertex -72.4708 -31.226 21.7439
    endloop
  endfacet
  facet normal 0 -0.85778 0.514016
    outer loop
      vertex -72.6 -28.9607 20.8055
      vertex -69.6 -28.8976 20.9108
      vertex -72.6 -28.8976 20.9108
    endloop
  endfacet
  facet normal 0 -0.85778 0.514016
    outer loop
      vertex -69.6 -28.8976 20.9108
      vertex -72.6 -28.9607 20.8055
      vertex -69.6 -28.9607 20.8055
    endloop
  endfacet
  facet normal 0 -0.595423 0.803413
    outer loop
      vertex -72.6 -29.207 20.5337
      vertex -69.6 -29.3055 20.4607
      vertex -69.6 -29.207 20.5337
    endloop
  endfacet
  facet normal 0 -0.595423 0.803413
    outer loop
      vertex -69.6 -29.3055 20.4607
      vertex -72.6 -29.207 20.5337
      vertex -72.6 -29.3055 20.4607
    endloop
  endfacet
  facet normal 0 -0.803413 -0.595423
    outer loop
      vertex -72.6 -28.9607 22.1945
      vertex -69.6 -29.0337 22.293
      vertex -72.6 -29.0337 22.293
    endloop
  endfacet
  facet normal 0 -0.803413 -0.595423
    outer loop
      vertex -69.6 -29.0337 22.293
      vertex -72.6 -28.9607 22.1945
      vertex -69.6 -28.9607 22.1945
    endloop
  endfacet
  facet normal 0 -0.941613 0.336698
    outer loop
      vertex -72.6 -28.8451 21.0216
      vertex -69.6 -28.8038 21.1371
      vertex -72.6 -28.8038 21.1371
    endloop
  endfacet
  facet normal 0 -0.941613 0.336698
    outer loop
      vertex -69.6 -28.8038 21.1371
      vertex -72.6 -28.8451 21.0216
      vertex -69.6 -28.8451 21.0216
    endloop
  endfacet
  facet normal 0 -0.146667 0.989186
    outer loop
      vertex -72.6 -29.7561 20.274
      vertex -69.6 -29.8775 20.256
      vertex -69.6 -29.7561 20.274
    endloop
  endfacet
  facet normal 0 -0.146667 0.989186
    outer loop
      vertex -69.6 -29.8775 20.256
      vertex -72.6 -29.7561 20.274
      vertex -72.6 -29.8775 20.256
    endloop
  endfacet
  facet normal 0 0.0489209 -0.998803
    outer loop
      vertex -72.594 -30.1225 22.744
      vertex -69.6 -30 22.75
      vertex -69.6 -30.1225 22.744
    endloop
  endfacet
  facet normal 0 0.0489209 -0.998803
    outer loop
      vertex -69.6 -30 22.75
      vertex -72.594 -30.1225 22.744
      vertex -72.6 -30 22.75
    endloop
  endfacet
  facet normal 0 0.998803 0.0489209
    outer loop
      vertex -69.6 -31.244 21.3775
      vertex -72.4648 -31.25 21.5
      vertex -69.6 -31.25 21.5
    endloop
  endfacet
  facet normal 0 0.998803 0.0489209
    outer loop
      vertex -72.4648 -31.25 21.5
      vertex -69.6 -31.244 21.3775
      vertex -72.4663 -31.244 21.3775
    endloop
  endfacet
  facet normal 0 -0.989186 -0.146667
    outer loop
      vertex -72.6 -28.756 21.6225
      vertex -69.6 -28.774 21.7439
      vertex -72.6 -28.774 21.7439
    endloop
  endfacet
  facet normal 0 -0.989186 -0.146667
    outer loop
      vertex -69.6 -28.774 21.7439
      vertex -72.6 -28.756 21.6225
      vertex -69.6 -28.756 21.6225
    endloop
  endfacet
  facet normal 0 0.514016 0.85778
    outer loop
      vertex -69.6 -30.5892 20.3976
      vertex -72.5553 -30.6945 20.4607
      vertex -69.6 -30.6945 20.4607
    endloop
  endfacet
  facet normal 0 0.514016 0.85778
    outer loop
      vertex -72.5553 -30.6945 20.4607
      vertex -69.6 -30.5892 20.3976
      vertex -72.5709 -30.5892 20.3976
    endloop
  endfacet
  facet normal 0 0.803413 -0.595423
    outer loop
      vertex -72.5042 -31.0393 22.1945
      vertex -69.6 -30.9663 22.293
      vertex -69.6 -31.0393 22.1945
    endloop
  endfacet
  facet normal 0 0.803413 -0.595423
    outer loop
      vertex -69.6 -30.9663 22.293
      vertex -72.5042 -31.0393 22.1945
      vertex -72.515 -30.9663 22.293
    endloop
  endfacet
  facet normal 0 -0.671617 0.740898
    outer loop
      vertex -72.6 -29.1161 20.6161
      vertex -69.6 -29.207 20.5337
      vertex -69.6 -29.1161 20.6161
    endloop
  endfacet
  facet normal 0 -0.671617 0.740898
    outer loop
      vertex -69.6 -29.207 20.5337
      vertex -72.6 -29.1161 20.6161
      vertex -72.6 -29.207 20.5337
    endloop
  endfacet
  facet normal 0 -0.740898 0.671617
    outer loop
      vertex -72.6 -29.1161 20.6161
      vertex -69.6 -29.0337 20.707
      vertex -72.6 -29.0337 20.707
    endloop
  endfacet
  facet normal 0 -0.740898 0.671617
    outer loop
      vertex -69.6 -29.0337 20.707
      vertex -72.6 -29.1161 20.6161
      vertex -69.6 -29.1161 20.6161
    endloop
  endfacet
  facet normal 0 0.0489209 0.998803
    outer loop
      vertex -69.6 -30 20.25
      vertex -72.594 -30.1225 20.256
      vertex -69.6 -30.1225 20.256
    endloop
  endfacet
  facet normal 0 0.0489209 0.998803
    outer loop
      vertex -72.594 -30.1225 20.256
      vertex -69.6 -30 20.25
      vertex -72.6 -30 20.25
    endloop
  endfacet
  facet normal 0 -0.803413 0.595423
    outer loop
      vertex -72.6 -29.0337 20.707
      vertex -69.6 -28.9607 20.8055
      vertex -72.6 -28.9607 20.8055
    endloop
  endfacet
  facet normal 0 -0.803413 0.595423
    outer loop
      vertex -69.6 -28.9607 20.8055
      vertex -72.6 -29.0337 20.707
      vertex -69.6 -29.0337 20.707
    endloop
  endfacet
  facet normal 0 0.989186 0.146667
    outer loop
      vertex -69.6 -31.226 21.2561
      vertex -72.4663 -31.244 21.3775
      vertex -69.6 -31.244 21.3775
    endloop
  endfacet
  facet normal 0 0.989186 0.146667
    outer loop
      vertex -72.4663 -31.244 21.3775
      vertex -69.6 -31.226 21.2561
      vertex -72.4708 -31.226 21.2561
    endloop
  endfacet
  facet normal 0 -0.336698 0.941613
    outer loop
      vertex -72.6 -29.5216 20.3451
      vertex -69.6 -29.6371 20.3038
      vertex -69.6 -29.5216 20.3451
    endloop
  endfacet
  facet normal 0 -0.336698 0.941613
    outer loop
      vertex -69.6 -29.6371 20.3038
      vertex -72.6 -29.5216 20.3451
      vertex -72.6 -29.6371 20.3038
    endloop
  endfacet
  facet normal 0 0.671617 0.740898
    outer loop
      vertex -69.6 -30.793 20.5337
      vertex -72.5272 -30.8839 20.6161
      vertex -69.6 -30.8839 20.6161
    endloop
  endfacet
  facet normal 0 0.671617 0.740898
    outer loop
      vertex -72.5272 -30.8839 20.6161
      vertex -69.6 -30.793 20.5337
      vertex -72.5407 -30.793 20.5337
    endloop
  endfacet
  facet normal 0 0.595423 0.803413
    outer loop
      vertex -69.6 -30.6945 20.4607
      vertex -72.5407 -30.793 20.5337
      vertex -69.6 -30.793 20.5337
    endloop
  endfacet
  facet normal 0 0.595423 0.803413
    outer loop
      vertex -72.5407 -30.793 20.5337
      vertex -69.6 -30.6945 20.4607
      vertex -72.5553 -30.6945 20.4607
    endloop
  endfacet
  facet normal 0 0.428192 0.903688
    outer loop
      vertex -69.6 -30.4784 20.3451
      vertex -72.5709 -30.5892 20.3976
      vertex -69.6 -30.5892 20.3976
    endloop
  endfacet
  facet normal -0 0.428192 0.903688
    outer loop
      vertex -72.5765 -30.4784 20.3451
      vertex -72.5709 -30.5892 20.3976
      vertex -69.6 -30.4784 20.3451
    endloop
  endfacet
  facet normal 0.131203 0.429898 0.893294
    outer loop
      vertex -72.5709 -30.5892 20.3976
      vertex -72.5765 -30.4784 20.3451
      vertex -72.5711 -30.5881 20.3971
    endloop
  endfacet
  facet normal 0 -0.428192 0.903688
    outer loop
      vertex -72.6 -29.4108 20.3976
      vertex -69.6 -29.5216 20.3451
      vertex -69.6 -29.4108 20.3976
    endloop
  endfacet
  facet normal 0 -0.428192 0.903688
    outer loop
      vertex -69.6 -29.5216 20.3451
      vertex -72.6 -29.4108 20.3976
      vertex -72.6 -29.5216 20.3451
    endloop
  endfacet
  facet normal 0 -0.998803 -0.0489209
    outer loop
      vertex -72.6 -28.75 21.5
      vertex -69.6 -28.756 21.6225
      vertex -72.6 -28.756 21.6225
    endloop
  endfacet
  facet normal 0 -0.998803 -0.0489209
    outer loop
      vertex -69.6 -28.756 21.6225
      vertex -72.6 -28.75 21.5
      vertex -69.6 -28.75 21.5
    endloop
  endfacet
  facet normal 0 -0.85778 -0.514016
    outer loop
      vertex -72.6 -28.8976 22.0892
      vertex -69.6 -28.9607 22.1945
      vertex -72.6 -28.9607 22.1945
    endloop
  endfacet
  facet normal 0 -0.85778 -0.514016
    outer loop
      vertex -69.6 -28.9607 22.1945
      vertex -72.6 -28.8976 22.0892
      vertex -69.6 -28.8976 22.0892
    endloop
  endfacet
  facet normal 0 0.146667 0.989186
    outer loop
      vertex -69.6 -30.1225 20.256
      vertex -72.588 -30.2439 20.274
      vertex -69.6 -30.2439 20.274
    endloop
  endfacet
  facet normal 0 0.146667 0.989186
    outer loop
      vertex -72.588 -30.2439 20.274
      vertex -69.6 -30.1225 20.256
      vertex -72.594 -30.1225 20.256
    endloop
  endfacet
  facet normal 0 -0.514016 0.85778
    outer loop
      vertex -72.6 -29.3055 20.4607
      vertex -69.6 -29.4108 20.3976
      vertex -69.6 -29.3055 20.4607
    endloop
  endfacet
  facet normal 0 -0.514016 0.85778
    outer loop
      vertex -69.6 -29.4108 20.3976
      vertex -72.6 -29.3055 20.4607
      vertex -72.6 -29.4108 20.3976
    endloop
  endfacet
  facet normal 0 -0.336698 -0.941613
    outer loop
      vertex -72.6 -29.6371 22.6962
      vertex -69.6 -29.5216 22.6549
      vertex -69.6 -29.6371 22.6962
    endloop
  endfacet
  facet normal -0 -0.336698 -0.941613
    outer loop
      vertex -69.6 -29.5216 22.6549
      vertex -72.6 -29.6371 22.6962
      vertex -72.6 -29.5216 22.6549
    endloop
  endfacet
  facet normal 0 -0.740898 -0.671617
    outer loop
      vertex -72.6 -29.0337 22.293
      vertex -69.6 -29.1161 22.3839
      vertex -72.6 -29.1161 22.3839
    endloop
  endfacet
  facet normal 0 -0.740898 -0.671617
    outer loop
      vertex -69.6 -29.1161 22.3839
      vertex -72.6 -29.0337 22.293
      vertex -69.6 -29.0337 22.293
    endloop
  endfacet
  facet normal 0 -0.242919 -0.970047
    outer loop
      vertex -72.6 -29.7561 22.726
      vertex -69.6 -29.6371 22.6962
      vertex -69.6 -29.7561 22.726
    endloop
  endfacet
  facet normal -0 -0.242919 -0.970047
    outer loop
      vertex -69.6 -29.6371 22.6962
      vertex -72.6 -29.7561 22.726
      vertex -72.6 -29.6371 22.6962
    endloop
  endfacet
  facet normal 0 0.514016 -0.85778
    outer loop
      vertex -72.5553 -30.6945 22.5393
      vertex -69.6 -30.5892 22.6024
      vertex -69.6 -30.6945 22.5393
    endloop
  endfacet
  facet normal 0 0.514016 -0.85778
    outer loop
      vertex -69.6 -30.5892 22.6024
      vertex -72.5553 -30.6945 22.5393
      vertex -72.5709 -30.5892 22.6024
    endloop
  endfacet
  facet normal 0 0.970047 0.242919
    outer loop
      vertex -69.6 -31.1962 21.1371
      vertex -72.4708 -31.226 21.2561
      vertex -69.6 -31.226 21.2561
    endloop
  endfacet
  facet normal 0 0.970047 0.242919
    outer loop
      vertex -72.4708 -31.226 21.2561
      vertex -69.6 -31.1962 21.1371
      vertex -72.4783 -31.1962 21.1371
    endloop
  endfacet
  facet normal 0 -0.970047 -0.242919
    outer loop
      vertex -72.6 -28.774 21.7439
      vertex -69.6 -28.8038 21.8629
      vertex -72.6 -28.8038 21.8629
    endloop
  endfacet
  facet normal 0 -0.970047 -0.242919
    outer loop
      vertex -69.6 -28.8038 21.8629
      vertex -72.6 -28.774 21.7439
      vertex -69.6 -28.774 21.7439
    endloop
  endfacet
  facet normal 0 0.803413 0.595423
    outer loop
      vertex -69.6 -30.9663 20.707
      vertex -72.5042 -31.0393 20.8055
      vertex -69.6 -31.0393 20.8055
    endloop
  endfacet
  facet normal 0 0.803413 0.595423
    outer loop
      vertex -72.5042 -31.0393 20.8055
      vertex -69.6 -30.9663 20.707
      vertex -72.515 -30.9663 20.707
    endloop
  endfacet
  facet normal 0 -0.671617 -0.740898
    outer loop
      vertex -72.6 -29.207 22.4663
      vertex -69.6 -29.1161 22.3839
      vertex -69.6 -29.207 22.4663
    endloop
  endfacet
  facet normal -0 -0.671617 -0.740898
    outer loop
      vertex -69.6 -29.1161 22.3839
      vertex -72.6 -29.207 22.4663
      vertex -72.6 -29.1161 22.3839
    endloop
  endfacet
  facet normal 0 -0.428192 -0.903688
    outer loop
      vertex -72.6 -29.5216 22.6549
      vertex -69.6 -29.4108 22.6024
      vertex -69.6 -29.5216 22.6549
    endloop
  endfacet
  facet normal -0 -0.428192 -0.903688
    outer loop
      vertex -69.6 -29.4108 22.6024
      vertex -72.6 -29.5216 22.6549
      vertex -72.6 -29.4108 22.6024
    endloop
  endfacet
  facet normal 0 0.595423 -0.803413
    outer loop
      vertex -72.5407 -30.793 22.4663
      vertex -69.6 -30.6945 22.5393
      vertex -69.6 -30.793 22.4663
    endloop
  endfacet
  facet normal 0 0.595423 -0.803413
    outer loop
      vertex -69.6 -30.6945 22.5393
      vertex -72.5407 -30.793 22.4663
      vertex -72.5553 -30.6945 22.5393
    endloop
  endfacet
  facet normal 0 -0.146667 -0.989186
    outer loop
      vertex -72.6 -29.8775 22.744
      vertex -69.6 -29.7561 22.726
      vertex -69.6 -29.8775 22.744
    endloop
  endfacet
  facet normal -0 -0.146667 -0.989186
    outer loop
      vertex -69.6 -29.7561 22.726
      vertex -72.6 -29.8775 22.744
      vertex -72.6 -29.7561 22.726
    endloop
  endfacet
  facet normal 0 -0.989186 0.146667
    outer loop
      vertex -72.6 -28.774 21.2561
      vertex -69.6 -28.756 21.3775
      vertex -72.6 -28.756 21.3775
    endloop
  endfacet
  facet normal 0 -0.989186 0.146667
    outer loop
      vertex -69.6 -28.756 21.3775
      vertex -72.6 -28.774 21.2561
      vertex -69.6 -28.774 21.2561
    endloop
  endfacet
  facet normal 0 0.998803 -0.0489209
    outer loop
      vertex -72.4648 -31.25 21.5
      vertex -69.6 -31.244 21.6225
      vertex -69.6 -31.25 21.5
    endloop
  endfacet
  facet normal 0 0.998803 -0.0489209
    outer loop
      vertex -69.6 -31.244 21.6225
      vertex -72.4648 -31.25 21.5
      vertex -72.4663 -31.244 21.6225
    endloop
  endfacet
  facet normal 0 -0.0489209 -0.998803
    outer loop
      vertex -72.6 -30 22.75
      vertex -69.6 -29.8775 22.744
      vertex -69.6 -30 22.75
    endloop
  endfacet
  facet normal -0 -0.0489209 -0.998803
    outer loop
      vertex -69.6 -29.8775 22.744
      vertex -72.6 -30 22.75
      vertex -72.6 -29.8775 22.744
    endloop
  endfacet
  facet normal 0 0.942275 -0.33484
    outer loop
      vertex -69.6 -31.1549 21.9784
      vertex -72.4847 -31.1705 21.9345
      vertex -72.487 -31.1549 21.9784
    endloop
  endfacet
  facet normal 0 0.941613 -0.336698
    outer loop
      vertex -72.4783 -31.1962 21.8629
      vertex -69.6 -31.1549 21.9784
      vertex -69.6 -31.1962 21.8629
    endloop
  endfacet
  facet normal 5.12867e-05 0.941207 -0.337831
    outer loop
      vertex -69.6 -31.1549 21.9784
      vertex -72.4783 -31.1962 21.8629
      vertex -72.4847 -31.1705 21.9345
    endloop
  endfacet
  facet normal 0 0.740898 0.671617
    outer loop
      vertex -69.6 -30.8839 20.6161
      vertex -72.515 -30.9663 20.707
      vertex -69.6 -30.9663 20.707
    endloop
  endfacet
  facet normal 0 0.740898 0.671617
    outer loop
      vertex -72.515 -30.9663 20.707
      vertex -69.6 -30.8839 20.6161
      vertex -72.5272 -30.8839 20.6161
    endloop
  endfacet
  facet normal 0 -0.242919 0.970047
    outer loop
      vertex -72.5822 30.3629 20.3038
      vertex -69.6 30.2439 20.274
      vertex -69.6 30.3629 20.3038
    endloop
  endfacet
  facet normal 0 -0.242919 0.970047
    outer loop
      vertex -69.6 30.2439 20.274
      vertex -72.5822 30.3629 20.3038
      vertex -72.588 30.2439 20.274
    endloop
  endfacet
  facet normal 0 -0.989186 -0.146667
    outer loop
      vertex -72.4663 31.244 21.6225
      vertex -69.6 31.226 21.7439
      vertex -72.4708 31.226 21.7439
    endloop
  endfacet
  facet normal 0 -0.989186 -0.146667
    outer loop
      vertex -69.6 31.226 21.7439
      vertex -72.4663 31.244 21.6225
      vertex -69.6 31.244 21.6225
    endloop
  endfacet
  facet normal 0 0.941613 0.336698
    outer loop
      vertex -69.6 28.8451 21.0216
      vertex -72.6 28.8038 21.1371
      vertex -69.6 28.8038 21.1371
    endloop
  endfacet
  facet normal 0 0.941613 0.336698
    outer loop
      vertex -72.6 28.8038 21.1371
      vertex -69.6 28.8451 21.0216
      vertex -72.6 28.8451 21.0216
    endloop
  endfacet
  facet normal 0 -0.671617 -0.740898
    outer loop
      vertex -69.6 30.793 22.4663
      vertex -72.5272 30.8839 22.3839
      vertex -69.6 30.8839 22.3839
    endloop
  endfacet
  facet normal 0 -0.671617 -0.740898
    outer loop
      vertex -72.5272 30.8839 22.3839
      vertex -69.6 30.793 22.4663
      vertex -72.5407 30.793 22.4663
    endloop
  endfacet
  facet normal 0 -0.903688 0.428192
    outer loop
      vertex -69.6 31.1024 20.9108
      vertex -72.487 31.1549 21.0216
      vertex -72.4948 31.1024 20.9108
    endloop
  endfacet
  facet normal 0 -0.903688 0.428192
    outer loop
      vertex -72.487 31.1549 21.0216
      vertex -69.6 31.1024 20.9108
      vertex -69.6 31.1549 21.0216
    endloop
  endfacet
  facet normal 0 -0.740898 -0.671617
    outer loop
      vertex -72.515 30.9663 22.293
      vertex -69.6 30.8839 22.3839
      vertex -72.5272 30.8839 22.3839
    endloop
  endfacet
  facet normal 0 -0.740898 -0.671617
    outer loop
      vertex -69.6 30.8839 22.3839
      vertex -72.515 30.9663 22.293
      vertex -69.6 30.9663 22.293
    endloop
  endfacet
  facet normal 0 0.671617 -0.740898
    outer loop
      vertex -72.6 29.1161 22.3839
      vertex -69.6 29.207 22.4663
      vertex -69.6 29.1161 22.3839
    endloop
  endfacet
  facet normal 0 0.671617 -0.740898
    outer loop
      vertex -69.6 29.207 22.4663
      vertex -72.6 29.1161 22.3839
      vertex -72.6 29.207 22.4663
    endloop
  endfacet
  facet normal 0 -0.336698 0.941613
    outer loop
      vertex -72.5765 30.4784 20.3451
      vertex -69.6 30.3629 20.3038
      vertex -69.6 30.4784 20.3451
    endloop
  endfacet
  facet normal 0 -0.336698 0.941613
    outer loop
      vertex -69.6 30.3629 20.3038
      vertex -72.5765 30.4784 20.3451
      vertex -72.5822 30.3629 20.3038
    endloop
  endfacet
  facet normal -0 0.336698 0.941613
    outer loop
      vertex -72.6 29.6371 20.3038
      vertex -69.6 29.5216 20.3451
      vertex -69.6 29.6371 20.3038
    endloop
  endfacet
  facet normal 0 0.336698 0.941613
    outer loop
      vertex -69.6 29.5216 20.3451
      vertex -72.6 29.6371 20.3038
      vertex -72.6 29.5216 20.3451
    endloop
  endfacet
  facet normal 0 -0.0489209 0.998803
    outer loop
      vertex -72.594 30.1225 20.256
      vertex -69.6 30 20.25
      vertex -69.6 30.1225 20.256
    endloop
  endfacet
  facet normal 0 -0.0489209 0.998803
    outer loop
      vertex -69.6 30 20.25
      vertex -72.594 30.1225 20.256
      vertex -72.6 30 20.25
    endloop
  endfacet
  facet normal 0 -0.740898 0.671617
    outer loop
      vertex -69.6 30.8839 20.6161
      vertex -72.515 30.9663 20.707
      vertex -72.5272 30.8839 20.6161
    endloop
  endfacet
  facet normal 0 -0.740898 0.671617
    outer loop
      vertex -72.515 30.9663 20.707
      vertex -69.6 30.8839 20.6161
      vertex -69.6 30.9663 20.707
    endloop
  endfacet
  facet normal 0 0.903688 0.428192
    outer loop
      vertex -69.6 28.8976 20.9108
      vertex -72.6 28.8451 21.0216
      vertex -69.6 28.8451 21.0216
    endloop
  endfacet
  facet normal 0 0.903688 0.428192
    outer loop
      vertex -72.6 28.8451 21.0216
      vertex -69.6 28.8976 20.9108
      vertex -72.6 28.8976 20.9108
    endloop
  endfacet
  facet normal 0 -0.671617 0.740898
    outer loop
      vertex -72.5272 30.8839 20.6161
      vertex -69.6 30.793 20.5337
      vertex -69.6 30.8839 20.6161
    endloop
  endfacet
  facet normal 0 -0.671617 0.740898
    outer loop
      vertex -69.6 30.793 20.5337
      vertex -72.5272 30.8839 20.6161
      vertex -72.5407 30.793 20.5337
    endloop
  endfacet
  facet normal 0 -0.85778 0.514016
    outer loop
      vertex -69.6 31.0393 20.8055
      vertex -72.4948 31.1024 20.9108
      vertex -72.5042 31.0393 20.8055
    endloop
  endfacet
  facet normal 0 -0.85778 0.514016
    outer loop
      vertex -72.4948 31.1024 20.9108
      vertex -69.6 31.0393 20.8055
      vertex -69.6 31.1024 20.9108
    endloop
  endfacet
  facet normal 0 0.595423 -0.803413
    outer loop
      vertex -72.6 29.207 22.4663
      vertex -69.6 29.3055 22.5393
      vertex -69.6 29.207 22.4663
    endloop
  endfacet
  facet normal 0 0.595423 -0.803413
    outer loop
      vertex -69.6 29.3055 22.5393
      vertex -72.6 29.207 22.4663
      vertex -72.6 29.3055 22.5393
    endloop
  endfacet
  facet normal -0 0.0489209 0.998803
    outer loop
      vertex -72.6 30 20.25
      vertex -69.6 29.8775 20.256
      vertex -69.6 30 20.25
    endloop
  endfacet
  facet normal 0 0.0489209 0.998803
    outer loop
      vertex -69.6 29.8775 20.256
      vertex -72.6 30 20.25
      vertex -72.6 29.8775 20.256
    endloop
  endfacet
  facet normal -0 0.428192 0.903688
    outer loop
      vertex -72.6 29.5216 20.3451
      vertex -69.6 29.4108 20.3976
      vertex -69.6 29.5216 20.3451
    endloop
  endfacet
  facet normal 0 0.428192 0.903688
    outer loop
      vertex -69.6 29.4108 20.3976
      vertex -72.6 29.5216 20.3451
      vertex -72.6 29.4108 20.3976
    endloop
  endfacet
  facet normal 0 -0.0489209 -0.998803
    outer loop
      vertex -69.6 30 22.75
      vertex -72.594 30.1225 22.744
      vertex -69.6 30.1225 22.744
    endloop
  endfacet
  facet normal 0 -0.0489209 -0.998803
    outer loop
      vertex -72.594 30.1225 22.744
      vertex -69.6 30 22.75
      vertex -72.6 30 22.75
    endloop
  endfacet
  facet normal 0 0.998803 -0.0489209
    outer loop
      vertex -69.6 28.75 21.5
      vertex -72.6 28.756 21.6225
      vertex -69.6 28.756 21.6225
    endloop
  endfacet
  facet normal 0 0.998803 -0.0489209
    outer loop
      vertex -72.6 28.756 21.6225
      vertex -69.6 28.75 21.5
      vertex -72.6 28.75 21.5
    endloop
  endfacet
  facet normal -0 0.146667 0.989186
    outer loop
      vertex -72.6 29.8775 20.256
      vertex -69.6 29.7561 20.274
      vertex -69.6 29.8775 20.256
    endloop
  endfacet
  facet normal 0 0.146667 0.989186
    outer loop
      vertex -69.6 29.7561 20.274
      vertex -72.6 29.8775 20.256
      vertex -72.6 29.7561 20.274
    endloop
  endfacet
  facet normal 0 -0.942275 -0.33484
    outer loop
      vertex -72.4847 31.1705 21.9345
      vertex -69.6 31.1549 21.9784
      vertex -72.487 31.1549 21.9784
    endloop
  endfacet
  facet normal 5.12867e-05 -0.941207 -0.337831
    outer loop
      vertex -72.4783 31.1962 21.8629
      vertex -69.6 31.1549 21.9784
      vertex -72.4847 31.1705 21.9345
    endloop
  endfacet
  facet normal 0 -0.941613 -0.336698
    outer loop
      vertex -69.6 31.1549 21.9784
      vertex -72.4783 31.1962 21.8629
      vertex -69.6 31.1962 21.8629
    endloop
  endfacet
  facet normal 0 -0.970047 -0.242919
    outer loop
      vertex -72.4708 31.226 21.7439
      vertex -69.6 31.1962 21.8629
      vertex -72.4783 31.1962 21.8629
    endloop
  endfacet
  facet normal 0 -0.970047 -0.242919
    outer loop
      vertex -69.6 31.1962 21.8629
      vertex -72.4708 31.226 21.7439
      vertex -69.6 31.226 21.7439
    endloop
  endfacet
  facet normal -0 0.671617 0.740898
    outer loop
      vertex -72.6 29.207 20.5337
      vertex -69.6 29.1161 20.6161
      vertex -69.6 29.207 20.5337
    endloop
  endfacet
  facet normal 0 0.671617 0.740898
    outer loop
      vertex -69.6 29.1161 20.6161
      vertex -72.6 29.207 20.5337
      vertex -72.6 29.1161 20.6161
    endloop
  endfacet
  facet normal -0 0.242919 0.970047
    outer loop
      vertex -72.6 29.7561 20.274
      vertex -69.6 29.6371 20.3038
      vertex -69.6 29.7561 20.274
    endloop
  endfacet
  facet normal 0 0.242919 0.970047
    outer loop
      vertex -69.6 29.6371 20.3038
      vertex -72.6 29.7561 20.274
      vertex -72.6 29.6371 20.3038
    endloop
  endfacet
  facet normal 0 0.242919 -0.970047
    outer loop
      vertex -72.6 29.6371 22.6962
      vertex -69.6 29.7561 22.726
      vertex -69.6 29.6371 22.6962
    endloop
  endfacet
  facet normal 0 0.242919 -0.970047
    outer loop
      vertex -69.6 29.7561 22.726
      vertex -72.6 29.6371 22.6962
      vertex -72.6 29.7561 22.726
    endloop
  endfacet
  facet normal 0 0.0489209 -0.998803
    outer loop
      vertex -72.6 29.8775 22.744
      vertex -69.6 30 22.75
      vertex -69.6 29.8775 22.744
    endloop
  endfacet
  facet normal 0 0.0489209 -0.998803
    outer loop
      vertex -69.6 30 22.75
      vertex -72.6 29.8775 22.744
      vertex -72.6 30 22.75
    endloop
  endfacet
  facet normal 0 0.85778 0.514016
    outer loop
      vertex -69.6 28.9607 20.8055
      vertex -72.6 28.8976 20.9108
      vertex -69.6 28.8976 20.9108
    endloop
  endfacet
  facet normal 0 0.85778 0.514016
    outer loop
      vertex -72.6 28.8976 20.9108
      vertex -69.6 28.9607 20.8055
      vertex -72.6 28.9607 20.8055
    endloop
  endfacet
  facet normal 0 -0.803413 -0.595423
    outer loop
      vertex -72.5042 31.0393 22.1945
      vertex -69.6 30.9663 22.293
      vertex -72.515 30.9663 22.293
    endloop
  endfacet
  facet normal 0 -0.803413 -0.595423
    outer loop
      vertex -69.6 30.9663 22.293
      vertex -72.5042 31.0393 22.1945
      vertex -69.6 31.0393 22.1945
    endloop
  endfacet
  facet normal 0 -0.514016 -0.85778
    outer loop
      vertex -69.6 30.5892 22.6024
      vertex -72.5553 30.6945 22.5393
      vertex -69.6 30.6945 22.5393
    endloop
  endfacet
  facet normal 0 -0.514016 -0.85778
    outer loop
      vertex -72.5553 30.6945 22.5393
      vertex -69.6 30.5892 22.6024
      vertex -72.5709 30.5892 22.6024
    endloop
  endfacet
  facet normal 0 -0.514016 0.85778
    outer loop
      vertex -72.5553 30.6945 20.4607
      vertex -69.6 30.5892 20.3976
      vertex -69.6 30.6945 20.4607
    endloop
  endfacet
  facet normal 0 -0.514016 0.85778
    outer loop
      vertex -69.6 30.5892 20.3976
      vertex -72.5553 30.6945 20.4607
      vertex -72.5709 30.5892 20.3976
    endloop
  endfacet
  facet normal 0 0.970047 -0.242919
    outer loop
      vertex -69.6 28.774 21.7439
      vertex -72.6 28.8038 21.8629
      vertex -69.6 28.8038 21.8629
    endloop
  endfacet
  facet normal 0 0.970047 -0.242919
    outer loop
      vertex -72.6 28.8038 21.8629
      vertex -69.6 28.774 21.7439
      vertex -72.6 28.774 21.7439
    endloop
  endfacet
  facet normal 0 -0.146667 0.989186
    outer loop
      vertex -72.588 30.2439 20.274
      vertex -69.6 30.1225 20.256
      vertex -69.6 30.2439 20.274
    endloop
  endfacet
  facet normal 0 -0.146667 0.989186
    outer loop
      vertex -69.6 30.1225 20.256
      vertex -72.588 30.2439 20.274
      vertex -72.594 30.1225 20.256
    endloop
  endfacet
  facet normal 0 -0.85778 -0.514016
    outer loop
      vertex -72.4948 31.1024 22.0892
      vertex -69.6 31.0393 22.1945
      vertex -72.5042 31.0393 22.1945
    endloop
  endfacet
  facet normal 0 -0.85778 -0.514016
    outer loop
      vertex -69.6 31.0393 22.1945
      vertex -72.4948 31.1024 22.0892
      vertex -69.6 31.1024 22.0892
    endloop
  endfacet
  facet normal 0 0.336698 -0.941613
    outer loop
      vertex -72.6 29.5216 22.6549
      vertex -69.6 29.6371 22.6962
      vertex -69.6 29.5216 22.6549
    endloop
  endfacet
  facet normal 0 0.336698 -0.941613
    outer loop
      vertex -69.6 29.6371 22.6962
      vertex -72.6 29.5216 22.6549
      vertex -72.6 29.6371 22.6962
    endloop
  endfacet
  facet normal 0 -0.903688 -0.428192
    outer loop
      vertex -72.487 31.1549 21.9784
      vertex -69.6 31.1024 22.0892
      vertex -72.4948 31.1024 22.0892
    endloop
  endfacet
  facet normal 0 -0.903688 -0.428192
    outer loop
      vertex -69.6 31.1024 22.0892
      vertex -72.487 31.1549 21.9784
      vertex -69.6 31.1549 21.9784
    endloop
  endfacet
  facet normal 0 -0.336698 -0.941613
    outer loop
      vertex -69.6 30.3629 22.6962
      vertex -72.5765 30.4784 22.6549
      vertex -69.6 30.4784 22.6549
    endloop
  endfacet
  facet normal 0 -0.336698 -0.941613
    outer loop
      vertex -72.5765 30.4784 22.6549
      vertex -69.6 30.3629 22.6962
      vertex -72.5822 30.3629 22.6962
    endloop
  endfacet
  facet normal 0 -0.989186 0.146667
    outer loop
      vertex -69.6 31.226 21.2561
      vertex -72.4663 31.244 21.3775
      vertex -72.4708 31.226 21.2561
    endloop
  endfacet
  facet normal 0 -0.989186 0.146667
    outer loop
      vertex -72.4663 31.244 21.3775
      vertex -69.6 31.226 21.2561
      vertex -69.6 31.244 21.3775
    endloop
  endfacet
  facet normal 0 -0.595423 -0.803413
    outer loop
      vertex -69.6 30.6945 22.5393
      vertex -72.5407 30.793 22.4663
      vertex -69.6 30.793 22.4663
    endloop
  endfacet
  facet normal 0 -0.595423 -0.803413
    outer loop
      vertex -72.5407 30.793 22.4663
      vertex -69.6 30.6945 22.5393
      vertex -72.5553 30.6945 22.5393
    endloop
  endfacet
  facet normal 0 -0.146667 -0.989186
    outer loop
      vertex -69.6 30.1225 22.744
      vertex -72.588 30.2439 22.726
      vertex -69.6 30.2439 22.726
    endloop
  endfacet
  facet normal 0 -0.146667 -0.989186
    outer loop
      vertex -72.588 30.2439 22.726
      vertex -69.6 30.1225 22.744
      vertex -72.594 30.1225 22.744
    endloop
  endfacet
  facet normal -0 0.514016 0.85778
    outer loop
      vertex -72.6 29.4108 20.3976
      vertex -69.6 29.3055 20.4607
      vertex -69.6 29.4108 20.3976
    endloop
  endfacet
  facet normal 0 0.514016 0.85778
    outer loop
      vertex -69.6 29.3055 20.4607
      vertex -72.6 29.4108 20.3976
      vertex -72.6 29.3055 20.4607
    endloop
  endfacet
  facet normal 0 -0.803413 0.595423
    outer loop
      vertex -69.6 30.9663 20.707
      vertex -72.5042 31.0393 20.8055
      vertex -72.515 30.9663 20.707
    endloop
  endfacet
  facet normal 0 -0.803413 0.595423
    outer loop
      vertex -72.5042 31.0393 20.8055
      vertex -69.6 30.9663 20.707
      vertex -69.6 31.0393 20.8055
    endloop
  endfacet
  facet normal 0 -0.428192 0.903688
    outer loop
      vertex -72.5709 30.5892 20.3976
      vertex -69.6 30.4784 20.3451
      vertex -69.6 30.5892 20.3976
    endloop
  endfacet
  facet normal 0.131203 -0.429898 0.893294
    outer loop
      vertex -72.5765 30.4784 20.3451
      vertex -72.5709 30.5892 20.3976
      vertex -72.5711 30.5881 20.3971
    endloop
  endfacet
  facet normal 0 -0.428192 0.903688
    outer loop
      vertex -72.5709 30.5892 20.3976
      vertex -72.5765 30.4784 20.3451
      vertex -69.6 30.4784 20.3451
    endloop
  endfacet
  facet normal 0 -0.428192 -0.903688
    outer loop
      vertex -69.6 30.4784 22.6549
      vertex -72.5709 30.5892 22.6024
      vertex -69.6 30.5892 22.6024
    endloop
  endfacet
  facet normal 0 -0.428192 -0.903688
    outer loop
      vertex -72.5765 30.4784 22.6549
      vertex -72.5709 30.5892 22.6024
      vertex -69.6 30.4784 22.6549
    endloop
  endfacet
  facet normal 0.131203 -0.429898 -0.893294
    outer loop
      vertex -72.5709 30.5892 22.6024
      vertex -72.5765 30.4784 22.6549
      vertex -72.5711 30.5881 22.6029
    endloop
  endfacet
  facet normal 0 0.989186 -0.146667
    outer loop
      vertex -69.6 28.756 21.6225
      vertex -72.6 28.774 21.7439
      vertex -69.6 28.774 21.7439
    endloop
  endfacet
  facet normal 0 0.989186 -0.146667
    outer loop
      vertex -72.6 28.774 21.7439
      vertex -69.6 28.756 21.6225
      vertex -72.6 28.756 21.6225
    endloop
  endfacet
  facet normal 0 -0.595423 0.803413
    outer loop
      vertex -72.5407 30.793 20.5337
      vertex -69.6 30.6945 20.4607
      vertex -69.6 30.793 20.5337
    endloop
  endfacet
  facet normal 0 -0.595423 0.803413
    outer loop
      vertex -69.6 30.6945 20.4607
      vertex -72.5407 30.793 20.5337
      vertex -72.5553 30.6945 20.4607
    endloop
  endfacet
  facet normal 0 -0.998803 0.0489209
    outer loop
      vertex -69.6 31.244 21.3775
      vertex -72.4648 31.25 21.5
      vertex -72.4663 31.244 21.3775
    endloop
  endfacet
  facet normal 0 -0.998803 0.0489209
    outer loop
      vertex -72.4648 31.25 21.5
      vertex -69.6 31.244 21.3775
      vertex -69.6 31.25 21.5
    endloop
  endfacet
  facet normal 0 0.998803 0.0489209
    outer loop
      vertex -69.6 28.756 21.3775
      vertex -72.6 28.75 21.5
      vertex -69.6 28.75 21.5
    endloop
  endfacet
  facet normal 0 0.998803 0.0489209
    outer loop
      vertex -72.6 28.75 21.5
      vertex -69.6 28.756 21.3775
      vertex -72.6 28.756 21.3775
    endloop
  endfacet
  facet normal 0 -0.998803 -0.0489209
    outer loop
      vertex -72.4648 31.25 21.5
      vertex -69.6 31.244 21.6225
      vertex -72.4663 31.244 21.6225
    endloop
  endfacet
  facet normal 0 -0.998803 -0.0489209
    outer loop
      vertex -69.6 31.244 21.6225
      vertex -72.4648 31.25 21.5
      vertex -69.6 31.25 21.5
    endloop
  endfacet
  facet normal 5.12867e-05 -0.941207 0.337831
    outer loop
      vertex -69.6 31.1549 21.0216
      vertex -72.4783 31.1962 21.1371
      vertex -72.4847 31.1705 21.0655
    endloop
  endfacet
  facet normal 0 -0.942275 0.33484
    outer loop
      vertex -69.6 31.1549 21.0216
      vertex -72.4847 31.1705 21.0655
      vertex -72.487 31.1549 21.0216
    endloop
  endfacet
  facet normal 0 -0.941613 0.336698
    outer loop
      vertex -72.4783 31.1962 21.1371
      vertex -69.6 31.1549 21.0216
      vertex -69.6 31.1962 21.1371
    endloop
  endfacet
  facet normal 0 0.514016 -0.85778
    outer loop
      vertex -72.6 29.3055 22.5393
      vertex -69.6 29.4108 22.6024
      vertex -69.6 29.3055 22.5393
    endloop
  endfacet
  facet normal 0 0.514016 -0.85778
    outer loop
      vertex -69.6 29.4108 22.6024
      vertex -72.6 29.3055 22.5393
      vertex -72.6 29.4108 22.6024
    endloop
  endfacet
  facet normal -0 0.595423 0.803413
    outer loop
      vertex -72.6 29.3055 20.4607
      vertex -69.6 29.207 20.5337
      vertex -69.6 29.3055 20.4607
    endloop
  endfacet
  facet normal 0 0.595423 0.803413
    outer loop
      vertex -69.6 29.207 20.5337
      vertex -72.6 29.3055 20.4607
      vertex -72.6 29.207 20.5337
    endloop
  endfacet
  facet normal 0 0.989186 0.146667
    outer loop
      vertex -69.6 28.774 21.2561
      vertex -72.6 28.756 21.3775
      vertex -69.6 28.756 21.3775
    endloop
  endfacet
  facet normal 0 0.989186 0.146667
    outer loop
      vertex -72.6 28.756 21.3775
      vertex -69.6 28.774 21.2561
      vertex -72.6 28.774 21.2561
    endloop
  endfacet
  facet normal 0 0.428192 -0.903688
    outer loop
      vertex -72.6 29.4108 22.6024
      vertex -69.6 29.5216 22.6549
      vertex -69.6 29.4108 22.6024
    endloop
  endfacet
  facet normal 0 0.428192 -0.903688
    outer loop
      vertex -69.6 29.5216 22.6549
      vertex -72.6 29.4108 22.6024
      vertex -72.6 29.5216 22.6549
    endloop
  endfacet
  facet normal 0 0.941613 -0.336698
    outer loop
      vertex -69.6 28.8038 21.8629
      vertex -72.6 28.8451 21.9784
      vertex -69.6 28.8451 21.9784
    endloop
  endfacet
  facet normal 0 0.941613 -0.336698
    outer loop
      vertex -72.6 28.8451 21.9784
      vertex -69.6 28.8038 21.8629
      vertex -72.6 28.8038 21.8629
    endloop
  endfacet
  facet normal 0 0.803413 -0.595423
    outer loop
      vertex -69.6 28.9607 22.1945
      vertex -72.6 29.0337 22.293
      vertex -69.6 29.0337 22.293
    endloop
  endfacet
  facet normal 0 0.803413 -0.595423
    outer loop
      vertex -72.6 29.0337 22.293
      vertex -69.6 28.9607 22.1945
      vertex -72.6 28.9607 22.1945
    endloop
  endfacet
  facet normal 0 0.146667 -0.989186
    outer loop
      vertex -72.6 29.7561 22.726
      vertex -69.6 29.8775 22.744
      vertex -69.6 29.7561 22.726
    endloop
  endfacet
  facet normal 0 0.146667 -0.989186
    outer loop
      vertex -69.6 29.8775 22.744
      vertex -72.6 29.7561 22.726
      vertex -72.6 29.8775 22.744
    endloop
  endfacet
  facet normal 0 -0.242919 -0.970047
    outer loop
      vertex -69.6 30.2439 22.726
      vertex -72.5822 30.3629 22.6962
      vertex -69.6 30.3629 22.6962
    endloop
  endfacet
  facet normal 0 -0.242919 -0.970047
    outer loop
      vertex -72.5822 30.3629 22.6962
      vertex -69.6 30.2439 22.726
      vertex -72.588 30.2439 22.726
    endloop
  endfacet
  facet normal 0 0.803413 0.595423
    outer loop
      vertex -69.6 29.0337 20.707
      vertex -72.6 28.9607 20.8055
      vertex -69.6 28.9607 20.8055
    endloop
  endfacet
  facet normal 0 0.803413 0.595423
    outer loop
      vertex -72.6 28.9607 20.8055
      vertex -69.6 29.0337 20.707
      vertex -72.6 29.0337 20.707
    endloop
  endfacet
  facet normal 0 0.970047 0.242919
    outer loop
      vertex -69.6 28.8038 21.1371
      vertex -72.6 28.774 21.2561
      vertex -69.6 28.774 21.2561
    endloop
  endfacet
  facet normal 0 0.970047 0.242919
    outer loop
      vertex -72.6 28.774 21.2561
      vertex -69.6 28.8038 21.1371
      vertex -72.6 28.8038 21.1371
    endloop
  endfacet
  facet normal 0 0.740898 0.671617
    outer loop
      vertex -69.6 29.1161 20.6161
      vertex -72.6 29.0337 20.707
      vertex -69.6 29.0337 20.707
    endloop
  endfacet
  facet normal 0 0.740898 0.671617
    outer loop
      vertex -72.6 29.0337 20.707
      vertex -69.6 29.1161 20.6161
      vertex -72.6 29.1161 20.6161
    endloop
  endfacet
  facet normal 0 0.740898 -0.671617
    outer loop
      vertex -69.6 29.0337 22.293
      vertex -72.6 29.1161 22.3839
      vertex -69.6 29.1161 22.3839
    endloop
  endfacet
  facet normal 0 0.740898 -0.671617
    outer loop
      vertex -72.6 29.1161 22.3839
      vertex -69.6 29.0337 22.293
      vertex -72.6 29.0337 22.293
    endloop
  endfacet
  facet normal 0 -0.970047 0.242919
    outer loop
      vertex -69.6 31.1962 21.1371
      vertex -72.4708 31.226 21.2561
      vertex -72.4783 31.1962 21.1371
    endloop
  endfacet
  facet normal 0 -0.970047 0.242919
    outer loop
      vertex -72.4708 31.226 21.2561
      vertex -69.6 31.1962 21.1371
      vertex -69.6 31.226 21.2561
    endloop
  endfacet
  facet normal 0 0.85778 -0.514016
    outer loop
      vertex -69.6 28.8976 22.0892
      vertex -72.6 28.9607 22.1945
      vertex -69.6 28.9607 22.1945
    endloop
  endfacet
  facet normal 0 0.85778 -0.514016
    outer loop
      vertex -72.6 28.9607 22.1945
      vertex -69.6 28.8976 22.0892
      vertex -72.6 28.8976 22.0892
    endloop
  endfacet
  facet normal 0 0.903688 -0.428192
    outer loop
      vertex -69.6 28.8451 21.9784
      vertex -72.6 28.8976 22.0892
      vertex -69.6 28.8976 22.0892
    endloop
  endfacet
  facet normal 0 0.903688 -0.428192
    outer loop
      vertex -72.6 28.8976 22.0892
      vertex -69.6 28.8451 21.9784
      vertex -72.6 28.8451 21.9784
    endloop
  endfacet
  facet normal 0 0.0489209 -0.998803
    outer loop
      vertex -72.6 -16.196 13.4904
      vertex -69.6 -16 13.5
      vertex -69.6 -16.196 13.4904
    endloop
  endfacet
  facet normal 0 0.0489209 -0.998803
    outer loop
      vertex -69.6 -16 13.5
      vertex -72.6 -16.196 13.4904
      vertex -72.6 -16 13.5
    endloop
  endfacet
  facet normal 0 -0.242967 0.970035
    outer loop
      vertex -72.6 -15.4194 9.58612
      vertex -65.6 -15.6098 9.53843
      vertex -65.6 -15.4194 9.58612
    endloop
  endfacet
  facet normal 0 -0.242967 0.970035
    outer loop
      vertex -65.6 -15.6098 9.53843
      vertex -72.6 -15.4194 9.58612
      vertex -72.6 -15.6098 9.53843
    endloop
  endfacet
  facet normal 0 -0.857673 -0.514196
    outer loop
      vertex -72.6 -14.2362 12.4428
      vertex -65.6 -14.3371 12.6111
      vertex -72.6 -14.3371 12.6111
    endloop
  endfacet
  facet normal 0 -0.857673 -0.514196
    outer loop
      vertex -65.6 -14.3371 12.6111
      vertex -72.6 -14.2362 12.4428
      vertex -65.6 -14.2362 12.4428
    endloop
  endfacet
  facet normal 0 -0.595573 0.803301
    outer loop
      vertex -72.6 -14.7312 9.95398
      vertex -65.6 -14.8889 9.83706
      vertex -65.6 -14.7312 9.95398
    endloop
  endfacet
  facet normal 0 -0.595573 0.803301
    outer loop
      vertex -65.6 -14.8889 9.83706
      vertex -72.6 -14.7312 9.95398
      vertex -72.6 -14.8889 9.83706
    endloop
  endfacet
  facet normal 0 -0.0490735 0.998795
    outer loop
      vertex -72.6 -15.804 9.50963
      vertex -65.6 -16 9.5
      vertex -65.6 -15.804 9.50963
    endloop
  endfacet
  facet normal 0 -0.0490735 0.998795
    outer loop
      vertex -65.6 -16 9.5
      vertex -72.6 -15.804 9.50963
      vertex -72.6 -16 9.5
    endloop
  endfacet
  facet normal -0 0.671663 0.740857
    outer loop
      vertex -72.6 -17.2688 9.95398
      vertex -65.6 -17.4142 10.0858
      vertex -65.6 -17.2688 9.95398
    endloop
  endfacet
  facet normal 0 0.671663 0.740857
    outer loop
      vertex -65.6 -17.4142 10.0858
      vertex -72.6 -17.2688 9.95398
      vertex -72.6 -17.4142 10.0858
    endloop
  endfacet
  facet normal 0 0.970023 0.243015
    outer loop
      vertex -65.6 -17.9139 10.9194
      vertex -72.6 -17.9616 11.1098
      vertex -65.6 -17.9616 11.1098
    endloop
  endfacet
  facet normal 0 0.970023 0.243015
    outer loop
      vertex -72.6 -17.9616 11.1098
      vertex -65.6 -17.9139 10.9194
      vertex -72.6 -17.9139 10.9194
    endloop
  endfacet
  facet normal 0 0.9038 0.427955
    outer loop
      vertex -65.6 -17.7638 10.5572
      vertex -72.6 -17.8478 10.7346
      vertex -65.6 -17.8478 10.7346
    endloop
  endfacet
  facet normal 0 0.9038 0.427955
    outer loop
      vertex -72.6 -17.8478 10.7346
      vertex -65.6 -17.7638 10.5572
      vertex -72.6 -17.7638 10.5572
    endloop
  endfacet
  facet normal 0 -0.94158 -0.336788
    outer loop
      vertex -72.6 -14.0861 12.0806
      vertex -65.6 -14.1522 12.2654
      vertex -72.6 -14.1522 12.2654
    endloop
  endfacet
  facet normal 0 -0.94158 -0.336788
    outer loop
      vertex -65.6 -14.1522 12.2654
      vertex -72.6 -14.0861 12.0806
      vertex -65.6 -14.0861 12.0806
    endloop
  endfacet
  facet normal 0 0.989182 0.146696
    outer loop
      vertex -65.6 -17.9616 11.1098
      vertex -72.6 -17.9904 11.304
      vertex -65.6 -17.9904 11.304
    endloop
  endfacet
  facet normal 0 0.989182 0.146696
    outer loop
      vertex -72.6 -17.9904 11.304
      vertex -65.6 -17.9616 11.1098
      vertex -72.6 -17.9616 11.1098
    endloop
  endfacet
  facet normal 0 0.998803 -0.0489209
    outer loop
      vertex -65.6 -18 11.5
      vertex -72.6 -17.9904 11.696
      vertex -65.6 -17.9904 11.696
    endloop
  endfacet
  facet normal 0 0.998803 -0.0489209
    outer loop
      vertex -72.6 -17.9904 11.696
      vertex -65.6 -18 11.5
      vertex -72.6 -18 11.5
    endloop
  endfacet
  facet normal 0 -0.336788 -0.94158
    outer loop
      vertex -72.6 -15.4194 13.4139
      vertex -69.6 -15.2346 13.3478
      vertex -69.6 -15.4194 13.4139
    endloop
  endfacet
  facet normal -0 -0.336788 -0.94158
    outer loop
      vertex -69.6 -15.2346 13.3478
      vertex -72.6 -15.4194 13.4139
      vertex -72.6 -15.2346 13.3478
    endloop
  endfacet
  facet normal 0 -0.146696 -0.989182
    outer loop
      vertex -72.6 -15.804 13.4904
      vertex -69.6 -15.6098 13.4616
      vertex -69.6 -15.804 13.4904
    endloop
  endfacet
  facet normal -0 -0.146696 -0.989182
    outer loop
      vertex -69.6 -15.6098 13.4616
      vertex -72.6 -15.804 13.4904
      vertex -72.6 -15.6098 13.4616
    endloop
  endfacet
  facet normal 0 0.857673 0.514196
    outer loop
      vertex -65.6 -17.6629 10.3889
      vertex -72.6 -17.7638 10.5572
      vertex -65.6 -17.7638 10.5572
    endloop
  endfacet
  facet normal 0 0.857673 0.514196
    outer loop
      vertex -72.6 -17.7638 10.5572
      vertex -65.6 -17.6629 10.3889
      vertex -72.6 -17.6629 10.3889
    endloop
  endfacet
  facet normal -0 0.595573 0.803301
    outer loop
      vertex -72.6 -17.1111 9.83706
      vertex -65.6 -17.2688 9.95398
      vertex -65.6 -17.1111 9.83706
    endloop
  endfacet
  facet normal 0 0.595573 0.803301
    outer loop
      vertex -65.6 -17.2688 9.95398
      vertex -72.6 -17.1111 9.83706
      vertex -72.6 -17.2688 9.95398
    endloop
  endfacet
  facet normal 0 -0.94158 0.336788
    outer loop
      vertex -72.6 -14.1522 10.7346
      vertex -65.6 -14.0861 10.9194
      vertex -72.6 -14.0861 10.9194
    endloop
  endfacet
  facet normal 0 -0.94158 0.336788
    outer loop
      vertex -65.6 -14.0861 10.9194
      vertex -72.6 -14.1522 10.7346
      vertex -65.6 -14.1522 10.7346
    endloop
  endfacet
  facet normal 0 -0.427622 0.903958
    outer loop
      vertex -72.6 -15.0572 9.73616
      vertex -65.6 -15.2346 9.65224
      vertex -65.6 -15.0572 9.73616
    endloop
  endfacet
  facet normal 0 -0.427622 0.903958
    outer loop
      vertex -65.6 -15.2346 9.65224
      vertex -72.6 -15.0572 9.73616
      vertex -72.6 -15.2346 9.65224
    endloop
  endfacet
  facet normal 0 -0.80335 0.595508
    outer loop
      vertex -72.6 -14.454 10.2312
      vertex -65.6 -14.3371 10.3889
      vertex -72.6 -14.3371 10.3889
    endloop
  endfacet
  facet normal 0 -0.80335 0.595508
    outer loop
      vertex -65.6 -14.3371 10.3889
      vertex -72.6 -14.454 10.2312
      vertex -65.6 -14.454 10.2312
    endloop
  endfacet
  facet normal 0 0.146696 -0.989182
    outer loop
      vertex -72.6 -16.3902 13.4616
      vertex -69.6 -16.196 13.4904
      vertex -69.6 -16.3902 13.4616
    endloop
  endfacet
  facet normal 0 0.146696 -0.989182
    outer loop
      vertex -69.6 -16.196 13.4904
      vertex -72.6 -16.3902 13.4616
      vertex -72.6 -16.196 13.4904
    endloop
  endfacet
  facet normal 0 0.989182 -0.146696
    outer loop
      vertex -65.6 -17.9904 11.696
      vertex -72.6 -17.9616 11.8902
      vertex -65.6 -17.9616 11.8902
    endloop
  endfacet
  facet normal 0 0.989182 -0.146696
    outer loop
      vertex -72.6 -17.9616 11.8902
      vertex -65.6 -17.9904 11.696
      vertex -72.6 -17.9904 11.696
    endloop
  endfacet
  facet normal 0 0.94158 0.336788
    outer loop
      vertex -65.6 -17.8478 10.7346
      vertex -72.6 -17.9139 10.9194
      vertex -65.6 -17.9139 10.9194
    endloop
  endfacet
  facet normal 0 0.94158 0.336788
    outer loop
      vertex -72.6 -17.9139 10.9194
      vertex -65.6 -17.8478 10.7346
      vertex -72.6 -17.8478 10.7346
    endloop
  endfacet
  facet normal 0 0.243015 -0.970023
    outer loop
      vertex -72.6 -16.5806 13.4139
      vertex -69.6 -16.3902 13.4616
      vertex -69.6 -16.5806 13.4139
    endloop
  endfacet
  facet normal 0 0.243015 -0.970023
    outer loop
      vertex -69.6 -16.3902 13.4616
      vertex -72.6 -16.5806 13.4139
      vertex -72.6 -16.3902 13.4616
    endloop
  endfacet
  facet normal 0 0.970023 -0.243015
    outer loop
      vertex -65.6 -17.9616 11.8902
      vertex -72.6 -17.9139 12.0806
      vertex -65.6 -17.9139 12.0806
    endloop
  endfacet
  facet normal 0 0.970023 -0.243015
    outer loop
      vertex -72.6 -17.9139 12.0806
      vertex -65.6 -17.9616 11.8902
      vertex -72.6 -17.9616 11.8902
    endloop
  endfacet
  facet normal 0 -0.9038 -0.427955
    outer loop
      vertex -72.6 -14.1522 12.2654
      vertex -65.6 -14.2362 12.4428
      vertex -72.6 -14.2362 12.4428
    endloop
  endfacet
  facet normal 0 -0.9038 -0.427955
    outer loop
      vertex -65.6 -14.2362 12.4428
      vertex -72.6 -14.1522 12.2654
      vertex -65.6 -14.1522 12.2654
    endloop
  endfacet
  facet normal 0 0.671815 -0.740719
    outer loop
      vertex -65.6 -17.4142 12.9142
      vertex -69.6 -17.3196 13
      vertex -65.6 -17.3196 13
    endloop
  endfacet
  facet normal 0 0.671815 -0.740719
    outer loop
      vertex -72.6 -17.4142 12.9142
      vertex -69.6 -17.3196 13
      vertex -65.6 -17.4142 12.9142
    endloop
  endfacet
  facet normal 1.19578e-05 0.671607 -0.740908
    outer loop
      vertex -72.6 -17.2688 13.046
      vertex -69.6 -17.3196 13
      vertex -72.6 -17.4142 12.9142
    endloop
  endfacet
  facet normal 0 0.671219 -0.741259
    outer loop
      vertex -69.6 -17.3196 13
      vertex -72.6 -17.2688 13.046
      vertex -69.6 -17.2688 13.046
    endloop
  endfacet
  facet normal 0 -0.857673 0.514196
    outer loop
      vertex -72.6 -14.3371 10.3889
      vertex -65.6 -14.2362 10.5572
      vertex -72.6 -14.2362 10.5572
    endloop
  endfacet
  facet normal 0 -0.857673 0.514196
    outer loop
      vertex -65.6 -14.2362 10.5572
      vertex -72.6 -14.3371 10.3889
      vertex -65.6 -14.3371 10.3889
    endloop
  endfacet
  facet normal -0 0.0490735 0.998795
    outer loop
      vertex -72.6 -16 9.5
      vertex -65.6 -16.196 9.50963
      vertex -65.6 -16 9.5
    endloop
  endfacet
  facet normal 0 0.0490735 0.998795
    outer loop
      vertex -65.6 -16.196 9.50963
      vertex -72.6 -16 9.5
      vertex -72.6 -16.196 9.50963
    endloop
  endfacet
  facet normal 0 -0.989182 -0.146696
    outer loop
      vertex -72.6 -14.0096 11.696
      vertex -65.6 -14.0384 11.8902
      vertex -72.6 -14.0384 11.8902
    endloop
  endfacet
  facet normal 0 -0.989182 -0.146696
    outer loop
      vertex -65.6 -14.0384 11.8902
      vertex -72.6 -14.0096 11.696
      vertex -65.6 -14.0096 11.696
    endloop
  endfacet
  facet normal -0 0.427622 0.903958
    outer loop
      vertex -72.6 -16.7654 9.65224
      vertex -65.6 -16.9428 9.73616
      vertex -65.6 -16.7654 9.65224
    endloop
  endfacet
  facet normal 0 0.427622 0.903958
    outer loop
      vertex -65.6 -16.9428 9.73616
      vertex -72.6 -16.7654 9.65224
      vertex -72.6 -16.9428 9.73616
    endloop
  endfacet
  facet normal 0 -0.740908 -0.671607
    outer loop
      vertex -72.6 -14.454 12.7688
      vertex -65.6 -14.5858 12.9142
      vertex -72.6 -14.5858 12.9142
    endloop
  endfacet
  facet normal 0 -0.740908 -0.671607
    outer loop
      vertex -65.6 -14.5858 12.9142
      vertex -72.6 -14.454 12.7688
      vertex -65.6 -14.454 12.7688
    endloop
  endfacet
  facet normal 0 -0.243015 -0.970023
    outer loop
      vertex -72.6 -15.6098 13.4616
      vertex -69.6 -15.4194 13.4139
      vertex -69.6 -15.6098 13.4616
    endloop
  endfacet
  facet normal -0 -0.243015 -0.970023
    outer loop
      vertex -69.6 -15.4194 13.4139
      vertex -72.6 -15.6098 13.4616
      vertex -72.6 -15.4194 13.4139
    endloop
  endfacet
  facet normal 0 -0.146696 0.989182
    outer loop
      vertex -72.6 -15.6098 9.53843
      vertex -65.6 -15.804 9.50963
      vertex -65.6 -15.6098 9.53843
    endloop
  endfacet
  facet normal 0 -0.146696 0.989182
    outer loop
      vertex -65.6 -15.804 9.50963
      vertex -72.6 -15.6098 9.53843
      vertex -72.6 -15.804 9.50963
    endloop
  endfacet
  facet normal 0 0.740908 0.671607
    outer loop
      vertex -65.6 -17.4142 10.0858
      vertex -72.6 -17.546 10.2312
      vertex -65.6 -17.546 10.2312
    endloop
  endfacet
  facet normal 0 0.740908 0.671607
    outer loop
      vertex -72.6 -17.546 10.2312
      vertex -65.6 -17.4142 10.0858
      vertex -72.6 -17.4142 10.0858
    endloop
  endfacet
  facet normal 0 -0.336879 0.941548
    outer loop
      vertex -72.6 -15.2346 9.65224
      vertex -65.6 -15.4194 9.58612
      vertex -65.6 -15.2346 9.65224
    endloop
  endfacet
  facet normal 0 -0.336879 0.941548
    outer loop
      vertex -65.6 -15.4194 9.58612
      vertex -72.6 -15.2346 9.65224
      vertex -72.6 -15.4194 9.58612
    endloop
  endfacet
  facet normal 0 0.740908 -0.671607
    outer loop
      vertex -65.6 -17.546 12.7688
      vertex -72.6 -17.4142 12.9142
      vertex -65.6 -17.4142 12.9142
    endloop
  endfacet
  facet normal 0 0.740908 -0.671607
    outer loop
      vertex -72.6 -17.4142 12.9142
      vertex -65.6 -17.546 12.7688
      vertex -72.6 -17.546 12.7688
    endloop
  endfacet
  facet normal 0 0.514196 -0.857673
    outer loop
      vertex -72.6 -17.1111 13.1629
      vertex -69.6 -16.9428 13.2638
      vertex -69.6 -17.1111 13.1629
    endloop
  endfacet
  facet normal 0 0.514196 -0.857673
    outer loop
      vertex -69.6 -16.9428 13.2638
      vertex -72.6 -17.1111 13.1629
      vertex -72.6 -16.9428 13.2638
    endloop
  endfacet
  facet normal 0 -0.80335 -0.595508
    outer loop
      vertex -72.6 -14.3371 12.6111
      vertex -65.6 -14.454 12.7688
      vertex -72.6 -14.454 12.7688
    endloop
  endfacet
  facet normal 0 -0.80335 -0.595508
    outer loop
      vertex -65.6 -14.454 12.7688
      vertex -72.6 -14.3371 12.6111
      vertex -65.6 -14.3371 12.6111
    endloop
  endfacet
  facet normal -0 0.242967 0.970035
    outer loop
      vertex -72.6 -16.3902 9.53843
      vertex -65.6 -16.5806 9.58612
      vertex -65.6 -16.3902 9.53843
    endloop
  endfacet
  facet normal 0 0.242967 0.970035
    outer loop
      vertex -65.6 -16.5806 9.58612
      vertex -72.6 -16.3902 9.53843
      vertex -72.6 -16.5806 9.58612
    endloop
  endfacet
  facet normal -0 0.146696 0.989182
    outer loop
      vertex -72.6 -16.196 9.50963
      vertex -65.6 -16.3902 9.53843
      vertex -65.6 -16.196 9.50963
    endloop
  endfacet
  facet normal 0 0.146696 0.989182
    outer loop
      vertex -65.6 -16.3902 9.53843
      vertex -72.6 -16.196 9.50963
      vertex -72.6 -16.3902 9.53843
    endloop
  endfacet
  facet normal 0 0.427955 -0.9038
    outer loop
      vertex -72.6 -16.9428 13.2638
      vertex -69.6 -16.7654 13.3478
      vertex -69.6 -16.9428 13.2638
    endloop
  endfacet
  facet normal 0 0.427955 -0.9038
    outer loop
      vertex -69.6 -16.7654 13.3478
      vertex -72.6 -16.9428 13.2638
      vertex -72.6 -16.7654 13.3478
    endloop
  endfacet
  facet normal 0 0.998803 0.0489209
    outer loop
      vertex -65.6 -17.9904 11.304
      vertex -72.6 -18 11.5
      vertex -65.6 -18 11.5
    endloop
  endfacet
  facet normal 0 0.998803 0.0489209
    outer loop
      vertex -72.6 -18 11.5
      vertex -65.6 -17.9904 11.304
      vertex -72.6 -17.9904 11.304
    endloop
  endfacet
  facet normal -0 0.514196 0.857673
    outer loop
      vertex -72.6 -16.9428 9.73616
      vertex -65.6 -17.1111 9.83706
      vertex -65.6 -16.9428 9.73616
    endloop
  endfacet
  facet normal 0 0.514196 0.857673
    outer loop
      vertex -65.6 -17.1111 9.83706
      vertex -72.6 -16.9428 9.73616
      vertex -72.6 -17.1111 9.83706
    endloop
  endfacet
  facet normal 0 -0.998803 -0.0489209
    outer loop
      vertex -72.6 -14 11.5
      vertex -65.6 -14.0096 11.696
      vertex -72.6 -14.0096 11.696
    endloop
  endfacet
  facet normal 0 -0.998803 -0.0489209
    outer loop
      vertex -65.6 -14.0096 11.696
      vertex -72.6 -14 11.5
      vertex -65.6 -14 11.5
    endloop
  endfacet
  facet normal 0 -0.9038 0.427955
    outer loop
      vertex -72.6 -14.2362 10.5572
      vertex -65.6 -14.1522 10.7346
      vertex -72.6 -14.1522 10.7346
    endloop
  endfacet
  facet normal 0 -0.9038 0.427955
    outer loop
      vertex -65.6 -14.1522 10.7346
      vertex -72.6 -14.2362 10.5572
      vertex -65.6 -14.2362 10.5572
    endloop
  endfacet
  facet normal 0 -0.998803 0.0489209
    outer loop
      vertex -72.6 -14.0096 11.304
      vertex -65.6 -14 11.5
      vertex -72.6 -14 11.5
    endloop
  endfacet
  facet normal 0 -0.998803 0.0489209
    outer loop
      vertex -65.6 -14 11.5
      vertex -72.6 -14.0096 11.304
      vertex -65.6 -14.0096 11.304
    endloop
  endfacet
  facet normal 0 0.80335 -0.595508
    outer loop
      vertex -65.6 -17.6629 12.6111
      vertex -72.6 -17.546 12.7688
      vertex -65.6 -17.546 12.7688
    endloop
  endfacet
  facet normal 0 0.80335 -0.595508
    outer loop
      vertex -72.6 -17.546 12.7688
      vertex -65.6 -17.6629 12.6111
      vertex -72.6 -17.6629 12.6111
    endloop
  endfacet
  facet normal 0 -0.514196 0.857673
    outer loop
      vertex -72.6 -14.8889 9.83706
      vertex -65.6 -15.0572 9.73616
      vertex -65.6 -14.8889 9.83706
    endloop
  endfacet
  facet normal 0 -0.514196 0.857673
    outer loop
      vertex -65.6 -15.0572 9.73616
      vertex -72.6 -14.8889 9.83706
      vertex -72.6 -15.0572 9.73616
    endloop
  endfacet
  facet normal 0 0.80335 0.595508
    outer loop
      vertex -65.6 -17.546 10.2312
      vertex -72.6 -17.6629 10.3889
      vertex -65.6 -17.6629 10.3889
    endloop
  endfacet
  facet normal 0 0.80335 0.595508
    outer loop
      vertex -72.6 -17.6629 10.3889
      vertex -65.6 -17.546 10.2312
      vertex -72.6 -17.546 10.2312
    endloop
  endfacet
  facet normal 0 -0.427955 -0.9038
    outer loop
      vertex -72.6 -15.2346 13.3478
      vertex -69.6 -15.0572 13.2638
      vertex -69.6 -15.2346 13.3478
    endloop
  endfacet
  facet normal -0 -0.427955 -0.9038
    outer loop
      vertex -69.6 -15.0572 13.2638
      vertex -72.6 -15.2346 13.3478
      vertex -72.6 -15.0572 13.2638
    endloop
  endfacet
  facet normal 0 0.94158 -0.336788
    outer loop
      vertex -65.6 -17.9139 12.0806
      vertex -72.6 -17.8478 12.2654
      vertex -65.6 -17.8478 12.2654
    endloop
  endfacet
  facet normal 0 0.94158 -0.336788
    outer loop
      vertex -72.6 -17.8478 12.2654
      vertex -65.6 -17.9139 12.0806
      vertex -72.6 -17.9139 12.0806
    endloop
  endfacet
  facet normal 0 0.336788 -0.94158
    outer loop
      vertex -72.6 -16.7654 13.3478
      vertex -69.6 -16.5806 13.4139
      vertex -69.6 -16.7654 13.3478
    endloop
  endfacet
  facet normal 0 0.336788 -0.94158
    outer loop
      vertex -69.6 -16.5806 13.4139
      vertex -72.6 -16.7654 13.3478
      vertex -72.6 -16.5806 13.4139
    endloop
  endfacet
  facet normal 0 -0.671663 0.740857
    outer loop
      vertex -72.6 -14.5858 10.0858
      vertex -65.6 -14.7312 9.95398
      vertex -65.6 -14.5858 10.0858
    endloop
  endfacet
  facet normal 0 -0.671663 0.740857
    outer loop
      vertex -65.6 -14.7312 9.95398
      vertex -72.6 -14.5858 10.0858
      vertex -72.6 -14.7312 9.95398
    endloop
  endfacet
  facet normal 0 -0.740908 0.671607
    outer loop
      vertex -72.6 -14.5858 10.0858
      vertex -65.6 -14.454 10.2312
      vertex -72.6 -14.454 10.2312
    endloop
  endfacet
  facet normal 0 -0.740908 0.671607
    outer loop
      vertex -65.6 -14.454 10.2312
      vertex -72.6 -14.5858 10.0858
      vertex -65.6 -14.5858 10.0858
    endloop
  endfacet
  facet normal 0 -0.970023 -0.243015
    outer loop
      vertex -72.6 -14.0384 11.8902
      vertex -65.6 -14.0861 12.0806
      vertex -72.6 -14.0861 12.0806
    endloop
  endfacet
  facet normal 0 -0.970023 -0.243015
    outer loop
      vertex -65.6 -14.0861 12.0806
      vertex -72.6 -14.0384 11.8902
      vertex -65.6 -14.0384 11.8902
    endloop
  endfacet
  facet normal 0 -0.989182 0.146696
    outer loop
      vertex -72.6 -14.0384 11.1098
      vertex -65.6 -14.0096 11.304
      vertex -72.6 -14.0096 11.304
    endloop
  endfacet
  facet normal 0 -0.989182 0.146696
    outer loop
      vertex -65.6 -14.0096 11.304
      vertex -72.6 -14.0384 11.1098
      vertex -65.6 -14.0384 11.1098
    endloop
  endfacet
  facet normal -0 -0.671219 -0.741259
    outer loop
      vertex -69.6 -14.7312 13.046
      vertex -72.6 -14.7312 13.046
      vertex -69.6 -14.6804 13
    endloop
  endfacet
  facet normal 0 -0.671815 -0.740719
    outer loop
      vertex -69.6 -14.6804 13
      vertex -65.6 -14.5858 12.9142
      vertex -65.6 -14.6804 13
    endloop
  endfacet
  facet normal 1.19578e-05 -0.671607 -0.740908
    outer loop
      vertex -72.6 -14.5858 12.9142
      vertex -69.6 -14.6804 13
      vertex -72.6 -14.7312 13.046
    endloop
  endfacet
  facet normal 0 -0.671815 -0.740719
    outer loop
      vertex -69.6 -14.6804 13
      vertex -72.6 -14.5858 12.9142
      vertex -65.6 -14.5858 12.9142
    endloop
  endfacet
  facet normal 0 -0.0489209 -0.998803
    outer loop
      vertex -72.6 -16 13.5
      vertex -69.6 -15.804 13.4904
      vertex -69.6 -16 13.5
    endloop
  endfacet
  facet normal -0 -0.0489209 -0.998803
    outer loop
      vertex -69.6 -15.804 13.4904
      vertex -72.6 -16 13.5
      vertex -72.6 -15.804 13.4904
    endloop
  endfacet
  facet normal 0 0.595508 -0.80335
    outer loop
      vertex -72.6 -17.2688 13.046
      vertex -69.6 -17.1111 13.1629
      vertex -69.6 -17.2688 13.046
    endloop
  endfacet
  facet normal 0 0.595508 -0.80335
    outer loop
      vertex -69.6 -17.1111 13.1629
      vertex -72.6 -17.2688 13.046
      vertex -72.6 -17.1111 13.1629
    endloop
  endfacet
  facet normal 0 -0.970023 0.243015
    outer loop
      vertex -72.6 -14.0861 10.9194
      vertex -65.6 -14.0384 11.1098
      vertex -72.6 -14.0384 11.1098
    endloop
  endfacet
  facet normal 0 -0.970023 0.243015
    outer loop
      vertex -65.6 -14.0384 11.1098
      vertex -72.6 -14.0861 10.9194
      vertex -65.6 -14.0861 10.9194
    endloop
  endfacet
  facet normal 0 -0.595508 -0.80335
    outer loop
      vertex -72.6 -14.8889 13.1629
      vertex -69.6 -14.7312 13.046
      vertex -69.6 -14.8889 13.1629
    endloop
  endfacet
  facet normal -0 -0.595508 -0.80335
    outer loop
      vertex -69.6 -14.7312 13.046
      vertex -72.6 -14.8889 13.1629
      vertex -72.6 -14.7312 13.046
    endloop
  endfacet
  facet normal -0 0.336879 0.941548
    outer loop
      vertex -72.6 -16.5806 9.58612
      vertex -65.6 -16.7654 9.65224
      vertex -65.6 -16.5806 9.58612
    endloop
  endfacet
  facet normal 0 0.336879 0.941548
    outer loop
      vertex -65.6 -16.7654 9.65224
      vertex -72.6 -16.5806 9.58612
      vertex -72.6 -16.7654 9.65224
    endloop
  endfacet
  facet normal 0 -0.514196 -0.857673
    outer loop
      vertex -72.6 -15.0572 13.2638
      vertex -69.6 -14.8889 13.1629
      vertex -69.6 -15.0572 13.2638
    endloop
  endfacet
  facet normal -0 -0.514196 -0.857673
    outer loop
      vertex -69.6 -14.8889 13.1629
      vertex -72.6 -15.0572 13.2638
      vertex -72.6 -14.8889 13.1629
    endloop
  endfacet
  facet normal 0 0.9038 -0.427955
    outer loop
      vertex -65.6 -17.8478 12.2654
      vertex -72.6 -17.7638 12.4428
      vertex -65.6 -17.7638 12.4428
    endloop
  endfacet
  facet normal 0 0.9038 -0.427955
    outer loop
      vertex -72.6 -17.7638 12.4428
      vertex -65.6 -17.8478 12.2654
      vertex -72.6 -17.8478 12.2654
    endloop
  endfacet
  facet normal -1 0 0
    outer loop
      vertex -65.6 -14.0096 11.304
      vertex -65.6 -14.0096 11.696
      vertex -65.6 -14 11.5
    endloop
  endfacet
  facet normal -1 0 0
    outer loop
      vertex -65.6 -14.0384 11.1098
      vertex -65.6 -14.0096 11.696
      vertex -65.6 -14.0096 11.304
    endloop
  endfacet
  facet normal -1 0 0
    outer loop
      vertex -65.6 -14.0384 11.1098
      vertex -65.6 -14.0384 11.8902
      vertex -65.6 -14.0096 11.696
    endloop
  endfacet
  facet normal -1 0 0
    outer loop
      vertex -65.6 -14.0861 10.9194
      vertex -65.6 -14.0384 11.8902
      vertex -65.6 -14.0384 11.1098
    endloop
  endfacet
  facet normal -1 0 0
    outer loop
      vertex -65.6 -14.0861 10.9194
      vertex -65.6 -14.0861 12.0806
      vertex -65.6 -14.0384 11.8902
    endloop
  endfacet
  facet normal -1 0 0
    outer loop
      vertex -65.6 -14.1522 10.7346
      vertex -65.6 -14.0861 12.0806
      vertex -65.6 -14.0861 10.9194
    endloop
  endfacet
  facet normal -1 0 0
    outer loop
      vertex -65.6 -14.1522 10.7346
      vertex -65.6 -14.1522 12.2654
      vertex -65.6 -14.0861 12.0806
    endloop
  endfacet
  facet normal -1 0 0
    outer loop
      vertex -65.6 -14.2362 10.5572
      vertex -65.6 -14.1522 12.2654
      vertex -65.6 -14.1522 10.7346
    endloop
  endfacet
  facet normal -1 0 0
    outer loop
      vertex -65.6 -14.2362 10.5572
      vertex -65.6 -14.2362 12.4428
      vertex -65.6 -14.1522 12.2654
    endloop
  endfacet
  facet normal -1 0 0
    outer loop
      vertex -65.6 -14.3371 10.3889
      vertex -65.6 -14.2362 12.4428
      vertex -65.6 -14.2362 10.5572
    endloop
  endfacet
  facet normal -1 0 0
    outer loop
      vertex -65.6 -14.3371 10.3889
      vertex -65.6 -14.3371 12.6111
      vertex -65.6 -14.2362 12.4428
    endloop
  endfacet
  facet normal -1 0 0
    outer loop
      vertex -65.6 -14.454 10.2312
      vertex -65.6 -14.3371 12.6111
      vertex -65.6 -14.3371 10.3889
    endloop
  endfacet
  facet normal -1 0 0
    outer loop
      vertex -65.6 -14.454 10.2312
      vertex -65.6 -14.454 12.7688
      vertex -65.6 -14.3371 12.6111
    endloop
  endfacet
  facet normal -1 0 0
    outer loop
      vertex -65.6 -14.5858 10.0858
      vertex -65.6 -14.454 12.7688
      vertex -65.6 -14.454 10.2312
    endloop
  endfacet
  facet normal -1 0 0
    outer loop
      vertex -65.6 -14.6804 13
      vertex -65.6 -14.454 12.7688
      vertex -65.6 -14.5858 10.0858
    endloop
  endfacet
  facet normal -1 0 0
    outer loop
      vertex -65.6 -14.454 12.7688
      vertex -65.6 -14.6804 13
      vertex -65.6 -14.5858 12.9142
    endloop
  endfacet
  facet normal -1 0 0
    outer loop
      vertex -65.6 -14.7312 9.95398
      vertex -65.6 -14.6804 13
      vertex -65.6 -14.5858 10.0858
    endloop
  endfacet
  facet normal -1 0 0
    outer loop
      vertex -65.6 -14.8889 9.83706
      vertex -65.6 -14.6804 13
      vertex -65.6 -14.7312 9.95398
    endloop
  endfacet
  facet normal -1 0 0
    outer loop
      vertex -65.6 -15.0572 9.73616
      vertex -65.6 -14.6804 13
      vertex -65.6 -14.8889 9.83706
    endloop
  endfacet
  facet normal -1 0 0
    outer loop
      vertex -65.6 -15.2346 9.65224
      vertex -65.6 -14.6804 13
      vertex -65.6 -15.0572 9.73616
    endloop
  endfacet
  facet normal -1 0 0
    outer loop
      vertex -65.6 -15.4194 9.58612
      vertex -65.6 -14.6804 13
      vertex -65.6 -15.2346 9.65224
    endloop
  endfacet
  facet normal -1 0 0
    outer loop
      vertex -65.6 -15.6098 9.53843
      vertex -65.6 -14.6804 13
      vertex -65.6 -15.4194 9.58612
    endloop
  endfacet
  facet normal -1 0 0
    outer loop
      vertex -65.6 -15.804 9.50963
      vertex -65.6 -14.6804 13
      vertex -65.6 -15.6098 9.53843
    endloop
  endfacet
  facet normal -1 0 0
    outer loop
      vertex -65.6 -16 9.5
      vertex -65.6 -14.6804 13
      vertex -65.6 -15.804 9.50963
    endloop
  endfacet
  facet normal -1 0 0
    outer loop
      vertex -65.6 -16.196 9.50963
      vertex -65.6 -14.6804 13
      vertex -65.6 -16 9.5
    endloop
  endfacet
  facet normal -1 0 0
    outer loop
      vertex -65.6 -16.3902 9.53843
      vertex -65.6 -14.6804 13
      vertex -65.6 -16.196 9.50963
    endloop
  endfacet
  facet normal -1 0 0
    outer loop
      vertex -65.6 -16.5806 9.58612
      vertex -65.6 -14.6804 13
      vertex -65.6 -16.3902 9.53843
    endloop
  endfacet
  facet normal -1 0 0
    outer loop
      vertex -65.6 -16.7654 9.65224
      vertex -65.6 -14.6804 13
      vertex -65.6 -16.5806 9.58612
    endloop
  endfacet
  facet normal -1 0 0
    outer loop
      vertex -65.6 -16.9428 9.73616
      vertex -65.6 -14.6804 13
      vertex -65.6 -16.7654 9.65224
    endloop
  endfacet
  facet normal -1 0 0
    outer loop
      vertex -65.6 -17.1111 9.83706
      vertex -65.6 -14.6804 13
      vertex -65.6 -16.9428 9.73616
    endloop
  endfacet
  facet normal -1 0 0
    outer loop
      vertex -65.6 -17.2688 9.95398
      vertex -65.6 -14.6804 13
      vertex -65.6 -17.1111 9.83706
    endloop
  endfacet
  facet normal -1 0 0
    outer loop
      vertex -65.6 -17.2688 9.95398
      vertex -65.6 -17.3196 13
      vertex -65.6 -14.6804 13
    endloop
  endfacet
  facet normal -1 0 0
    outer loop
      vertex -65.6 -17.4142 10.0858
      vertex -65.6 -17.3196 13
      vertex -65.6 -17.2688 9.95398
    endloop
  endfacet
  facet normal -1 0 0
    outer loop
      vertex -65.6 -17.546 10.2312
      vertex -65.6 -17.3196 13
      vertex -65.6 -17.4142 10.0858
    endloop
  endfacet
  facet normal -1 0 0
    outer loop
      vertex -65.6 -17.546 12.7688
      vertex -65.6 -17.3196 13
      vertex -65.6 -17.546 10.2312
    endloop
  endfacet
  facet normal -1 0 0
    outer loop
      vertex -65.6 -17.3196 13
      vertex -65.6 -17.546 12.7688
      vertex -65.6 -17.4142 12.9142
    endloop
  endfacet
  facet normal -1 0 0
    outer loop
      vertex -65.6 -17.6629 10.3889
      vertex -65.6 -17.546 12.7688
      vertex -65.6 -17.546 10.2312
    endloop
  endfacet
  facet normal -1 0 0
    outer loop
      vertex -65.6 -17.6629 10.3889
      vertex -65.6 -17.6629 12.6111
      vertex -65.6 -17.546 12.7688
    endloop
  endfacet
  facet normal -1 0 0
    outer loop
      vertex -65.6 -17.7638 10.5572
      vertex -65.6 -17.6629 12.6111
      vertex -65.6 -17.6629 10.3889
    endloop
  endfacet
  facet normal -1 0 0
    outer loop
      vertex -65.6 -17.7638 10.5572
      vertex -65.6 -17.7638 12.4428
      vertex -65.6 -17.6629 12.6111
    endloop
  endfacet
  facet normal -1 0 0
    outer loop
      vertex -65.6 -17.8478 10.7346
      vertex -65.6 -17.7638 12.4428
      vertex -65.6 -17.7638 10.5572
    endloop
  endfacet
  facet normal -1 0 0
    outer loop
      vertex -65.6 -17.8478 10.7346
      vertex -65.6 -17.8478 12.2654
      vertex -65.6 -17.7638 12.4428
    endloop
  endfacet
  facet normal -1 0 0
    outer loop
      vertex -65.6 -17.9139 10.9194
      vertex -65.6 -17.8478 12.2654
      vertex -65.6 -17.8478 10.7346
    endloop
  endfacet
  facet normal -1 0 0
    outer loop
      vertex -65.6 -17.9139 10.9194
      vertex -65.6 -17.9139 12.0806
      vertex -65.6 -17.8478 12.2654
    endloop
  endfacet
  facet normal -1 0 0
    outer loop
      vertex -65.6 -17.9616 11.1098
      vertex -65.6 -17.9139 12.0806
      vertex -65.6 -17.9139 10.9194
    endloop
  endfacet
  facet normal -1 0 0
    outer loop
      vertex -65.6 -17.9616 11.1098
      vertex -65.6 -17.9616 11.8902
      vertex -65.6 -17.9139 12.0806
    endloop
  endfacet
  facet normal -1 0 0
    outer loop
      vertex -65.6 -17.9904 11.304
      vertex -65.6 -17.9616 11.8902
      vertex -65.6 -17.9616 11.1098
    endloop
  endfacet
  facet normal -1 0 0
    outer loop
      vertex -65.6 -17.9904 11.304
      vertex -65.6 -17.9904 11.696
      vertex -65.6 -17.9616 11.8902
    endloop
  endfacet
  facet normal -1 0 -0
    outer loop
      vertex -65.6 -17.9904 11.696
      vertex -65.6 -17.9904 11.304
      vertex -65.6 -18 11.5
    endloop
  endfacet
  facet normal 0 0.857673 -0.514196
    outer loop
      vertex -65.6 -17.7638 12.4428
      vertex -72.6 -17.6629 12.6111
      vertex -65.6 -17.6629 12.6111
    endloop
  endfacet
  facet normal 0 0.857673 -0.514196
    outer loop
      vertex -72.6 -17.6629 12.6111
      vertex -65.6 -17.7638 12.4428
      vertex -72.6 -17.7638 12.4428
    endloop
  endfacet
  facet normal 0 -0.243015 0.970023
    outer loop
      vertex -72.6 -15.4194 29.5861
      vertex -69.6 -15.6098 29.5384
      vertex -69.6 -15.4194 29.5861
    endloop
  endfacet
  facet normal 0 -0.243015 0.970023
    outer loop
      vertex -69.6 -15.6098 29.5384
      vertex -72.6 -15.4194 29.5861
      vertex -72.6 -15.6098 29.5384
    endloop
  endfacet
  facet normal 0 -0.595508 0.80335
    outer loop
      vertex -72.6 -14.7312 29.954
      vertex -69.6 -14.8889 29.8371
      vertex -69.6 -14.7312 29.954
    endloop
  endfacet
  facet normal 0 -0.595508 0.80335
    outer loop
      vertex -69.6 -14.8889 29.8371
      vertex -72.6 -14.7312 29.954
      vertex -72.6 -14.8889 29.8371
    endloop
  endfacet
  facet normal 0 -0.0489209 0.998803
    outer loop
      vertex -72.6 -15.804 29.5096
      vertex -69.6 -16 29.5
      vertex -69.6 -15.804 29.5096
    endloop
  endfacet
  facet normal 0 -0.0489209 0.998803
    outer loop
      vertex -69.6 -16 29.5
      vertex -72.6 -15.804 29.5096
      vertex -72.6 -16 29.5
    endloop
  endfacet
  facet normal -0 0.671607 0.740908
    outer loop
      vertex -72.6 -17.2688 29.954
      vertex -69.6 -17.4142 30.0858
      vertex -69.6 -17.2688 29.954
    endloop
  endfacet
  facet normal 0 0.671607 0.740908
    outer loop
      vertex -69.6 -17.4142 30.0858
      vertex -72.6 -17.2688 29.954
      vertex -72.6 -17.4142 30.0858
    endloop
  endfacet
  facet normal 0 0.970023 0.243015
    outer loop
      vertex -69.6 -17.9139 30.9194
      vertex -72.6 -17.9616 31.1098
      vertex -69.6 -17.9616 31.1098
    endloop
  endfacet
  facet normal 0 0.970023 0.243015
    outer loop
      vertex -72.6 -17.9616 31.1098
      vertex -69.6 -17.9139 30.9194
      vertex -72.6 -17.9139 30.9194
    endloop
  endfacet
  facet normal 0 0.9038 0.427955
    outer loop
      vertex -69.6 -17.7638 30.5572
      vertex -72.6 -17.8478 30.7346
      vertex -69.6 -17.8478 30.7346
    endloop
  endfacet
  facet normal 0 0.9038 0.427955
    outer loop
      vertex -72.6 -17.8478 30.7346
      vertex -69.6 -17.7638 30.5572
      vertex -72.6 -17.7638 30.5572
    endloop
  endfacet
  facet normal 0 0.989182 0.146696
    outer loop
      vertex -69.6 -17.9616 31.1098
      vertex -72.6 -17.9904 31.304
      vertex -69.6 -17.9904 31.304
    endloop
  endfacet
  facet normal 0 0.989182 0.146696
    outer loop
      vertex -72.6 -17.9904 31.304
      vertex -69.6 -17.9616 31.1098
      vertex -72.6 -17.9616 31.1098
    endloop
  endfacet
  facet normal 0 0.998803 -0.0489209
    outer loop
      vertex -69.6 -18 31.5
      vertex -72.6 -17.9904 31.696
      vertex -69.6 -17.9904 31.696
    endloop
  endfacet
  facet normal 0 0.998803 -0.0489209
    outer loop
      vertex -72.6 -17.9904 31.696
      vertex -69.6 -18 31.5
      vertex -72.6 -18 31.5
    endloop
  endfacet
  facet normal 0 0.857673 0.514196
    outer loop
      vertex -69.6 -17.6629 30.3889
      vertex -72.6 -17.7638 30.5572
      vertex -69.6 -17.7638 30.5572
    endloop
  endfacet
  facet normal 0 0.857673 0.514196
    outer loop
      vertex -72.6 -17.7638 30.5572
      vertex -69.6 -17.6629 30.3889
      vertex -72.6 -17.6629 30.3889
    endloop
  endfacet
  facet normal -0 0.595508 0.80335
    outer loop
      vertex -72.6 -17.1111 29.8371
      vertex -69.6 -17.2688 29.954
      vertex -69.6 -17.1111 29.8371
    endloop
  endfacet
  facet normal 0 0.595508 0.80335
    outer loop
      vertex -69.6 -17.2688 29.954
      vertex -72.6 -17.1111 29.8371
      vertex -72.6 -17.2688 29.954
    endloop
  endfacet
  facet normal 0 -0.94158 0.336788
    outer loop
      vertex -72.6 -14.1522 30.7346
      vertex -69.6 -14.0861 30.9194
      vertex -72.6 -14.0861 30.9194
    endloop
  endfacet
  facet normal 0 -0.94158 0.336788
    outer loop
      vertex -69.6 -14.0861 30.9194
      vertex -72.6 -14.1522 30.7346
      vertex -69.6 -14.1522 30.7346
    endloop
  endfacet
  facet normal 0 -0.427955 0.9038
    outer loop
      vertex -72.6 -15.0572 29.7362
      vertex -69.6 -15.2346 29.6522
      vertex -69.6 -15.0572 29.7362
    endloop
  endfacet
  facet normal 0 -0.427955 0.9038
    outer loop
      vertex -69.6 -15.2346 29.6522
      vertex -72.6 -15.0572 29.7362
      vertex -72.6 -15.2346 29.6522
    endloop
  endfacet
  facet normal 0 -0.80335 0.595508
    outer loop
      vertex -72.6 -14.454 30.2312
      vertex -69.6 -14.3371 30.3889
      vertex -72.6 -14.3371 30.3889
    endloop
  endfacet
  facet normal 0 -0.80335 0.595508
    outer loop
      vertex -69.6 -14.3371 30.3889
      vertex -72.6 -14.454 30.2312
      vertex -69.6 -14.454 30.2312
    endloop
  endfacet
  facet normal 0 0.989182 -0.146696
    outer loop
      vertex -69.6 -17.9904 31.696
      vertex -72.6 -17.9616 31.8902
      vertex -69.6 -17.9616 31.8902
    endloop
  endfacet
  facet normal 0 0.989182 -0.146696
    outer loop
      vertex -72.6 -17.9616 31.8902
      vertex -69.6 -17.9904 31.696
      vertex -72.6 -17.9904 31.696
    endloop
  endfacet
  facet normal 0 0.94158 0.336788
    outer loop
      vertex -69.6 -17.8478 30.7346
      vertex -72.6 -17.9139 30.9194
      vertex -69.6 -17.9139 30.9194
    endloop
  endfacet
  facet normal 0 0.94158 0.336788
    outer loop
      vertex -72.6 -17.9139 30.9194
      vertex -69.6 -17.8478 30.7346
      vertex -72.6 -17.8478 30.7346
    endloop
  endfacet
  facet normal 0 0.970023 -0.243015
    outer loop
      vertex -69.6 -17.9616 31.8902
      vertex -72.6 -17.9139 32.0806
      vertex -69.6 -17.9139 32.0806
    endloop
  endfacet
  facet normal 0 0.970023 -0.243015
    outer loop
      vertex -72.6 -17.9139 32.0806
      vertex -69.6 -17.9616 31.8902
      vertex -72.6 -17.9616 31.8902
    endloop
  endfacet
  facet normal 0 0.671607 -0.740908
    outer loop
      vertex -72.6 -17.4142 32.9142
      vertex -69.6 -17.2688 33.046
      vertex -69.6 -17.4142 32.9142
    endloop
  endfacet
  facet normal 0 0.671607 -0.740908
    outer loop
      vertex -69.6 -17.2688 33.046
      vertex -72.6 -17.4142 32.9142
      vertex -72.6 -17.2688 33.046
    endloop
  endfacet
  facet normal 0 -0.857673 0.514196
    outer loop
      vertex -72.6 -14.3371 30.3889
      vertex -69.6 -14.2362 30.5572
      vertex -72.6 -14.2362 30.5572
    endloop
  endfacet
  facet normal 0 -0.857673 0.514196
    outer loop
      vertex -69.6 -14.2362 30.5572
      vertex -72.6 -14.3371 30.3889
      vertex -69.6 -14.3371 30.3889
    endloop
  endfacet
  facet normal -0 0.0489209 0.998803
    outer loop
      vertex -72.6 -16 29.5
      vertex -69.6 -16.196 29.5096
      vertex -69.6 -16 29.5
    endloop
  endfacet
  facet normal 0 0.0489209 0.998803
    outer loop
      vertex -69.6 -16.196 29.5096
      vertex -72.6 -16 29.5
      vertex -72.6 -16.196 29.5096
    endloop
  endfacet
  facet normal -0 0.427955 0.9038
    outer loop
      vertex -72.6 -16.7654 29.6522
      vertex -69.6 -16.9428 29.7362
      vertex -69.6 -16.7654 29.6522
    endloop
  endfacet
  facet normal 0 0.427955 0.9038
    outer loop
      vertex -69.6 -16.9428 29.7362
      vertex -72.6 -16.7654 29.6522
      vertex -72.6 -16.9428 29.7362
    endloop
  endfacet
  facet normal 0 -0.146696 0.989182
    outer loop
      vertex -72.6 -15.6098 29.5384
      vertex -69.6 -15.804 29.5096
      vertex -69.6 -15.6098 29.5384
    endloop
  endfacet
  facet normal 0 -0.146696 0.989182
    outer loop
      vertex -69.6 -15.804 29.5096
      vertex -72.6 -15.6098 29.5384
      vertex -72.6 -15.804 29.5096
    endloop
  endfacet
  facet normal 0 0.740908 0.671607
    outer loop
      vertex -69.6 -17.4142 30.0858
      vertex -72.6 -17.546 30.2312
      vertex -69.6 -17.546 30.2312
    endloop
  endfacet
  facet normal 0 0.740908 0.671607
    outer loop
      vertex -72.6 -17.546 30.2312
      vertex -69.6 -17.4142 30.0858
      vertex -72.6 -17.4142 30.0858
    endloop
  endfacet
  facet normal 0 -0.336788 0.94158
    outer loop
      vertex -72.6 -15.2346 29.6522
      vertex -69.6 -15.4194 29.5861
      vertex -69.6 -15.2346 29.6522
    endloop
  endfacet
  facet normal 0 -0.336788 0.94158
    outer loop
      vertex -69.6 -15.4194 29.5861
      vertex -72.6 -15.2346 29.6522
      vertex -72.6 -15.4194 29.5861
    endloop
  endfacet
  facet normal 0 0.740908 -0.671607
    outer loop
      vertex -69.6 -17.546 32.7688
      vertex -72.6 -17.4142 32.9142
      vertex -69.6 -17.4142 32.9142
    endloop
  endfacet
  facet normal 0 0.740908 -0.671607
    outer loop
      vertex -72.6 -17.4142 32.9142
      vertex -69.6 -17.546 32.7688
      vertex -72.6 -17.546 32.7688
    endloop
  endfacet
  facet normal 0 0.514723 -0.857357
    outer loop
      vertex -72.6 -17.1111 33.1629
      vertex -69.6 -17 33.2296
      vertex -69.6 -17.1111 33.1629
    endloop
  endfacet
  facet normal 0 0.514723 -0.857357
    outer loop
      vertex -69.6 -17 33.2296
      vertex -72.6 -17.1111 33.1629
      vertex -72.6 -17 33.2296
    endloop
  endfacet
  facet normal -0 0.243015 0.970023
    outer loop
      vertex -72.6 -16.3902 29.5384
      vertex -69.6 -16.5806 29.5861
      vertex -69.6 -16.3902 29.5384
    endloop
  endfacet
  facet normal 0 0.243015 0.970023
    outer loop
      vertex -69.6 -16.5806 29.5861
      vertex -72.6 -16.3902 29.5384
      vertex -72.6 -16.5806 29.5861
    endloop
  endfacet
  facet normal -0 0.146696 0.989182
    outer loop
      vertex -72.6 -16.196 29.5096
      vertex -69.6 -16.3902 29.5384
      vertex -69.6 -16.196 29.5096
    endloop
  endfacet
  facet normal 0 0.146696 0.989182
    outer loop
      vertex -69.6 -16.3902 29.5384
      vertex -72.6 -16.196 29.5096
      vertex -72.6 -16.3902 29.5384
    endloop
  endfacet
  facet normal 0 0.998803 0.0489209
    outer loop
      vertex -69.6 -17.9904 31.304
      vertex -72.6 -18 31.5
      vertex -69.6 -18 31.5
    endloop
  endfacet
  facet normal 0 0.998803 0.0489209
    outer loop
      vertex -72.6 -18 31.5
      vertex -69.6 -17.9904 31.304
      vertex -72.6 -17.9904 31.304
    endloop
  endfacet
  facet normal -0 0.514196 0.857673
    outer loop
      vertex -72.6 -16.9428 29.7362
      vertex -69.6 -17.1111 29.8371
      vertex -69.6 -16.9428 29.7362
    endloop
  endfacet
  facet normal 0 0.514196 0.857673
    outer loop
      vertex -69.6 -17.1111 29.8371
      vertex -72.6 -16.9428 29.7362
      vertex -72.6 -17.1111 29.8371
    endloop
  endfacet
  facet normal 0 -0.9038 0.427955
    outer loop
      vertex -72.6 -14.2362 30.5572
      vertex -69.6 -14.1522 30.7346
      vertex -72.6 -14.1522 30.7346
    endloop
  endfacet
  facet normal 0 -0.9038 0.427955
    outer loop
      vertex -69.6 -14.1522 30.7346
      vertex -72.6 -14.2362 30.5572
      vertex -69.6 -14.2362 30.5572
    endloop
  endfacet
  facet normal 0 0.80335 -0.595508
    outer loop
      vertex -69.6 -17.6629 32.6111
      vertex -72.6 -17.546 32.7688
      vertex -69.6 -17.546 32.7688
    endloop
  endfacet
  facet normal 0 0.80335 -0.595508
    outer loop
      vertex -72.6 -17.546 32.7688
      vertex -69.6 -17.6629 32.6111
      vertex -72.6 -17.6629 32.6111
    endloop
  endfacet
  facet normal 0 -0.514196 0.857673
    outer loop
      vertex -72.6 -14.8889 29.8371
      vertex -69.6 -15.0572 29.7362
      vertex -69.6 -14.8889 29.8371
    endloop
  endfacet
  facet normal 0 -0.514196 0.857673
    outer loop
      vertex -69.6 -15.0572 29.7362
      vertex -72.6 -14.8889 29.8371
      vertex -72.6 -15.0572 29.7362
    endloop
  endfacet
  facet normal 0 0.80335 0.595508
    outer loop
      vertex -69.6 -17.546 30.2312
      vertex -72.6 -17.6629 30.3889
      vertex -69.6 -17.6629 30.3889
    endloop
  endfacet
  facet normal 0 0.80335 0.595508
    outer loop
      vertex -72.6 -17.6629 30.3889
      vertex -69.6 -17.546 30.2312
      vertex -72.6 -17.546 30.2312
    endloop
  endfacet
  facet normal 0 0.94158 -0.336788
    outer loop
      vertex -69.6 -17.9139 32.0806
      vertex -72.6 -17.8478 32.2654
      vertex -69.6 -17.8478 32.2654
    endloop
  endfacet
  facet normal 0 0.94158 -0.336788
    outer loop
      vertex -72.6 -17.8478 32.2654
      vertex -69.6 -17.9139 32.0806
      vertex -72.6 -17.9139 32.0806
    endloop
  endfacet
  facet normal 0 -0.671607 0.740908
    outer loop
      vertex -72.6 -14.5858 30.0858
      vertex -69.6 -14.7312 29.954
      vertex -69.6 -14.5858 30.0858
    endloop
  endfacet
  facet normal 0 -0.671607 0.740908
    outer loop
      vertex -69.6 -14.7312 29.954
      vertex -72.6 -14.5858 30.0858
      vertex -72.6 -14.7312 29.954
    endloop
  endfacet
  facet normal 0 -0.740908 0.671607
    outer loop
      vertex -72.6 -14.5858 30.0858
      vertex -69.6 -14.454 30.2312
      vertex -72.6 -14.454 30.2312
    endloop
  endfacet
  facet normal 0 -0.740908 0.671607
    outer loop
      vertex -69.6 -14.454 30.2312
      vertex -72.6 -14.5858 30.0858
      vertex -69.6 -14.5858 30.0858
    endloop
  endfacet
  facet normal 0 0.595508 -0.80335
    outer loop
      vertex -72.6 -17.2688 33.046
      vertex -69.6 -17.1111 33.1629
      vertex -69.6 -17.2688 33.046
    endloop
  endfacet
  facet normal 0 0.595508 -0.80335
    outer loop
      vertex -69.6 -17.1111 33.1629
      vertex -72.6 -17.2688 33.046
      vertex -72.6 -17.1111 33.1629
    endloop
  endfacet
  facet normal 0 -0.970001 0.243102
    outer loop
      vertex -72.6 -14.0861 30.9194
      vertex -69.6 -14.0659 31
      vertex -72.6 -14.0659 31
    endloop
  endfacet
  facet normal 0 -0.970001 0.243102
    outer loop
      vertex -69.6 -14.0659 31
      vertex -72.6 -14.0861 30.9194
      vertex -69.6 -14.0861 30.9194
    endloop
  endfacet
  facet normal -0 0.336788 0.94158
    outer loop
      vertex -72.6 -16.5806 29.5861
      vertex -69.6 -16.7654 29.6522
      vertex -69.6 -16.5806 29.5861
    endloop
  endfacet
  facet normal 0 0.336788 0.94158
    outer loop
      vertex -69.6 -16.7654 29.6522
      vertex -72.6 -16.5806 29.5861
      vertex -72.6 -16.7654 29.6522
    endloop
  endfacet
  facet normal 0 0.9038 -0.427955
    outer loop
      vertex -69.6 -17.8478 32.2654
      vertex -72.6 -17.7638 32.4428
      vertex -69.6 -17.7638 32.4428
    endloop
  endfacet
  facet normal 0 0.9038 -0.427955
    outer loop
      vertex -72.6 -17.7638 32.4428
      vertex -69.6 -17.8478 32.2654
      vertex -72.6 -17.8478 32.2654
    endloop
  endfacet
  facet normal 0 0.857673 -0.514196
    outer loop
      vertex -69.6 -17.7638 32.4428
      vertex -72.6 -17.6629 32.6111
      vertex -69.6 -17.6629 32.6111
    endloop
  endfacet
  facet normal 0 0.857673 -0.514196
    outer loop
      vertex -72.6 -17.6629 32.6111
      vertex -69.6 -17.7638 32.4428
      vertex -72.6 -17.7638 32.4428
    endloop
  endfacet
  facet normal 0 -0.857673 0.514196
    outer loop
      vertex -72.6 17.6629 10.3889
      vertex -65.6 17.7638 10.5572
      vertex -72.6 17.7638 10.5572
    endloop
  endfacet
  facet normal 0 -0.857673 0.514196
    outer loop
      vertex -65.6 17.7638 10.5572
      vertex -72.6 17.6629 10.3889
      vertex -65.6 17.6629 10.3889
    endloop
  endfacet
  facet normal 0 -0.242967 0.970035
    outer loop
      vertex -72.6 16.5806 9.58612
      vertex -65.6 16.3902 9.53843
      vertex -65.6 16.5806 9.58612
    endloop
  endfacet
  facet normal 0 -0.242967 0.970035
    outer loop
      vertex -65.6 16.3902 9.53843
      vertex -72.6 16.5806 9.58612
      vertex -72.6 16.3902 9.53843
    endloop
  endfacet
  facet normal -0 0.0490735 0.998795
    outer loop
      vertex -72.6 16 9.5
      vertex -65.6 15.804 9.50963
      vertex -65.6 16 9.5
    endloop
  endfacet
  facet normal 0 0.0490735 0.998795
    outer loop
      vertex -65.6 15.804 9.50963
      vertex -72.6 16 9.5
      vertex -72.6 15.804 9.50963
    endloop
  endfacet
  facet normal 0 -0.970023 -0.243015
    outer loop
      vertex -72.6 17.9616 11.8902
      vertex -65.6 17.9139 12.0806
      vertex -72.6 17.9139 12.0806
    endloop
  endfacet
  facet normal 0 -0.970023 -0.243015
    outer loop
      vertex -65.6 17.9139 12.0806
      vertex -72.6 17.9616 11.8902
      vertex -65.6 17.9616 11.8902
    endloop
  endfacet
  facet normal 0 -0.0490735 0.998795
    outer loop
      vertex -72.6 16.196 9.50963
      vertex -65.6 16 9.5
      vertex -65.6 16.196 9.50963
    endloop
  endfacet
  facet normal 0 -0.0490735 0.998795
    outer loop
      vertex -65.6 16 9.5
      vertex -72.6 16.196 9.50963
      vertex -72.6 16 9.5
    endloop
  endfacet
  facet normal 0 0.595508 -0.80335
    outer loop
      vertex -72.6 14.7312 13.046
      vertex -69.6 14.8889 13.1629
      vertex -69.6 14.7312 13.046
    endloop
  endfacet
  facet normal 0 0.595508 -0.80335
    outer loop
      vertex -69.6 14.8889 13.1629
      vertex -72.6 14.7312 13.046
      vertex -72.6 14.8889 13.1629
    endloop
  endfacet
  facet normal 0 0.94158 0.336788
    outer loop
      vertex -65.6 14.1522 10.7346
      vertex -72.6 14.0861 10.9194
      vertex -65.6 14.0861 10.9194
    endloop
  endfacet
  facet normal 0 0.94158 0.336788
    outer loop
      vertex -72.6 14.0861 10.9194
      vertex -65.6 14.1522 10.7346
      vertex -72.6 14.1522 10.7346
    endloop
  endfacet
  facet normal 0 -0.146696 -0.989182
    outer loop
      vertex -72.6 16.196 13.4904
      vertex -69.6 16.3902 13.4616
      vertex -69.6 16.196 13.4904
    endloop
  endfacet
  facet normal -0 -0.146696 -0.989182
    outer loop
      vertex -69.6 16.3902 13.4616
      vertex -72.6 16.196 13.4904
      vertex -72.6 16.3902 13.4616
    endloop
  endfacet
  facet normal 0 -0.9038 -0.427955
    outer loop
      vertex -72.6 17.8478 12.2654
      vertex -65.6 17.7638 12.4428
      vertex -72.6 17.7638 12.4428
    endloop
  endfacet
  facet normal 0 -0.9038 -0.427955
    outer loop
      vertex -65.6 17.7638 12.4428
      vertex -72.6 17.8478 12.2654
      vertex -65.6 17.8478 12.2654
    endloop
  endfacet
  facet normal 0 -0.80335 -0.595508
    outer loop
      vertex -72.6 17.6629 12.6111
      vertex -65.6 17.546 12.7688
      vertex -72.6 17.546 12.7688
    endloop
  endfacet
  facet normal 0 -0.80335 -0.595508
    outer loop
      vertex -65.6 17.546 12.7688
      vertex -72.6 17.6629 12.6111
      vertex -65.6 17.6629 12.6111
    endloop
  endfacet
  facet normal 0 -0.989182 -0.146696
    outer loop
      vertex -72.6 17.9904 11.696
      vertex -65.6 17.9616 11.8902
      vertex -72.6 17.9616 11.8902
    endloop
  endfacet
  facet normal 0 -0.989182 -0.146696
    outer loop
      vertex -65.6 17.9616 11.8902
      vertex -72.6 17.9904 11.696
      vertex -65.6 17.9904 11.696
    endloop
  endfacet
  facet normal 0 -0.595508 -0.80335
    outer loop
      vertex -72.6 17.1111 13.1629
      vertex -69.6 17.2688 13.046
      vertex -69.6 17.1111 13.1629
    endloop
  endfacet
  facet normal -0 -0.595508 -0.80335
    outer loop
      vertex -69.6 17.2688 13.046
      vertex -72.6 17.1111 13.1629
      vertex -72.6 17.2688 13.046
    endloop
  endfacet
  facet normal -0 0.336879 0.941548
    outer loop
      vertex -72.6 15.4194 9.58612
      vertex -65.6 15.2346 9.65224
      vertex -65.6 15.4194 9.58612
    endloop
  endfacet
  facet normal 0 0.336879 0.941548
    outer loop
      vertex -65.6 15.2346 9.65224
      vertex -72.6 15.4194 9.58612
      vertex -72.6 15.2346 9.65224
    endloop
  endfacet
  facet normal 0 -0.80335 0.595508
    outer loop
      vertex -72.6 17.546 10.2312
      vertex -65.6 17.6629 10.3889
      vertex -72.6 17.6629 10.3889
    endloop
  endfacet
  facet normal 0 -0.80335 0.595508
    outer loop
      vertex -65.6 17.6629 10.3889
      vertex -72.6 17.546 10.2312
      vertex -65.6 17.546 10.2312
    endloop
  endfacet
  facet normal 0 -0.595573 0.803301
    outer loop
      vertex -72.6 17.2688 9.95398
      vertex -65.6 17.1111 9.83706
      vertex -65.6 17.2688 9.95398
    endloop
  endfacet
  facet normal 0 -0.595573 0.803301
    outer loop
      vertex -65.6 17.1111 9.83706
      vertex -72.6 17.2688 9.95398
      vertex -72.6 17.1111 9.83706
    endloop
  endfacet
  facet normal -0 0.146696 0.989182
    outer loop
      vertex -72.6 15.804 9.50963
      vertex -65.6 15.6098 9.53843
      vertex -65.6 15.804 9.50963
    endloop
  endfacet
  facet normal 0 0.146696 0.989182
    outer loop
      vertex -65.6 15.6098 9.53843
      vertex -72.6 15.804 9.50963
      vertex -72.6 15.6098 9.53843
    endloop
  endfacet
  facet normal 0 0.970023 -0.243015
    outer loop
      vertex -65.6 14.0384 11.8902
      vertex -72.6 14.0861 12.0806
      vertex -65.6 14.0861 12.0806
    endloop
  endfacet
  facet normal 0 0.970023 -0.243015
    outer loop
      vertex -72.6 14.0861 12.0806
      vertex -65.6 14.0384 11.8902
      vertex -72.6 14.0384 11.8902
    endloop
  endfacet
  facet normal 0 -0.336788 -0.94158
    outer loop
      vertex -72.6 16.5806 13.4139
      vertex -69.6 16.7654 13.3478
      vertex -69.6 16.5806 13.4139
    endloop
  endfacet
  facet normal -0 -0.336788 -0.94158
    outer loop
      vertex -69.6 16.7654 13.3478
      vertex -72.6 16.5806 13.4139
      vertex -72.6 16.7654 13.3478
    endloop
  endfacet
  facet normal 0 0.857673 0.514196
    outer loop
      vertex -65.6 14.3371 10.3889
      vertex -72.6 14.2362 10.5572
      vertex -65.6 14.2362 10.5572
    endloop
  endfacet
  facet normal 0 0.857673 0.514196
    outer loop
      vertex -72.6 14.2362 10.5572
      vertex -65.6 14.3371 10.3889
      vertex -72.6 14.3371 10.3889
    endloop
  endfacet
  facet normal -0 0.242967 0.970035
    outer loop
      vertex -72.6 15.6098 9.53843
      vertex -65.6 15.4194 9.58612
      vertex -65.6 15.6098 9.53843
    endloop
  endfacet
  facet normal 0 0.242967 0.970035
    outer loop
      vertex -65.6 15.4194 9.58612
      vertex -72.6 15.6098 9.53843
      vertex -72.6 15.4194 9.58612
    endloop
  endfacet
  facet normal -0 0.427622 0.903958
    outer loop
      vertex -72.6 15.2346 9.65224
      vertex -65.6 15.0572 9.73616
      vertex -65.6 15.2346 9.65224
    endloop
  endfacet
  facet normal 0 0.427622 0.903958
    outer loop
      vertex -65.6 15.0572 9.73616
      vertex -72.6 15.2346 9.65224
      vertex -72.6 15.0572 9.73616
    endloop
  endfacet
  facet normal 0 0.514196 -0.857673
    outer loop
      vertex -72.6 14.8889 13.1629
      vertex -69.6 15.0572 13.2638
      vertex -69.6 14.8889 13.1629
    endloop
  endfacet
  facet normal 0 0.514196 -0.857673
    outer loop
      vertex -69.6 15.0572 13.2638
      vertex -72.6 14.8889 13.1629
      vertex -72.6 15.0572 13.2638
    endloop
  endfacet
  facet normal -1 0 0
    outer loop
      vertex -65.6 17.9904 11.304
      vertex -65.6 17.9904 11.696
      vertex -65.6 18 11.5
    endloop
  endfacet
  facet normal -1 0 0
    outer loop
      vertex -65.6 17.9616 11.1098
      vertex -65.6 17.9904 11.696
      vertex -65.6 17.9904 11.304
    endloop
  endfacet
  facet normal -1 0 0
    outer loop
      vertex -65.6 17.9616 11.1098
      vertex -65.6 17.9616 11.8902
      vertex -65.6 17.9904 11.696
    endloop
  endfacet
  facet normal -1 0 0
    outer loop
      vertex -65.6 17.9139 10.9194
      vertex -65.6 17.9616 11.8902
      vertex -65.6 17.9616 11.1098
    endloop
  endfacet
  facet normal -1 0 0
    outer loop
      vertex -65.6 17.9139 10.9194
      vertex -65.6 17.9139 12.0806
      vertex -65.6 17.9616 11.8902
    endloop
  endfacet
  facet normal -1 0 0
    outer loop
      vertex -65.6 17.8478 10.7346
      vertex -65.6 17.9139 12.0806
      vertex -65.6 17.9139 10.9194
    endloop
  endfacet
  facet normal -1 0 0
    outer loop
      vertex -65.6 17.8478 10.7346
      vertex -65.6 17.8478 12.2654
      vertex -65.6 17.9139 12.0806
    endloop
  endfacet
  facet normal -1 0 0
    outer loop
      vertex -65.6 17.7638 10.5572
      vertex -65.6 17.8478 12.2654
      vertex -65.6 17.8478 10.7346
    endloop
  endfacet
  facet normal -1 0 0
    outer loop
      vertex -65.6 17.7638 10.5572
      vertex -65.6 17.7638 12.4428
      vertex -65.6 17.8478 12.2654
    endloop
  endfacet
  facet normal -1 0 0
    outer loop
      vertex -65.6 17.6629 10.3889
      vertex -65.6 17.7638 12.4428
      vertex -65.6 17.7638 10.5572
    endloop
  endfacet
  facet normal -1 0 0
    outer loop
      vertex -65.6 17.6629 10.3889
      vertex -65.6 17.6629 12.6111
      vertex -65.6 17.7638 12.4428
    endloop
  endfacet
  facet normal -1 0 0
    outer loop
      vertex -65.6 17.546 10.2312
      vertex -65.6 17.6629 12.6111
      vertex -65.6 17.6629 10.3889
    endloop
  endfacet
  facet normal -1 0 0
    outer loop
      vertex -65.6 17.546 10.2312
      vertex -65.6 17.546 12.7688
      vertex -65.6 17.6629 12.6111
    endloop
  endfacet
  facet normal -1 0 0
    outer loop
      vertex -65.6 17.4142 10.0858
      vertex -65.6 17.546 12.7688
      vertex -65.6 17.546 10.2312
    endloop
  endfacet
  facet normal -1 0 0
    outer loop
      vertex -65.6 17.3196 13
      vertex -65.6 17.546 12.7688
      vertex -65.6 17.4142 10.0858
    endloop
  endfacet
  facet normal -1 0 0
    outer loop
      vertex -65.6 17.546 12.7688
      vertex -65.6 17.3196 13
      vertex -65.6 17.4142 12.9142
    endloop
  endfacet
  facet normal -1 0 0
    outer loop
      vertex -65.6 17.2688 9.95398
      vertex -65.6 17.3196 13
      vertex -65.6 17.4142 10.0858
    endloop
  endfacet
  facet normal -1 0 0
    outer loop
      vertex -65.6 17.1111 9.83706
      vertex -65.6 17.3196 13
      vertex -65.6 17.2688 9.95398
    endloop
  endfacet
  facet normal -1 0 0
    outer loop
      vertex -65.6 16.9428 9.73616
      vertex -65.6 17.3196 13
      vertex -65.6 17.1111 9.83706
    endloop
  endfacet
  facet normal -1 0 0
    outer loop
      vertex -65.6 16.7654 9.65224
      vertex -65.6 17.3196 13
      vertex -65.6 16.9428 9.73616
    endloop
  endfacet
  facet normal -1 0 0
    outer loop
      vertex -65.6 16.5806 9.58612
      vertex -65.6 17.3196 13
      vertex -65.6 16.7654 9.65224
    endloop
  endfacet
  facet normal -1 0 0
    outer loop
      vertex -65.6 16.3902 9.53843
      vertex -65.6 17.3196 13
      vertex -65.6 16.5806 9.58612
    endloop
  endfacet
  facet normal -1 0 0
    outer loop
      vertex -65.6 16.196 9.50963
      vertex -65.6 17.3196 13
      vertex -65.6 16.3902 9.53843
    endloop
  endfacet
  facet normal -1 0 0
    outer loop
      vertex -65.6 16 9.5
      vertex -65.6 17.3196 13
      vertex -65.6 16.196 9.50963
    endloop
  endfacet
  facet normal -1 0 0
    outer loop
      vertex -65.6 15.804 9.50963
      vertex -65.6 17.3196 13
      vertex -65.6 16 9.5
    endloop
  endfacet
  facet normal -1 0 0
    outer loop
      vertex -65.6 15.6098 9.53843
      vertex -65.6 17.3196 13
      vertex -65.6 15.804 9.50963
    endloop
  endfacet
  facet normal -1 0 0
    outer loop
      vertex -65.6 15.4194 9.58612
      vertex -65.6 17.3196 13
      vertex -65.6 15.6098 9.53843
    endloop
  endfacet
  facet normal -1 0 0
    outer loop
      vertex -65.6 15.2346 9.65224
      vertex -65.6 17.3196 13
      vertex -65.6 15.4194 9.58612
    endloop
  endfacet
  facet normal -1 0 0
    outer loop
      vertex -65.6 15.0572 9.73616
      vertex -65.6 17.3196 13
      vertex -65.6 15.2346 9.65224
    endloop
  endfacet
  facet normal -1 0 0
    outer loop
      vertex -65.6 14.8889 9.83706
      vertex -65.6 17.3196 13
      vertex -65.6 15.0572 9.73616
    endloop
  endfacet
  facet normal -1 0 0
    outer loop
      vertex -65.6 14.7312 9.95398
      vertex -65.6 17.3196 13
      vertex -65.6 14.8889 9.83706
    endloop
  endfacet
  facet normal -1 0 0
    outer loop
      vertex -65.6 14.7312 9.95398
      vertex -65.6 14.6804 13
      vertex -65.6 17.3196 13
    endloop
  endfacet
  facet normal -1 0 0
    outer loop
      vertex -65.6 14.5858 10.0858
      vertex -65.6 14.6804 13
      vertex -65.6 14.7312 9.95398
    endloop
  endfacet
  facet normal -1 0 0
    outer loop
      vertex -65.6 14.454 10.2312
      vertex -65.6 14.6804 13
      vertex -65.6 14.5858 10.0858
    endloop
  endfacet
  facet normal -1 0 0
    outer loop
      vertex -65.6 14.454 12.7688
      vertex -65.6 14.6804 13
      vertex -65.6 14.454 10.2312
    endloop
  endfacet
  facet normal -1 0 0
    outer loop
      vertex -65.6 14.6804 13
      vertex -65.6 14.454 12.7688
      vertex -65.6 14.5858 12.9142
    endloop
  endfacet
  facet normal -1 0 0
    outer loop
      vertex -65.6 14.3371 10.3889
      vertex -65.6 14.454 12.7688
      vertex -65.6 14.454 10.2312
    endloop
  endfacet
  facet normal -1 0 0
    outer loop
      vertex -65.6 14.3371 10.3889
      vertex -65.6 14.3371 12.6111
      vertex -65.6 14.454 12.7688
    endloop
  endfacet
  facet normal -1 0 0
    outer loop
      vertex -65.6 14.2362 10.5572
      vertex -65.6 14.3371 12.6111
      vertex -65.6 14.3371 10.3889
    endloop
  endfacet
  facet normal -1 0 0
    outer loop
      vertex -65.6 14.2362 10.5572
      vertex -65.6 14.2362 12.4428
      vertex -65.6 14.3371 12.6111
    endloop
  endfacet
  facet normal -1 0 0
    outer loop
      vertex -65.6 14.1522 10.7346
      vertex -65.6 14.2362 12.4428
      vertex -65.6 14.2362 10.5572
    endloop
  endfacet
  facet normal -1 0 0
    outer loop
      vertex -65.6 14.1522 10.7346
      vertex -65.6 14.1522 12.2654
      vertex -65.6 14.2362 12.4428
    endloop
  endfacet
  facet normal -1 0 0
    outer loop
      vertex -65.6 14.0861 10.9194
      vertex -65.6 14.1522 12.2654
      vertex -65.6 14.1522 10.7346
    endloop
  endfacet
  facet normal -1 0 0
    outer loop
      vertex -65.6 14.0861 10.9194
      vertex -65.6 14.0861 12.0806
      vertex -65.6 14.1522 12.2654
    endloop
  endfacet
  facet normal -1 0 0
    outer loop
      vertex -65.6 14.0384 11.1098
      vertex -65.6 14.0861 12.0806
      vertex -65.6 14.0861 10.9194
    endloop
  endfacet
  facet normal -1 0 0
    outer loop
      vertex -65.6 14.0384 11.1098
      vertex -65.6 14.0384 11.8902
      vertex -65.6 14.0861 12.0806
    endloop
  endfacet
  facet normal -1 0 0
    outer loop
      vertex -65.6 14.0096 11.304
      vertex -65.6 14.0384 11.8902
      vertex -65.6 14.0384 11.1098
    endloop
  endfacet
  facet normal -1 0 0
    outer loop
      vertex -65.6 14.0096 11.304
      vertex -65.6 14.0096 11.696
      vertex -65.6 14.0384 11.8902
    endloop
  endfacet
  facet normal -1 0 -0
    outer loop
      vertex -65.6 14.0096 11.696
      vertex -65.6 14.0096 11.304
      vertex -65.6 14 11.5
    endloop
  endfacet
  facet normal 0 -0.146696 0.989182
    outer loop
      vertex -72.6 16.3902 9.53843
      vertex -65.6 16.196 9.50963
      vertex -65.6 16.3902 9.53843
    endloop
  endfacet
  facet normal 0 -0.146696 0.989182
    outer loop
      vertex -65.6 16.196 9.50963
      vertex -72.6 16.3902 9.53843
      vertex -72.6 16.196 9.50963
    endloop
  endfacet
  facet normal 0 0.998803 0.0489209
    outer loop
      vertex -65.6 14.0096 11.304
      vertex -72.6 14 11.5
      vertex -65.6 14 11.5
    endloop
  endfacet
  facet normal 0 0.998803 0.0489209
    outer loop
      vertex -72.6 14 11.5
      vertex -65.6 14.0096 11.304
      vertex -72.6 14.0096 11.304
    endloop
  endfacet
  facet normal 0 -0.0489209 -0.998803
    outer loop
      vertex -72.6 16 13.5
      vertex -69.6 16.196 13.4904
      vertex -69.6 16 13.5
    endloop
  endfacet
  facet normal -0 -0.0489209 -0.998803
    outer loop
      vertex -69.6 16.196 13.4904
      vertex -72.6 16 13.5
      vertex -72.6 16.196 13.4904
    endloop
  endfacet
  facet normal 0 0.9038 0.427955
    outer loop
      vertex -65.6 14.2362 10.5572
      vertex -72.6 14.1522 10.7346
      vertex -65.6 14.1522 10.7346
    endloop
  endfacet
  facet normal 0 0.9038 0.427955
    outer loop
      vertex -72.6 14.1522 10.7346
      vertex -65.6 14.2362 10.5572
      vertex -72.6 14.2362 10.5572
    endloop
  endfacet
  facet normal 0 -0.94158 0.336788
    outer loop
      vertex -72.6 17.8478 10.7346
      vertex -65.6 17.9139 10.9194
      vertex -72.6 17.9139 10.9194
    endloop
  endfacet
  facet normal 0 -0.94158 0.336788
    outer loop
      vertex -65.6 17.9139 10.9194
      vertex -72.6 17.8478 10.7346
      vertex -65.6 17.8478 10.7346
    endloop
  endfacet
  facet normal 0 -0.9038 0.427955
    outer loop
      vertex -72.6 17.7638 10.5572
      vertex -65.6 17.8478 10.7346
      vertex -72.6 17.8478 10.7346
    endloop
  endfacet
  facet normal 0 -0.9038 0.427955
    outer loop
      vertex -65.6 17.8478 10.7346
      vertex -72.6 17.7638 10.5572
      vertex -65.6 17.7638 10.5572
    endloop
  endfacet
  facet normal 0 0.243015 -0.970023
    outer loop
      vertex -72.6 15.4194 13.4139
      vertex -69.6 15.6098 13.4616
      vertex -69.6 15.4194 13.4139
    endloop
  endfacet
  facet normal 0 0.243015 -0.970023
    outer loop
      vertex -69.6 15.6098 13.4616
      vertex -72.6 15.4194 13.4139
      vertex -72.6 15.6098 13.4616
    endloop
  endfacet
  facet normal -0 0.514196 0.857673
    outer loop
      vertex -72.6 15.0572 9.73616
      vertex -65.6 14.8889 9.83706
      vertex -65.6 15.0572 9.73616
    endloop
  endfacet
  facet normal 0 0.514196 0.857673
    outer loop
      vertex -65.6 14.8889 9.83706
      vertex -72.6 15.0572 9.73616
      vertex -72.6 14.8889 9.83706
    endloop
  endfacet
  facet normal 0 -0.857673 -0.514196
    outer loop
      vertex -72.6 17.7638 12.4428
      vertex -65.6 17.6629 12.6111
      vertex -72.6 17.6629 12.6111
    endloop
  endfacet
  facet normal 0 -0.857673 -0.514196
    outer loop
      vertex -65.6 17.6629 12.6111
      vertex -72.6 17.7638 12.4428
      vertex -65.6 17.7638 12.4428
    endloop
  endfacet
  facet normal 0 -0.336879 0.941548
    outer loop
      vertex -72.6 16.7654 9.65224
      vertex -65.6 16.5806 9.58612
      vertex -65.6 16.7654 9.65224
    endloop
  endfacet
  facet normal 0 -0.336879 0.941548
    outer loop
      vertex -65.6 16.5806 9.58612
      vertex -72.6 16.7654 9.65224
      vertex -72.6 16.5806 9.58612
    endloop
  endfacet
  facet normal 0 -0.970023 0.243015
    outer loop
      vertex -72.6 17.9139 10.9194
      vertex -65.6 17.9616 11.1098
      vertex -72.6 17.9616 11.1098
    endloop
  endfacet
  facet normal 0 -0.970023 0.243015
    outer loop
      vertex -65.6 17.9616 11.1098
      vertex -72.6 17.9139 10.9194
      vertex -65.6 17.9139 10.9194
    endloop
  endfacet
  facet normal -0 0.595573 0.803301
    outer loop
      vertex -72.6 14.8889 9.83706
      vertex -65.6 14.7312 9.95398
      vertex -65.6 14.8889 9.83706
    endloop
  endfacet
  facet normal 0 0.595573 0.803301
    outer loop
      vertex -65.6 14.7312 9.95398
      vertex -72.6 14.8889 9.83706
      vertex -72.6 14.7312 9.95398
    endloop
  endfacet
  facet normal 0 -0.427622 0.903958
    outer loop
      vertex -72.6 16.9428 9.73616
      vertex -65.6 16.7654 9.65224
      vertex -65.6 16.9428 9.73616
    endloop
  endfacet
  facet normal 0 -0.427622 0.903958
    outer loop
      vertex -65.6 16.7654 9.65224
      vertex -72.6 16.9428 9.73616
      vertex -72.6 16.7654 9.65224
    endloop
  endfacet
  facet normal 0 -0.243015 -0.970023
    outer loop
      vertex -72.6 16.3902 13.4616
      vertex -69.6 16.5806 13.4139
      vertex -69.6 16.3902 13.4616
    endloop
  endfacet
  facet normal -0 -0.243015 -0.970023
    outer loop
      vertex -69.6 16.5806 13.4139
      vertex -72.6 16.3902 13.4616
      vertex -72.6 16.5806 13.4139
    endloop
  endfacet
  facet normal 0 -0.998803 -0.0489209
    outer loop
      vertex -72.6 18 11.5
      vertex -65.6 17.9904 11.696
      vertex -72.6 17.9904 11.696
    endloop
  endfacet
  facet normal 0 -0.998803 -0.0489209
    outer loop
      vertex -65.6 17.9904 11.696
      vertex -72.6 18 11.5
      vertex -65.6 18 11.5
    endloop
  endfacet
  facet normal 0 -0.989182 0.146696
    outer loop
      vertex -72.6 17.9616 11.1098
      vertex -65.6 17.9904 11.304
      vertex -72.6 17.9904 11.304
    endloop
  endfacet
  facet normal 0 -0.989182 0.146696
    outer loop
      vertex -65.6 17.9904 11.304
      vertex -72.6 17.9616 11.1098
      vertex -65.6 17.9616 11.1098
    endloop
  endfacet
  facet normal 0 -0.94158 -0.336788
    outer loop
      vertex -72.6 17.9139 12.0806
      vertex -65.6 17.8478 12.2654
      vertex -72.6 17.8478 12.2654
    endloop
  endfacet
  facet normal 0 -0.94158 -0.336788
    outer loop
      vertex -65.6 17.8478 12.2654
      vertex -72.6 17.9139 12.0806
      vertex -65.6 17.9139 12.0806
    endloop
  endfacet
  facet normal 0 0.146696 -0.989182
    outer loop
      vertex -72.6 15.6098 13.4616
      vertex -69.6 15.804 13.4904
      vertex -69.6 15.6098 13.4616
    endloop
  endfacet
  facet normal 0 0.146696 -0.989182
    outer loop
      vertex -69.6 15.804 13.4904
      vertex -72.6 15.6098 13.4616
      vertex -72.6 15.804 13.4904
    endloop
  endfacet
  facet normal 0 0.671815 -0.740719
    outer loop
      vertex -65.6 14.5858 12.9142
      vertex -69.6 14.6804 13
      vertex -65.6 14.6804 13
    endloop
  endfacet
  facet normal 0 0.671815 -0.740719
    outer loop
      vertex -72.6 14.5858 12.9142
      vertex -69.6 14.6804 13
      vertex -65.6 14.5858 12.9142
    endloop
  endfacet
  facet normal 1.19578e-05 0.671607 -0.740908
    outer loop
      vertex -72.6 14.7312 13.046
      vertex -69.6 14.6804 13
      vertex -72.6 14.5858 12.9142
    endloop
  endfacet
  facet normal 0 0.671219 -0.741259
    outer loop
      vertex -69.6 14.6804 13
      vertex -72.6 14.7312 13.046
      vertex -69.6 14.7312 13.046
    endloop
  endfacet
  facet normal 0 -0.514196 0.857673
    outer loop
      vertex -72.6 17.1111 9.83706
      vertex -65.6 16.9428 9.73616
      vertex -65.6 17.1111 9.83706
    endloop
  endfacet
  facet normal 0 -0.514196 0.857673
    outer loop
      vertex -65.6 16.9428 9.73616
      vertex -72.6 17.1111 9.83706
      vertex -72.6 16.9428 9.73616
    endloop
  endfacet
  facet normal 0 0.0489209 -0.998803
    outer loop
      vertex -72.6 15.804 13.4904
      vertex -69.6 16 13.5
      vertex -69.6 15.804 13.4904
    endloop
  endfacet
  facet normal 0 0.0489209 -0.998803
    outer loop
      vertex -69.6 16 13.5
      vertex -72.6 15.804 13.4904
      vertex -72.6 16 13.5
    endloop
  endfacet
  facet normal 0 0.80335 -0.595508
    outer loop
      vertex -65.6 14.3371 12.6111
      vertex -72.6 14.454 12.7688
      vertex -65.6 14.454 12.7688
    endloop
  endfacet
  facet normal 0 0.80335 -0.595508
    outer loop
      vertex -72.6 14.454 12.7688
      vertex -65.6 14.3371 12.6111
      vertex -72.6 14.3371 12.6111
    endloop
  endfacet
  facet normal 0 -0.740908 -0.671607
    outer loop
      vertex -72.6 17.546 12.7688
      vertex -65.6 17.4142 12.9142
      vertex -72.6 17.4142 12.9142
    endloop
  endfacet
  facet normal 0 -0.740908 -0.671607
    outer loop
      vertex -65.6 17.4142 12.9142
      vertex -72.6 17.546 12.7688
      vertex -65.6 17.546 12.7688
    endloop
  endfacet
  facet normal 0 0.336788 -0.94158
    outer loop
      vertex -72.6 15.2346 13.3478
      vertex -69.6 15.4194 13.4139
      vertex -69.6 15.2346 13.3478
    endloop
  endfacet
  facet normal 0 0.336788 -0.94158
    outer loop
      vertex -69.6 15.4194 13.4139
      vertex -72.6 15.2346 13.3478
      vertex -72.6 15.4194 13.4139
    endloop
  endfacet
  facet normal 0 0.80335 0.595508
    outer loop
      vertex -65.6 14.454 10.2312
      vertex -72.6 14.3371 10.3889
      vertex -65.6 14.3371 10.3889
    endloop
  endfacet
  facet normal 0 0.80335 0.595508
    outer loop
      vertex -72.6 14.3371 10.3889
      vertex -65.6 14.454 10.2312
      vertex -72.6 14.454 10.2312
    endloop
  endfacet
  facet normal 0 0.989182 0.146696
    outer loop
      vertex -65.6 14.0384 11.1098
      vertex -72.6 14.0096 11.304
      vertex -65.6 14.0096 11.304
    endloop
  endfacet
  facet normal 0 0.989182 0.146696
    outer loop
      vertex -72.6 14.0096 11.304
      vertex -65.6 14.0384 11.1098
      vertex -72.6 14.0384 11.1098
    endloop
  endfacet
  facet normal 0 -0.514196 -0.857673
    outer loop
      vertex -72.6 16.9428 13.2638
      vertex -69.6 17.1111 13.1629
      vertex -69.6 16.9428 13.2638
    endloop
  endfacet
  facet normal -0 -0.514196 -0.857673
    outer loop
      vertex -69.6 17.1111 13.1629
      vertex -72.6 16.9428 13.2638
      vertex -72.6 17.1111 13.1629
    endloop
  endfacet
  facet normal 0 0.9038 -0.427955
    outer loop
      vertex -65.6 14.1522 12.2654
      vertex -72.6 14.2362 12.4428
      vertex -65.6 14.2362 12.4428
    endloop
  endfacet
  facet normal 0 0.9038 -0.427955
    outer loop
      vertex -72.6 14.2362 12.4428
      vertex -65.6 14.1522 12.2654
      vertex -72.6 14.1522 12.2654
    endloop
  endfacet
  facet normal 0 0.970023 0.243015
    outer loop
      vertex -65.6 14.0861 10.9194
      vertex -72.6 14.0384 11.1098
      vertex -65.6 14.0384 11.1098
    endloop
  endfacet
  facet normal 0 0.970023 0.243015
    outer loop
      vertex -72.6 14.0384 11.1098
      vertex -65.6 14.0861 10.9194
      vertex -72.6 14.0861 10.9194
    endloop
  endfacet
  facet normal 0 -0.998803 0.0489209
    outer loop
      vertex -72.6 17.9904 11.304
      vertex -65.6 18 11.5
      vertex -72.6 18 11.5
    endloop
  endfacet
  facet normal 0 -0.998803 0.0489209
    outer loop
      vertex -65.6 18 11.5
      vertex -72.6 17.9904 11.304
      vertex -65.6 17.9904 11.304
    endloop
  endfacet
  facet normal 0 -0.740908 0.671607
    outer loop
      vertex -72.6 17.4142 10.0858
      vertex -65.6 17.546 10.2312
      vertex -72.6 17.546 10.2312
    endloop
  endfacet
  facet normal 0 -0.740908 0.671607
    outer loop
      vertex -65.6 17.546 10.2312
      vertex -72.6 17.4142 10.0858
      vertex -65.6 17.4142 10.0858
    endloop
  endfacet
  facet normal 0 0.740908 0.671607
    outer loop
      vertex -65.6 14.5858 10.0858
      vertex -72.6 14.454 10.2312
      vertex -65.6 14.454 10.2312
    endloop
  endfacet
  facet normal 0 0.740908 0.671607
    outer loop
      vertex -72.6 14.454 10.2312
      vertex -65.6 14.5858 10.0858
      vertex -72.6 14.5858 10.0858
    endloop
  endfacet
  facet normal -0 -0.671219 -0.741259
    outer loop
      vertex -69.6 17.2688 13.046
      vertex -72.6 17.2688 13.046
      vertex -69.6 17.3196 13
    endloop
  endfacet
  facet normal 0 -0.671815 -0.740719
    outer loop
      vertex -69.6 17.3196 13
      vertex -65.6 17.4142 12.9142
      vertex -65.6 17.3196 13
    endloop
  endfacet
  facet normal 1.19578e-05 -0.671607 -0.740908
    outer loop
      vertex -72.6 17.4142 12.9142
      vertex -69.6 17.3196 13
      vertex -72.6 17.2688 13.046
    endloop
  endfacet
  facet normal 0 -0.671815 -0.740719
    outer loop
      vertex -69.6 17.3196 13
      vertex -72.6 17.4142 12.9142
      vertex -65.6 17.4142 12.9142
    endloop
  endfacet
  facet normal 0 -0.671663 0.740857
    outer loop
      vertex -72.6 17.4142 10.0858
      vertex -65.6 17.2688 9.95398
      vertex -65.6 17.4142 10.0858
    endloop
  endfacet
  facet normal 0 -0.671663 0.740857
    outer loop
      vertex -65.6 17.2688 9.95398
      vertex -72.6 17.4142 10.0858
      vertex -72.6 17.2688 9.95398
    endloop
  endfacet
  facet normal 0 0.740908 -0.671607
    outer loop
      vertex -65.6 14.454 12.7688
      vertex -72.6 14.5858 12.9142
      vertex -65.6 14.5858 12.9142
    endloop
  endfacet
  facet normal 0 0.740908 -0.671607
    outer loop
      vertex -72.6 14.5858 12.9142
      vertex -65.6 14.454 12.7688
      vertex -72.6 14.454 12.7688
    endloop
  endfacet
  facet normal 0 0.427955 -0.9038
    outer loop
      vertex -72.6 15.0572 13.2638
      vertex -69.6 15.2346 13.3478
      vertex -69.6 15.0572 13.2638
    endloop
  endfacet
  facet normal 0 0.427955 -0.9038
    outer loop
      vertex -69.6 15.2346 13.3478
      vertex -72.6 15.0572 13.2638
      vertex -72.6 15.2346 13.3478
    endloop
  endfacet
  facet normal 0 0.998803 -0.0489209
    outer loop
      vertex -65.6 14 11.5
      vertex -72.6 14.0096 11.696
      vertex -65.6 14.0096 11.696
    endloop
  endfacet
  facet normal 0 0.998803 -0.0489209
    outer loop
      vertex -72.6 14.0096 11.696
      vertex -65.6 14 11.5
      vertex -72.6 14 11.5
    endloop
  endfacet
  facet normal 0 0.989182 -0.146696
    outer loop
      vertex -65.6 14.0096 11.696
      vertex -72.6 14.0384 11.8902
      vertex -65.6 14.0384 11.8902
    endloop
  endfacet
  facet normal 0 0.989182 -0.146696
    outer loop
      vertex -72.6 14.0384 11.8902
      vertex -65.6 14.0096 11.696
      vertex -72.6 14.0096 11.696
    endloop
  endfacet
  facet normal -0 0.671663 0.740857
    outer loop
      vertex -72.6 14.7312 9.95398
      vertex -65.6 14.5858 10.0858
      vertex -65.6 14.7312 9.95398
    endloop
  endfacet
  facet normal 0 0.671663 0.740857
    outer loop
      vertex -65.6 14.5858 10.0858
      vertex -72.6 14.7312 9.95398
      vertex -72.6 14.5858 10.0858
    endloop
  endfacet
  facet normal 0 -0.427955 -0.9038
    outer loop
      vertex -72.6 16.7654 13.3478
      vertex -69.6 16.9428 13.2638
      vertex -69.6 16.7654 13.3478
    endloop
  endfacet
  facet normal -0 -0.427955 -0.9038
    outer loop
      vertex -69.6 16.9428 13.2638
      vertex -72.6 16.7654 13.3478
      vertex -72.6 16.9428 13.2638
    endloop
  endfacet
  facet normal 0 0.94158 -0.336788
    outer loop
      vertex -65.6 14.0861 12.0806
      vertex -72.6 14.1522 12.2654
      vertex -65.6 14.1522 12.2654
    endloop
  endfacet
  facet normal 0 0.94158 -0.336788
    outer loop
      vertex -72.6 14.1522 12.2654
      vertex -65.6 14.0861 12.0806
      vertex -72.6 14.0861 12.0806
    endloop
  endfacet
  facet normal 0 0.857673 -0.514196
    outer loop
      vertex -65.6 14.2362 12.4428
      vertex -72.6 14.3371 12.6111
      vertex -65.6 14.3371 12.6111
    endloop
  endfacet
  facet normal 0 0.857673 -0.514196
    outer loop
      vertex -72.6 14.3371 12.6111
      vertex -65.6 14.2362 12.4428
      vertex -72.6 14.2362 12.4428
    endloop
  endfacet
  facet normal 0 -0.857673 0.514196
    outer loop
      vertex -72.6 17.6629 30.3889
      vertex -69.6 17.7638 30.5572
      vertex -72.6 17.7638 30.5572
    endloop
  endfacet
  facet normal 0 -0.857673 0.514196
    outer loop
      vertex -69.6 17.7638 30.5572
      vertex -72.6 17.6629 30.3889
      vertex -69.6 17.6629 30.3889
    endloop
  endfacet
  facet normal 0 -0.146696 0.989182
    outer loop
      vertex -72.6 16.3902 29.5384
      vertex -69.6 16.196 29.5096
      vertex -69.6 16.3902 29.5384
    endloop
  endfacet
  facet normal 0 -0.146696 0.989182
    outer loop
      vertex -69.6 16.196 29.5096
      vertex -72.6 16.3902 29.5384
      vertex -72.6 16.196 29.5096
    endloop
  endfacet
  facet normal 0 -0.243015 0.970023
    outer loop
      vertex -72.6 16.5806 29.5861
      vertex -69.6 16.3902 29.5384
      vertex -69.6 16.5806 29.5861
    endloop
  endfacet
  facet normal 0 -0.243015 0.970023
    outer loop
      vertex -69.6 16.3902 29.5384
      vertex -72.6 16.5806 29.5861
      vertex -72.6 16.3902 29.5384
    endloop
  endfacet
  facet normal -0 0.0489209 0.998803
    outer loop
      vertex -72.6 16 29.5
      vertex -69.6 15.804 29.5096
      vertex -69.6 16 29.5
    endloop
  endfacet
  facet normal 0 0.0489209 0.998803
    outer loop
      vertex -69.6 15.804 29.5096
      vertex -72.6 16 29.5
      vertex -72.6 15.804 29.5096
    endloop
  endfacet
  facet normal 0 -0.970023 -0.243015
    outer loop
      vertex -72.6 17.9616 31.8902
      vertex -69.6 17.9139 32.0806
      vertex -72.6 17.9139 32.0806
    endloop
  endfacet
  facet normal 0 -0.970023 -0.243015
    outer loop
      vertex -69.6 17.9139 32.0806
      vertex -72.6 17.9616 31.8902
      vertex -69.6 17.9616 31.8902
    endloop
  endfacet
  facet normal 0 -0.0489209 0.998803
    outer loop
      vertex -72.6 16.196 29.5096
      vertex -69.6 16 29.5
      vertex -69.6 16.196 29.5096
    endloop
  endfacet
  facet normal 0 -0.0489209 0.998803
    outer loop
      vertex -69.6 16 29.5
      vertex -72.6 16.196 29.5096
      vertex -72.6 16 29.5
    endloop
  endfacet
  facet normal 0 0.595508 -0.80335
    outer loop
      vertex -72.6 14.7312 33.046
      vertex -69.6 14.8889 33.1629
      vertex -69.6 14.7312 33.046
    endloop
  endfacet
  facet normal 0 0.595508 -0.80335
    outer loop
      vertex -69.6 14.8889 33.1629
      vertex -72.6 14.7312 33.046
      vertex -72.6 14.8889 33.1629
    endloop
  endfacet
  facet normal 0 0.94158 0.336788
    outer loop
      vertex -69.6 14.1522 30.7346
      vertex -72.6 14.0861 30.9194
      vertex -69.6 14.0861 30.9194
    endloop
  endfacet
  facet normal 0 0.94158 0.336788
    outer loop
      vertex -72.6 14.0861 30.9194
      vertex -69.6 14.1522 30.7346
      vertex -72.6 14.1522 30.7346
    endloop
  endfacet
  facet normal 0 -0.146696 -0.989182
    outer loop
      vertex -72.6 16.196 33.4904
      vertex -69.6 16.3902 33.4616
      vertex -69.6 16.196 33.4904
    endloop
  endfacet
  facet normal -0 -0.146696 -0.989182
    outer loop
      vertex -69.6 16.3902 33.4616
      vertex -72.6 16.196 33.4904
      vertex -72.6 16.3902 33.4616
    endloop
  endfacet
  facet normal 0 -0.9038 -0.427955
    outer loop
      vertex -72.6 17.8478 32.2654
      vertex -69.6 17.7638 32.4428
      vertex -72.6 17.7638 32.4428
    endloop
  endfacet
  facet normal 0 -0.9038 -0.427955
    outer loop
      vertex -69.6 17.7638 32.4428
      vertex -72.6 17.8478 32.2654
      vertex -69.6 17.8478 32.2654
    endloop
  endfacet
  facet normal 0 -0.80335 -0.595508
    outer loop
      vertex -72.6 17.6629 32.6111
      vertex -69.6 17.546 32.7688
      vertex -72.6 17.546 32.7688
    endloop
  endfacet
  facet normal 0 -0.80335 -0.595508
    outer loop
      vertex -69.6 17.546 32.7688
      vertex -72.6 17.6629 32.6111
      vertex -69.6 17.6629 32.6111
    endloop
  endfacet
  facet normal 0 -0.989182 -0.146696
    outer loop
      vertex -72.6 17.9904 31.696
      vertex -69.6 17.9616 31.8902
      vertex -72.6 17.9616 31.8902
    endloop
  endfacet
  facet normal 0 -0.989182 -0.146696
    outer loop
      vertex -69.6 17.9616 31.8902
      vertex -72.6 17.9904 31.696
      vertex -69.6 17.9904 31.696
    endloop
  endfacet
  facet normal 0 -0.595508 -0.80335
    outer loop
      vertex -72.6 17.1111 33.1629
      vertex -69.6 17.2688 33.046
      vertex -69.6 17.1111 33.1629
    endloop
  endfacet
  facet normal -0 -0.595508 -0.80335
    outer loop
      vertex -69.6 17.2688 33.046
      vertex -72.6 17.1111 33.1629
      vertex -72.6 17.2688 33.046
    endloop
  endfacet
  facet normal -0 0.336788 0.94158
    outer loop
      vertex -72.6 15.4194 29.5861
      vertex -69.6 15.2346 29.6522
      vertex -69.6 15.4194 29.5861
    endloop
  endfacet
  facet normal 0 0.336788 0.94158
    outer loop
      vertex -69.6 15.2346 29.6522
      vertex -72.6 15.4194 29.5861
      vertex -72.6 15.2346 29.6522
    endloop
  endfacet
  facet normal 0 -0.80335 0.595508
    outer loop
      vertex -72.6 17.546 30.2312
      vertex -69.6 17.6629 30.3889
      vertex -72.6 17.6629 30.3889
    endloop
  endfacet
  facet normal 0 -0.80335 0.595508
    outer loop
      vertex -69.6 17.6629 30.3889
      vertex -72.6 17.546 30.2312
      vertex -69.6 17.546 30.2312
    endloop
  endfacet
  facet normal 0 -0.595508 0.80335
    outer loop
      vertex -72.6 17.2688 29.954
      vertex -69.6 17.1111 29.8371
      vertex -69.6 17.2688 29.954
    endloop
  endfacet
  facet normal 0 -0.595508 0.80335
    outer loop
      vertex -69.6 17.1111 29.8371
      vertex -72.6 17.2688 29.954
      vertex -72.6 17.1111 29.8371
    endloop
  endfacet
  facet normal -0 0.146696 0.989182
    outer loop
      vertex -72.6 15.804 29.5096
      vertex -69.6 15.6098 29.5384
      vertex -69.6 15.804 29.5096
    endloop
  endfacet
  facet normal 0 0.146696 0.989182
    outer loop
      vertex -69.6 15.6098 29.5384
      vertex -72.6 15.804 29.5096
      vertex -72.6 15.6098 29.5384
    endloop
  endfacet
  facet normal 0 0.970023 -0.243015
    outer loop
      vertex -69.6 14.0384 31.8902
      vertex -72.6 14.0861 32.0806
      vertex -69.6 14.0861 32.0806
    endloop
  endfacet
  facet normal 0 0.970023 -0.243015
    outer loop
      vertex -72.6 14.0861 32.0806
      vertex -69.6 14.0384 31.8902
      vertex -72.6 14.0384 31.8902
    endloop
  endfacet
  facet normal 0 -0.336788 -0.94158
    outer loop
      vertex -72.6 16.5806 33.4139
      vertex -69.6 16.7654 33.3478
      vertex -69.6 16.5806 33.4139
    endloop
  endfacet
  facet normal -0 -0.336788 -0.94158
    outer loop
      vertex -69.6 16.7654 33.3478
      vertex -72.6 16.5806 33.4139
      vertex -72.6 16.7654 33.3478
    endloop
  endfacet
  facet normal 0 0.857673 0.514196
    outer loop
      vertex -69.6 14.3371 30.3889
      vertex -72.6 14.2362 30.5572
      vertex -69.6 14.2362 30.5572
    endloop
  endfacet
  facet normal 0 0.857673 0.514196
    outer loop
      vertex -72.6 14.2362 30.5572
      vertex -69.6 14.3371 30.3889
      vertex -72.6 14.3371 30.3889
    endloop
  endfacet
  facet normal -0 0.243015 0.970023
    outer loop
      vertex -72.6 15.6098 29.5384
      vertex -69.6 15.4194 29.5861
      vertex -69.6 15.6098 29.5384
    endloop
  endfacet
  facet normal 0 0.243015 0.970023
    outer loop
      vertex -69.6 15.4194 29.5861
      vertex -72.6 15.6098 29.5384
      vertex -72.6 15.4194 29.5861
    endloop
  endfacet
  facet normal -0 0.427955 0.9038
    outer loop
      vertex -72.6 15.2346 29.6522
      vertex -69.6 15.0572 29.7362
      vertex -69.6 15.2346 29.6522
    endloop
  endfacet
  facet normal 0 0.427955 0.9038
    outer loop
      vertex -69.6 15.0572 29.7362
      vertex -72.6 15.2346 29.6522
      vertex -72.6 15.0572 29.7362
    endloop
  endfacet
  facet normal 0 0.514196 -0.857673
    outer loop
      vertex -72.6 14.8889 33.1629
      vertex -69.6 15.0572 33.2638
      vertex -69.6 14.8889 33.1629
    endloop
  endfacet
  facet normal 0 0.514196 -0.857673
    outer loop
      vertex -69.6 15.0572 33.2638
      vertex -72.6 14.8889 33.1629
      vertex -72.6 15.0572 33.2638
    endloop
  endfacet
  facet normal 0 0.998803 0.0489209
    outer loop
      vertex -69.6 14.0096 31.304
      vertex -72.6 14 31.5
      vertex -69.6 14 31.5
    endloop
  endfacet
  facet normal 0 0.998803 0.0489209
    outer loop
      vertex -72.6 14 31.5
      vertex -69.6 14.0096 31.304
      vertex -72.6 14.0096 31.304
    endloop
  endfacet
  facet normal 0 -0.0489209 -0.998803
    outer loop
      vertex -72.6 16 33.5
      vertex -69.6 16.196 33.4904
      vertex -69.6 16 33.5
    endloop
  endfacet
  facet normal -0 -0.0489209 -0.998803
    outer loop
      vertex -69.6 16.196 33.4904
      vertex -72.6 16 33.5
      vertex -72.6 16.196 33.4904
    endloop
  endfacet
  facet normal 0 0.9038 0.427955
    outer loop
      vertex -69.6 14.2362 30.5572
      vertex -72.6 14.1522 30.7346
      vertex -69.6 14.1522 30.7346
    endloop
  endfacet
  facet normal 0 0.9038 0.427955
    outer loop
      vertex -72.6 14.1522 30.7346
      vertex -69.6 14.2362 30.5572
      vertex -72.6 14.2362 30.5572
    endloop
  endfacet
  facet normal 0 -0.94158 0.336788
    outer loop
      vertex -72.6 17.8478 30.7346
      vertex -69.6 17.9139 30.9194
      vertex -72.6 17.9139 30.9194
    endloop
  endfacet
  facet normal 0 -0.94158 0.336788
    outer loop
      vertex -69.6 17.9139 30.9194
      vertex -72.6 17.8478 30.7346
      vertex -69.6 17.8478 30.7346
    endloop
  endfacet
  facet normal 0 -0.9038 0.427955
    outer loop
      vertex -72.6 17.7638 30.5572
      vertex -69.6 17.8478 30.7346
      vertex -72.6 17.8478 30.7346
    endloop
  endfacet
  facet normal 0 -0.9038 0.427955
    outer loop
      vertex -69.6 17.8478 30.7346
      vertex -72.6 17.7638 30.5572
      vertex -69.6 17.7638 30.5572
    endloop
  endfacet
  facet normal 0 0.243015 -0.970023
    outer loop
      vertex -72.6 15.4194 33.4139
      vertex -69.6 15.6098 33.4616
      vertex -69.6 15.4194 33.4139
    endloop
  endfacet
  facet normal 0 0.243015 -0.970023
    outer loop
      vertex -69.6 15.6098 33.4616
      vertex -72.6 15.4194 33.4139
      vertex -72.6 15.6098 33.4616
    endloop
  endfacet
  facet normal -0 0.514196 0.857673
    outer loop
      vertex -72.6 15.0572 29.7362
      vertex -69.6 14.8889 29.8371
      vertex -69.6 15.0572 29.7362
    endloop
  endfacet
  facet normal 0 0.514196 0.857673
    outer loop
      vertex -69.6 14.8889 29.8371
      vertex -72.6 15.0572 29.7362
      vertex -72.6 14.8889 29.8371
    endloop
  endfacet
  facet normal 0 -0.857673 -0.514196
    outer loop
      vertex -72.6 17.7638 32.4428
      vertex -69.6 17.6629 32.6111
      vertex -72.6 17.6629 32.6111
    endloop
  endfacet
  facet normal 0 -0.857673 -0.514196
    outer loop
      vertex -69.6 17.6629 32.6111
      vertex -72.6 17.7638 32.4428
      vertex -69.6 17.7638 32.4428
    endloop
  endfacet
  facet normal 0 -0.336788 0.94158
    outer loop
      vertex -72.6 16.7654 29.6522
      vertex -69.6 16.5806 29.5861
      vertex -69.6 16.7654 29.6522
    endloop
  endfacet
  facet normal 0 -0.336788 0.94158
    outer loop
      vertex -69.6 16.5806 29.5861
      vertex -72.6 16.7654 29.6522
      vertex -72.6 16.5806 29.5861
    endloop
  endfacet
  facet normal 0 -0.970023 0.243015
    outer loop
      vertex -72.6 17.9139 30.9194
      vertex -69.6 17.9616 31.1098
      vertex -72.6 17.9616 31.1098
    endloop
  endfacet
  facet normal 0 -0.970023 0.243015
    outer loop
      vertex -69.6 17.9616 31.1098
      vertex -72.6 17.9139 30.9194
      vertex -69.6 17.9139 30.9194
    endloop
  endfacet
  facet normal -0 0.595508 0.80335
    outer loop
      vertex -72.6 14.8889 29.8371
      vertex -69.6 14.7312 29.954
      vertex -69.6 14.8889 29.8371
    endloop
  endfacet
  facet normal 0 0.595508 0.80335
    outer loop
      vertex -69.6 14.7312 29.954
      vertex -72.6 14.8889 29.8371
      vertex -72.6 14.7312 29.954
    endloop
  endfacet
  facet normal 0 -0.427955 0.9038
    outer loop
      vertex -72.6 16.9428 29.7362
      vertex -69.6 16.7654 29.6522
      vertex -69.6 16.9428 29.7362
    endloop
  endfacet
  facet normal 0 -0.427955 0.9038
    outer loop
      vertex -69.6 16.7654 29.6522
      vertex -72.6 16.9428 29.7362
      vertex -72.6 16.7654 29.6522
    endloop
  endfacet
  facet normal 0 -0.243015 -0.970023
    outer loop
      vertex -72.6 16.3902 33.4616
      vertex -69.6 16.5806 33.4139
      vertex -69.6 16.3902 33.4616
    endloop
  endfacet
  facet normal -0 -0.243015 -0.970023
    outer loop
      vertex -69.6 16.5806 33.4139
      vertex -72.6 16.3902 33.4616
      vertex -72.6 16.5806 33.4139
    endloop
  endfacet
  facet normal 0 -0.998803 -0.0489209
    outer loop
      vertex -72.6 18 31.5
      vertex -69.6 17.9904 31.696
      vertex -72.6 17.9904 31.696
    endloop
  endfacet
  facet normal 0 -0.998803 -0.0489209
    outer loop
      vertex -69.6 17.9904 31.696
      vertex -72.6 18 31.5
      vertex -69.6 18 31.5
    endloop
  endfacet
  facet normal 0 -0.94158 -0.336788
    outer loop
      vertex -72.6 17.9139 32.0806
      vertex -69.6 17.8478 32.2654
      vertex -72.6 17.8478 32.2654
    endloop
  endfacet
  facet normal 0 -0.94158 -0.336788
    outer loop
      vertex -69.6 17.8478 32.2654
      vertex -72.6 17.9139 32.0806
      vertex -69.6 17.9139 32.0806
    endloop
  endfacet
  facet normal 0 0.146696 -0.989182
    outer loop
      vertex -72.6 15.6098 33.4616
      vertex -69.6 15.804 33.4904
      vertex -69.6 15.6098 33.4616
    endloop
  endfacet
  facet normal 0 0.146696 -0.989182
    outer loop
      vertex -69.6 15.804 33.4904
      vertex -72.6 15.6098 33.4616
      vertex -72.6 15.804 33.4904
    endloop
  endfacet
  facet normal 0 0.671607 -0.740908
    outer loop
      vertex -72.6 14.5858 32.9142
      vertex -69.6 14.7312 33.046
      vertex -69.6 14.5858 32.9142
    endloop
  endfacet
  facet normal 0 0.671607 -0.740908
    outer loop
      vertex -69.6 14.7312 33.046
      vertex -72.6 14.5858 32.9142
      vertex -72.6 14.7312 33.046
    endloop
  endfacet
  facet normal 0 -0.514196 0.857673
    outer loop
      vertex -72.6 17.1111 29.8371
      vertex -69.6 16.9428 29.7362
      vertex -69.6 17.1111 29.8371
    endloop
  endfacet
  facet normal 0 -0.514196 0.857673
    outer loop
      vertex -69.6 16.9428 29.7362
      vertex -72.6 17.1111 29.8371
      vertex -72.6 16.9428 29.7362
    endloop
  endfacet
  facet normal 0 0.0489209 -0.998803
    outer loop
      vertex -72.6 15.804 33.4904
      vertex -69.6 16 33.5
      vertex -69.6 15.804 33.4904
    endloop
  endfacet
  facet normal 0 0.0489209 -0.998803
    outer loop
      vertex -69.6 16 33.5
      vertex -72.6 15.804 33.4904
      vertex -72.6 16 33.5
    endloop
  endfacet
  facet normal 0 0.80335 -0.595508
    outer loop
      vertex -69.6 14.3371 32.6111
      vertex -72.6 14.454 32.7688
      vertex -69.6 14.454 32.7688
    endloop
  endfacet
  facet normal 0 0.80335 -0.595508
    outer loop
      vertex -72.6 14.454 32.7688
      vertex -69.6 14.3371 32.6111
      vertex -72.6 14.3371 32.6111
    endloop
  endfacet
  facet normal 0 -0.740908 -0.671607
    outer loop
      vertex -72.6 17.546 32.7688
      vertex -69.6 17.4142 32.9142
      vertex -72.6 17.4142 32.9142
    endloop
  endfacet
  facet normal 0 -0.740908 -0.671607
    outer loop
      vertex -69.6 17.4142 32.9142
      vertex -72.6 17.546 32.7688
      vertex -69.6 17.546 32.7688
    endloop
  endfacet
  facet normal 0 0.336788 -0.94158
    outer loop
      vertex -72.6 15.2346 33.3478
      vertex -69.6 15.4194 33.4139
      vertex -69.6 15.2346 33.3478
    endloop
  endfacet
  facet normal 0 0.336788 -0.94158
    outer loop
      vertex -69.6 15.4194 33.4139
      vertex -72.6 15.2346 33.3478
      vertex -72.6 15.4194 33.4139
    endloop
  endfacet
  facet normal 0 0.80335 0.595508
    outer loop
      vertex -69.6 14.454 30.2312
      vertex -72.6 14.3371 30.3889
      vertex -69.6 14.3371 30.3889
    endloop
  endfacet
  facet normal 0 0.80335 0.595508
    outer loop
      vertex -72.6 14.3371 30.3889
      vertex -69.6 14.454 30.2312
      vertex -72.6 14.454 30.2312
    endloop
  endfacet
  facet normal 0 0.989182 0.146696
    outer loop
      vertex -69.6 14.0384 31.1098
      vertex -72.6 14.0096 31.304
      vertex -69.6 14.0096 31.304
    endloop
  endfacet
  facet normal 0 0.989182 0.146696
    outer loop
      vertex -72.6 14.0096 31.304
      vertex -69.6 14.0384 31.1098
      vertex -72.6 14.0384 31.1098
    endloop
  endfacet
  facet normal 0 -0.514196 -0.857673
    outer loop
      vertex -72.6 16.9428 33.2638
      vertex -69.6 17.1111 33.1629
      vertex -69.6 16.9428 33.2638
    endloop
  endfacet
  facet normal -0 -0.514196 -0.857673
    outer loop
      vertex -69.6 17.1111 33.1629
      vertex -72.6 16.9428 33.2638
      vertex -72.6 17.1111 33.1629
    endloop
  endfacet
  facet normal 0 0.9038 -0.427955
    outer loop
      vertex -69.6 14.1522 32.2654
      vertex -72.6 14.2362 32.4428
      vertex -69.6 14.2362 32.4428
    endloop
  endfacet
  facet normal 0 0.9038 -0.427955
    outer loop
      vertex -72.6 14.2362 32.4428
      vertex -69.6 14.1522 32.2654
      vertex -72.6 14.1522 32.2654
    endloop
  endfacet
  facet normal 0 0.970023 0.243015
    outer loop
      vertex -69.6 14.0861 30.9194
      vertex -72.6 14.0384 31.1098
      vertex -69.6 14.0384 31.1098
    endloop
  endfacet
  facet normal 0 0.970023 0.243015
    outer loop
      vertex -72.6 14.0384 31.1098
      vertex -69.6 14.0861 30.9194
      vertex -72.6 14.0861 30.9194
    endloop
  endfacet
  facet normal 0 -0.998803 0.0489209
    outer loop
      vertex -72.6 17.9904 31.304
      vertex -69.6 18 31.5
      vertex -72.6 18 31.5
    endloop
  endfacet
  facet normal 0 -0.998803 0.0489209
    outer loop
      vertex -69.6 18 31.5
      vertex -72.6 17.9904 31.304
      vertex -69.6 17.9904 31.304
    endloop
  endfacet
  facet normal 0 -0.989182 0.146696
    outer loop
      vertex -72.6 17.9616 31.1098
      vertex -69.6 17.9904 31.304
      vertex -72.6 17.9904 31.304
    endloop
  endfacet
  facet normal 0 -0.989182 0.146696
    outer loop
      vertex -69.6 17.9904 31.304
      vertex -72.6 17.9616 31.1098
      vertex -69.6 17.9616 31.1098
    endloop
  endfacet
  facet normal 0 -0.740908 0.671607
    outer loop
      vertex -72.6 17.4142 30.0858
      vertex -69.6 17.546 30.2312
      vertex -72.6 17.546 30.2312
    endloop
  endfacet
  facet normal 0 -0.740908 0.671607
    outer loop
      vertex -69.6 17.546 30.2312
      vertex -72.6 17.4142 30.0858
      vertex -69.6 17.4142 30.0858
    endloop
  endfacet
  facet normal 0 0.740908 0.671607
    outer loop
      vertex -69.6 14.5858 30.0858
      vertex -72.6 14.454 30.2312
      vertex -69.6 14.454 30.2312
    endloop
  endfacet
  facet normal 0 0.740908 0.671607
    outer loop
      vertex -72.6 14.454 30.2312
      vertex -69.6 14.5858 30.0858
      vertex -72.6 14.5858 30.0858
    endloop
  endfacet
  facet normal 0 -0.671607 -0.740908
    outer loop
      vertex -72.6 17.2688 33.046
      vertex -69.6 17.4142 32.9142
      vertex -69.6 17.2688 33.046
    endloop
  endfacet
  facet normal -0 -0.671607 -0.740908
    outer loop
      vertex -69.6 17.4142 32.9142
      vertex -72.6 17.2688 33.046
      vertex -72.6 17.4142 32.9142
    endloop
  endfacet
  facet normal 0 -0.671607 0.740908
    outer loop
      vertex -72.6 17.4142 30.0858
      vertex -69.6 17.2688 29.954
      vertex -69.6 17.4142 30.0858
    endloop
  endfacet
  facet normal 0 -0.671607 0.740908
    outer loop
      vertex -69.6 17.2688 29.954
      vertex -72.6 17.4142 30.0858
      vertex -72.6 17.2688 29.954
    endloop
  endfacet
  facet normal 0 0.740908 -0.671607
    outer loop
      vertex -69.6 14.454 32.7688
      vertex -72.6 14.5858 32.9142
      vertex -69.6 14.5858 32.9142
    endloop
  endfacet
  facet normal 0 0.740908 -0.671607
    outer loop
      vertex -72.6 14.5858 32.9142
      vertex -69.6 14.454 32.7688
      vertex -72.6 14.454 32.7688
    endloop
  endfacet
  facet normal 0 0.427955 -0.9038
    outer loop
      vertex -72.6 15.0572 33.2638
      vertex -69.6 15.2346 33.3478
      vertex -69.6 15.0572 33.2638
    endloop
  endfacet
  facet normal 0 0.427955 -0.9038
    outer loop
      vertex -69.6 15.2346 33.3478
      vertex -72.6 15.0572 33.2638
      vertex -72.6 15.2346 33.3478
    endloop
  endfacet
  facet normal 0 0.998803 -0.0489209
    outer loop
      vertex -69.6 14 31.5
      vertex -72.6 14.0096 31.696
      vertex -69.6 14.0096 31.696
    endloop
  endfacet
  facet normal 0 0.998803 -0.0489209
    outer loop
      vertex -72.6 14.0096 31.696
      vertex -69.6 14 31.5
      vertex -72.6 14 31.5
    endloop
  endfacet
  facet normal 0 0.989182 -0.146696
    outer loop
      vertex -69.6 14.0096 31.696
      vertex -72.6 14.0384 31.8902
      vertex -69.6 14.0384 31.8902
    endloop
  endfacet
  facet normal 0 0.989182 -0.146696
    outer loop
      vertex -72.6 14.0384 31.8902
      vertex -69.6 14.0096 31.696
      vertex -72.6 14.0096 31.696
    endloop
  endfacet
  facet normal -0 0.671607 0.740908
    outer loop
      vertex -72.6 14.7312 29.954
      vertex -69.6 14.5858 30.0858
      vertex -69.6 14.7312 29.954
    endloop
  endfacet
  facet normal 0 0.671607 0.740908
    outer loop
      vertex -69.6 14.5858 30.0858
      vertex -72.6 14.7312 29.954
      vertex -72.6 14.5858 30.0858
    endloop
  endfacet
  facet normal 0 -0.427955 -0.9038
    outer loop
      vertex -72.6 16.7654 33.3478
      vertex -69.6 16.9428 33.2638
      vertex -69.6 16.7654 33.3478
    endloop
  endfacet
  facet normal -0 -0.427955 -0.9038
    outer loop
      vertex -69.6 16.9428 33.2638
      vertex -72.6 16.7654 33.3478
      vertex -72.6 16.9428 33.2638
    endloop
  endfacet
  facet normal 0 0.94158 -0.336788
    outer loop
      vertex -69.6 14.0861 32.0806
      vertex -72.6 14.1522 32.2654
      vertex -69.6 14.1522 32.2654
    endloop
  endfacet
  facet normal 0 0.94158 -0.336788
    outer loop
      vertex -72.6 14.1522 32.2654
      vertex -69.6 14.0861 32.0806
      vertex -72.6 14.0861 32.0806
    endloop
  endfacet
  facet normal 0 0.857673 -0.514196
    outer loop
      vertex -69.6 14.2362 32.4428
      vertex -72.6 14.3371 32.6111
      vertex -69.6 14.3371 32.6111
    endloop
  endfacet
  facet normal 0 0.857673 -0.514196
    outer loop
      vertex -72.6 14.3371 32.6111
      vertex -69.6 14.2362 32.4428
      vertex -72.6 14.2362 32.4428
    endloop
  endfacet
  facet normal 0.858033 0.513595 1.00374e-05
    outer loop
      vertex 71.8915 32.8284 0
      vertex 71.5888 33.3334 35.944
      vertex 71.6055 33.3055 35.9607
    endloop
  endfacet
  facet normal 0.857495 0.514492 -6.13942e-06
    outer loop
      vertex 71.8915 32.8284 0
      vertex 71.6055 33.3055 35.9607
      vertex 71.6646 33.207 36.0337
    endloop
  endfacet
  facet normal 0.85766 0.514217 -2.20208e-06
    outer loop
      vertex 71.8915 32.8284 0
      vertex 71.6646 33.207 36.0337
      vertex 71.7191 33.1161 36.1161
    endloop
  endfacet
  facet normal 0.858132 0.513428 6.33141e-06
    outer loop
      vertex 71.8915 32.8284 0
      vertex 71.7191 33.1161 36.1161
      vertex 71.7684 33.0337 36.207
    endloop
  endfacet
  facet normal 0.857494 0.514494 -1.88026e-06
    outer loop
      vertex 71.8915 32.8284 0
      vertex 71.7684 33.0337 36.207
      vertex 71.8122 32.9607 36.3055
    endloop
  endfacet
  facet normal 0.857852 0.513897 1.07566e-06
    outer loop
      vertex 71.8915 32.8284 0
      vertex 71.8122 32.9607 36.3055
      vertex 71.85 32.8976 36.4108
    endloop
  endfacet
  facet normal 0.857493 0.514495 -4.69129e-07
    outer loop
      vertex 71.8915 32.8284 0
      vertex 71.85 32.8976 36.4108
      vertex 71.8815 32.8451 36.5216
    endloop
  endfacet
  facet normal 0.857946 0.51374 -0
    outer loop
      vertex 71.8915 32.8284 0
      vertex 71.8815 32.8451 36.5216
      vertex 71.8915 32.8284 36.5685
    endloop
  endfacet
  facet normal 0.857718 0.514121 0
    outer loop
      vertex 71.5888 33.3334 35.944
      vertex 71.8915 32.8284 0
      vertex 71.5888 33.3334 0
    endloop
  endfacet
  facet normal 0.857718 0.514121 0
    outer loop
      vertex 71.8915 32.8284 43
      vertex 71.5888 33.3334 38.056
      vertex 71.5888 33.3334 43
    endloop
  endfacet
  facet normal 0.858017 0.513621 -6.93466e-05
    outer loop
      vertex 71.5888 33.3334 38.056
      vertex 71.8915 32.8284 43
      vertex 71.6055 33.3055 38.0393
    endloop
  endfacet
  facet normal 0.857507 0.514473 4.19533e-05
    outer loop
      vertex 71.6055 33.3055 38.0393
      vertex 71.8915 32.8284 43
      vertex 71.6646 33.207 37.9663
    endloop
  endfacet
  facet normal 0.857665 0.514208 1.48981e-05
    outer loop
      vertex 71.6646 33.207 37.9663
      vertex 71.8915 32.8284 43
      vertex 71.7191 33.1161 37.8839
    endloop
  endfacet
  facet normal 0.858115 0.513458 -4.24536e-05
    outer loop
      vertex 71.7191 33.1161 37.8839
      vertex 71.8915 32.8284 43
      vertex 71.7684 33.0337 37.793
    endloop
  endfacet
  facet normal 0.8575 0.514483 1.25091e-05
    outer loop
      vertex 71.7684 33.0337 37.793
      vertex 71.8915 32.8284 43
      vertex 71.8122 32.9607 37.6945
    endloop
  endfacet
  facet normal 0.857847 0.513905 -7.10961e-06
    outer loop
      vertex 71.8122 32.9607 37.6945
      vertex 71.8915 32.8284 43
      vertex 71.85 32.8976 37.5892
    endloop
  endfacet
  facet normal 0.857496 0.514491 3.08627e-06
    outer loop
      vertex 71.85 32.8976 37.5892
      vertex 71.8915 32.8284 43
      vertex 71.8815 32.8451 37.4784
    endloop
  endfacet
  facet normal 0.857946 0.51374 0
    outer loop
      vertex 71.8815 32.8451 37.4784
      vertex 71.8915 32.8284 43
      vertex 71.8915 32.8284 37.4315
    endloop
  endfacet
  facet normal 0.0490821 -0.998795 0
    outer loop
      vertex 66.6 -36 0
      vertex 67.1881 -35.9711 43
      vertex 66.6 -36 43
    endloop
  endfacet
  facet normal 0.0490821 -0.998795 0
    outer loop
      vertex 67.1881 -35.9711 43
      vertex 66.6 -36 0
      vertex 67.1881 -35.9711 0
    endloop
  endfacet
  facet normal 0 1 -0
    outer loop
      vertex 66.6 36 0
      vertex -66.6 36 43
      vertex 66.6 36 43
    endloop
  endfacet
  facet normal 0 1 0
    outer loop
      vertex -66.6 36 43
      vertex 66.6 36 0
      vertex -66.6 36 0
    endloop
  endfacet
  facet normal 0.970023 -0.243015 0
    outer loop
      vertex 72.3416 -31.7417 43
      vertex 72.4847 -31.1705 0
      vertex 72.4847 -31.1705 43
    endloop
  endfacet
  facet normal 0.970023 -0.243015 0
    outer loop
      vertex 72.4847 -31.1705 0
      vertex 72.3416 -31.7417 43
      vertex 72.3416 -31.7417 0
    endloop
  endfacet
  facet normal 0.94158 0.336788 0
    outer loop
      vertex 72.3416 31.7417 43
      vertex 72.1433 32.2961 0
      vertex 72.1433 32.2961 43
    endloop
  endfacet
  facet normal 0.94158 0.336788 0
    outer loop
      vertex 72.1433 32.2961 0
      vertex 72.3416 31.7417 43
      vertex 72.3416 31.7417 0
    endloop
  endfacet
  facet normal 0.595589 -0.803289 0
    outer loop
      vertex 69.9334 -34.9888 43
      vertex 70.4064 -34.6381 38.0731
      vertex 70.4064 -34.6381 43
    endloop
  endfacet
  facet normal 0.595436 -0.803403 -2.27503e-05
    outer loop
      vertex 69.9334 -34.9888 43
      vertex 70.3303 -34.6945 38.0393
      vertex 70.4064 -34.6381 38.0731
    endloop
  endfacet
  facet normal 0.595729 -0.803186 1.35586e-05
    outer loop
      vertex 69.9334 -34.9888 43
      vertex 70.1975 -34.793 37.9663
      vertex 70.3303 -34.6945 38.0393
    endloop
  endfacet
  facet normal 0.595587 -0.803291 2.02428e-06
    outer loop
      vertex 69.9334 -34.9888 43
      vertex 70.0749 -34.8839 37.8839
      vertex 70.1975 -34.793 37.9663
    endloop
  endfacet
  facet normal 0.595708 -0.803201 7.19931e-06
    outer loop
      vertex 69.9334 -34.9888 43
      vertex 69.9638 -34.9663 37.793
      vertex 70.0749 -34.8839 37.8839
    endloop
  endfacet
  facet normal 0.594911 -0.803791 0
    outer loop
      vertex 69.9638 -34.9663 37.793
      vertex 69.9334 -34.9888 43
      vertex 69.9334 -34.9888 37.7626
    endloop
  endfacet
  facet normal 0.594911 -0.803791 0
    outer loop
      vertex 69.9334 -34.9888 0
      vertex 69.9638 -34.9663 36.207
      vertex 69.9334 -34.9888 36.2374
    endloop
  endfacet
  facet normal 0.595711 -0.803199 -1.03958e-06
    outer loop
      vertex 69.9334 -34.9888 0
      vertex 70.0749 -34.8839 36.1161
      vertex 69.9638 -34.9663 36.207
    endloop
  endfacet
  facet normal 0.595588 -0.80329 -2.91316e-07
    outer loop
      vertex 69.9334 -34.9888 0
      vertex 70.1975 -34.793 36.0337
      vertex 70.0749 -34.8839 36.1161
    endloop
  endfacet
  facet normal 0.595733 -0.803183 -1.94086e-06
    outer loop
      vertex 69.9334 -34.9888 0
      vertex 70.3303 -34.6945 35.9607
      vertex 70.1975 -34.793 36.0337
    endloop
  endfacet
  facet normal 0.59543 -0.803407 3.23405e-06
    outer loop
      vertex 69.9334 -34.9888 0
      vertex 70.4064 -34.6381 35.9269
      vertex 70.3303 -34.6945 35.9607
    endloop
  endfacet
  facet normal 0.595589 -0.803289 0
    outer loop
      vertex 70.4064 -34.6381 35.9269
      vertex 69.9334 -34.9888 0
      vertex 70.4064 -34.6381 0
    endloop
  endfacet
  facet normal -0.0490821 0.998795 0
    outer loop
      vertex -66.6 36 0
      vertex -67.1881 35.9711 43
      vertex -66.6 36 43
    endloop
  endfacet
  facet normal -0.0490821 0.998795 0
    outer loop
      vertex -67.1881 35.9711 43
      vertex -66.6 36 0
      vertex -67.1881 35.9711 0
    endloop
  endfacet
  facet normal -1 -0 0
    outer loop
      vertex -72.6 -17 33.2296
      vertex -72.6 -17.1111 33.1629
      vertex -72.6 -17 35
    endloop
  endfacet
  facet normal -1 -0 0
    outer loop
      vertex -72.6 28.9607 20.8055
      vertex -72.6 17.546 12.7688
      vertex -72.6 28.8976 20.9108
    endloop
  endfacet
  facet normal -1 0 0
    outer loop
      vertex -72.6 28.75 21.5
      vertex -72.6 17.9904 31.304
      vertex -72.6 18 31.5
    endloop
  endfacet
  facet normal -1 0 0
    outer loop
      vertex -72.6 17.4142 12.9142
      vertex -72.6 28.8976 20.9108
      vertex -72.6 17.546 12.7688
    endloop
  endfacet
  facet normal -1 0 0
    outer loop
      vertex -72.6 28.75 21.5
      vertex -72.6 17.9616 31.1098
      vertex -72.6 17.9904 31.304
    endloop
  endfacet
  facet normal -1 -0 0
    outer loop
      vertex -72.6 28.8976 20.9108
      vertex -72.6 17.4142 12.9142
      vertex -72.6 28.8451 21.0216
    endloop
  endfacet
  facet normal -1 0 0
    outer loop
      vertex -72.6 28.75 21.5
      vertex -72.6 17.9139 30.9194
      vertex -72.6 17.9616 31.1098
    endloop
  endfacet
  facet normal -1 0 0
    outer loop
      vertex -72.6 17.2688 13.046
      vertex -72.6 28.8451 21.0216
      vertex -72.6 17.4142 12.9142
    endloop
  endfacet
  facet normal -1 0 0
    outer loop
      vertex -72.6 28.75 21.5
      vertex -72.6 17.8478 30.7346
      vertex -72.6 17.9139 30.9194
    endloop
  endfacet
  facet normal -1 -0 0
    outer loop
      vertex -72.6 28.8451 21.0216
      vertex -72.6 17.2688 13.046
      vertex -72.6 28.8038 21.1371
    endloop
  endfacet
  facet normal -1 0 0
    outer loop
      vertex -72.6 28.75 21.5
      vertex -72.6 17.7638 30.5572
      vertex -72.6 17.8478 30.7346
    endloop
  endfacet
  facet normal -1 0 0
    outer loop
      vertex -72.6 17.1111 13.1629
      vertex -72.6 28.8038 21.1371
      vertex -72.6 17.2688 13.046
    endloop
  endfacet
  facet normal -1 0 0
    outer loop
      vertex -72.6 28.75 21.5
      vertex -72.6 17.6629 30.3889
      vertex -72.6 17.7638 30.5572
    endloop
  endfacet
  facet normal -1 -0 0
    outer loop
      vertex -72.6 28.8038 21.1371
      vertex -72.6 17.1111 13.1629
      vertex -72.6 28.774 21.2561
    endloop
  endfacet
  facet normal -1 0 0
    outer loop
      vertex -72.6 28.75 21.5
      vertex -72.6 17.546 30.2312
      vertex -72.6 17.6629 30.3889
    endloop
  endfacet
  facet normal -1 0 0
    outer loop
      vertex -72.6 16.9428 13.2638
      vertex -72.6 28.774 21.2561
      vertex -72.6 17.1111 13.1629
    endloop
  endfacet
  facet normal -1 0 0
    outer loop
      vertex -72.6 28.75 21.5
      vertex -72.6 17.4142 30.0858
      vertex -72.6 17.546 30.2312
    endloop
  endfacet
  facet normal -1 -0 0
    outer loop
      vertex -72.6 28.774 21.2561
      vertex -72.6 16.9428 13.2638
      vertex -72.6 28.756 21.3775
    endloop
  endfacet
  facet normal -1 0 0
    outer loop
      vertex -72.6 28.75 21.5
      vertex -72.6 17.2688 29.954
      vertex -72.6 17.4142 30.0858
    endloop
  endfacet
  facet normal -1 0 0
    outer loop
      vertex -72.6 16.7654 13.3478
      vertex -72.6 28.756 21.3775
      vertex -72.6 16.9428 13.2638
    endloop
  endfacet
  facet normal -1 0 0
    outer loop
      vertex -72.6 28.75 21.5
      vertex -72.6 17.1111 29.8371
      vertex -72.6 17.2688 29.954
    endloop
  endfacet
  facet normal -1 -0 0
    outer loop
      vertex -72.6 28.756 21.3775
      vertex -72.6 16.7654 13.3478
      vertex -72.6 28.75 21.5
    endloop
  endfacet
  facet normal -1 0 0
    outer loop
      vertex -72.6 28.75 21.5
      vertex -72.6 16.9428 29.7362
      vertex -72.6 17.1111 29.8371
    endloop
  endfacet
  facet normal -1 0 0
    outer loop
      vertex -72.6 16.7654 29.6522
      vertex -72.6 28.75 21.5
      vertex -72.6 16.7654 13.3478
    endloop
  endfacet
  facet normal -1 0 0
    outer loop
      vertex -72.6 28.75 21.5
      vertex -72.6 16.7654 29.6522
      vertex -72.6 16.9428 29.7362
    endloop
  endfacet
  facet normal -1 0 0
    outer loop
      vertex -72.6 16.5806 13.4139
      vertex -72.6 16.7654 29.6522
      vertex -72.6 16.7654 13.3478
    endloop
  endfacet
  facet normal -1 0 0
    outer loop
      vertex -72.6 16.5806 13.4139
      vertex -72.6 16.5806 29.5861
      vertex -72.6 16.7654 29.6522
    endloop
  endfacet
  facet normal -1 0 0
    outer loop
      vertex -72.6 16.3902 13.4616
      vertex -72.6 16.5806 29.5861
      vertex -72.6 16.5806 13.4139
    endloop
  endfacet
  facet normal -1 0 0
    outer loop
      vertex -72.6 16.3902 13.4616
      vertex -72.6 16.3902 29.5384
      vertex -72.6 16.5806 29.5861
    endloop
  endfacet
  facet normal -1 0 0
    outer loop
      vertex -72.6 16.196 13.4904
      vertex -72.6 16.3902 29.5384
      vertex -72.6 16.3902 13.4616
    endloop
  endfacet
  facet normal -1 0 0
    outer loop
      vertex -72.6 16.196 13.4904
      vertex -72.6 16.196 29.5096
      vertex -72.6 16.3902 29.5384
    endloop
  endfacet
  facet normal -1 0 0
    outer loop
      vertex -72.6 16 13.5
      vertex -72.6 16.196 29.5096
      vertex -72.6 16.196 13.4904
    endloop
  endfacet
  facet normal -1 0 0
    outer loop
      vertex -72.6 16 13.5
      vertex -72.6 16 29.5
      vertex -72.6 16.196 29.5096
    endloop
  endfacet
  facet normal -1 0 0
    outer loop
      vertex -72.6 15.804 13.4904
      vertex -72.6 16 29.5
      vertex -72.6 16 13.5
    endloop
  endfacet
  facet normal -1 0 0
    outer loop
      vertex -72.6 15.804 13.4904
      vertex -72.6 15.804 29.5096
      vertex -72.6 16 29.5
    endloop
  endfacet
  facet normal -1 0 0
    outer loop
      vertex -72.6 15.6098 13.4616
      vertex -72.6 15.804 29.5096
      vertex -72.6 15.804 13.4904
    endloop
  endfacet
  facet normal -1 0 0
    outer loop
      vertex -72.6 15.6098 13.4616
      vertex -72.6 15.6098 29.5384
      vertex -72.6 15.804 29.5096
    endloop
  endfacet
  facet normal -1 0 0
    outer loop
      vertex -72.6 15.4194 13.4139
      vertex -72.6 15.6098 29.5384
      vertex -72.6 15.6098 13.4616
    endloop
  endfacet
  facet normal -1 0 0
    outer loop
      vertex -72.6 15.4194 13.4139
      vertex -72.6 15.4194 29.5861
      vertex -72.6 15.6098 29.5384
    endloop
  endfacet
  facet normal -1 0 0
    outer loop
      vertex -72.6 15.2346 13.3478
      vertex -72.6 15.4194 29.5861
      vertex -72.6 15.4194 13.4139
    endloop
  endfacet
  facet normal -1 0 0
    outer loop
      vertex -72.6 15.2346 13.3478
      vertex -72.6 15.2346 29.6522
      vertex -72.6 15.4194 29.5861
    endloop
  endfacet
  facet normal -1 0 0
    outer loop
      vertex -72.6 15.0572 13.2638
      vertex -72.6 15.2346 29.6522
      vertex -72.6 15.2346 13.3478
    endloop
  endfacet
  facet normal -1 0 0
    outer loop
      vertex -72.6 15.0572 13.2638
      vertex -72.6 15.0572 29.7362
      vertex -72.6 15.2346 29.6522
    endloop
  endfacet
  facet normal -1 0 0
    outer loop
      vertex -72.6 14.8889 13.1629
      vertex -72.6 15.0572 29.7362
      vertex -72.6 15.0572 13.2638
    endloop
  endfacet
  facet normal -1 0 0
    outer loop
      vertex -72.6 14.8889 13.1629
      vertex -72.6 14.8889 29.8371
      vertex -72.6 15.0572 29.7362
    endloop
  endfacet
  facet normal -1 0 0
    outer loop
      vertex -72.6 14.7312 13.046
      vertex -72.6 14.8889 29.8371
      vertex -72.6 14.8889 13.1629
    endloop
  endfacet
  facet normal -1 0 0
    outer loop
      vertex -72.6 14.7312 13.046
      vertex -72.6 14.7312 29.954
      vertex -72.6 14.8889 29.8371
    endloop
  endfacet
  facet normal -1 0 0
    outer loop
      vertex -72.6 14.5858 12.9142
      vertex -72.6 14.7312 29.954
      vertex -72.6 14.7312 13.046
    endloop
  endfacet
  facet normal -1 0 0
    outer loop
      vertex -72.6 14.5858 12.9142
      vertex -72.6 14.5858 30.0858
      vertex -72.6 14.7312 29.954
    endloop
  endfacet
  facet normal -1 0 0
    outer loop
      vertex -72.6 14.454 12.7688
      vertex -72.6 14.5858 30.0858
      vertex -72.6 14.5858 12.9142
    endloop
  endfacet
  facet normal -1 0 0
    outer loop
      vertex -72.6 14.454 12.7688
      vertex -72.6 14.454 30.2312
      vertex -72.6 14.5858 30.0858
    endloop
  endfacet
  facet normal -1 0 0
    outer loop
      vertex -72.6 -7 31
      vertex -72.6 14.454 12.7688
      vertex -72.6 14.3371 12.6111
    endloop
  endfacet
  facet normal -1 0 0
    outer loop
      vertex -72.6 14.454 12.7688
      vertex -72.6 -7 31
      vertex -72.6 14.454 30.2312
    endloop
  endfacet
  facet normal -1 0 0
    outer loop
      vertex -72.6 -7 31
      vertex -72.6 14.3371 12.6111
      vertex -72.6 14.2362 12.4428
    endloop
  endfacet
  facet normal -1 0 0
    outer loop
      vertex -72.6 14.454 30.2312
      vertex -72.6 -7 31
      vertex -72.6 14.3371 30.3889
    endloop
  endfacet
  facet normal -1 0 0
    outer loop
      vertex -72.6 -7 31
      vertex -72.6 14.2362 12.4428
      vertex -72.6 14.1522 12.2654
    endloop
  endfacet
  facet normal -1 0 0
    outer loop
      vertex -72.6 14.3371 30.3889
      vertex -72.6 -7 31
      vertex -72.6 14.2362 30.5572
    endloop
  endfacet
  facet normal -1 0 0
    outer loop
      vertex -72.6 -14.1522 12.2654
      vertex -72.6 14.1522 12.2654
      vertex -72.6 14.0861 12.0806
    endloop
  endfacet
  facet normal -1 0 0
    outer loop
      vertex -72.6 14.2362 30.5572
      vertex -72.6 -7 31
      vertex -72.6 14.1522 30.7346
    endloop
  endfacet
  facet normal -1 0 0
    outer loop
      vertex -72.6 -14.0861 12.0806
      vertex -72.6 14.0861 12.0806
      vertex -72.6 14.0384 11.8902
    endloop
  endfacet
  facet normal -1 0 0
    outer loop
      vertex -72.6 14.1522 30.7346
      vertex -72.6 -7 31
      vertex -72.6 14.0861 30.9194
    endloop
  endfacet
  facet normal -1 0 0
    outer loop
      vertex -72.6 -14.0384 11.8902
      vertex -72.6 14.0384 11.8902
      vertex -72.6 14.0096 11.696
    endloop
  endfacet
  facet normal -1 0 0
    outer loop
      vertex -72.6 14.0861 30.9194
      vertex -72.6 -7 31
      vertex -72.6 14.0384 31.1098
    endloop
  endfacet
  facet normal -1 0 0
    outer loop
      vertex -72.6 -14.0096 11.696
      vertex -72.6 14.0096 11.696
      vertex -72.6 14 11.5
    endloop
  endfacet
  facet normal -1 -0 0
    outer loop
      vertex -72.6 14.0384 31.1098
      vertex -72.6 -7 31
      vertex -72.6 14.0096 31.304
    endloop
  endfacet
  facet normal -1 0 0
    outer loop
      vertex -72.6 30 0
      vertex -72.6 29.8775 20.256
      vertex -72.6 30 20.25
    endloop
  endfacet
  facet normal -1 0 0
    outer loop
      vertex -72.6 30 0
      vertex -72.6 29.7561 20.274
      vertex -72.6 29.8775 20.256
    endloop
  endfacet
  facet normal -1 0 0
    outer loop
      vertex -72.6 17.9904 11.304
      vertex -72.6 29.7561 20.274
      vertex -72.6 30 0
    endloop
  endfacet
  facet normal -1 0 -0
    outer loop
      vertex -72.6 18 11.5
      vertex -72.6 29.7561 20.274
      vertex -72.6 17.9904 11.304
    endloop
  endfacet
  facet normal -1 -0 0
    outer loop
      vertex -72.6 29.7561 20.274
      vertex -72.6 18 11.5
      vertex -72.6 29.6371 20.3038
    endloop
  endfacet
  facet normal -1 0 0
    outer loop
      vertex -72.6 17.9904 11.696
      vertex -72.6 29.6371 20.3038
      vertex -72.6 18 11.5
    endloop
  endfacet
  facet normal -1 -0 0
    outer loop
      vertex -72.6 29.6371 20.3038
      vertex -72.6 17.9904 11.696
      vertex -72.6 29.5216 20.3451
    endloop
  endfacet
  facet normal -1 -0 0
    outer loop
      vertex -72.6 29.5216 20.3451
      vertex -72.6 17.9904 11.696
      vertex -72.6 29.4108 20.3976
    endloop
  endfacet
  facet normal -1 0 0
    outer loop
      vertex -72.6 17.9616 11.8902
      vertex -72.6 29.4108 20.3976
      vertex -72.6 17.9904 11.696
    endloop
  endfacet
  facet normal -1 -0 0
    outer loop
      vertex -72.6 29.4108 20.3976
      vertex -72.6 17.9616 11.8902
      vertex -72.6 29.3055 20.4607
    endloop
  endfacet
  facet normal -1 0 0
    outer loop
      vertex -72.6 17.9139 12.0806
      vertex -72.6 29.3055 20.4607
      vertex -72.6 17.9616 11.8902
    endloop
  endfacet
  facet normal -1 -0 0
    outer loop
      vertex -72.6 29.3055 20.4607
      vertex -72.6 17.9139 12.0806
      vertex -72.6 29.207 20.5337
    endloop
  endfacet
  facet normal -1 0 0
    outer loop
      vertex -72.6 17.8478 12.2654
      vertex -72.6 29.207 20.5337
      vertex -72.6 17.9139 12.0806
    endloop
  endfacet
  facet normal -1 -0 0
    outer loop
      vertex -72.6 29.207 20.5337
      vertex -72.6 17.8478 12.2654
      vertex -72.6 29.1161 20.6161
    endloop
  endfacet
  facet normal -1 0 0
    outer loop
      vertex -72.6 17.7638 12.4428
      vertex -72.6 29.1161 20.6161
      vertex -72.6 17.8478 12.2654
    endloop
  endfacet
  facet normal -1 -0 0
    outer loop
      vertex -72.6 29.0337 20.707
      vertex -72.6 17.6629 12.6111
      vertex -72.6 28.9607 20.8055
    endloop
  endfacet
  facet normal -1 -0 0
    outer loop
      vertex -72.6 29.1161 20.6161
      vertex -72.6 17.7638 12.4428
      vertex -72.6 29.0337 20.707
    endloop
  endfacet
  facet normal -1 0 0
    outer loop
      vertex -72.6 17.6629 12.6111
      vertex -72.6 29.0337 20.707
      vertex -72.6 17.7638 12.4428
    endloop
  endfacet
  facet normal -1 0 0
    outer loop
      vertex -72.6 30 0
      vertex -72.6 17.9616 11.1098
      vertex -72.6 17.9904 11.304
    endloop
  endfacet
  facet normal -1 0 0
    outer loop
      vertex -72.6 30 0
      vertex -72.6 17.9139 10.9194
      vertex -72.6 17.9616 11.1098
    endloop
  endfacet
  facet normal -1 0 0
    outer loop
      vertex -72.6 30 0
      vertex -72.6 17.8478 10.7346
      vertex -72.6 17.9139 10.9194
    endloop
  endfacet
  facet normal -1 0 0
    outer loop
      vertex -72.6 30 0
      vertex -72.6 17.7638 10.5572
      vertex -72.6 17.8478 10.7346
    endloop
  endfacet
  facet normal -1 0 0
    outer loop
      vertex -72.6 30 0
      vertex -72.6 17.6629 10.3889
      vertex -72.6 17.7638 10.5572
    endloop
  endfacet
  facet normal -1 0 0
    outer loop
      vertex -72.6 30 0
      vertex -72.6 17.546 10.2312
      vertex -72.6 17.6629 10.3889
    endloop
  endfacet
  facet normal -1 0 0
    outer loop
      vertex -72.6 30 0
      vertex -72.6 17.4142 10.0858
      vertex -72.6 17.546 10.2312
    endloop
  endfacet
  facet normal -1 0 0
    outer loop
      vertex -72.6 30 0
      vertex -72.6 17.2688 9.95398
      vertex -72.6 17.4142 10.0858
    endloop
  endfacet
  facet normal -1 0 0
    outer loop
      vertex -72.6 30 0
      vertex -72.6 17.1111 9.83706
      vertex -72.6 17.2688 9.95398
    endloop
  endfacet
  facet normal -1 0 0
    outer loop
      vertex -72.6 30 0
      vertex -72.6 16.9428 9.73616
      vertex -72.6 17.1111 9.83706
    endloop
  endfacet
  facet normal -1 0 0
    outer loop
      vertex -72.6 30 0
      vertex -72.6 16.7654 9.65224
      vertex -72.6 16.9428 9.73616
    endloop
  endfacet
  facet normal -1 0 0
    outer loop
      vertex -72.6 30 0
      vertex -72.6 16.5806 9.58612
      vertex -72.6 16.7654 9.65224
    endloop
  endfacet
  facet normal -1 0 0
    outer loop
      vertex -72.6 30 0
      vertex -72.6 16.3902 9.53843
      vertex -72.6 16.5806 9.58612
    endloop
  endfacet
  facet normal -1 0 0
    outer loop
      vertex -72.6 30 0
      vertex -72.6 16.196 9.50963
      vertex -72.6 16.3902 9.53843
    endloop
  endfacet
  facet normal -1 0 0
    outer loop
      vertex -72.6 30 0
      vertex -72.6 16 9.5
      vertex -72.6 16.196 9.50963
    endloop
  endfacet
  facet normal -1 0 0
    outer loop
      vertex -72.6 30 0
      vertex -72.6 15.804 9.50963
      vertex -72.6 16 9.5
    endloop
  endfacet
  facet normal -1 0 0
    outer loop
      vertex -72.6 30 0
      vertex -72.6 15.6098 9.53843
      vertex -72.6 15.804 9.50963
    endloop
  endfacet
  facet normal -1 0 0
    outer loop
      vertex -72.6 30 0
      vertex -72.6 15.4194 9.58612
      vertex -72.6 15.6098 9.53843
    endloop
  endfacet
  facet normal -1 0 0
    outer loop
      vertex -72.6 30 0
      vertex -72.6 15.2346 9.65224
      vertex -72.6 15.4194 9.58612
    endloop
  endfacet
  facet normal -1 0 0
    outer loop
      vertex -72.6 -15.2346 9.65224
      vertex -72.6 15.2346 9.65224
      vertex -72.6 30 0
    endloop
  endfacet
  facet normal -1 0 0
    outer loop
      vertex -72.6 15.2346 9.65224
      vertex -72.6 -15.2346 9.65224
      vertex -72.6 15.0572 9.73616
    endloop
  endfacet
  facet normal -1 -0 0
    outer loop
      vertex -72.6 14.0096 31.304
      vertex -72.6 -7 31
      vertex -72.6 14 31.5
    endloop
  endfacet
  facet normal -1 0 0
    outer loop
      vertex -72.6 -14 11.5
      vertex -72.6 14 11.5
      vertex -72.6 14.0096 11.304
    endloop
  endfacet
  facet normal -1 0 0
    outer loop
      vertex -72.6 -14.0096 11.304
      vertex -72.6 14.0096 11.304
      vertex -72.6 14.0384 11.1098
    endloop
  endfacet
  facet normal -1 0 0
    outer loop
      vertex -72.6 -14.0384 11.1098
      vertex -72.6 14.0384 11.1098
      vertex -72.6 14.0861 10.9194
    endloop
  endfacet
  facet normal -1 0 0
    outer loop
      vertex -72.6 -14.0861 10.9194
      vertex -72.6 14.0861 10.9194
      vertex -72.6 14.1522 10.7346
    endloop
  endfacet
  facet normal -1 0 0
    outer loop
      vertex -72.6 -14.1522 10.7346
      vertex -72.6 14.1522 10.7346
      vertex -72.6 14.2362 10.5572
    endloop
  endfacet
  facet normal -1 0 0
    outer loop
      vertex -72.6 -14.2362 10.5572
      vertex -72.6 14.2362 10.5572
      vertex -72.6 14.3371 10.3889
    endloop
  endfacet
  facet normal -1 0 0
    outer loop
      vertex -72.6 -14.3371 10.3889
      vertex -72.6 14.3371 10.3889
      vertex -72.6 14.454 10.2312
    endloop
  endfacet
  facet normal -1 0 0
    outer loop
      vertex -72.6 -14.454 10.2312
      vertex -72.6 14.454 10.2312
      vertex -72.6 14.5858 10.0858
    endloop
  endfacet
  facet normal -1 0 0
    outer loop
      vertex -72.6 14 11.5
      vertex -72.6 -14 11.5
      vertex -72.6 -14.0096 11.696
    endloop
  endfacet
  facet normal -1 0 0
    outer loop
      vertex -72.6 -14.5858 10.0858
      vertex -72.6 14.5858 10.0858
      vertex -72.6 14.7312 9.95398
    endloop
  endfacet
  facet normal -1 0 0
    outer loop
      vertex -72.6 -14.7312 9.95398
      vertex -72.6 14.7312 9.95398
      vertex -72.6 14.8889 9.83706
    endloop
  endfacet
  facet normal -1 0 -0
    outer loop
      vertex -72.6 -15.0572 9.73616
      vertex -72.6 15.0572 9.73616
      vertex -72.6 -15.2346 9.65224
    endloop
  endfacet
  facet normal -1 0 0
    outer loop
      vertex -72.6 14.0096 11.304
      vertex -72.6 -14.0096 11.304
      vertex -72.6 -14 11.5
    endloop
  endfacet
  facet normal -1 0 0
    outer loop
      vertex -72.6 14.0384 11.1098
      vertex -72.6 -14.0384 11.1098
      vertex -72.6 -14.0096 11.304
    endloop
  endfacet
  facet normal -1 0 0
    outer loop
      vertex -72.6 14.0861 10.9194
      vertex -72.6 -14.0861 10.9194
      vertex -72.6 -14.0384 11.1098
    endloop
  endfacet
  facet normal -1 0 0
    outer loop
      vertex -72.6 14.1522 10.7346
      vertex -72.6 -14.1522 10.7346
      vertex -72.6 -14.0861 10.9194
    endloop
  endfacet
  facet normal -1 0 0
    outer loop
      vertex -72.6 14.2362 10.5572
      vertex -72.6 -14.2362 10.5572
      vertex -72.6 -14.1522 10.7346
    endloop
  endfacet
  facet normal -1 0 0
    outer loop
      vertex -72.6 14.3371 10.3889
      vertex -72.6 -14.3371 10.3889
      vertex -72.6 -14.2362 10.5572
    endloop
  endfacet
  facet normal -1 0 0
    outer loop
      vertex -72.6 14.454 10.2312
      vertex -72.6 -14.454 10.2312
      vertex -72.6 -14.3371 10.3889
    endloop
  endfacet
  facet normal -1 0 0
    outer loop
      vertex -72.6 14.5858 10.0858
      vertex -72.6 -14.5858 10.0858
      vertex -72.6 -14.454 10.2312
    endloop
  endfacet
  facet normal -1 0 0
    outer loop
      vertex -72.6 14.7312 9.95398
      vertex -72.6 -14.7312 9.95398
      vertex -72.6 -14.5858 10.0858
    endloop
  endfacet
  facet normal -1 0 0
    outer loop
      vertex -72.6 14.8889 9.83706
      vertex -72.6 -14.8889 9.83706
      vertex -72.6 -14.7312 9.95398
    endloop
  endfacet
  facet normal -1 -0 0
    outer loop
      vertex -72.6 14.8889 9.83706
      vertex -72.6 -15.0572 9.73616
      vertex -72.6 -14.8889 9.83706
    endloop
  endfacet
  facet normal -1 0 0
    outer loop
      vertex -72.6 15.0572 9.73616
      vertex -72.6 -15.0572 9.73616
      vertex -72.6 14.8889 9.83706
    endloop
  endfacet
  facet normal -1 0 0
    outer loop
      vertex -72.6 -30 0
      vertex -72.6 -15.2346 9.65224
      vertex -72.6 30 0
    endloop
  endfacet
  facet normal -1 0 0
    outer loop
      vertex -72.6 -15.2346 9.65224
      vertex -72.6 -30 0
      vertex -72.6 -15.4194 9.58612
    endloop
  endfacet
  facet normal -1 0 0
    outer loop
      vertex -72.6 -15.4194 9.58612
      vertex -72.6 -30 0
      vertex -72.6 -15.6098 9.53843
    endloop
  endfacet
  facet normal -1 0 0
    outer loop
      vertex -72.6 -15.6098 9.53843
      vertex -72.6 -30 0
      vertex -72.6 -15.804 9.50963
    endloop
  endfacet
  facet normal -1 0 0
    outer loop
      vertex -72.6 -15.804 9.50963
      vertex -72.6 -30 0
      vertex -72.6 -16 9.5
    endloop
  endfacet
  facet normal -1 -0 0
    outer loop
      vertex -72.6 -16 9.5
      vertex -72.6 -30 0
      vertex -72.6 -16.196 9.50963
    endloop
  endfacet
  facet normal -1 0 0
    outer loop
      vertex -72.6 -17.9904 31.304
      vertex -72.6 -22.5 31.4
      vertex -72.6 -18 31.5
    endloop
  endfacet
  facet normal -1 0 0
    outer loop
      vertex -72.6 -29.7561 20.274
      vertex -72.6 -18 11.5
      vertex -72.6 -17.9904 11.304
    endloop
  endfacet
  facet normal -1 0 0
    outer loop
      vertex -72.6 -30 0
      vertex -72.6 -17.9904 11.304
      vertex -72.6 -17.9616 11.1098
    endloop
  endfacet
  facet normal -1 0 0
    outer loop
      vertex -72.6 -17.9904 11.696
      vertex -72.6 -28.75 21.5
      vertex -72.6 -22.5 31.4
    endloop
  endfacet
  facet normal -1 0 0
    outer loop
      vertex -72.6 -30 0
      vertex -72.6 -17.9616 11.1098
      vertex -72.6 -17.9139 10.9194
    endloop
  endfacet
  facet normal -1 0 0
    outer loop
      vertex -72.6 -30 0
      vertex -72.6 -17.9139 10.9194
      vertex -72.6 -17.8478 10.7346
    endloop
  endfacet
  facet normal -1 0 0
    outer loop
      vertex -72.6 -30 0
      vertex -72.6 -17.8478 10.7346
      vertex -72.6 -17.7638 10.5572
    endloop
  endfacet
  facet normal -1 0 0
    outer loop
      vertex -72.6 -30 0
      vertex -72.6 -17.7638 10.5572
      vertex -72.6 -17.6629 10.3889
    endloop
  endfacet
  facet normal -1 0 0
    outer loop
      vertex -72.6 -30 0
      vertex -72.6 -17.6629 10.3889
      vertex -72.6 -17.546 10.2312
    endloop
  endfacet
  facet normal -1 0 0
    outer loop
      vertex -72.6 -30 0
      vertex -72.6 -17.546 10.2312
      vertex -72.6 -17.4142 10.0858
    endloop
  endfacet
  facet normal -1 0 0
    outer loop
      vertex -72.6 -17.9904 11.696
      vertex -72.6 -28.756 21.3775
      vertex -72.6 -28.75 21.5
    endloop
  endfacet
  facet normal -1 0 0
    outer loop
      vertex -72.6 -17.9904 11.696
      vertex -72.6 -28.774 21.2561
      vertex -72.6 -28.756 21.3775
    endloop
  endfacet
  facet normal -1 0 0
    outer loop
      vertex -72.6 -17.9904 11.696
      vertex -72.6 -28.8038 21.1371
      vertex -72.6 -28.774 21.2561
    endloop
  endfacet
  facet normal -1 0 0
    outer loop
      vertex -72.6 -17.9904 11.696
      vertex -72.6 -28.8451 21.0216
      vertex -72.6 -28.8038 21.1371
    endloop
  endfacet
  facet normal -1 0 0
    outer loop
      vertex -72.6 -17.9904 11.696
      vertex -72.6 -28.8976 20.9108
      vertex -72.6 -28.8451 21.0216
    endloop
  endfacet
  facet normal -1 0 0
    outer loop
      vertex -72.6 -17.9904 11.696
      vertex -72.6 -28.9607 20.8055
      vertex -72.6 -28.8976 20.9108
    endloop
  endfacet
  facet normal -1 0 0
    outer loop
      vertex -72.6 -17.9904 11.696
      vertex -72.6 -29.0337 20.707
      vertex -72.6 -28.9607 20.8055
    endloop
  endfacet
  facet normal -1 0 0
    outer loop
      vertex -72.6 -17.9904 11.696
      vertex -72.6 -29.1161 20.6161
      vertex -72.6 -29.0337 20.707
    endloop
  endfacet
  facet normal -1 0 0
    outer loop
      vertex -72.6 -30 0
      vertex -72.6 -17.4142 10.0858
      vertex -72.6 -17.2688 9.95398
    endloop
  endfacet
  facet normal -1 0 0
    outer loop
      vertex -72.6 -17.9904 11.696
      vertex -72.6 -29.207 20.5337
      vertex -72.6 -29.1161 20.6161
    endloop
  endfacet
  facet normal -1 0 0
    outer loop
      vertex -72.6 -17.9904 11.696
      vertex -72.6 -29.3055 20.4607
      vertex -72.6 -29.207 20.5337
    endloop
  endfacet
  facet normal -1 0 0
    outer loop
      vertex -72.6 -17.9904 11.696
      vertex -72.6 -29.4108 20.3976
      vertex -72.6 -29.3055 20.4607
    endloop
  endfacet
  facet normal -1 0 0
    outer loop
      vertex -72.6 -17.9904 11.696
      vertex -72.6 -29.5216 20.3451
      vertex -72.6 -29.4108 20.3976
    endloop
  endfacet
  facet normal -1 0 0
    outer loop
      vertex -72.6 -17.9904 11.696
      vertex -72.6 -29.6371 20.3038
      vertex -72.6 -29.5216 20.3451
    endloop
  endfacet
  facet normal -1 0 0
    outer loop
      vertex -72.6 -18 11.5
      vertex -72.6 -29.7561 20.274
      vertex -72.6 -29.6371 20.3038
    endloop
  endfacet
  facet normal -1 -0 0
    outer loop
      vertex -72.6 -17.9904 11.304
      vertex -72.6 -30 0
      vertex -72.6 -29.7561 20.274
    endloop
  endfacet
  facet normal -1 -0 0
    outer loop
      vertex -72.6 -16.196 9.50963
      vertex -72.6 -30 0
      vertex -72.6 -16.3902 9.53843
    endloop
  endfacet
  facet normal -1 0 0
    outer loop
      vertex -72.6 -30 0
      vertex -72.6 -16.5806 9.58612
      vertex -72.6 -16.3902 9.53843
    endloop
  endfacet
  facet normal -1 0 0
    outer loop
      vertex -72.6 -30 0
      vertex -72.6 -16.7654 9.65224
      vertex -72.6 -16.5806 9.58612
    endloop
  endfacet
  facet normal -1 0 0
    outer loop
      vertex -72.6 -30 0
      vertex -72.6 -16.9428 9.73616
      vertex -72.6 -16.7654 9.65224
    endloop
  endfacet
  facet normal -1 0 0
    outer loop
      vertex -72.6 -30 0
      vertex -72.6 -17.1111 9.83706
      vertex -72.6 -16.9428 9.73616
    endloop
  endfacet
  facet normal -1 0 0
    outer loop
      vertex -72.6 -30 0
      vertex -72.6 -17.2688 9.95398
      vertex -72.6 -17.1111 9.83706
    endloop
  endfacet
  facet normal -1 0 0
    outer loop
      vertex -72.6 -29.7561 20.274
      vertex -72.6 -30 0
      vertex -72.6 -29.8775 20.256
    endloop
  endfacet
  facet normal -1 0 0
    outer loop
      vertex -72.6 -29.8775 20.256
      vertex -72.6 -30 0
      vertex -72.6 -30 20.25
    endloop
  endfacet
  facet normal -1 0 0
    outer loop
      vertex -72.6 29.8775 22.744
      vertex -72.6 30 43
      vertex -72.6 30 22.75
    endloop
  endfacet
  facet normal -1 0 0
    outer loop
      vertex -72.6 29.7561 22.726
      vertex -72.6 30 43
      vertex -72.6 29.8775 22.744
    endloop
  endfacet
  facet normal -1 0 0
    outer loop
      vertex -72.6 18 31.5
      vertex -72.6 29.7561 22.726
      vertex -72.6 29.6371 22.6962
    endloop
  endfacet
  facet normal -1 0 0
    outer loop
      vertex -72.6 18 31.5
      vertex -72.6 29.6371 22.6962
      vertex -72.6 29.5216 22.6549
    endloop
  endfacet
  facet normal -1 0 0
    outer loop
      vertex -72.6 18 31.5
      vertex -72.6 29.5216 22.6549
      vertex -72.6 29.4108 22.6024
    endloop
  endfacet
  facet normal -1 0 0
    outer loop
      vertex -72.6 18 31.5
      vertex -72.6 29.4108 22.6024
      vertex -72.6 29.3055 22.5393
    endloop
  endfacet
  facet normal -1 0 0
    outer loop
      vertex -72.6 18 31.5
      vertex -72.6 29.3055 22.5393
      vertex -72.6 29.207 22.4663
    endloop
  endfacet
  facet normal -1 0 0
    outer loop
      vertex -72.6 18 31.5
      vertex -72.6 29.207 22.4663
      vertex -72.6 29.1161 22.3839
    endloop
  endfacet
  facet normal -1 0 0
    outer loop
      vertex -72.6 18 31.5
      vertex -72.6 29.1161 22.3839
      vertex -72.6 29.0337 22.293
    endloop
  endfacet
  facet normal -1 0 0
    outer loop
      vertex -72.6 18 31.5
      vertex -72.6 29.0337 22.293
      vertex -72.6 28.9607 22.1945
    endloop
  endfacet
  facet normal -1 0 0
    outer loop
      vertex -72.6 18 31.5
      vertex -72.6 28.9607 22.1945
      vertex -72.6 28.8976 22.0892
    endloop
  endfacet
  facet normal -1 0 0
    outer loop
      vertex -72.6 18 31.5
      vertex -72.6 28.8976 22.0892
      vertex -72.6 28.8451 21.9784
    endloop
  endfacet
  facet normal -1 0 0
    outer loop
      vertex -72.6 18 31.5
      vertex -72.6 28.8451 21.9784
      vertex -72.6 28.8038 21.8629
    endloop
  endfacet
  facet normal -1 0 0
    outer loop
      vertex -72.6 18 31.5
      vertex -72.6 28.8038 21.8629
      vertex -72.6 28.774 21.7439
    endloop
  endfacet
  facet normal -1 0 0
    outer loop
      vertex -72.6 18 31.5
      vertex -72.6 28.774 21.7439
      vertex -72.6 28.756 21.6225
    endloop
  endfacet
  facet normal -1 0 0
    outer loop
      vertex -72.6 17.546 12.7688
      vertex -72.6 28.9607 20.8055
      vertex -72.6 17.6629 12.6111
    endloop
  endfacet
  facet normal -1 0 0
    outer loop
      vertex -72.6 28.75 21.5
      vertex -72.6 18 31.5
      vertex -72.6 28.756 21.6225
    endloop
  endfacet
  facet normal -1 0 0
    outer loop
      vertex -72.6 29.7561 22.726
      vertex -72.6 18 31.5
      vertex -72.6 17.9904 31.696
    endloop
  endfacet
  facet normal -1 0 0
    outer loop
      vertex -72.6 29.7561 22.726
      vertex -72.6 17.9904 31.696
      vertex -72.6 30 43
    endloop
  endfacet
  facet normal -1 0 0
    outer loop
      vertex -72.6 17.9616 31.8902
      vertex -72.6 30 43
      vertex -72.6 17.9904 31.696
    endloop
  endfacet
  facet normal -1 0 0
    outer loop
      vertex -72.6 17.9139 32.0806
      vertex -72.6 30 43
      vertex -72.6 17.9616 31.8902
    endloop
  endfacet
  facet normal -1 0 0
    outer loop
      vertex -72.6 17.8478 32.2654
      vertex -72.6 30 43
      vertex -72.6 17.9139 32.0806
    endloop
  endfacet
  facet normal -1 0 0
    outer loop
      vertex -72.6 17.7638 32.4428
      vertex -72.6 30 43
      vertex -72.6 17.8478 32.2654
    endloop
  endfacet
  facet normal -1 0 0
    outer loop
      vertex -72.6 17.6629 32.6111
      vertex -72.6 30 43
      vertex -72.6 17.7638 32.4428
    endloop
  endfacet
  facet normal -1 0 0
    outer loop
      vertex -72.6 17.546 32.7688
      vertex -72.6 30 43
      vertex -72.6 17.6629 32.6111
    endloop
  endfacet
  facet normal -1 0 0
    outer loop
      vertex -72.6 17.4142 32.9142
      vertex -72.6 30 43
      vertex -72.6 17.546 32.7688
    endloop
  endfacet
  facet normal -1 0 0
    outer loop
      vertex -72.6 17.2688 33.046
      vertex -72.6 30 43
      vertex -72.6 17.4142 32.9142
    endloop
  endfacet
  facet normal -1 0 0
    outer loop
      vertex -72.6 17.1111 33.1629
      vertex -72.6 30 43
      vertex -72.6 17.2688 33.046
    endloop
  endfacet
  facet normal -1 0 0
    outer loop
      vertex -72.6 16.9428 33.2638
      vertex -72.6 30 43
      vertex -72.6 17.1111 33.1629
    endloop
  endfacet
  facet normal -1 0 0
    outer loop
      vertex -72.6 16.7654 33.3478
      vertex -72.6 30 43
      vertex -72.6 16.9428 33.2638
    endloop
  endfacet
  facet normal -1 0 0
    outer loop
      vertex -72.6 16.5806 33.4139
      vertex -72.6 30 43
      vertex -72.6 16.7654 33.3478
    endloop
  endfacet
  facet normal -1 0 0
    outer loop
      vertex -72.6 16.3902 33.4616
      vertex -72.6 30 43
      vertex -72.6 16.5806 33.4139
    endloop
  endfacet
  facet normal -1 0 0
    outer loop
      vertex -72.6 16.196 33.4904
      vertex -72.6 30 43
      vertex -72.6 16.3902 33.4616
    endloop
  endfacet
  facet normal -1 0 0
    outer loop
      vertex -72.6 16 33.5
      vertex -72.6 30 43
      vertex -72.6 16.196 33.4904
    endloop
  endfacet
  facet normal -1 0 0
    outer loop
      vertex -72.6 15.804 33.4904
      vertex -72.6 30 43
      vertex -72.6 16 33.5
    endloop
  endfacet
  facet normal -1 0 0
    outer loop
      vertex -72.6 15.6098 33.4616
      vertex -72.6 30 43
      vertex -72.6 15.804 33.4904
    endloop
  endfacet
  facet normal -1 0 0
    outer loop
      vertex -72.6 15.4194 33.4139
      vertex -72.6 30 43
      vertex -72.6 15.6098 33.4616
    endloop
  endfacet
  facet normal -1 0 0
    outer loop
      vertex -72.6 -7 35
      vertex -72.6 15.4194 33.4139
      vertex -72.6 15.2346 33.3478
    endloop
  endfacet
  facet normal -1 0 0
    outer loop
      vertex -72.6 -7 35
      vertex -72.6 15.2346 33.3478
      vertex -72.6 15.0572 33.2638
    endloop
  endfacet
  facet normal -1 0 0
    outer loop
      vertex -72.6 -7 35
      vertex -72.6 15.0572 33.2638
      vertex -72.6 14.8889 33.1629
    endloop
  endfacet
  facet normal -1 0 0
    outer loop
      vertex -72.6 -7 31
      vertex -72.6 14.0096 31.696
      vertex -72.6 14 31.5
    endloop
  endfacet
  facet normal -1 0 0
    outer loop
      vertex -72.6 -7 35
      vertex -72.6 14.0096 31.696
      vertex -72.6 -7 31
    endloop
  endfacet
  facet normal -1 0 0
    outer loop
      vertex -72.6 14.0096 31.696
      vertex -72.6 -7 35
      vertex -72.6 14.0384 31.8902
    endloop
  endfacet
  facet normal -1 0 0
    outer loop
      vertex -72.6 14.0384 31.8902
      vertex -72.6 -7 35
      vertex -72.6 14.0861 32.0806
    endloop
  endfacet
  facet normal -1 0 0
    outer loop
      vertex -72.6 14.0861 32.0806
      vertex -72.6 -7 35
      vertex -72.6 14.1522 32.2654
    endloop
  endfacet
  facet normal -1 0 0
    outer loop
      vertex -72.6 14.1522 32.2654
      vertex -72.6 -7 35
      vertex -72.6 14.2362 32.4428
    endloop
  endfacet
  facet normal -1 0 0
    outer loop
      vertex -72.6 14.2362 32.4428
      vertex -72.6 -7 35
      vertex -72.6 14.3371 32.6111
    endloop
  endfacet
  facet normal -1 0 0
    outer loop
      vertex -72.6 14.3371 32.6111
      vertex -72.6 -7 35
      vertex -72.6 14.454 32.7688
    endloop
  endfacet
  facet normal -1 0 0
    outer loop
      vertex -72.6 14.454 32.7688
      vertex -72.6 -7 35
      vertex -72.6 14.5858 32.9142
    endloop
  endfacet
  facet normal -1 0 0
    outer loop
      vertex -72.6 14.5858 32.9142
      vertex -72.6 -7 35
      vertex -72.6 14.7312 33.046
    endloop
  endfacet
  facet normal -1 0 0
    outer loop
      vertex -72.6 14.7312 33.046
      vertex -72.6 -7 35
      vertex -72.6 14.8889 33.1629
    endloop
  endfacet
  facet normal -1 0 0
    outer loop
      vertex -72.6 15.4194 33.4139
      vertex -72.6 -7 35
      vertex -72.6 30 43
    endloop
  endfacet
  facet normal -1 0 0
    outer loop
      vertex -72.6 -30 43
      vertex -72.6 -7 35
      vertex -72.6 -17 35
    endloop
  endfacet
  facet normal -1 0 0
    outer loop
      vertex -72.6 -17.2688 33.046
      vertex -72.6 -17 35
      vertex -72.6 -17.1111 33.1629
    endloop
  endfacet
  facet normal -1 0 0
    outer loop
      vertex -72.6 -17.4142 32.9142
      vertex -72.6 -17 35
      vertex -72.6 -17.2688 33.046
    endloop
  endfacet
  facet normal -1 0 0
    outer loop
      vertex -72.6 -17.546 32.7688
      vertex -72.6 -17 35
      vertex -72.6 -17.4142 32.9142
    endloop
  endfacet
  facet normal -1 0 0
    outer loop
      vertex -72.6 -22.5 34.6
      vertex -72.6 -17.546 32.7688
      vertex -72.6 -17.6629 32.6111
    endloop
  endfacet
  facet normal -1 0 0
    outer loop
      vertex -72.6 -22.5 34.6
      vertex -72.6 -17.6629 32.6111
      vertex -72.6 -17.7638 32.4428
    endloop
  endfacet
  facet normal -1 0 0
    outer loop
      vertex -72.6 -22.5 34.6
      vertex -72.6 -17.7638 32.4428
      vertex -72.6 -17.8478 32.2654
    endloop
  endfacet
  facet normal -1 0 0
    outer loop
      vertex -72.6 -22.5 34.6
      vertex -72.6 -17.8478 32.2654
      vertex -72.6 -17.9139 32.0806
    endloop
  endfacet
  facet normal -1 0 0
    outer loop
      vertex -72.6 -22.5 31.4
      vertex -72.6 -17.9904 31.696
      vertex -72.6 -18 31.5
    endloop
  endfacet
  facet normal -1 0 0
    outer loop
      vertex -72.6 -22.5 31.4
      vertex -72.6 -17.9616 31.8902
      vertex -72.6 -17.9904 31.696
    endloop
  endfacet
  facet normal -1 0 0
    outer loop
      vertex -72.6 -22.5 31.4
      vertex -72.6 -17.9139 32.0806
      vertex -72.6 -17.9616 31.8902
    endloop
  endfacet
  facet normal -1 0 0
    outer loop
      vertex -72.6 -22.5 34.6
      vertex -72.6 -17.9139 32.0806
      vertex -72.6 -22.5 31.4
    endloop
  endfacet
  facet normal -1 0 0
    outer loop
      vertex -72.6 -17.546 32.7688
      vertex -72.6 -22.5 34.6
      vertex -72.6 -17 35
    endloop
  endfacet
  facet normal -1 0 0
    outer loop
      vertex -72.6 -30 43
      vertex -72.6 -17 35
      vertex -72.6 -22.5 34.6
    endloop
  endfacet
  facet normal -1 0 0
    outer loop
      vertex -72.6 -30 43
      vertex -72.6 -22.5 34.6
      vertex -72.6 -29.5 34.6
    endloop
  endfacet
  facet normal -1 0 0
    outer loop
      vertex -72.6 -29.7561 22.726
      vertex -72.6 -29.5 31.4
      vertex -72.6 -29.6371 22.6962
    endloop
  endfacet
  facet normal -1 0 0
    outer loop
      vertex -72.6 -29.8775 22.744
      vertex -72.6 -29.5 31.4
      vertex -72.6 -29.7561 22.726
    endloop
  endfacet
  facet normal -1 0 0
    outer loop
      vertex -72.6 -30 22.75
      vertex -72.6 -29.5 31.4
      vertex -72.6 -29.8775 22.744
    endloop
  endfacet
  facet normal -1 -0 0
    outer loop
      vertex -72.6 -29.5 31.4
      vertex -72.6 -30 22.75
      vertex -72.6 -29.5 34.6
    endloop
  endfacet
  facet normal -1 0 0
    outer loop
      vertex -72.6 -7 35
      vertex -72.6 -30 43
      vertex -72.6 30 43
    endloop
  endfacet
  facet normal -1 0 0
    outer loop
      vertex -72.6 -30 43
      vertex -72.6 -29.5 34.6
      vertex -72.6 -30 22.75
    endloop
  endfacet
  facet normal -1 0 0
    outer loop
      vertex -72.6 14.0096 11.696
      vertex -72.6 -14.0096 11.696
      vertex -72.6 -14.0384 11.8902
    endloop
  endfacet
  facet normal -1 0 0
    outer loop
      vertex -72.6 14.0384 11.8902
      vertex -72.6 -14.0384 11.8902
      vertex -72.6 -14.0861 12.0806
    endloop
  endfacet
  facet normal -1 0 0
    outer loop
      vertex -72.6 14.0861 12.0806
      vertex -72.6 -14.0861 12.0806
      vertex -72.6 -14.1522 12.2654
    endloop
  endfacet
  facet normal -1 0 0
    outer loop
      vertex -72.6 14.1522 12.2654
      vertex -72.6 -14.1522 12.2654
      vertex -72.6 -7 31
    endloop
  endfacet
  facet normal -1 -0 0
    outer loop
      vertex -72.6 -7 31
      vertex -72.6 -14.0861 30.9194
      vertex -72.6 -14.0659 31
    endloop
  endfacet
  facet normal -1 0 0
    outer loop
      vertex -72.6 -14.2362 12.4428
      vertex -72.6 -7 31
      vertex -72.6 -14.1522 12.2654
    endloop
  endfacet
  facet normal -1 0 0
    outer loop
      vertex -72.6 -7 31
      vertex -72.6 -14.1522 30.7346
      vertex -72.6 -14.0861 30.9194
    endloop
  endfacet
  facet normal -1 0 0
    outer loop
      vertex -72.6 -14.3371 12.6111
      vertex -72.6 -7 31
      vertex -72.6 -14.2362 12.4428
    endloop
  endfacet
  facet normal -1 0 0
    outer loop
      vertex -72.6 -7 31
      vertex -72.6 -14.2362 30.5572
      vertex -72.6 -14.1522 30.7346
    endloop
  endfacet
  facet normal -1 0 0
    outer loop
      vertex -72.6 -14.454 12.7688
      vertex -72.6 -7 31
      vertex -72.6 -14.3371 12.6111
    endloop
  endfacet
  facet normal -1 0 0
    outer loop
      vertex -72.6 -7 31
      vertex -72.6 -14.3371 30.3889
      vertex -72.6 -14.2362 30.5572
    endloop
  endfacet
  facet normal -1 0 0
    outer loop
      vertex -72.6 -14.5858 12.9142
      vertex -72.6 -7 31
      vertex -72.6 -14.454 12.7688
    endloop
  endfacet
  facet normal -1 0 0
    outer loop
      vertex -72.6 -7 31
      vertex -72.6 -14.454 30.2312
      vertex -72.6 -14.3371 30.3889
    endloop
  endfacet
  facet normal -1 0 0
    outer loop
      vertex -72.6 -14.7312 13.046
      vertex -72.6 -7 31
      vertex -72.6 -14.5858 12.9142
    endloop
  endfacet
  facet normal -1 0 0
    outer loop
      vertex -72.6 -7 31
      vertex -72.6 -14.5858 30.0858
      vertex -72.6 -14.454 30.2312
    endloop
  endfacet
  facet normal -1 0 0
    outer loop
      vertex -72.6 -14.8889 13.1629
      vertex -72.6 -7 31
      vertex -72.6 -14.7312 13.046
    endloop
  endfacet
  facet normal -1 0 0
    outer loop
      vertex -72.6 -7 31
      vertex -72.6 -14.7312 29.954
      vertex -72.6 -14.5858 30.0858
    endloop
  endfacet
  facet normal -1 0 0
    outer loop
      vertex -72.6 -14.8889 29.8371
      vertex -72.6 -7 31
      vertex -72.6 -14.8889 13.1629
    endloop
  endfacet
  facet normal -1 0 0
    outer loop
      vertex -72.6 -7 31
      vertex -72.6 -14.8889 29.8371
      vertex -72.6 -14.7312 29.954
    endloop
  endfacet
  facet normal -1 0 0
    outer loop
      vertex -72.6 -15.0572 13.2638
      vertex -72.6 -14.8889 29.8371
      vertex -72.6 -14.8889 13.1629
    endloop
  endfacet
  facet normal -1 0 0
    outer loop
      vertex -72.6 -15.0572 13.2638
      vertex -72.6 -15.0572 29.7362
      vertex -72.6 -14.8889 29.8371
    endloop
  endfacet
  facet normal -1 0 0
    outer loop
      vertex -72.6 -15.2346 13.3478
      vertex -72.6 -15.0572 29.7362
      vertex -72.6 -15.0572 13.2638
    endloop
  endfacet
  facet normal -1 0 0
    outer loop
      vertex -72.6 -15.2346 13.3478
      vertex -72.6 -15.2346 29.6522
      vertex -72.6 -15.0572 29.7362
    endloop
  endfacet
  facet normal -1 0 0
    outer loop
      vertex -72.6 -15.4194 13.4139
      vertex -72.6 -15.2346 29.6522
      vertex -72.6 -15.2346 13.3478
    endloop
  endfacet
  facet normal -1 0 0
    outer loop
      vertex -72.6 -15.4194 13.4139
      vertex -72.6 -15.4194 29.5861
      vertex -72.6 -15.2346 29.6522
    endloop
  endfacet
  facet normal -1 0 0
    outer loop
      vertex -72.6 -15.6098 13.4616
      vertex -72.6 -15.4194 29.5861
      vertex -72.6 -15.4194 13.4139
    endloop
  endfacet
  facet normal -1 0 0
    outer loop
      vertex -72.6 -15.6098 13.4616
      vertex -72.6 -15.6098 29.5384
      vertex -72.6 -15.4194 29.5861
    endloop
  endfacet
  facet normal -1 0 0
    outer loop
      vertex -72.6 -15.804 13.4904
      vertex -72.6 -15.6098 29.5384
      vertex -72.6 -15.6098 13.4616
    endloop
  endfacet
  facet normal -1 0 0
    outer loop
      vertex -72.6 -15.804 13.4904
      vertex -72.6 -15.804 29.5096
      vertex -72.6 -15.6098 29.5384
    endloop
  endfacet
  facet normal -1 0 0
    outer loop
      vertex -72.6 -16 13.5
      vertex -72.6 -15.804 29.5096
      vertex -72.6 -15.804 13.4904
    endloop
  endfacet
  facet normal -1 0 0
    outer loop
      vertex -72.6 -16 13.5
      vertex -72.6 -16 29.5
      vertex -72.6 -15.804 29.5096
    endloop
  endfacet
  facet normal -1 0 0
    outer loop
      vertex -72.6 -16.196 13.4904
      vertex -72.6 -16 29.5
      vertex -72.6 -16 13.5
    endloop
  endfacet
  facet normal -1 0 0
    outer loop
      vertex -72.6 -16.196 13.4904
      vertex -72.6 -16.196 29.5096
      vertex -72.6 -16 29.5
    endloop
  endfacet
  facet normal -1 0 0
    outer loop
      vertex -72.6 -16.3902 13.4616
      vertex -72.6 -16.196 29.5096
      vertex -72.6 -16.196 13.4904
    endloop
  endfacet
  facet normal -1 0 0
    outer loop
      vertex -72.6 -16.3902 13.4616
      vertex -72.6 -16.3902 29.5384
      vertex -72.6 -16.196 29.5096
    endloop
  endfacet
  facet normal -1 0 0
    outer loop
      vertex -72.6 -16.5806 13.4139
      vertex -72.6 -16.3902 29.5384
      vertex -72.6 -16.3902 13.4616
    endloop
  endfacet
  facet normal -1 0 0
    outer loop
      vertex -72.6 -16.5806 13.4139
      vertex -72.6 -16.5806 29.5861
      vertex -72.6 -16.3902 29.5384
    endloop
  endfacet
  facet normal -1 0 0
    outer loop
      vertex -72.6 -16.7654 13.3478
      vertex -72.6 -16.5806 29.5861
      vertex -72.6 -16.5806 13.4139
    endloop
  endfacet
  facet normal -1 0 0
    outer loop
      vertex -72.6 -16.7654 13.3478
      vertex -72.6 -16.7654 29.6522
      vertex -72.6 -16.5806 29.5861
    endloop
  endfacet
  facet normal -1 0 0
    outer loop
      vertex -72.6 -16.9428 13.2638
      vertex -72.6 -16.7654 29.6522
      vertex -72.6 -16.7654 13.3478
    endloop
  endfacet
  facet normal -1 0 0
    outer loop
      vertex -72.6 -16.9428 13.2638
      vertex -72.6 -16.9428 29.7362
      vertex -72.6 -16.7654 29.6522
    endloop
  endfacet
  facet normal -1 0 0
    outer loop
      vertex -72.6 -17.1111 13.1629
      vertex -72.6 -16.9428 29.7362
      vertex -72.6 -16.9428 13.2638
    endloop
  endfacet
  facet normal -1 0 0
    outer loop
      vertex -72.6 -17.1111 13.1629
      vertex -72.6 -17.1111 29.8371
      vertex -72.6 -16.9428 29.7362
    endloop
  endfacet
  facet normal -1 0 0
    outer loop
      vertex -72.6 -22.5 31.4
      vertex -72.6 -17.1111 13.1629
      vertex -72.6 -17.2688 13.046
    endloop
  endfacet
  facet normal -1 0 0
    outer loop
      vertex -72.6 -17.1111 13.1629
      vertex -72.6 -22.5 31.4
      vertex -72.6 -17.1111 29.8371
    endloop
  endfacet
  facet normal -1 0 0
    outer loop
      vertex -72.6 -22.5 31.4
      vertex -72.6 -17.2688 13.046
      vertex -72.6 -17.4142 12.9142
    endloop
  endfacet
  facet normal -1 0 0
    outer loop
      vertex -72.6 -17.1111 29.8371
      vertex -72.6 -22.5 31.4
      vertex -72.6 -17.2688 29.954
    endloop
  endfacet
  facet normal -1 0 0
    outer loop
      vertex -72.6 -22.5 31.4
      vertex -72.6 -17.4142 12.9142
      vertex -72.6 -17.546 12.7688
    endloop
  endfacet
  facet normal -1 0 0
    outer loop
      vertex -72.6 -17.2688 29.954
      vertex -72.6 -22.5 31.4
      vertex -72.6 -17.4142 30.0858
    endloop
  endfacet
  facet normal -1 0 0
    outer loop
      vertex -72.6 -22.5 31.4
      vertex -72.6 -17.546 12.7688
      vertex -72.6 -17.6629 12.6111
    endloop
  endfacet
  facet normal -1 0 0
    outer loop
      vertex -72.6 -17.4142 30.0858
      vertex -72.6 -22.5 31.4
      vertex -72.6 -17.546 30.2312
    endloop
  endfacet
  facet normal -1 0 0
    outer loop
      vertex -72.6 -22.5 31.4
      vertex -72.6 -17.6629 12.6111
      vertex -72.6 -17.7638 12.4428
    endloop
  endfacet
  facet normal -1 0 0
    outer loop
      vertex -72.6 -17.546 30.2312
      vertex -72.6 -22.5 31.4
      vertex -72.6 -17.6629 30.3889
    endloop
  endfacet
  facet normal -1 0 0
    outer loop
      vertex -72.6 -22.5 31.4
      vertex -72.6 -17.7638 12.4428
      vertex -72.6 -17.8478 12.2654
    endloop
  endfacet
  facet normal -1 0 0
    outer loop
      vertex -72.6 -17.6629 30.3889
      vertex -72.6 -22.5 31.4
      vertex -72.6 -17.7638 30.5572
    endloop
  endfacet
  facet normal -1 0 0
    outer loop
      vertex -72.6 -22.5 31.4
      vertex -72.6 -17.8478 12.2654
      vertex -72.6 -17.9139 12.0806
    endloop
  endfacet
  facet normal -1 0 0
    outer loop
      vertex -72.6 -17.7638 30.5572
      vertex -72.6 -22.5 31.4
      vertex -72.6 -17.8478 30.7346
    endloop
  endfacet
  facet normal -1 0 0
    outer loop
      vertex -72.6 -22.5 31.4
      vertex -72.6 -17.9139 12.0806
      vertex -72.6 -17.9616 11.8902
    endloop
  endfacet
  facet normal -1 0 0
    outer loop
      vertex -72.6 -17.8478 30.7346
      vertex -72.6 -22.5 31.4
      vertex -72.6 -17.9139 30.9194
    endloop
  endfacet
  facet normal -1 0 0
    outer loop
      vertex -72.6 -22.5 31.4
      vertex -72.6 -17.9616 11.8902
      vertex -72.6 -17.9904 11.696
    endloop
  endfacet
  facet normal -1 0 0
    outer loop
      vertex -72.6 -17.9139 30.9194
      vertex -72.6 -22.5 31.4
      vertex -72.6 -17.9616 31.1098
    endloop
  endfacet
  facet normal -1 0 0
    outer loop
      vertex -72.6 -29.6371 20.3038
      vertex -72.6 -17.9904 11.696
      vertex -72.6 -18 11.5
    endloop
  endfacet
  facet normal -1 0 0
    outer loop
      vertex -72.6 -17.9616 31.1098
      vertex -72.6 -22.5 31.4
      vertex -72.6 -17.9904 31.304
    endloop
  endfacet
  facet normal -1 0 0
    outer loop
      vertex -72.6 -28.756 21.6225
      vertex -72.6 -22.5 31.4
      vertex -72.6 -28.75 21.5
    endloop
  endfacet
  facet normal -1 0 0
    outer loop
      vertex -72.6 -28.774 21.7439
      vertex -72.6 -22.5 31.4
      vertex -72.6 -28.756 21.6225
    endloop
  endfacet
  facet normal -1 0 0
    outer loop
      vertex -72.6 -28.8038 21.8629
      vertex -72.6 -22.5 31.4
      vertex -72.6 -28.774 21.7439
    endloop
  endfacet
  facet normal -1 0 0
    outer loop
      vertex -72.6 -28.8451 21.9784
      vertex -72.6 -22.5 31.4
      vertex -72.6 -28.8038 21.8629
    endloop
  endfacet
  facet normal -1 0 0
    outer loop
      vertex -72.6 -28.8976 22.0892
      vertex -72.6 -22.5 31.4
      vertex -72.6 -28.8451 21.9784
    endloop
  endfacet
  facet normal -1 0 0
    outer loop
      vertex -72.6 -28.9607 22.1945
      vertex -72.6 -22.5 31.4
      vertex -72.6 -28.8976 22.0892
    endloop
  endfacet
  facet normal -1 0 0
    outer loop
      vertex -72.6 -29.0337 22.293
      vertex -72.6 -22.5 31.4
      vertex -72.6 -28.9607 22.1945
    endloop
  endfacet
  facet normal -1 0 0
    outer loop
      vertex -72.6 -29.1161 22.3839
      vertex -72.6 -22.5 31.4
      vertex -72.6 -29.0337 22.293
    endloop
  endfacet
  facet normal -1 0 0
    outer loop
      vertex -72.6 -29.207 22.4663
      vertex -72.6 -22.5 31.4
      vertex -72.6 -29.1161 22.3839
    endloop
  endfacet
  facet normal -1 0 0
    outer loop
      vertex -72.6 -29.3055 22.5393
      vertex -72.6 -22.5 31.4
      vertex -72.6 -29.207 22.4663
    endloop
  endfacet
  facet normal -1 0 0
    outer loop
      vertex -72.6 -29.5 31.4
      vertex -72.6 -29.3055 22.5393
      vertex -72.6 -29.4108 22.6024
    endloop
  endfacet
  facet normal -1 0 0
    outer loop
      vertex -72.6 -29.3055 22.5393
      vertex -72.6 -29.5 31.4
      vertex -72.6 -22.5 31.4
    endloop
  endfacet
  facet normal -1 0 0
    outer loop
      vertex -72.6 -29.6371 22.6962
      vertex -72.6 -29.5 31.4
      vertex -72.6 -29.5216 22.6549
    endloop
  endfacet
  facet normal -1 0 0
    outer loop
      vertex -72.6 -29.5216 22.6549
      vertex -72.6 -29.5 31.4
      vertex -72.6 -29.4108 22.6024
    endloop
  endfacet
  facet normal 0 -1 0
    outer loop
      vertex -66.6 -36 0
      vertex 66.6 -36 43
      vertex -66.6 -36 43
    endloop
  endfacet
  facet normal 0 -1 -0
    outer loop
      vertex 66.6 -36 43
      vertex -66.6 -36 0
      vertex 66.6 -36 0
    endloop
  endfacet
  facet normal -0.427612 0.903962 0
    outer loop
      vertex -68.8961 35.5433 0
      vertex -69.4284 35.2915 43
      vertex -68.8961 35.5433 43
    endloop
  endfacet
  facet normal -0.427612 0.903962 0
    outer loop
      vertex -69.4284 35.2915 43
      vertex -68.8961 35.5433 0
      vertex -69.4284 35.2915 0
    endloop
  endfacet
  facet normal 0.998795 -0.0490821 0
    outer loop
      vertex 72.5711 -30.5881 43
      vertex 72.6 -30 0
      vertex 72.6 -30 43
    endloop
  endfacet
  facet normal 0.998795 -0.0490821 0
    outer loop
      vertex 72.6 -30 0
      vertex 72.5711 -30.5881 43
      vertex 72.5711 -30.5881 0
    endloop
  endfacet
  facet normal -0.0490821 -0.998795 0
    outer loop
      vertex -67.1881 -35.9711 0
      vertex -66.6 -36 43
      vertex -67.1881 -35.9711 43
    endloop
  endfacet
  facet normal -0.0490821 -0.998795 -0
    outer loop
      vertex -66.6 -36 43
      vertex -67.1881 -35.9711 0
      vertex -66.6 -36 0
    endloop
  endfacet
  facet normal -0.803289 0.595589 0
    outer loop
      vertex -71.5888 33.3334 0
      vertex -71.2381 33.8064 43
      vertex -71.2381 33.8064 0
    endloop
  endfacet
  facet normal -0.803289 0.595589 0
    outer loop
      vertex -71.2381 33.8064 43
      vertex -71.5888 33.3334 0
      vertex -71.5888 33.3334 43
    endloop
  endfacet
  facet normal -0.94158 0.336788 0
    outer loop
      vertex -72.3416 31.7417 0
      vertex -72.1433 32.2961 43
      vertex -72.1433 32.2961 0
    endloop
  endfacet
  facet normal -0.94158 0.336788 0
    outer loop
      vertex -72.1433 32.2961 43
      vertex -72.3416 31.7417 0
      vertex -72.3416 31.7417 43
    endloop
  endfacet
  facet normal -0.595589 -0.803289 0
    outer loop
      vertex -70.4064 -34.6381 0
      vertex -69.9334 -34.9888 43
      vertex -70.4064 -34.6381 43
    endloop
  endfacet
  facet normal -0.595589 -0.803289 -0
    outer loop
      vertex -69.9334 -34.9888 43
      vertex -70.4064 -34.6381 0
      vertex -69.9334 -34.9888 0
    endloop
  endfacet
  facet normal -0.146746 0.989174 0
    outer loop
      vertex -67.1881 35.9711 0
      vertex -67.7705 35.8847 43
      vertex -67.1881 35.9711 43
    endloop
  endfacet
  facet normal -0.146746 0.989174 0
    outer loop
      vertex -67.7705 35.8847 43
      vertex -67.1881 35.9711 0
      vertex -67.7705 35.8847 0
    endloop
  endfacet
  facet normal -0.514121 0.857718 0
    outer loop
      vertex -69.4284 35.2915 0
      vertex -69.9334 34.9888 43
      vertex -69.4284 35.2915 43
    endloop
  endfacet
  facet normal -0.514121 0.857718 0
    outer loop
      vertex -69.9334 34.9888 43
      vertex -69.4284 35.2915 0
      vertex -69.9334 34.9888 0
    endloop
  endfacet
  facet normal -0.740823 0.6717 0
    outer loop
      vertex -71.2381 33.8064 0
      vertex -70.8426 34.2426 43
      vertex -70.8426 34.2426 0
    endloop
  endfacet
  facet normal -0.740823 0.6717 0
    outer loop
      vertex -70.8426 34.2426 43
      vertex -71.2381 33.8064 0
      vertex -71.2381 33.8064 43
    endloop
  endfacet
  facet normal 0.899879 -0.436139 0.000793251
    outer loop
      vertex 71.9258 -32.756 36.8775
      vertex 72.1433 -32.2961 43
      vertex 71.9286 -32.75 37
    endloop
  endfacet
  facet normal 0.904843 -0.425745 -0.00017069
    outer loop
      vertex 72.1433 -32.2961 43
      vertex 71.9258 -32.756 37.1225
      vertex 71.9286 -32.75 37
    endloop
  endfacet
  facet normal 0.902891 -0.429869 0.000224233
    outer loop
      vertex 72.1433 -32.2961 43
      vertex 71.9172 -32.774 37.2439
      vertex 71.9258 -32.756 37.1225
    endloop
  endfacet
  facet normal 0.903927 -0.427687 2.41415e-06
    outer loop
      vertex 72.1433 -32.2961 43
      vertex 71.9031 -32.8038 37.3629
      vertex 71.9172 -32.774 37.2439
    endloop
  endfacet
  facet normal 0.903962 -0.427612 0
    outer loop
      vertex 71.8915 -32.8284 37.4315
      vertex 72.1433 -32.2961 43
      vertex 71.8915 -32.8284 43
    endloop
  endfacet
  facet normal 0.904375 -0.426738 -0.000102165
    outer loop
      vertex 72.1433 -32.2961 43
      vertex 71.8915 -32.8284 37.4315
      vertex 71.9031 -32.8038 37.3629
    endloop
  endfacet
  facet normal 0.904002 -0.427529 0
    outer loop
      vertex 72.1433 -32.2961 43
      vertex 71.9258 -32.756 36.8775
      vertex 72.1433 -32.2961 0
    endloop
  endfacet
  facet normal 0.902436 -0.430824 -5.03369e-05
    outer loop
      vertex 71.9172 -32.774 36.7561
      vertex 72.1433 -32.2961 0
      vertex 71.9258 -32.756 36.8775
    endloop
  endfacet
  facet normal 0.903924 -0.427694 -4.78556e-07
    outer loop
      vertex 71.9031 -32.8038 36.6371
      vertex 72.1433 -32.2961 0
      vertex 71.9172 -32.774 36.7561
    endloop
  endfacet
  facet normal 0.904465 -0.426548 1.89376e-05
    outer loop
      vertex 71.8915 -32.8284 36.5685
      vertex 72.1433 -32.2961 0
      vertex 71.9031 -32.8038 36.6371
    endloop
  endfacet
  facet normal 0.903962 -0.427612 0
    outer loop
      vertex 72.1433 -32.2961 0
      vertex 71.8915 -32.8284 36.5685
      vertex 71.8915 -32.8284 0
    endloop
  endfacet
  facet normal -0.94158 -0.336788 0
    outer loop
      vertex -72.1433 -32.2961 0
      vertex -72.3416 -31.7417 43
      vertex -72.3416 -31.7417 0
    endloop
  endfacet
  facet normal -0.94158 -0.336788 0
    outer loop
      vertex -72.3416 -31.7417 43
      vertex -72.1433 -32.2961 0
      vertex -72.1433 -32.2961 43
    endloop
  endfacet
  facet normal -0.336788 0.94158 0
    outer loop
      vertex -68.3417 35.7416 0
      vertex -68.8961 35.5433 43
      vertex -68.3417 35.7416 43
    endloop
  endfacet
  facet normal -0.336788 0.94158 0
    outer loop
      vertex -68.8961 35.5433 43
      vertex -68.3417 35.7416 0
      vertex -68.8961 35.5433 0
    endloop
  endfacet
  facet normal 0.6717 0.740823 0
    outer loop
      vertex 70.4064 34.6381 0
      vertex 70.8426 34.2426 35.7738
      vertex 70.8426 34.2426 0
    endloop
  endfacet
  facet normal 0.707045 0.707168 -0.000803042
    outer loop
      vertex 70.8426 34.2426 35.7738
      vertex 70.4064 34.6381 0
      vertex 70.8413 34.2439 35.774
    endloop
  endfacet
  facet normal 0.671549 0.740961 8.43201e-07
    outer loop
      vertex 70.8413 34.2439 35.774
      vertex 70.4064 34.6381 0
      vertex 70.71 34.3629 35.8038
    endloop
  endfacet
  facet normal 0.671659 0.74086 -8.61702e-07
    outer loop
      vertex 70.71 34.3629 35.8038
      vertex 70.4064 34.6381 0
      vertex 70.5826 34.4784 35.8451
    endloop
  endfacet
  facet normal 0.671105 0.741363 4.1008e-06
    outer loop
      vertex 70.5826 34.4784 35.8451
      vertex 70.4064 34.6381 0
      vertex 70.4602 34.5892 35.8976
    endloop
  endfacet
  facet normal 0.672604 0.740002 0
    outer loop
      vertex 70.4602 34.5892 35.8976
      vertex 70.4064 34.6381 0
      vertex 70.4064 34.6381 35.9269
    endloop
  endfacet
  facet normal 0.6717 0.740823 -0
    outer loop
      vertex 70.8426 34.2426 38.2262
      vertex 70.4064 34.6381 43
      vertex 70.8426 34.2426 43
    endloop
  endfacet
  facet normal 0.706637 0.707552 0.00594875
    outer loop
      vertex 70.8413 34.2439 38.226
      vertex 70.4064 34.6381 43
      vertex 70.8426 34.2426 38.2262
    endloop
  endfacet
  facet normal 0.671549 0.74096 -6.20761e-06
    outer loop
      vertex 70.71 34.3629 38.1962
      vertex 70.4064 34.6381 43
      vertex 70.8413 34.2439 38.226
    endloop
  endfacet
  facet normal 0.671658 0.740861 6.31083e-06
    outer loop
      vertex 70.5826 34.4784 38.1549
      vertex 70.4064 34.6381 43
      vertex 70.71 34.3629 38.1962
    endloop
  endfacet
  facet normal 0.671111 0.741357 -2.99354e-05
    outer loop
      vertex 70.4602 34.5892 38.1024
      vertex 70.4064 34.6381 43
      vertex 70.5826 34.4784 38.1549
    endloop
  endfacet
  facet normal 0.672604 0.740002 0
    outer loop
      vertex 70.4064 34.6381 43
      vertex 70.4602 34.5892 38.1024
      vertex 70.4064 34.6381 38.0731
    endloop
  endfacet
  facet normal 0.514121 0.857718 -0
    outer loop
      vertex 69.9334 34.9888 37.7626
      vertex 69.4284 35.2915 43
      vertex 69.9334 34.9888 43
    endloop
  endfacet
  facet normal 0.513913 0.857842 -2.72366e-05
    outer loop
      vertex 69.8491 35.0393 37.6945
      vertex 69.4284 35.2915 43
      vertex 69.9334 34.9888 37.7626
    endloop
  endfacet
  facet normal 0.51436 0.857574 2.09682e-05
    outer loop
      vertex 69.7439 35.1024 37.5892
      vertex 69.4284 35.2915 43
      vertex 69.8491 35.0393 37.6945
    endloop
  endfacet
  facet normal 0.514468 0.857509 2.95168e-05
    outer loop
      vertex 69.6564 35.1549 37.4784
      vertex 69.4284 35.2915 43
      vertex 69.7439 35.1024 37.5892
    endloop
  endfacet
  facet normal 0.514117 0.85772 9.82607e-06
    outer loop
      vertex 69.5875 35.1962 37.3629
      vertex 69.4284 35.2915 43
      vertex 69.6564 35.1549 37.4784
    endloop
  endfacet
  facet normal 0.513506 0.858086 -1.36304e-05
    outer loop
      vertex 69.5377 35.226 37.2439
      vertex 69.4284 35.2915 43
      vertex 69.5875 35.1962 37.3629
    endloop
  endfacet
  facet normal 0.514463 0.857513 1.10675e-05
    outer loop
      vertex 69.5077 35.244 37.1225
      vertex 69.4284 35.2915 43
      vertex 69.5377 35.226 37.2439
    endloop
  endfacet
  facet normal 0.514406 0.857547 1.00167e-05
    outer loop
      vertex 69.4977 35.25 37
      vertex 69.4284 35.2915 43
      vertex 69.5077 35.244 37.1225
    endloop
  endfacet
  facet normal 0.514121 0.857718 0
    outer loop
      vertex 69.4284 35.2915 0
      vertex 69.9334 34.9888 36.2374
      vertex 69.9334 34.9888 0
    endloop
  endfacet
  facet normal 0.5139 0.85785 4.19594e-06
    outer loop
      vertex 69.9334 34.9888 36.2374
      vertex 69.4284 35.2915 0
      vertex 69.8491 35.0393 36.3055
    endloop
  endfacet
  facet normal 0.514373 0.857566 -3.26944e-06
    outer loop
      vertex 69.8491 35.0393 36.3055
      vertex 69.4284 35.2915 0
      vertex 69.7439 35.1024 36.4108
    endloop
  endfacet
  facet normal 0.514491 0.857496 -4.659e-06
    outer loop
      vertex 69.7439 35.1024 36.4108
      vertex 69.4284 35.2915 0
      vertex 69.6564 35.1549 36.5216
    endloop
  endfacet
  facet normal 0.514128 0.857714 -1.57195e-06
    outer loop
      vertex 69.6564 35.1549 36.5216
      vertex 69.4284 35.2915 0
      vertex 69.5875 35.1962 36.6371
    endloop
  endfacet
  facet normal 0.513486 0.858098 2.2157e-06
    outer loop
      vertex 69.5875 35.1962 36.6371
      vertex 69.4284 35.2915 0
      vertex 69.5377 35.226 36.7561
    endloop
  endfacet
  facet normal 0.51449 0.857496 -1.84416e-06
    outer loop
      vertex 69.5377 35.226 36.7561
      vertex 69.4284 35.2915 0
      vertex 69.5077 35.244 36.8775
    endloop
  endfacet
  facet normal 0.513767 0.85793 0
    outer loop
      vertex 69.4977 35.25 37
      vertex 69.4284 35.2915 0
      vertex 69.4284 35.2915 43
    endloop
  endfacet
  facet normal 0.514479 0.857503 -1.81247e-06
    outer loop
      vertex 69.5077 35.244 36.8775
      vertex 69.4284 35.2915 0
      vertex 69.4977 35.25 37
    endloop
  endfacet
  facet normal 0.146746 0.989174 -0
    outer loop
      vertex 67.7705 35.8847 0
      vertex 67.1881 35.9711 43
      vertex 67.7705 35.8847 43
    endloop
  endfacet
  facet normal 0.146746 0.989174 0
    outer loop
      vertex 67.1881 35.9711 43
      vertex 67.7705 35.8847 0
      vertex 67.1881 35.9711 0
    endloop
  endfacet
  facet normal -0.989305 0.145859 0
    outer loop
      vertex -72.4847 31.1705 0
      vertex -72.487 31.1549 21.0216
      vertex -72.4847 31.1705 21.0655
    endloop
  endfacet
  facet normal -0.989143 0.146957 8.32218e-07
    outer loop
      vertex -72.4847 31.1705 0
      vertex -72.4948 31.1024 20.9108
      vertex -72.487 31.1549 21.0216
    endloop
  endfacet
  facet normal -0.989086 0.14734 2.10992e-06
    outer loop
      vertex -72.4847 31.1705 0
      vertex -72.5042 31.0393 20.8055
      vertex -72.4948 31.1024 20.9108
    endloop
  endfacet
  facet normal -0.989232 0.146358 -4.22372e-06
    outer loop
      vertex -72.4847 31.1705 0
      vertex -72.515 30.9663 20.707
      vertex -72.5042 31.0393 20.8055
    endloop
  endfacet
  facet normal -0.989216 0.146465 -3.14288e-06
    outer loop
      vertex -72.4847 31.1705 0
      vertex -72.5272 30.8839 20.6161
      vertex -72.515 30.9663 20.707
    endloop
  endfacet
  facet normal -0.989151 0.146901 3.04937e-06
    outer loop
      vertex -72.4847 31.1705 0
      vertex -72.5407 30.793 20.5337
      vertex -72.5272 30.8839 20.6161
    endloop
  endfacet
  facet normal -0.989192 0.146623 -2.17126e-06
    outer loop
      vertex -72.4847 31.1705 0
      vertex -72.5553 30.6945 20.4607
      vertex -72.5407 30.793 20.5337
    endloop
  endfacet
  facet normal -0.989203 0.146551 -3.88518e-06
    outer loop
      vertex -72.4847 31.1705 0
      vertex -72.5709 30.5892 20.3976
      vertex -72.5553 30.6945 20.4607
    endloop
  endfacet
  facet normal -0.989174 0.146746 0
    outer loop
      vertex -72.5711 30.5881 20.3971
      vertex -72.4847 31.1705 0
      vertex -72.5711 30.5881 0
    endloop
  endfacet
  facet normal -0.983944 0.178477 0.000928183
    outer loop
      vertex -72.4847 31.1705 0
      vertex -72.5711 30.5881 20.3971
      vertex -72.5709 30.5892 20.3976
    endloop
  endfacet
  facet normal -0.989305 0.145859 0
    outer loop
      vertex -72.487 31.1549 21.9784
      vertex -72.4847 31.1705 43
      vertex -72.4847 31.1705 21.9345
    endloop
  endfacet
  facet normal -0.989143 0.146957 -8.32218e-07
    outer loop
      vertex -72.4948 31.1024 22.0892
      vertex -72.4847 31.1705 43
      vertex -72.487 31.1549 21.9784
    endloop
  endfacet
  facet normal -0.989086 0.14734 -2.10992e-06
    outer loop
      vertex -72.5042 31.0393 22.1945
      vertex -72.4847 31.1705 43
      vertex -72.4948 31.1024 22.0892
    endloop
  endfacet
  facet normal -0.989232 0.146358 4.22372e-06
    outer loop
      vertex -72.515 30.9663 22.293
      vertex -72.4847 31.1705 43
      vertex -72.5042 31.0393 22.1945
    endloop
  endfacet
  facet normal -0.989216 0.146465 3.14288e-06
    outer loop
      vertex -72.5272 30.8839 22.3839
      vertex -72.4847 31.1705 43
      vertex -72.515 30.9663 22.293
    endloop
  endfacet
  facet normal -0.989151 0.146901 -3.04937e-06
    outer loop
      vertex -72.5407 30.793 22.4663
      vertex -72.4847 31.1705 43
      vertex -72.5272 30.8839 22.3839
    endloop
  endfacet
  facet normal -0.989192 0.146623 2.17126e-06
    outer loop
      vertex -72.5553 30.6945 22.5393
      vertex -72.4847 31.1705 43
      vertex -72.5407 30.793 22.4663
    endloop
  endfacet
  facet normal -0.989203 0.146551 3.88518e-06
    outer loop
      vertex -72.5709 30.5892 22.6024
      vertex -72.4847 31.1705 43
      vertex -72.5553 30.6945 22.5393
    endloop
  endfacet
  facet normal -0.983944 0.178477 -0.000928183
    outer loop
      vertex -72.5711 30.5881 22.6029
      vertex -72.4847 31.1705 43
      vertex -72.5709 30.5892 22.6024
    endloop
  endfacet
  facet normal -0.989174 0.146746 0
    outer loop
      vertex -72.4847 31.1705 43
      vertex -72.5711 30.5881 22.6029
      vertex -72.5711 30.5881 43
    endloop
  endfacet
  facet normal -0.998791 0.0491656 0
    outer loop
      vertex -72.5765 30.4784 22.6549
      vertex -72.5711 30.5881 43
      vertex -72.5711 30.5881 22.6029
    endloop
  endfacet
  facet normal -0.998784 0.0492904 -6.74513e-07
    outer loop
      vertex -72.5822 30.3629 22.6962
      vertex -72.5711 30.5881 43
      vertex -72.5765 30.4784 22.6549
    endloop
  endfacet
  facet normal -0.998814 0.0486832 6.0765e-06
    outer loop
      vertex -72.588 30.2439 22.726
      vertex -72.5711 30.5881 43
      vertex -72.5822 30.3629 22.6962
    endloop
  endfacet
  facet normal -0.998781 0.0493623 -5.48074e-06
    outer loop
      vertex -72.594 30.1225 22.744
      vertex -72.5711 30.5881 43
      vertex -72.588 30.2439 22.726
    endloop
  endfacet
  facet normal -0.998803 0.0489212 4.68411e-06
    outer loop
      vertex -72.6 30 22.75
      vertex -72.5711 30.5881 43
      vertex -72.594 30.1225 22.744
    endloop
  endfacet
  facet normal -0.998795 0.0490821 0
    outer loop
      vertex -72.5711 30.5881 43
      vertex -72.6 30 22.75
      vertex -72.6 30 43
    endloop
  endfacet
  facet normal -0.998791 0.0491656 0
    outer loop
      vertex -72.5711 30.5881 0
      vertex -72.5765 30.4784 20.3451
      vertex -72.5711 30.5881 20.3971
    endloop
  endfacet
  facet normal -0.998784 0.0492904 6.74513e-07
    outer loop
      vertex -72.5711 30.5881 0
      vertex -72.5822 30.3629 20.3038
      vertex -72.5765 30.4784 20.3451
    endloop
  endfacet
  facet normal -0.998814 0.0486832 -6.0765e-06
    outer loop
      vertex -72.5711 30.5881 0
      vertex -72.588 30.2439 20.274
      vertex -72.5822 30.3629 20.3038
    endloop
  endfacet
  facet normal -0.998781 0.0493623 5.48074e-06
    outer loop
      vertex -72.5711 30.5881 0
      vertex -72.594 30.1225 20.256
      vertex -72.588 30.2439 20.274
    endloop
  endfacet
  facet normal -0.998795 0.0490821 0
    outer loop
      vertex -72.6 30 20.25
      vertex -72.5711 30.5881 0
      vertex -72.6 30 0
    endloop
  endfacet
  facet normal -0.998803 0.0489212 -4.68411e-06
    outer loop
      vertex -72.5711 30.5881 0
      vertex -72.6 30 20.25
      vertex -72.594 30.1225 20.256
    endloop
  endfacet
  facet normal 0.336788 0.94158 -0
    outer loop
      vertex 68.8961 35.5433 0
      vertex 68.3417 35.7416 43
      vertex 68.8961 35.5433 43
    endloop
  endfacet
  facet normal 0.336788 0.94158 0
    outer loop
      vertex 68.3417 35.7416 43
      vertex 68.8961 35.5433 0
      vertex 68.3417 35.7416 0
    endloop
  endfacet
  facet normal 0.427612 0.903962 -0
    outer loop
      vertex 69.4284 35.2915 0
      vertex 68.8961 35.5433 43
      vertex 69.4284 35.2915 43
    endloop
  endfacet
  facet normal 0.427612 0.903962 0
    outer loop
      vertex 68.8961 35.5433 43
      vertex 69.4284 35.2915 0
      vertex 68.8961 35.5433 0
    endloop
  endfacet
  facet normal -0.740823 -0.6717 0
    outer loop
      vertex -70.8426 -34.2426 0
      vertex -71.2381 -33.8064 43
      vertex -71.2381 -33.8064 0
    endloop
  endfacet
  facet normal -0.740823 -0.6717 0
    outer loop
      vertex -71.2381 -33.8064 43
      vertex -70.8426 -34.2426 0
      vertex -70.8426 -34.2426 43
    endloop
  endfacet
  facet normal 0.989174 0.146746 0
    outer loop
      vertex 72.5711 30.5881 43
      vertex 72.4847 31.1705 0
      vertex 72.4847 31.1705 43
    endloop
  endfacet
  facet normal 0.989174 0.146746 0
    outer loop
      vertex 72.4847 31.1705 0
      vertex 72.5711 30.5881 43
      vertex 72.5711 30.5881 0
    endloop
  endfacet
  facet normal -0.903962 -0.427612 0
    outer loop
      vertex -71.8915 -32.8284 0
      vertex -72.1433 -32.2961 43
      vertex -72.1433 -32.2961 0
    endloop
  endfacet
  facet normal -0.903962 -0.427612 0
    outer loop
      vertex -72.1433 -32.2961 43
      vertex -71.8915 -32.8284 0
      vertex -71.8915 -32.8284 43
    endloop
  endfacet
  facet normal -0.146746 -0.989174 0
    outer loop
      vertex -67.7705 -35.8847 0
      vertex -67.1881 -35.9711 43
      vertex -67.7705 -35.8847 43
    endloop
  endfacet
  facet normal -0.146746 -0.989174 -0
    outer loop
      vertex -67.1881 -35.9711 43
      vertex -67.7705 -35.8847 0
      vertex -67.1881 -35.9711 0
    endloop
  endfacet
  facet normal -0.243015 -0.970023 0
    outer loop
      vertex -68.3417 -35.7416 0
      vertex -67.7705 -35.8847 43
      vertex -68.3417 -35.7416 43
    endloop
  endfacet
  facet normal -0.243015 -0.970023 -0
    outer loop
      vertex -67.7705 -35.8847 43
      vertex -68.3417 -35.7416 0
      vertex -67.7705 -35.8847 0
    endloop
  endfacet
  facet normal -0.6717 0.740823 0
    outer loop
      vertex -70.4064 34.6381 0
      vertex -70.8426 34.2426 43
      vertex -70.4064 34.6381 43
    endloop
  endfacet
  facet normal -0.6717 0.740823 0
    outer loop
      vertex -70.8426 34.2426 43
      vertex -70.4064 34.6381 0
      vertex -70.8426 34.2426 0
    endloop
  endfacet
  facet normal 0.0490821 0.998795 -0
    outer loop
      vertex 67.1881 35.9711 0
      vertex 66.6 36 43
      vertex 67.1881 35.9711 43
    endloop
  endfacet
  facet normal 0.0490821 0.998795 0
    outer loop
      vertex 66.6 36 43
      vertex 67.1881 35.9711 0
      vertex 66.6 36 0
    endloop
  endfacet
  facet normal -0.803289 -0.595589 0
    outer loop
      vertex -71.2381 -33.8064 0
      vertex -71.5888 -33.3334 43
      vertex -71.5888 -33.3334 0
    endloop
  endfacet
  facet normal -0.803289 -0.595589 0
    outer loop
      vertex -71.5888 -33.3334 43
      vertex -71.2381 -33.8064 0
      vertex -71.2381 -33.8064 43
    endloop
  endfacet
  facet normal 1 -0 0
    outer loop
      vertex 72.6 -30 43
      vertex 72.6 30 0
      vertex 72.6 30 43
    endloop
  endfacet
  facet normal 1 0 0
    outer loop
      vertex 72.6 30 0
      vertex 72.6 -30 43
      vertex 72.6 -30 0
    endloop
  endfacet
  facet normal -0.998795 -0.0490821 0
    outer loop
      vertex -72.5711 -30.5881 0
      vertex -72.6 -30 20.25
      vertex -72.6 -30 0
    endloop
  endfacet
  facet normal -0.998803 -0.0489212 -4.68411e-06
    outer loop
      vertex -72.6 -30 20.25
      vertex -72.5711 -30.5881 0
      vertex -72.594 -30.1225 20.256
    endloop
  endfacet
  facet normal -0.998781 -0.0493623 5.48074e-06
    outer loop
      vertex -72.594 -30.1225 20.256
      vertex -72.5711 -30.5881 0
      vertex -72.588 -30.2439 20.274
    endloop
  endfacet
  facet normal -0.998814 -0.0486832 -6.0765e-06
    outer loop
      vertex -72.588 -30.2439 20.274
      vertex -72.5711 -30.5881 0
      vertex -72.5822 -30.3629 20.3038
    endloop
  endfacet
  facet normal -0.998784 -0.0492904 6.74513e-07
    outer loop
      vertex -72.5822 -30.3629 20.3038
      vertex -72.5711 -30.5881 0
      vertex -72.5765 -30.4784 20.3451
    endloop
  endfacet
  facet normal -0.998791 -0.0491656 0
    outer loop
      vertex -72.5765 -30.4784 20.3451
      vertex -72.5711 -30.5881 0
      vertex -72.5711 -30.5881 20.3971
    endloop
  endfacet
  facet normal -0.998803 -0.0489212 4.68411e-06
    outer loop
      vertex -72.5711 -30.5881 43
      vertex -72.6 -30 22.75
      vertex -72.594 -30.1225 22.744
    endloop
  endfacet
  facet normal -0.998781 -0.0493623 -5.48074e-06
    outer loop
      vertex -72.5711 -30.5881 43
      vertex -72.594 -30.1225 22.744
      vertex -72.588 -30.2439 22.726
    endloop
  endfacet
  facet normal -0.998814 -0.0486832 6.0765e-06
    outer loop
      vertex -72.5711 -30.5881 43
      vertex -72.588 -30.2439 22.726
      vertex -72.5822 -30.3629 22.6962
    endloop
  endfacet
  facet normal -0.998784 -0.0492904 -6.74513e-07
    outer loop
      vertex -72.5711 -30.5881 43
      vertex -72.5822 -30.3629 22.6962
      vertex -72.5765 -30.4784 22.6549
    endloop
  endfacet
  facet normal -0.998791 -0.0491656 -0
    outer loop
      vertex -72.5711 -30.5881 43
      vertex -72.5765 -30.4784 22.6549
      vertex -72.5711 -30.5881 22.6029
    endloop
  endfacet
  facet normal -0.998795 -0.0490821 0
    outer loop
      vertex -72.6 -30 22.75
      vertex -72.5711 -30.5881 43
      vertex -72.6 -30 43
    endloop
  endfacet
  facet normal -0.427612 -0.903962 0
    outer loop
      vertex -69.4284 -35.2915 0
      vertex -68.8961 -35.5433 43
      vertex -69.4284 -35.2915 43
    endloop
  endfacet
  facet normal -0.427612 -0.903962 -0
    outer loop
      vertex -68.8961 -35.5433 43
      vertex -69.4284 -35.2915 0
      vertex -68.8961 -35.5433 0
    endloop
  endfacet
  facet normal -0.336788 -0.94158 0
    outer loop
      vertex -68.8961 -35.5433 0
      vertex -68.3417 -35.7416 43
      vertex -68.8961 -35.5433 43
    endloop
  endfacet
  facet normal -0.336788 -0.94158 -0
    outer loop
      vertex -68.3417 -35.7416 43
      vertex -68.8961 -35.5433 0
      vertex -68.3417 -35.7416 0
    endloop
  endfacet
  facet normal 0.970023 0.243015 0
    outer loop
      vertex 72.4847 31.1705 43
      vertex 72.3416 31.7417 0
      vertex 72.3416 31.7417 43
    endloop
  endfacet
  facet normal 0.970023 0.243015 0
    outer loop
      vertex 72.3416 31.7417 0
      vertex 72.4847 31.1705 43
      vertex 72.4847 31.1705 0
    endloop
  endfacet
  facet normal -0.970015 0.243046 0
    outer loop
      vertex -72.3416 31.7417 0
      vertex -72.4648 31.25 21.5
      vertex -72.3416 31.7417 43
    endloop
  endfacet
  facet normal -0.970102 0.242698 -8.4587e-06
    outer loop
      vertex -72.3416 31.7417 0
      vertex -72.4663 31.244 21.3775
      vertex -72.4648 31.25 21.5
    endloop
  endfacet
  facet normal -0.970125 0.242604 -1.07861e-05
    outer loop
      vertex -72.3416 31.7417 0
      vertex -72.4708 31.226 21.2561
      vertex -72.4663 31.244 21.3775
    endloop
  endfacet
  facet normal -0.969782 0.243975 2.45516e-05
    outer loop
      vertex -72.3416 31.7417 0
      vertex -72.4783 31.1962 21.1371
      vertex -72.4708 31.226 21.2561
    endloop
  endfacet
  facet normal -0.970023 0.243015 0
    outer loop
      vertex -72.4847 31.1705 21.0655
      vertex -72.3416 31.7417 0
      vertex -72.4847 31.1705 0
    endloop
  endfacet
  facet normal -0.97034 0.241743 -3.66451e-05
    outer loop
      vertex -72.3416 31.7417 0
      vertex -72.4847 31.1705 21.0655
      vertex -72.4783 31.1962 21.1371
    endloop
  endfacet
  facet normal -0.970102 0.242698 8.4587e-06
    outer loop
      vertex -72.4663 31.244 21.6225
      vertex -72.3416 31.7417 43
      vertex -72.4648 31.25 21.5
    endloop
  endfacet
  facet normal -0.970125 0.242604 1.07861e-05
    outer loop
      vertex -72.4708 31.226 21.7439
      vertex -72.3416 31.7417 43
      vertex -72.4663 31.244 21.6225
    endloop
  endfacet
  facet normal -0.969782 0.243975 -2.45516e-05
    outer loop
      vertex -72.4783 31.1962 21.8629
      vertex -72.3416 31.7417 43
      vertex -72.4708 31.226 21.7439
    endloop
  endfacet
  facet normal -0.97034 0.241743 3.66451e-05
    outer loop
      vertex -72.4847 31.1705 21.9345
      vertex -72.3416 31.7417 43
      vertex -72.4783 31.1962 21.8629
    endloop
  endfacet
  facet normal -0.970023 0.243015 0
    outer loop
      vertex -72.3416 31.7417 43
      vertex -72.4847 31.1705 21.9345
      vertex -72.4847 31.1705 43
    endloop
  endfacet
  facet normal 0.243015 -0.970023 0
    outer loop
      vertex 67.7705 -35.8847 0
      vertex 68.3417 -35.7416 43
      vertex 67.7705 -35.8847 43
    endloop
  endfacet
  facet normal 0.243015 -0.970023 0
    outer loop
      vertex 68.3417 -35.7416 43
      vertex 67.7705 -35.8847 0
      vertex 68.3417 -35.7416 0
    endloop
  endfacet
  facet normal -0.243015 0.970023 0
    outer loop
      vertex -67.7705 35.8847 0
      vertex -68.3417 35.7416 43
      vertex -67.7705 35.8847 43
    endloop
  endfacet
  facet normal -0.243015 0.970023 0
    outer loop
      vertex -68.3417 35.7416 43
      vertex -67.7705 35.8847 0
      vertex -68.3417 35.7416 0
    endloop
  endfacet
  facet normal 0 0 -1
    outer loop
      vertex 66.6 -36 0
      vertex 72.6 -30 0
      vertex 72.5711 -30.5881 0
    endloop
  endfacet
  facet normal 0 0 -1
    outer loop
      vertex 72.6 -30 0
      vertex 22.9 -12.65 0
      vertex 72.6 30 0
    endloop
  endfacet
  facet normal 0 0 -1
    outer loop
      vertex 66.6 -36 0
      vertex 72.5711 -30.5881 0
      vertex 72.4847 -31.1705 0
    endloop
  endfacet
  facet normal 0 0 -1
    outer loop
      vertex 22.9 12.65 0
      vertex 72.6 30 0
      vertex 22.9 -12.65 0
    endloop
  endfacet
  facet normal 0 0 -1
    outer loop
      vertex 66.6 -36 0
      vertex 72.4847 -31.1705 0
      vertex 72.3416 -31.7417 0
    endloop
  endfacet
  facet normal 0 -0 -1
    outer loop
      vertex 66.6 36 0
      vertex 72.6 30 0
      vertex 22.9 12.65 0
    endloop
  endfacet
  facet normal 0 0 -1
    outer loop
      vertex 66.6 -36 0
      vertex 72.3416 -31.7417 0
      vertex 72.1433 -32.2961 0
    endloop
  endfacet
  facet normal 0 0 -1
    outer loop
      vertex 72.6 30 0
      vertex 66.6 36 0
      vertex 72.5711 30.5881 0
    endloop
  endfacet
  facet normal 0 0 -1
    outer loop
      vertex 66.6 -36 0
      vertex 72.1433 -32.2961 0
      vertex 71.8915 -32.8284 0
    endloop
  endfacet
  facet normal 0 0 -1
    outer loop
      vertex 72.5711 30.5881 0
      vertex 66.6 36 0
      vertex 72.4847 31.1705 0
    endloop
  endfacet
  facet normal 0 0 -1
    outer loop
      vertex 66.6 -36 0
      vertex 71.8915 -32.8284 0
      vertex 71.5888 -33.3334 0
    endloop
  endfacet
  facet normal 0 0 -1
    outer loop
      vertex 72.4847 31.1705 0
      vertex 66.6 36 0
      vertex 72.3416 31.7417 0
    endloop
  endfacet
  facet normal 0 0 -1
    outer loop
      vertex 66.6 -36 0
      vertex 71.5888 -33.3334 0
      vertex 71.2381 -33.8064 0
    endloop
  endfacet
  facet normal 0 0 -1
    outer loop
      vertex 72.3416 31.7417 0
      vertex 66.6 36 0
      vertex 72.1433 32.2961 0
    endloop
  endfacet
  facet normal 0 0 -1
    outer loop
      vertex 66.6 -36 0
      vertex 71.2381 -33.8064 0
      vertex 70.8426 -34.2426 0
    endloop
  endfacet
  facet normal 0 0 -1
    outer loop
      vertex 72.1433 32.2961 0
      vertex 66.6 36 0
      vertex 71.8915 32.8284 0
    endloop
  endfacet
  facet normal 0 0 -1
    outer loop
      vertex 66.6 -36 0
      vertex 70.8426 -34.2426 0
      vertex 70.4064 -34.6381 0
    endloop
  endfacet
  facet normal 0 0 -1
    outer loop
      vertex 71.8915 32.8284 0
      vertex 66.6 36 0
      vertex 71.5888 33.3334 0
    endloop
  endfacet
  facet normal 0 0 -1
    outer loop
      vertex 66.6 -36 0
      vertex 70.4064 -34.6381 0
      vertex 69.9334 -34.9888 0
    endloop
  endfacet
  facet normal -0 0 -1
    outer loop
      vertex 72.6 -30 0
      vertex 66.6 -36 0
      vertex 22.9 -12.65 0
    endloop
  endfacet
  facet normal 0 0 -1
    outer loop
      vertex 66.6 -36 0
      vertex 69.9334 -34.9888 0
      vertex 69.4284 -35.2915 0
    endloop
  endfacet
  facet normal 0 0 -1
    outer loop
      vertex 71.5888 33.3334 0
      vertex 66.6 36 0
      vertex 71.2381 33.8064 0
    endloop
  endfacet
  facet normal 0 0 -1
    outer loop
      vertex 66.6 -36 0
      vertex 69.4284 -35.2915 0
      vertex 68.8961 -35.5433 0
    endloop
  endfacet
  facet normal 0 0 -1
    outer loop
      vertex 70.4064 34.6381 0
      vertex 66.6 36 0
      vertex 69.9334 34.9888 0
    endloop
  endfacet
  facet normal 0 0 -1
    outer loop
      vertex 66.6 -36 0
      vertex 68.8961 -35.5433 0
      vertex 68.3417 -35.7416 0
    endloop
  endfacet
  facet normal 0 0 -1
    outer loop
      vertex 69.9334 34.9888 0
      vertex 66.6 36 0
      vertex 69.4284 35.2915 0
    endloop
  endfacet
  facet normal 0 0 -1
    outer loop
      vertex 66.6 -36 0
      vertex 68.3417 -35.7416 0
      vertex 67.7705 -35.8847 0
    endloop
  endfacet
  facet normal 0 0 -1
    outer loop
      vertex 69.4284 35.2915 0
      vertex 66.6 36 0
      vertex 68.8961 35.5433 0
    endloop
  endfacet
  facet normal 0 0 -1
    outer loop
      vertex 66.6 -36 0
      vertex 67.7705 -35.8847 0
      vertex 67.1881 -35.9711 0
    endloop
  endfacet
  facet normal 0 0 -1
    outer loop
      vertex 68.8961 35.5433 0
      vertex 66.6 36 0
      vertex 68.3417 35.7416 0
    endloop
  endfacet
  facet normal 0 0 -1
    outer loop
      vertex 68.3417 35.7416 0
      vertex 66.6 36 0
      vertex 67.7705 35.8847 0
    endloop
  endfacet
  facet normal 0 0 -1
    outer loop
      vertex 67.7705 35.8847 0
      vertex 66.6 36 0
      vertex 67.1881 35.9711 0
    endloop
  endfacet
  facet normal 0 0 -1
    outer loop
      vertex 71.2381 33.8064 0
      vertex 66.6 36 0
      vertex 70.8426 34.2426 0
    endloop
  endfacet
  facet normal 0 0 -1
    outer loop
      vertex 66.6 -36 0
      vertex -22.9 -12.65 0
      vertex 22.9 -12.65 0
    endloop
  endfacet
  facet normal 0 0 -1
    outer loop
      vertex -72.6 -30 0
      vertex -22.9 -12.65 0
      vertex -66.6 -36 0
    endloop
  endfacet
  facet normal 0 0 -1
    outer loop
      vertex -66.6 -36 0
      vertex -22.9 -12.65 0
      vertex 66.6 -36 0
    endloop
  endfacet
  facet normal 0 0 -1
    outer loop
      vertex 70.8426 34.2426 0
      vertex 66.6 36 0
      vertex 70.4064 34.6381 0
    endloop
  endfacet
  facet normal 0 0 -1
    outer loop
      vertex -22.9 12.65 0
      vertex 66.6 36 0
      vertex 22.9 12.65 0
    endloop
  endfacet
  facet normal 0 0 -1
    outer loop
      vertex -22.9 12.65 0
      vertex -66.6 36 0
      vertex 66.6 36 0
    endloop
  endfacet
  facet normal -0 0 -1
    outer loop
      vertex -22.9 -12.65 0
      vertex -72.6 -30 0
      vertex -22.9 12.65 0
    endloop
  endfacet
  facet normal 0 0 -1
    outer loop
      vertex -72.6 -30 0
      vertex -66.6 -36 0
      vertex -67.1881 -35.9711 0
    endloop
  endfacet
  facet normal 0 0 -1
    outer loop
      vertex -72.6 30 0
      vertex -22.9 12.65 0
      vertex -72.6 -30 0
    endloop
  endfacet
  facet normal 0 0 -1
    outer loop
      vertex -72.6 -30 0
      vertex -67.1881 -35.9711 0
      vertex -67.7705 -35.8847 0
    endloop
  endfacet
  facet normal 0 0 -1
    outer loop
      vertex -22.9 12.65 0
      vertex -72.6 30 0
      vertex -66.6 36 0
    endloop
  endfacet
  facet normal 0 0 -1
    outer loop
      vertex -72.6 -30 0
      vertex -67.7705 -35.8847 0
      vertex -68.3417 -35.7416 0
    endloop
  endfacet
  facet normal 0 0 -1
    outer loop
      vertex -66.6 36 0
      vertex -72.6 30 0
      vertex -67.1881 35.9711 0
    endloop
  endfacet
  facet normal 0 0 -1
    outer loop
      vertex -72.6 -30 0
      vertex -68.3417 -35.7416 0
      vertex -68.8961 -35.5433 0
    endloop
  endfacet
  facet normal 0 0 -1
    outer loop
      vertex -67.1881 35.9711 0
      vertex -72.6 30 0
      vertex -67.7705 35.8847 0
    endloop
  endfacet
  facet normal 0 0 -1
    outer loop
      vertex -72.6 -30 0
      vertex -68.8961 -35.5433 0
      vertex -69.4284 -35.2915 0
    endloop
  endfacet
  facet normal 0 0 -1
    outer loop
      vertex -67.7705 35.8847 0
      vertex -72.6 30 0
      vertex -68.3417 35.7416 0
    endloop
  endfacet
  facet normal 0 0 -1
    outer loop
      vertex -72.6 -30 0
      vertex -69.4284 -35.2915 0
      vertex -69.9334 -34.9888 0
    endloop
  endfacet
  facet normal 0 0 -1
    outer loop
      vertex -68.3417 35.7416 0
      vertex -72.6 30 0
      vertex -68.8961 35.5433 0
    endloop
  endfacet
  facet normal 0 0 -1
    outer loop
      vertex -72.6 -30 0
      vertex -69.9334 -34.9888 0
      vertex -70.4064 -34.6381 0
    endloop
  endfacet
  facet normal 0 0 -1
    outer loop
      vertex -68.8961 35.5433 0
      vertex -72.6 30 0
      vertex -69.4284 35.2915 0
    endloop
  endfacet
  facet normal 0 0 -1
    outer loop
      vertex -72.6 -30 0
      vertex -70.4064 -34.6381 0
      vertex -70.8426 -34.2426 0
    endloop
  endfacet
  facet normal 0 0 -1
    outer loop
      vertex -69.4284 35.2915 0
      vertex -72.6 30 0
      vertex -69.9334 34.9888 0
    endloop
  endfacet
  facet normal 0 0 -1
    outer loop
      vertex -72.6 -30 0
      vertex -70.8426 -34.2426 0
      vertex -71.2381 -33.8064 0
    endloop
  endfacet
  facet normal 0 0 -1
    outer loop
      vertex -69.9334 34.9888 0
      vertex -72.6 30 0
      vertex -70.4064 34.6381 0
    endloop
  endfacet
  facet normal 0 0 -1
    outer loop
      vertex -72.6 -30 0
      vertex -71.2381 -33.8064 0
      vertex -71.5888 -33.3334 0
    endloop
  endfacet
  facet normal 0 0 -1
    outer loop
      vertex -70.4064 34.6381 0
      vertex -72.6 30 0
      vertex -70.8426 34.2426 0
    endloop
  endfacet
  facet normal 0 0 -1
    outer loop
      vertex -72.6 -30 0
      vertex -71.5888 -33.3334 0
      vertex -71.8915 -32.8284 0
    endloop
  endfacet
  facet normal 0 0 -1
    outer loop
      vertex -70.8426 34.2426 0
      vertex -72.6 30 0
      vertex -71.2381 33.8064 0
    endloop
  endfacet
  facet normal 0 0 -1
    outer loop
      vertex -72.6 -30 0
      vertex -71.8915 -32.8284 0
      vertex -72.1433 -32.2961 0
    endloop
  endfacet
  facet normal 0 0 -1
    outer loop
      vertex -71.2381 33.8064 0
      vertex -72.6 30 0
      vertex -71.5888 33.3334 0
    endloop
  endfacet
  facet normal 0 0 -1
    outer loop
      vertex -72.6 -30 0
      vertex -72.1433 -32.2961 0
      vertex -72.3416 -31.7417 0
    endloop
  endfacet
  facet normal 0 0 -1
    outer loop
      vertex -71.5888 33.3334 0
      vertex -72.6 30 0
      vertex -71.8915 32.8284 0
    endloop
  endfacet
  facet normal 0 0 -1
    outer loop
      vertex -72.6 -30 0
      vertex -72.3416 -31.7417 0
      vertex -72.4847 -31.1705 0
    endloop
  endfacet
  facet normal 0 0 -1
    outer loop
      vertex -71.8915 32.8284 0
      vertex -72.6 30 0
      vertex -72.1433 32.2961 0
    endloop
  endfacet
  facet normal 0 0 -1
    outer loop
      vertex -72.6 -30 0
      vertex -72.4847 -31.1705 0
      vertex -72.5711 -30.5881 0
    endloop
  endfacet
  facet normal 0 0 -1
    outer loop
      vertex -72.1433 32.2961 0
      vertex -72.6 30 0
      vertex -72.3416 31.7417 0
    endloop
  endfacet
  facet normal 0 0 -1
    outer loop
      vertex -72.3416 31.7417 0
      vertex -72.6 30 0
      vertex -72.4847 31.1705 0
    endloop
  endfacet
  facet normal 0 0 -1
    outer loop
      vertex -72.4847 31.1705 0
      vertex -72.6 30 0
      vertex -72.5711 30.5881 0
    endloop
  endfacet
  facet normal -0.989174 -0.146746 0
    outer loop
      vertex -72.4847 -31.1705 0
      vertex -72.5711 -30.5881 20.3971
      vertex -72.5711 -30.5881 0
    endloop
  endfacet
  facet normal -0.983944 -0.178477 0.000928183
    outer loop
      vertex -72.5711 -30.5881 20.3971
      vertex -72.4847 -31.1705 0
      vertex -72.5709 -30.5892 20.3976
    endloop
  endfacet
  facet normal -0.989203 -0.146551 -3.88518e-06
    outer loop
      vertex -72.5709 -30.5892 20.3976
      vertex -72.4847 -31.1705 0
      vertex -72.5553 -30.6945 20.4607
    endloop
  endfacet
  facet normal -0.989192 -0.146623 -2.17126e-06
    outer loop
      vertex -72.5553 -30.6945 20.4607
      vertex -72.4847 -31.1705 0
      vertex -72.5407 -30.793 20.5337
    endloop
  endfacet
  facet normal -0.989151 -0.146901 3.04937e-06
    outer loop
      vertex -72.5407 -30.793 20.5337
      vertex -72.4847 -31.1705 0
      vertex -72.5272 -30.8839 20.6161
    endloop
  endfacet
  facet normal -0.989216 -0.146465 -3.14288e-06
    outer loop
      vertex -72.5272 -30.8839 20.6161
      vertex -72.4847 -31.1705 0
      vertex -72.515 -30.9663 20.707
    endloop
  endfacet
  facet normal -0.989232 -0.146358 -4.22372e-06
    outer loop
      vertex -72.515 -30.9663 20.707
      vertex -72.4847 -31.1705 0
      vertex -72.5042 -31.0393 20.8055
    endloop
  endfacet
  facet normal -0.989086 -0.14734 2.10992e-06
    outer loop
      vertex -72.5042 -31.0393 20.8055
      vertex -72.4847 -31.1705 0
      vertex -72.4948 -31.1024 20.9108
    endloop
  endfacet
  facet normal -0.989143 -0.146957 8.32218e-07
    outer loop
      vertex -72.4948 -31.1024 20.9108
      vertex -72.4847 -31.1705 0
      vertex -72.487 -31.1549 21.0216
    endloop
  endfacet
  facet normal -0.989305 -0.145859 0
    outer loop
      vertex -72.487 -31.1549 21.0216
      vertex -72.4847 -31.1705 0
      vertex -72.4847 -31.1705 21.0655
    endloop
  endfacet
  facet normal -0.983944 -0.178477 -0.000928183
    outer loop
      vertex -72.4847 -31.1705 43
      vertex -72.5711 -30.5881 22.6029
      vertex -72.5709 -30.5892 22.6024
    endloop
  endfacet
  facet normal -0.989203 -0.146551 3.88518e-06
    outer loop
      vertex -72.4847 -31.1705 43
      vertex -72.5709 -30.5892 22.6024
      vertex -72.5553 -30.6945 22.5393
    endloop
  endfacet
  facet normal -0.989192 -0.146623 2.17126e-06
    outer loop
      vertex -72.4847 -31.1705 43
      vertex -72.5553 -30.6945 22.5393
      vertex -72.5407 -30.793 22.4663
    endloop
  endfacet
  facet normal -0.989151 -0.146901 -3.04937e-06
    outer loop
      vertex -72.4847 -31.1705 43
      vertex -72.5407 -30.793 22.4663
      vertex -72.5272 -30.8839 22.3839
    endloop
  endfacet
  facet normal -0.989216 -0.146465 3.14288e-06
    outer loop
      vertex -72.4847 -31.1705 43
      vertex -72.5272 -30.8839 22.3839
      vertex -72.515 -30.9663 22.293
    endloop
  endfacet
  facet normal -0.989232 -0.146358 4.22372e-06
    outer loop
      vertex -72.4847 -31.1705 43
      vertex -72.515 -30.9663 22.293
      vertex -72.5042 -31.0393 22.1945
    endloop
  endfacet
  facet normal -0.989086 -0.14734 -2.10992e-06
    outer loop
      vertex -72.4847 -31.1705 43
      vertex -72.5042 -31.0393 22.1945
      vertex -72.4948 -31.1024 22.0892
    endloop
  endfacet
  facet normal -0.989143 -0.146957 -8.32218e-07
    outer loop
      vertex -72.4847 -31.1705 43
      vertex -72.4948 -31.1024 22.0892
      vertex -72.487 -31.1549 21.9784
    endloop
  endfacet
  facet normal -0.989305 -0.145859 -0
    outer loop
      vertex -72.4847 -31.1705 43
      vertex -72.487 -31.1549 21.9784
      vertex -72.4847 -31.1705 21.9345
    endloop
  endfacet
  facet normal -0.989174 -0.146746 0
    outer loop
      vertex -72.5711 -30.5881 22.6029
      vertex -72.4847 -31.1705 43
      vertex -72.5711 -30.5881 43
    endloop
  endfacet
  facet normal 0.427612 -0.903962 0
    outer loop
      vertex 68.8961 -35.5433 0
      vertex 69.4284 -35.2915 43
      vertex 68.8961 -35.5433 43
    endloop
  endfacet
  facet normal 0.427612 -0.903962 0
    outer loop
      vertex 69.4284 -35.2915 43
      vertex 68.8961 -35.5433 0
      vertex 69.4284 -35.2915 0
    endloop
  endfacet
  facet normal -0.514121 -0.857718 0
    outer loop
      vertex -69.9334 -34.9888 0
      vertex -69.4284 -35.2915 43
      vertex -69.9334 -34.9888 43
    endloop
  endfacet
  facet normal -0.514121 -0.857718 -0
    outer loop
      vertex -69.4284 -35.2915 43
      vertex -69.9334 -34.9888 0
      vertex -69.4284 -35.2915 0
    endloop
  endfacet
  facet normal 0.336788 -0.94158 0
    outer loop
      vertex 68.3417 -35.7416 0
      vertex 68.8961 -35.5433 43
      vertex 68.3417 -35.7416 43
    endloop
  endfacet
  facet normal 0.336788 -0.94158 0
    outer loop
      vertex 68.8961 -35.5433 43
      vertex 68.3417 -35.7416 0
      vertex 68.8961 -35.5433 0
    endloop
  endfacet
  facet normal 0.243015 0.970023 -0
    outer loop
      vertex 68.3417 35.7416 0
      vertex 67.7705 35.8847 43
      vertex 68.3417 35.7416 43
    endloop
  endfacet
  facet normal 0.243015 0.970023 0
    outer loop
      vertex 67.7705 35.8847 43
      vertex 68.3417 35.7416 0
      vertex 67.7705 35.8847 0
    endloop
  endfacet
  facet normal 0.803723 -0.595004 0
    outer loop
      vertex 71.5888 -33.3334 43
      vertex 71.5315 -33.4108 38.1024
      vertex 71.5888 -33.3334 38.056
    endloop
  endfacet
  facet normal 0.802781 -0.596274 3.11e-05
    outer loop
      vertex 71.5888 -33.3334 43
      vertex 71.4492 -33.5216 38.1549
      vertex 71.5315 -33.4108 38.1024
    endloop
  endfacet
  facet normal 0.803406 -0.595432 -1.96539e-05
    outer loop
      vertex 71.5888 -33.3334 43
      vertex 71.3636 -33.6371 38.1962
      vertex 71.4492 -33.5216 38.1549
    endloop
  endfacet
  facet normal 0.80307 -0.595885 2.47682e-05
    outer loop
      vertex 71.5888 -33.3334 43
      vertex 71.2753 -33.7561 38.226
      vertex 71.3636 -33.6371 38.1962
    endloop
  endfacet
  facet normal 0.803289 -0.595589 0
    outer loop
      vertex 71.2381 -33.8064 38.2334
      vertex 71.5888 -33.3334 43
      vertex 71.2381 -33.8064 43
    endloop
  endfacet
  facet normal 0.804 -0.59463 -0.000147441
    outer loop
      vertex 71.5888 -33.3334 43
      vertex 71.2381 -33.8064 38.2334
      vertex 71.2753 -33.7561 38.226
    endloop
  endfacet
  facet normal 0.803723 -0.595004 0
    outer loop
      vertex 71.5315 -33.4108 35.8976
      vertex 71.5888 -33.3334 0
      vertex 71.5888 -33.3334 35.944
    endloop
  endfacet
  facet normal 0.802775 -0.596283 -4.27042e-06
    outer loop
      vertex 71.4492 -33.5216 35.8451
      vertex 71.5888 -33.3334 0
      vertex 71.5315 -33.4108 35.8976
    endloop
  endfacet
  facet normal 0.803409 -0.595428 2.68844e-06
    outer loop
      vertex 71.3636 -33.6371 35.8038
      vertex 71.5888 -33.3334 0
      vertex 71.4492 -33.5216 35.8451
    endloop
  endfacet
  facet normal 0.803067 -0.595889 -3.3686e-06
    outer loop
      vertex 71.2753 -33.7561 35.774
      vertex 71.5888 -33.3334 0
      vertex 71.3636 -33.6371 35.8038
    endloop
  endfacet
  facet normal 0.804009 -0.594618 1.98977e-05
    outer loop
      vertex 71.2381 -33.8064 35.7666
      vertex 71.5888 -33.3334 0
      vertex 71.2753 -33.7561 35.774
    endloop
  endfacet
  facet normal 0.803289 -0.595589 0
    outer loop
      vertex 71.5888 -33.3334 0
      vertex 71.2381 -33.8064 35.7666
      vertex 71.2381 -33.8064 0
    endloop
  endfacet
  facet normal -0.6717 -0.740823 0
    outer loop
      vertex -70.8426 -34.2426 0
      vertex -70.4064 -34.6381 43
      vertex -70.8426 -34.2426 43
    endloop
  endfacet
  facet normal -0.6717 -0.740823 -0
    outer loop
      vertex -70.4064 -34.6381 43
      vertex -70.8426 -34.2426 0
      vertex -70.4064 -34.6381 0
    endloop
  endfacet
  facet normal 0.146746 -0.989174 0
    outer loop
      vertex 67.1881 -35.9711 0
      vertex 67.7705 -35.8847 43
      vertex 67.1881 -35.9711 43
    endloop
  endfacet
  facet normal 0.146746 -0.989174 0
    outer loop
      vertex 67.7705 -35.8847 43
      vertex 67.1881 -35.9711 0
      vertex 67.7705 -35.8847 0
    endloop
  endfacet
  facet normal -0.595589 0.803289 0
    outer loop
      vertex -69.9334 34.9888 0
      vertex -70.4064 34.6381 43
      vertex -69.9334 34.9888 43
    endloop
  endfacet
  facet normal -0.595589 0.803289 0
    outer loop
      vertex -70.4064 34.6381 43
      vertex -69.9334 34.9888 0
      vertex -70.4064 34.6381 0
    endloop
  endfacet
  facet normal 0.857946 -0.51374 0
    outer loop
      vertex 71.8815 -32.8451 36.5216
      vertex 71.8915 -32.8284 0
      vertex 71.8915 -32.8284 36.5685
    endloop
  endfacet
  facet normal 0.857493 -0.514495 -4.69129e-07
    outer loop
      vertex 71.85 -32.8976 36.4108
      vertex 71.8915 -32.8284 0
      vertex 71.8815 -32.8451 36.5216
    endloop
  endfacet
  facet normal 0.857852 -0.513897 1.07566e-06
    outer loop
      vertex 71.8122 -32.9607 36.3055
      vertex 71.8915 -32.8284 0
      vertex 71.85 -32.8976 36.4108
    endloop
  endfacet
  facet normal 0.857494 -0.514494 -1.88026e-06
    outer loop
      vertex 71.7684 -33.0337 36.207
      vertex 71.8915 -32.8284 0
      vertex 71.8122 -32.9607 36.3055
    endloop
  endfacet
  facet normal 0.858132 -0.513428 6.33141e-06
    outer loop
      vertex 71.7191 -33.1161 36.1161
      vertex 71.8915 -32.8284 0
      vertex 71.7684 -33.0337 36.207
    endloop
  endfacet
  facet normal 0.85766 -0.514217 -2.20208e-06
    outer loop
      vertex 71.6646 -33.207 36.0337
      vertex 71.8915 -32.8284 0
      vertex 71.7191 -33.1161 36.1161
    endloop
  endfacet
  facet normal 0.857495 -0.514492 -6.13942e-06
    outer loop
      vertex 71.6055 -33.3055 35.9607
      vertex 71.8915 -32.8284 0
      vertex 71.6646 -33.207 36.0337
    endloop
  endfacet
  facet normal 0.858033 -0.513595 1.00374e-05
    outer loop
      vertex 71.5888 -33.3334 35.944
      vertex 71.8915 -32.8284 0
      vertex 71.6055 -33.3055 35.9607
    endloop
  endfacet
  facet normal 0.857718 -0.514121 0
    outer loop
      vertex 71.8915 -32.8284 0
      vertex 71.5888 -33.3334 35.944
      vertex 71.5888 -33.3334 0
    endloop
  endfacet
  facet normal 0.857946 -0.51374 0
    outer loop
      vertex 71.8915 -32.8284 43
      vertex 71.8815 -32.8451 37.4784
      vertex 71.8915 -32.8284 37.4315
    endloop
  endfacet
  facet normal 0.857496 -0.514491 3.08627e-06
    outer loop
      vertex 71.8915 -32.8284 43
      vertex 71.85 -32.8976 37.5892
      vertex 71.8815 -32.8451 37.4784
    endloop
  endfacet
  facet normal 0.857847 -0.513905 -7.10961e-06
    outer loop
      vertex 71.8915 -32.8284 43
      vertex 71.8122 -32.9607 37.6945
      vertex 71.85 -32.8976 37.5892
    endloop
  endfacet
  facet normal 0.8575 -0.514483 1.25091e-05
    outer loop
      vertex 71.8915 -32.8284 43
      vertex 71.7684 -33.0337 37.793
      vertex 71.8122 -32.9607 37.6945
    endloop
  endfacet
  facet normal 0.858115 -0.513458 -4.24536e-05
    outer loop
      vertex 71.8915 -32.8284 43
      vertex 71.7191 -33.1161 37.8839
      vertex 71.7684 -33.0337 37.793
    endloop
  endfacet
  facet normal 0.857665 -0.514208 1.48981e-05
    outer loop
      vertex 71.8915 -32.8284 43
      vertex 71.6646 -33.207 37.9663
      vertex 71.7191 -33.1161 37.8839
    endloop
  endfacet
  facet normal 0.857507 -0.514473 4.19533e-05
    outer loop
      vertex 71.8915 -32.8284 43
      vertex 71.6055 -33.3055 38.0393
      vertex 71.6646 -33.207 37.9663
    endloop
  endfacet
  facet normal 0.857718 -0.514121 0
    outer loop
      vertex 71.5888 -33.3334 38.056
      vertex 71.8915 -32.8284 43
      vertex 71.5888 -33.3334 43
    endloop
  endfacet
  facet normal 0.858017 -0.513621 -6.93466e-05
    outer loop
      vertex 71.8915 -32.8284 43
      vertex 71.5888 -33.3334 38.056
      vertex 71.6055 -33.3055 38.0393
    endloop
  endfacet
  facet normal 0.903962 0.427612 0
    outer loop
      vertex 72.1433 32.2961 43
      vertex 71.8915 32.8284 37.4315
      vertex 71.8915 32.8284 43
    endloop
  endfacet
  facet normal 0.904375 0.426738 -0.000102165
    outer loop
      vertex 71.8915 32.8284 37.4315
      vertex 72.1433 32.2961 43
      vertex 71.9031 32.8038 37.3629
    endloop
  endfacet
  facet normal 0.903927 0.427687 2.41415e-06
    outer loop
      vertex 71.9031 32.8038 37.3629
      vertex 72.1433 32.2961 43
      vertex 71.9172 32.774 37.2439
    endloop
  endfacet
  facet normal 0.902891 0.429869 0.000224233
    outer loop
      vertex 71.9172 32.774 37.2439
      vertex 72.1433 32.2961 43
      vertex 71.9258 32.756 37.1225
    endloop
  endfacet
  facet normal 0.904843 0.425745 -0.00017069
    outer loop
      vertex 71.9258 32.756 37.1225
      vertex 72.1433 32.2961 43
      vertex 71.9286 32.75 37
    endloop
  endfacet
  facet normal 0.904465 0.426548 1.89376e-05
    outer loop
      vertex 72.1433 32.2961 0
      vertex 71.8915 32.8284 36.5685
      vertex 71.9031 32.8038 36.6371
    endloop
  endfacet
  facet normal 0.903924 0.427694 -4.78556e-07
    outer loop
      vertex 72.1433 32.2961 0
      vertex 71.9031 32.8038 36.6371
      vertex 71.9172 32.774 36.7561
    endloop
  endfacet
  facet normal 0.902436 0.430824 -5.03369e-05
    outer loop
      vertex 72.1433 32.2961 0
      vertex 71.9172 32.774 36.7561
      vertex 71.9258 32.756 36.8775
    endloop
  endfacet
  facet normal 0.899879 0.436139 0.000793251
    outer loop
      vertex 72.1433 32.2961 43
      vertex 71.9258 32.756 36.8775
      vertex 71.9286 32.75 37
    endloop
  endfacet
  facet normal 0.904002 0.427529 0
    outer loop
      vertex 71.9258 32.756 36.8775
      vertex 72.1433 32.2961 43
      vertex 72.1433 32.2961 0
    endloop
  endfacet
  facet normal 0.903962 0.427612 0
    outer loop
      vertex 71.8915 32.8284 36.5685
      vertex 72.1433 32.2961 0
      vertex 71.8915 32.8284 0
    endloop
  endfacet
  facet normal 0.6717 -0.740823 0
    outer loop
      vertex 70.4064 -34.6381 43
      vertex 70.8426 -34.2426 38.2262
      vertex 70.8426 -34.2426 43
    endloop
  endfacet
  facet normal 0.706637 -0.707552 0.00594875
    outer loop
      vertex 70.4064 -34.6381 43
      vertex 70.8413 -34.2439 38.226
      vertex 70.8426 -34.2426 38.2262
    endloop
  endfacet
  facet normal 0.671549 -0.74096 -6.20761e-06
    outer loop
      vertex 70.4064 -34.6381 43
      vertex 70.71 -34.3629 38.1962
      vertex 70.8413 -34.2439 38.226
    endloop
  endfacet
  facet normal 0.671658 -0.740861 6.31083e-06
    outer loop
      vertex 70.4064 -34.6381 43
      vertex 70.5826 -34.4784 38.1549
      vertex 70.71 -34.3629 38.1962
    endloop
  endfacet
  facet normal 0.671111 -0.741357 -2.99354e-05
    outer loop
      vertex 70.4064 -34.6381 43
      vertex 70.4602 -34.5892 38.1024
      vertex 70.5826 -34.4784 38.1549
    endloop
  endfacet
  facet normal 0.672604 -0.740002 0
    outer loop
      vertex 70.4602 -34.5892 38.1024
      vertex 70.4064 -34.6381 43
      vertex 70.4064 -34.6381 38.0731
    endloop
  endfacet
  facet normal 0.672604 -0.740002 0
    outer loop
      vertex 70.4064 -34.6381 0
      vertex 70.4602 -34.5892 35.8976
      vertex 70.4064 -34.6381 35.9269
    endloop
  endfacet
  facet normal 0.671105 -0.741363 4.1008e-06
    outer loop
      vertex 70.4064 -34.6381 0
      vertex 70.5826 -34.4784 35.8451
      vertex 70.4602 -34.5892 35.8976
    endloop
  endfacet
  facet normal 0.671659 -0.74086 -8.61702e-07
    outer loop
      vertex 70.4064 -34.6381 0
      vertex 70.71 -34.3629 35.8038
      vertex 70.5826 -34.4784 35.8451
    endloop
  endfacet
  facet normal 0.671549 -0.740961 8.43201e-07
    outer loop
      vertex 70.4064 -34.6381 0
      vertex 70.8413 -34.2439 35.774
      vertex 70.71 -34.3629 35.8038
    endloop
  endfacet
  facet normal 0.707045 -0.707168 -0.000803042
    outer loop
      vertex 70.4064 -34.6381 0
      vertex 70.8426 -34.2426 35.7738
      vertex 70.8413 -34.2439 35.774
    endloop
  endfacet
  facet normal 0.6717 -0.740823 0
    outer loop
      vertex 70.8426 -34.2426 35.7738
      vertex 70.4064 -34.6381 0
      vertex 70.8426 -34.2426 0
    endloop
  endfacet
  facet normal 0.740805 0.67172 0
    outer loop
      vertex 70.9515 34.1225 35.756
      vertex 70.8426 34.2426 0
      vertex 70.8426 34.2426 35.7738
    endloop
  endfacet
  facet normal 0.740733 0.671799 4.83583e-07
    outer loop
      vertex 71.0626 34 35.75
      vertex 70.8426 34.2426 0
      vertex 70.9515 34.1225 35.756
    endloop
  endfacet
  facet normal 0.741034 0.671468 1.54786e-06
    outer loop
      vertex 71.2381 33.8064 0
      vertex 71.0626 34 35.75
      vertex 71.1736 33.8775 35.756
    endloop
  endfacet
  facet normal 0.740647 0.671895 -0
    outer loop
      vertex 71.2381 33.8064 0
      vertex 71.1736 33.8775 35.756
      vertex 71.2381 33.8064 35.7666
    endloop
  endfacet
  facet normal 0.740823 0.6717 -7.45852e-07
    outer loop
      vertex 71.0626 34 35.75
      vertex 71.2381 33.8064 0
      vertex 70.8426 34.2426 0
    endloop
  endfacet
  facet normal 0.740805 0.67172 0
    outer loop
      vertex 70.8426 34.2426 43
      vertex 70.9515 34.1225 38.244
      vertex 70.8426 34.2426 38.2262
    endloop
  endfacet
  facet normal 0.740733 0.671799 -3.63173e-06
    outer loop
      vertex 70.8426 34.2426 43
      vertex 71.0626 34 38.25
      vertex 70.9515 34.1225 38.244
    endloop
  endfacet
  facet normal 0.740823 0.6717 5.61352e-06
    outer loop
      vertex 71.2381 33.8064 43
      vertex 71.0626 34 38.25
      vertex 70.8426 34.2426 43
    endloop
  endfacet
  facet normal 0.741034 0.671468 -1.16296e-05
    outer loop
      vertex 71.0626 34 38.25
      vertex 71.2381 33.8064 43
      vertex 71.1736 33.8775 38.244
    endloop
  endfacet
  facet normal 0.740647 0.671895 0
    outer loop
      vertex 71.1736 33.8775 38.244
      vertex 71.2381 33.8064 43
      vertex 71.2381 33.8064 38.2334
    endloop
  endfacet
  facet normal -0.903962 0.427612 0
    outer loop
      vertex -72.1433 32.2961 0
      vertex -71.8915 32.8284 43
      vertex -71.8915 32.8284 0
    endloop
  endfacet
  facet normal -0.903962 0.427612 0
    outer loop
      vertex -71.8915 32.8284 43
      vertex -72.1433 32.2961 0
      vertex -72.1433 32.2961 43
    endloop
  endfacet
  facet normal -0.857718 0.514121 0
    outer loop
      vertex -71.8915 32.8284 0
      vertex -71.5888 33.3334 43
      vertex -71.5888 33.3334 0
    endloop
  endfacet
  facet normal -0.857718 0.514121 0
    outer loop
      vertex -71.5888 33.3334 43
      vertex -71.8915 32.8284 0
      vertex -71.8915 32.8284 43
    endloop
  endfacet
  facet normal -0.970023 -0.243015 0
    outer loop
      vertex -72.3416 -31.7417 0
      vertex -72.4847 -31.1705 21.0655
      vertex -72.4847 -31.1705 0
    endloop
  endfacet
  facet normal -0.97034 -0.241743 -3.66451e-05
    outer loop
      vertex -72.4847 -31.1705 21.0655
      vertex -72.3416 -31.7417 0
      vertex -72.4783 -31.1962 21.1371
    endloop
  endfacet
  facet normal -0.969782 -0.243975 2.45516e-05
    outer loop
      vertex -72.4783 -31.1962 21.1371
      vertex -72.3416 -31.7417 0
      vertex -72.4708 -31.226 21.2561
    endloop
  endfacet
  facet normal -0.970125 -0.242604 -1.07861e-05
    outer loop
      vertex -72.4708 -31.226 21.2561
      vertex -72.3416 -31.7417 0
      vertex -72.4663 -31.244 21.3775
    endloop
  endfacet
  facet normal -0.970102 -0.242698 -8.4587e-06
    outer loop
      vertex -72.4663 -31.244 21.3775
      vertex -72.3416 -31.7417 0
      vertex -72.4648 -31.25 21.5
    endloop
  endfacet
  facet normal -0.97034 -0.241743 3.66451e-05
    outer loop
      vertex -72.3416 -31.7417 43
      vertex -72.4847 -31.1705 21.9345
      vertex -72.4783 -31.1962 21.8629
    endloop
  endfacet
  facet normal -0.969782 -0.243975 -2.45516e-05
    outer loop
      vertex -72.3416 -31.7417 43
      vertex -72.4783 -31.1962 21.8629
      vertex -72.4708 -31.226 21.7439
    endloop
  endfacet
  facet normal -0.970125 -0.242604 1.07861e-05
    outer loop
      vertex -72.3416 -31.7417 43
      vertex -72.4708 -31.226 21.7439
      vertex -72.4663 -31.244 21.6225
    endloop
  endfacet
  facet normal -0.970102 -0.242698 8.4587e-06
    outer loop
      vertex -72.3416 -31.7417 43
      vertex -72.4663 -31.244 21.6225
      vertex -72.4648 -31.25 21.5
    endloop
  endfacet
  facet normal -0.970015 -0.243046 -0
    outer loop
      vertex -72.3416 -31.7417 43
      vertex -72.4648 -31.25 21.5
      vertex -72.3416 -31.7417 0
    endloop
  endfacet
  facet normal -0.970023 -0.243015 0
    outer loop
      vertex -72.4847 -31.1705 21.9345
      vertex -72.3416 -31.7417 43
      vertex -72.4847 -31.1705 43
    endloop
  endfacet
  facet normal 0.740647 -0.671895 0
    outer loop
      vertex 71.2381 -33.8064 43
      vertex 71.1736 -33.8775 38.244
      vertex 71.2381 -33.8064 38.2334
    endloop
  endfacet
  facet normal 0.741034 -0.671468 -1.16296e-05
    outer loop
      vertex 71.2381 -33.8064 43
      vertex 71.0626 -34 38.25
      vertex 71.1736 -33.8775 38.244
    endloop
  endfacet
  facet normal 0.740823 -0.6717 5.61352e-06
    outer loop
      vertex 70.8426 -34.2426 43
      vertex 71.0626 -34 38.25
      vertex 71.2381 -33.8064 43
    endloop
  endfacet
  facet normal 0.740733 -0.671799 -3.63173e-06
    outer loop
      vertex 71.0626 -34 38.25
      vertex 70.8426 -34.2426 43
      vertex 70.9515 -34.1225 38.244
    endloop
  endfacet
  facet normal 0.740805 -0.67172 0
    outer loop
      vertex 70.9515 -34.1225 38.244
      vertex 70.8426 -34.2426 43
      vertex 70.8426 -34.2426 38.2262
    endloop
  endfacet
  facet normal 0.740647 -0.671895 0
    outer loop
      vertex 71.1736 -33.8775 35.756
      vertex 71.2381 -33.8064 0
      vertex 71.2381 -33.8064 35.7666
    endloop
  endfacet
  facet normal 0.741034 -0.671468 1.54786e-06
    outer loop
      vertex 71.0626 -34 35.75
      vertex 71.2381 -33.8064 0
      vertex 71.1736 -33.8775 35.756
    endloop
  endfacet
  facet normal 0.740733 -0.671799 4.83583e-07
    outer loop
      vertex 70.8426 -34.2426 0
      vertex 71.0626 -34 35.75
      vertex 70.9515 -34.1225 35.756
    endloop
  endfacet
  facet normal 0.740805 -0.67172 0
    outer loop
      vertex 70.8426 -34.2426 0
      vertex 70.9515 -34.1225 35.756
      vertex 70.8426 -34.2426 35.7738
    endloop
  endfacet
  facet normal 0.740823 -0.6717 -7.45852e-07
    outer loop
      vertex 71.0626 -34 35.75
      vertex 70.8426 -34.2426 0
      vertex 71.2381 -33.8064 0
    endloop
  endfacet
  facet normal 0.94158 -0.336788 0
    outer loop
      vertex 72.1433 -32.2961 43
      vertex 72.3416 -31.7417 0
      vertex 72.3416 -31.7417 43
    endloop
  endfacet
  facet normal 0.94158 -0.336788 0
    outer loop
      vertex 72.3416 -31.7417 0
      vertex 72.1433 -32.2961 43
      vertex 72.1433 -32.2961 0
    endloop
  endfacet
  facet normal 0.989174 -0.146746 0
    outer loop
      vertex 72.4847 -31.1705 43
      vertex 72.5711 -30.5881 0
      vertex 72.5711 -30.5881 43
    endloop
  endfacet
  facet normal 0.989174 -0.146746 0
    outer loop
      vertex 72.5711 -30.5881 0
      vertex 72.4847 -31.1705 43
      vertex 72.4847 -31.1705 0
    endloop
  endfacet
  facet normal -0.857718 -0.514121 0
    outer loop
      vertex -71.5888 -33.3334 0
      vertex -71.8915 -32.8284 43
      vertex -71.8915 -32.8284 0
    endloop
  endfacet
  facet normal -0.857718 -0.514121 0
    outer loop
      vertex -71.8915 -32.8284 43
      vertex -71.5888 -33.3334 0
      vertex -71.5888 -33.3334 43
    endloop
  endfacet
  facet normal 0.998795 0.0490821 0
    outer loop
      vertex 72.6 30 43
      vertex 72.5711 30.5881 0
      vertex 72.5711 30.5881 43
    endloop
  endfacet
  facet normal 0.998795 0.0490821 0
    outer loop
      vertex 72.5711 30.5881 0
      vertex 72.6 30 43
      vertex 72.6 30 0
    endloop
  endfacet
  facet normal 0.514121 -0.857718 0
    outer loop
      vertex 69.4284 -35.2915 43
      vertex 69.9334 -34.9888 37.7626
      vertex 69.9334 -34.9888 43
    endloop
  endfacet
  facet normal 0.513913 -0.857842 -2.72366e-05
    outer loop
      vertex 69.4284 -35.2915 43
      vertex 69.8491 -35.0393 37.6945
      vertex 69.9334 -34.9888 37.7626
    endloop
  endfacet
  facet normal 0.51436 -0.857574 2.09682e-05
    outer loop
      vertex 69.4284 -35.2915 43
      vertex 69.7439 -35.1024 37.5892
      vertex 69.8491 -35.0393 37.6945
    endloop
  endfacet
  facet normal 0.514468 -0.857509 2.95168e-05
    outer loop
      vertex 69.4284 -35.2915 43
      vertex 69.6564 -35.1549 37.4784
      vertex 69.7439 -35.1024 37.5892
    endloop
  endfacet
  facet normal 0.514117 -0.85772 9.82607e-06
    outer loop
      vertex 69.4284 -35.2915 43
      vertex 69.5875 -35.1962 37.3629
      vertex 69.6564 -35.1549 37.4784
    endloop
  endfacet
  facet normal 0.513506 -0.858086 -1.36304e-05
    outer loop
      vertex 69.4284 -35.2915 43
      vertex 69.5377 -35.226 37.2439
      vertex 69.5875 -35.1962 37.3629
    endloop
  endfacet
  facet normal 0.514463 -0.857513 1.10675e-05
    outer loop
      vertex 69.4284 -35.2915 43
      vertex 69.5077 -35.244 37.1225
      vertex 69.5377 -35.226 37.2439
    endloop
  endfacet
  facet normal 0.514406 -0.857547 1.00167e-05
    outer loop
      vertex 69.4284 -35.2915 43
      vertex 69.4977 -35.25 37
      vertex 69.5077 -35.244 37.1225
    endloop
  endfacet
  facet normal 0.513767 -0.85793 0
    outer loop
      vertex 69.4284 -35.2915 0
      vertex 69.4977 -35.25 37
      vertex 69.4284 -35.2915 43
    endloop
  endfacet
  facet normal 0.514479 -0.857503 -1.81247e-06
    outer loop
      vertex 69.4284 -35.2915 0
      vertex 69.5077 -35.244 36.8775
      vertex 69.4977 -35.25 37
    endloop
  endfacet
  facet normal 0.51449 -0.857496 -1.84416e-06
    outer loop
      vertex 69.4284 -35.2915 0
      vertex 69.5377 -35.226 36.7561
      vertex 69.5077 -35.244 36.8775
    endloop
  endfacet
  facet normal 0.513486 -0.858098 2.2157e-06
    outer loop
      vertex 69.4284 -35.2915 0
      vertex 69.5875 -35.1962 36.6371
      vertex 69.5377 -35.226 36.7561
    endloop
  endfacet
  facet normal 0.514128 -0.857714 -1.57195e-06
    outer loop
      vertex 69.4284 -35.2915 0
      vertex 69.6564 -35.1549 36.5216
      vertex 69.5875 -35.1962 36.6371
    endloop
  endfacet
  facet normal 0.514491 -0.857496 -4.659e-06
    outer loop
      vertex 69.4284 -35.2915 0
      vertex 69.7439 -35.1024 36.4108
      vertex 69.6564 -35.1549 36.5216
    endloop
  endfacet
  facet normal 0.514373 -0.857566 -3.26944e-06
    outer loop
      vertex 69.4284 -35.2915 0
      vertex 69.8491 -35.0393 36.3055
      vertex 69.7439 -35.1024 36.4108
    endloop
  endfacet
  facet normal 0.5139 -0.85785 4.19594e-06
    outer loop
      vertex 69.4284 -35.2915 0
      vertex 69.9334 -34.9888 36.2374
      vertex 69.8491 -35.0393 36.3055
    endloop
  endfacet
  facet normal 0.514121 -0.857718 0
    outer loop
      vertex 69.9334 -34.9888 36.2374
      vertex 69.4284 -35.2915 0
      vertex 69.9334 -34.9888 0
    endloop
  endfacet
  facet normal 0.804009 0.594618 1.98977e-05
    outer loop
      vertex 71.5888 33.3334 0
      vertex 71.2381 33.8064 35.7666
      vertex 71.2753 33.7561 35.774
    endloop
  endfacet
  facet normal 0.803067 0.595889 -3.3686e-06
    outer loop
      vertex 71.5888 33.3334 0
      vertex 71.2753 33.7561 35.774
      vertex 71.3636 33.6371 35.8038
    endloop
  endfacet
  facet normal 0.803409 0.595428 2.68844e-06
    outer loop
      vertex 71.5888 33.3334 0
      vertex 71.3636 33.6371 35.8038
      vertex 71.4492 33.5216 35.8451
    endloop
  endfacet
  facet normal 0.802775 0.596283 -4.27042e-06
    outer loop
      vertex 71.5888 33.3334 0
      vertex 71.4492 33.5216 35.8451
      vertex 71.5315 33.4108 35.8976
    endloop
  endfacet
  facet normal 0.803723 0.595004 -0
    outer loop
      vertex 71.5888 33.3334 0
      vertex 71.5315 33.4108 35.8976
      vertex 71.5888 33.3334 35.944
    endloop
  endfacet
  facet normal 0.803289 0.595589 0
    outer loop
      vertex 71.2381 33.8064 35.7666
      vertex 71.5888 33.3334 0
      vertex 71.2381 33.8064 0
    endloop
  endfacet
  facet normal 0.803289 0.595589 0
    outer loop
      vertex 71.5888 33.3334 43
      vertex 71.2381 33.8064 38.2334
      vertex 71.2381 33.8064 43
    endloop
  endfacet
  facet normal 0.804 0.59463 -0.000147441
    outer loop
      vertex 71.2381 33.8064 38.2334
      vertex 71.5888 33.3334 43
      vertex 71.2753 33.7561 38.226
    endloop
  endfacet
  facet normal 0.80307 0.595885 2.47682e-05
    outer loop
      vertex 71.2753 33.7561 38.226
      vertex 71.5888 33.3334 43
      vertex 71.3636 33.6371 38.1962
    endloop
  endfacet
  facet normal 0.803406 0.595432 -1.96539e-05
    outer loop
      vertex 71.3636 33.6371 38.1962
      vertex 71.5888 33.3334 43
      vertex 71.4492 33.5216 38.1549
    endloop
  endfacet
  facet normal 0.802781 0.596274 3.11e-05
    outer loop
      vertex 71.4492 33.5216 38.1549
      vertex 71.5888 33.3334 43
      vertex 71.5315 33.4108 38.1024
    endloop
  endfacet
  facet normal 0.803723 0.595004 0
    outer loop
      vertex 71.5315 33.4108 38.1024
      vertex 71.5888 33.3334 43
      vertex 71.5888 33.3334 38.056
    endloop
  endfacet
  facet normal 0.595589 0.803289 0
    outer loop
      vertex 69.9334 34.9888 0
      vertex 70.4064 34.6381 35.9269
      vertex 70.4064 34.6381 0
    endloop
  endfacet
  facet normal 0.59543 0.803407 3.23405e-06
    outer loop
      vertex 70.4064 34.6381 35.9269
      vertex 69.9334 34.9888 0
      vertex 70.3303 34.6945 35.9607
    endloop
  endfacet
  facet normal 0.595733 0.803183 -1.94086e-06
    outer loop
      vertex 70.3303 34.6945 35.9607
      vertex 69.9334 34.9888 0
      vertex 70.1975 34.793 36.0337
    endloop
  endfacet
  facet normal 0.595588 0.80329 -2.91316e-07
    outer loop
      vertex 70.1975 34.793 36.0337
      vertex 69.9334 34.9888 0
      vertex 70.0749 34.8839 36.1161
    endloop
  endfacet
  facet normal 0.595711 0.803199 -1.03958e-06
    outer loop
      vertex 70.0749 34.8839 36.1161
      vertex 69.9334 34.9888 0
      vertex 69.9638 34.9663 36.207
    endloop
  endfacet
  facet normal 0.594911 0.803791 0
    outer loop
      vertex 69.9638 34.9663 36.207
      vertex 69.9334 34.9888 0
      vertex 69.9334 34.9888 36.2374
    endloop
  endfacet
  facet normal 0.595589 0.803289 -0
    outer loop
      vertex 70.4064 34.6381 38.0731
      vertex 69.9334 34.9888 43
      vertex 70.4064 34.6381 43
    endloop
  endfacet
  facet normal 0.595436 0.803403 -2.27503e-05
    outer loop
      vertex 70.3303 34.6945 38.0393
      vertex 69.9334 34.9888 43
      vertex 70.4064 34.6381 38.0731
    endloop
  endfacet
  facet normal 0.595729 0.803186 1.35586e-05
    outer loop
      vertex 70.1975 34.793 37.9663
      vertex 69.9334 34.9888 43
      vertex 70.3303 34.6945 38.0393
    endloop
  endfacet
  facet normal 0.595587 0.803291 2.02428e-06
    outer loop
      vertex 70.0749 34.8839 37.8839
      vertex 69.9334 34.9888 43
      vertex 70.1975 34.793 37.9663
    endloop
  endfacet
  facet normal 0.595708 0.803201 7.19931e-06
    outer loop
      vertex 69.9638 34.9663 37.793
      vertex 69.9334 34.9888 43
      vertex 70.0749 34.8839 37.8839
    endloop
  endfacet
  facet normal 0.594911 0.803791 0
    outer loop
      vertex 69.9334 34.9888 43
      vertex 69.9638 34.9663 37.793
      vertex 69.9334 34.9888 37.7626
    endloop
  endfacet
  facet normal 0 0 1
    outer loop
      vertex 66.6 36 43
      vertex 72.6 30 43
      vertex 72.5711 30.5881 43
    endloop
  endfacet
  facet normal 0 0 1
    outer loop
      vertex 72.6 30 43
      vertex 22.9 12.65 43
      vertex 72.6 -30 43
    endloop
  endfacet
  facet normal 0 0 1
    outer loop
      vertex 66.6 36 43
      vertex 72.5711 30.5881 43
      vertex 72.4847 31.1705 43
    endloop
  endfacet
  facet normal -0 0 1
    outer loop
      vertex 22.9 -12.65 43
      vertex 72.6 -30 43
      vertex 22.9 12.65 43
    endloop
  endfacet
  facet normal 0 0 1
    outer loop
      vertex 66.6 36 43
      vertex 72.4847 31.1705 43
      vertex 72.3416 31.7417 43
    endloop
  endfacet
  facet normal 0 -0 1
    outer loop
      vertex 66.6 -36 43
      vertex 72.6 -30 43
      vertex 22.9 -12.65 43
    endloop
  endfacet
  facet normal 0 0 1
    outer loop
      vertex 66.6 36 43
      vertex 72.3416 31.7417 43
      vertex 72.1433 32.2961 43
    endloop
  endfacet
  facet normal 0 0 1
    outer loop
      vertex 72.6 -30 43
      vertex 66.6 -36 43
      vertex 72.5711 -30.5881 43
    endloop
  endfacet
  facet normal 0 0 1
    outer loop
      vertex 66.6 36 43
      vertex 72.1433 32.2961 43
      vertex 71.8915 32.8284 43
    endloop
  endfacet
  facet normal 0 0 1
    outer loop
      vertex 72.5711 -30.5881 43
      vertex 66.6 -36 43
      vertex 72.4847 -31.1705 43
    endloop
  endfacet
  facet normal 0 0 1
    outer loop
      vertex 66.6 36 43
      vertex 71.8915 32.8284 43
      vertex 71.5888 33.3334 43
    endloop
  endfacet
  facet normal 0 0 1
    outer loop
      vertex 72.4847 -31.1705 43
      vertex 66.6 -36 43
      vertex 72.3416 -31.7417 43
    endloop
  endfacet
  facet normal 0 0 1
    outer loop
      vertex 66.6 36 43
      vertex 71.5888 33.3334 43
      vertex 71.2381 33.8064 43
    endloop
  endfacet
  facet normal 0 0 1
    outer loop
      vertex 72.3416 -31.7417 43
      vertex 66.6 -36 43
      vertex 72.1433 -32.2961 43
    endloop
  endfacet
  facet normal 0 0 1
    outer loop
      vertex 66.6 36 43
      vertex 71.2381 33.8064 43
      vertex 70.8426 34.2426 43
    endloop
  endfacet
  facet normal 0 0 1
    outer loop
      vertex 72.1433 -32.2961 43
      vertex 66.6 -36 43
      vertex 71.8915 -32.8284 43
    endloop
  endfacet
  facet normal 0 0 1
    outer loop
      vertex 66.6 36 43
      vertex 70.8426 34.2426 43
      vertex 70.4064 34.6381 43
    endloop
  endfacet
  facet normal 0 0 1
    outer loop
      vertex 71.8915 -32.8284 43
      vertex 66.6 -36 43
      vertex 71.5888 -33.3334 43
    endloop
  endfacet
  facet normal 0 0 1
    outer loop
      vertex 66.6 36 43
      vertex 70.4064 34.6381 43
      vertex 69.9334 34.9888 43
    endloop
  endfacet
  facet normal 0 0 1
    outer loop
      vertex 72.6 30 43
      vertex 66.6 36 43
      vertex 22.9 12.65 43
    endloop
  endfacet
  facet normal 0 0 1
    outer loop
      vertex 66.6 36 43
      vertex 69.9334 34.9888 43
      vertex 69.4284 35.2915 43
    endloop
  endfacet
  facet normal 0 0 1
    outer loop
      vertex 71.5888 -33.3334 43
      vertex 66.6 -36 43
      vertex 71.2381 -33.8064 43
    endloop
  endfacet
  facet normal 0 0 1
    outer loop
      vertex 66.6 36 43
      vertex 69.4284 35.2915 43
      vertex 68.8961 35.5433 43
    endloop
  endfacet
  facet normal 0 0 1
    outer loop
      vertex 70.4064 -34.6381 43
      vertex 66.6 -36 43
      vertex 69.9334 -34.9888 43
    endloop
  endfacet
  facet normal 0 0 1
    outer loop
      vertex 66.6 36 43
      vertex 68.8961 35.5433 43
      vertex 68.3417 35.7416 43
    endloop
  endfacet
  facet normal 0 0 1
    outer loop
      vertex 69.9334 -34.9888 43
      vertex 66.6 -36 43
      vertex 69.4284 -35.2915 43
    endloop
  endfacet
  facet normal 0 0 1
    outer loop
      vertex 66.6 36 43
      vertex 68.3417 35.7416 43
      vertex 67.7705 35.8847 43
    endloop
  endfacet
  facet normal 0 0 1
    outer loop
      vertex 69.4284 -35.2915 43
      vertex 66.6 -36 43
      vertex 68.8961 -35.5433 43
    endloop
  endfacet
  facet normal 0 0 1
    outer loop
      vertex 66.6 36 43
      vertex 67.7705 35.8847 43
      vertex 67.1881 35.9711 43
    endloop
  endfacet
  facet normal 0 0 1
    outer loop
      vertex 68.8961 -35.5433 43
      vertex 66.6 -36 43
      vertex 68.3417 -35.7416 43
    endloop
  endfacet
  facet normal 0 0 1
    outer loop
      vertex 68.3417 -35.7416 43
      vertex 66.6 -36 43
      vertex 67.7705 -35.8847 43
    endloop
  endfacet
  facet normal 0 0 1
    outer loop
      vertex 67.7705 -35.8847 43
      vertex 66.6 -36 43
      vertex 67.1881 -35.9711 43
    endloop
  endfacet
  facet normal 0 0 1
    outer loop
      vertex 71.2381 -33.8064 43
      vertex 66.6 -36 43
      vertex 70.8426 -34.2426 43
    endloop
  endfacet
  facet normal 0 0 1
    outer loop
      vertex 66.6 36 43
      vertex -8.6 33 43
      vertex 22.9 12.65 43
    endloop
  endfacet
  facet normal -0 0 1
    outer loop
      vertex -66.6 36 43
      vertex -8.6 33 43
      vertex 66.6 36 43
    endloop
  endfacet
  facet normal 0 0 1
    outer loop
      vertex -69.6 33 43
      vertex -66.6 36 43
      vertex -67.1881 35.9711 43
    endloop
  endfacet
  facet normal 0 0 1
    outer loop
      vertex -69.6 33 43
      vertex -67.1881 35.9711 43
      vertex -67.7705 35.8847 43
    endloop
  endfacet
  facet normal 0 0 1
    outer loop
      vertex -69.6 33 43
      vertex -67.7705 35.8847 43
      vertex -68.3417 35.7416 43
    endloop
  endfacet
  facet normal 0 0 1
    outer loop
      vertex -69.6 33 43
      vertex -68.3417 35.7416 43
      vertex -68.8961 35.5433 43
    endloop
  endfacet
  facet normal 0 0 1
    outer loop
      vertex -69.6 33 43
      vertex -68.8961 35.5433 43
      vertex -69.4284 35.2915 43
    endloop
  endfacet
  facet normal 0 0 1
    outer loop
      vertex -66.6 36 43
      vertex -69.6 33 43
      vertex -8.6 33 43
    endloop
  endfacet
  facet normal -0 0 1
    outer loop
      vertex -70.4064 34.6381 43
      vertex -69.6 33 43
      vertex -69.9334 34.9888 43
    endloop
  endfacet
  facet normal -0 0 1
    outer loop
      vertex -69.9334 34.9888 43
      vertex -69.6 33 43
      vertex -69.4284 35.2915 43
    endloop
  endfacet
  facet normal 0 0 1
    outer loop
      vertex 70.8426 -34.2426 43
      vertex 66.6 -36 43
      vertex 70.4064 -34.6381 43
    endloop
  endfacet
  facet normal 0 0 1
    outer loop
      vertex -8.6 -33 43
      vertex 22.9 -12.65 43
      vertex -8.6 -12.65 43
    endloop
  endfacet
  facet normal 0 0 1
    outer loop
      vertex 22.9 -12.65 43
      vertex -8.6 -33 43
      vertex 66.6 -36 43
    endloop
  endfacet
  facet normal 0 0 1
    outer loop
      vertex -8.6 -33 43
      vertex -66.6 -36 43
      vertex 66.6 -36 43
    endloop
  endfacet
  facet normal -0 0 1
    outer loop
      vertex -69.6 -33 43
      vertex -66.6 -36 43
      vertex -8.6 -33 43
    endloop
  endfacet
  facet normal 0 0 1
    outer loop
      vertex -66.6 -36 43
      vertex -69.6 -33 43
      vertex -67.1881 -35.9711 43
    endloop
  endfacet
  facet normal 0 0 1
    outer loop
      vertex -67.1881 -35.9711 43
      vertex -69.6 -33 43
      vertex -67.7705 -35.8847 43
    endloop
  endfacet
  facet normal 0 0 1
    outer loop
      vertex -67.7705 -35.8847 43
      vertex -69.6 -33 43
      vertex -68.3417 -35.7416 43
    endloop
  endfacet
  facet normal 0 0 1
    outer loop
      vertex -68.3417 -35.7416 43
      vertex -69.6 -33 43
      vertex -68.8961 -35.5433 43
    endloop
  endfacet
  facet normal 0 0 1
    outer loop
      vertex -68.8961 -35.5433 43
      vertex -69.6 -33 43
      vertex -69.4284 -35.2915 43
    endloop
  endfacet
  facet normal 0 0 1
    outer loop
      vertex -69.6 -33 43
      vertex -69.9334 -34.9888 43
      vertex -69.4284 -35.2915 43
    endloop
  endfacet
  facet normal 0 0 1
    outer loop
      vertex -69.6 33 43
      vertex -72.6 30 43
      vertex -69.6 -33 43
    endloop
  endfacet
  facet normal -0 0 1
    outer loop
      vertex -70.8426 34.2426 43
      vertex -69.6 33 43
      vertex -70.4064 34.6381 43
    endloop
  endfacet
  facet normal -0 0 1
    outer loop
      vertex -72.6 -30 43
      vertex -69.6 -33 43
      vertex -72.6 30 43
    endloop
  endfacet
  facet normal -0 0 1
    outer loop
      vertex -71.2381 33.8064 43
      vertex -69.6 33 43
      vertex -70.8426 34.2426 43
    endloop
  endfacet
  facet normal -0 -0 1
    outer loop
      vertex -72.5711 -30.5881 43
      vertex -69.6 -33 43
      vertex -72.6 -30 43
    endloop
  endfacet
  facet normal -0 0 1
    outer loop
      vertex -71.5888 33.3334 43
      vertex -69.6 33 43
      vertex -71.2381 33.8064 43
    endloop
  endfacet
  facet normal 0 0 1
    outer loop
      vertex -69.6 -33 43
      vertex -70.4064 -34.6381 43
      vertex -69.9334 -34.9888 43
    endloop
  endfacet
  facet normal 0 0 1
    outer loop
      vertex -71.8915 32.8284 43
      vertex -69.6 33 43
      vertex -71.5888 33.3334 43
    endloop
  endfacet
  facet normal 0 0 1
    outer loop
      vertex -69.6 -33 43
      vertex -70.8426 -34.2426 43
      vertex -70.4064 -34.6381 43
    endloop
  endfacet
  facet normal 0 0 1
    outer loop
      vertex -72.1433 32.2961 43
      vertex -69.6 33 43
      vertex -71.8915 32.8284 43
    endloop
  endfacet
  facet normal 0 0 1
    outer loop
      vertex -69.6 -33 43
      vertex -71.2381 -33.8064 43
      vertex -70.8426 -34.2426 43
    endloop
  endfacet
  facet normal 0 0 1
    outer loop
      vertex -72.3416 31.7417 43
      vertex -69.6 33 43
      vertex -72.1433 32.2961 43
    endloop
  endfacet
  facet normal 0 0 1
    outer loop
      vertex -69.6 -33 43
      vertex -71.5888 -33.3334 43
      vertex -71.2381 -33.8064 43
    endloop
  endfacet
  facet normal 0 0 1
    outer loop
      vertex -72.4847 31.1705 43
      vertex -69.6 33 43
      vertex -72.3416 31.7417 43
    endloop
  endfacet
  facet normal 0 0 1
    outer loop
      vertex -69.6 -33 43
      vertex -71.8915 -32.8284 43
      vertex -71.5888 -33.3334 43
    endloop
  endfacet
  facet normal 0 0 1
    outer loop
      vertex -72.5711 30.5881 43
      vertex -69.6 33 43
      vertex -72.4847 31.1705 43
    endloop
  endfacet
  facet normal 0 0 1
    outer loop
      vertex -69.6 -33 43
      vertex -72.1433 -32.2961 43
      vertex -71.8915 -32.8284 43
    endloop
  endfacet
  facet normal 0 0 1
    outer loop
      vertex -69.6 33 43
      vertex -72.5711 30.5881 43
      vertex -72.6 30 43
    endloop
  endfacet
  facet normal 0 0 1
    outer loop
      vertex -69.6 -33 43
      vertex -72.3416 -31.7417 43
      vertex -72.1433 -32.2961 43
    endloop
  endfacet
  facet normal 0 0 1
    outer loop
      vertex -69.6 -33 43
      vertex -72.4847 -31.1705 43
      vertex -72.3416 -31.7417 43
    endloop
  endfacet
  facet normal 0 0 1
    outer loop
      vertex -69.6 -33 43
      vertex -72.5711 -30.5881 43
      vertex -72.4847 -31.1705 43
    endloop
  endfacet
  facet normal 0 0 1
    outer loop
      vertex 22.9 12.65 43
      vertex -8.6 33 43
      vertex -8.6 12.65 43
    endloop
  endfacet
  facet normal -1 0 0
    outer loop
      vertex 22.9 -12.65 0
      vertex 22.9 12.65 43
      vertex 22.9 12.65 0
    endloop
  endfacet
  facet normal -1 -0 0
    outer loop
      vertex 22.9 12.65 43
      vertex 22.9 -12.65 0
      vertex 22.9 -12.65 43
    endloop
  endfacet
  facet normal 1 0 0
    outer loop
      vertex -22.9 2 13
      vertex -22.9 -12.65 13
      vertex -22.9 2 6.5
    endloop
  endfacet
  facet normal 1 0 0
    outer loop
      vertex -22.9 4 6.5
      vertex -22.9 12.65 13
      vertex -22.9 4 13
    endloop
  endfacet
  facet normal 1 0 0
    outer loop
      vertex -22.9 12.65 13
      vertex -22.9 4 6.5
      vertex -22.9 12.65 0
    endloop
  endfacet
  facet normal 1 -0 0
    outer loop
      vertex -22.9 2 6.5
      vertex -22.9 12.65 0
      vertex -22.9 4 6.5
    endloop
  endfacet
  facet normal 1 0 0
    outer loop
      vertex -22.9 -12.65 0
      vertex -22.9 2 6.5
      vertex -22.9 -12.65 13
    endloop
  endfacet
  facet normal 1 0 0
    outer loop
      vertex -22.9 2 6.5
      vertex -22.9 -12.65 0
      vertex -22.9 12.65 0
    endloop
  endfacet
  facet normal 0 -1 0
    outer loop
      vertex -22.9 12.65 13
      vertex -22.9 12.65 0
      vertex -8.6 12.65 13
    endloop
  endfacet
  facet normal 0 -1 0
    outer loop
      vertex -8.6 12.65 13
      vertex 22.9 12.65 43
      vertex -8.6 12.65 43
    endloop
  endfacet
  facet normal 0 -1 0
    outer loop
      vertex -8.6 12.65 13
      vertex 22.9 12.65 0
      vertex 22.9 12.65 43
    endloop
  endfacet
  facet normal 0 -1 0
    outer loop
      vertex 22.9 12.65 0
      vertex -8.6 12.65 13
      vertex -22.9 12.65 0
    endloop
  endfacet
  facet normal 0 1 0
    outer loop
      vertex 22.9 -12.65 43
      vertex -8.6 -12.65 13
      vertex -8.6 -12.65 43
    endloop
  endfacet
  facet normal 0 1 0
    outer loop
      vertex -22.9 -12.65 0
      vertex -13.1276 -12.65 13
      vertex -8.6 -12.65 13
    endloop
  endfacet
  facet normal 0 1 0
    outer loop
      vertex -13.1276 -12.65 13
      vertex -22.9 -12.65 0
      vertex -14.8264 -12.65 13
    endloop
  endfacet
  facet normal 0 1 0
    outer loop
      vertex -14.8264 -12.65 13
      vertex -22.9 -12.65 0
      vertex -16.3736 -12.65 13
    endloop
  endfacet
  facet normal 0 1 0
    outer loop
      vertex -16.3736 -12.65 13
      vertex -22.9 -12.65 0
      vertex -18.0724 -12.65 13
    endloop
  endfacet
  facet normal 0 1 -0
    outer loop
      vertex 22.9 -12.65 0
      vertex -8.6 -12.65 13
      vertex 22.9 -12.65 43
    endloop
  endfacet
  facet normal 0 1 0
    outer loop
      vertex -22.9 -12.65 0
      vertex -8.6 -12.65 13
      vertex 22.9 -12.65 0
    endloop
  endfacet
  facet normal 0 1 0
    outer loop
      vertex -18.0724 -12.65 13
      vertex -22.9 -12.65 0
      vertex -22.9 -12.65 13
    endloop
  endfacet
  facet normal -1 0 0
    outer loop
      vertex -8.6 12.65 13
      vertex -8.6 33 43
      vertex -8.6 33 13
    endloop
  endfacet
  facet normal -1 -0 0
    outer loop
      vertex -8.6 33 43
      vertex -8.6 12.65 13
      vertex -8.6 12.65 43
    endloop
  endfacet
  facet normal -1 0 0
    outer loop
      vertex -8.6 -33 13
      vertex -8.6 -12.65 43
      vertex -8.6 -12.65 13
    endloop
  endfacet
  facet normal -1 -0 0
    outer loop
      vertex -8.6 -12.65 43
      vertex -8.6 -33 13
      vertex -8.6 -33 43
    endloop
  endfacet
  facet normal 0 0 1
    outer loop
      vertex -61.7541 -23.6167 13
      vertex -61.7541 -23.7833 13
      vertex -61.75 -23.7 13
    endloop
  endfacet
  facet normal 0 0 1
    outer loop
      vertex -61.7663 -23.5342 13
      vertex -61.7541 -23.7833 13
      vertex -61.7541 -23.6167 13
    endloop
  endfacet
  facet normal 0 0 1
    outer loop
      vertex -61.7663 -23.5342 13
      vertex -61.7663 -23.8658 13
      vertex -61.7541 -23.7833 13
    endloop
  endfacet
  facet normal 0 0 1
    outer loop
      vertex -61.7866 -23.4533 13
      vertex -61.7663 -23.8658 13
      vertex -61.7663 -23.5342 13
    endloop
  endfacet
  facet normal 0 0 1
    outer loop
      vertex -61.7866 -23.4533 13
      vertex -61.7866 -23.9467 13
      vertex -61.7663 -23.8658 13
    endloop
  endfacet
  facet normal 0 0 1
    outer loop
      vertex -61.8147 -23.3747 13
      vertex -61.7866 -23.9467 13
      vertex -61.7866 -23.4533 13
    endloop
  endfacet
  facet normal 0 0 1
    outer loop
      vertex -61.8147 -23.3747 13
      vertex -61.8147 -24.0253 13
      vertex -61.7866 -23.9467 13
    endloop
  endfacet
  facet normal 0 0 1
    outer loop
      vertex -61.8504 -23.2993 13
      vertex -61.8147 -24.0253 13
      vertex -61.8147 -23.3747 13
    endloop
  endfacet
  facet normal 0 0 1
    outer loop
      vertex -61.8504 -23.2993 13
      vertex -61.8504 -24.1007 13
      vertex -61.8147 -24.0253 13
    endloop
  endfacet
  facet normal 0 0 1
    outer loop
      vertex -61.8932 -23.2278 13
      vertex -61.8504 -24.1007 13
      vertex -61.8504 -23.2993 13
    endloop
  endfacet
  facet normal 0 0 1
    outer loop
      vertex -61.8932 -23.2278 13
      vertex -61.8932 -24.1722 13
      vertex -61.8504 -24.1007 13
    endloop
  endfacet
  facet normal 0 0 1
    outer loop
      vertex -61.9429 -23.1608 13
      vertex -61.8932 -24.1722 13
      vertex -61.8932 -23.2278 13
    endloop
  endfacet
  facet normal 0 0 1
    outer loop
      vertex -61.9429 -23.1608 13
      vertex -61.9429 -24.2392 13
      vertex -61.8932 -24.1722 13
    endloop
  endfacet
  facet normal 0 0 1
    outer loop
      vertex -61.999 -23.099 13
      vertex -61.9429 -24.2392 13
      vertex -61.9429 -23.1608 13
    endloop
  endfacet
  facet normal 0 0 1
    outer loop
      vertex -61.999 -23.099 13
      vertex -61.999 -24.301 13
      vertex -61.9429 -24.2392 13
    endloop
  endfacet
  facet normal 0 0 1
    outer loop
      vertex -62.0608 -23.0429 13
      vertex -61.999 -24.301 13
      vertex -61.999 -23.099 13
    endloop
  endfacet
  facet normal 0 0 1
    outer loop
      vertex -62.0608 -23.0429 13
      vertex -62.0608 -24.3571 13
      vertex -61.999 -24.301 13
    endloop
  endfacet
  facet normal 0 0 1
    outer loop
      vertex -62.1278 -22.9933 13
      vertex -62.0608 -24.3571 13
      vertex -62.0608 -23.0429 13
    endloop
  endfacet
  facet normal 0 0 1
    outer loop
      vertex -62.1278 -22.9933 13
      vertex -62.1278 -24.4067 13
      vertex -62.0608 -24.3571 13
    endloop
  endfacet
  facet normal 0 0 1
    outer loop
      vertex -62.1993 -22.9504 13
      vertex -62.1278 -24.4067 13
      vertex -62.1278 -22.9933 13
    endloop
  endfacet
  facet normal 0 0 1
    outer loop
      vertex -62.1993 -22.9504 13
      vertex -62.1993 -24.4496 13
      vertex -62.1278 -24.4067 13
    endloop
  endfacet
  facet normal 0 0 1
    outer loop
      vertex -62.2747 -22.9147 13
      vertex -62.1993 -24.4496 13
      vertex -62.1993 -22.9504 13
    endloop
  endfacet
  facet normal 0 0 1
    outer loop
      vertex -62.2747 -22.9147 13
      vertex -62.2747 -24.4853 13
      vertex -62.1993 -24.4496 13
    endloop
  endfacet
  facet normal 0 0 1
    outer loop
      vertex -62.3533 -22.8866 13
      vertex -62.2747 -24.4853 13
      vertex -62.2747 -22.9147 13
    endloop
  endfacet
  facet normal 0 0 1
    outer loop
      vertex -62.3533 -22.8866 13
      vertex -62.3533 -24.5134 13
      vertex -62.2747 -24.4853 13
    endloop
  endfacet
  facet normal 0 0 1
    outer loop
      vertex -62.4342 -22.8663 13
      vertex -62.3533 -24.5134 13
      vertex -62.3533 -22.8866 13
    endloop
  endfacet
  facet normal 0 0 1
    outer loop
      vertex -62.4342 -22.8663 13
      vertex -62.4342 -24.5337 13
      vertex -62.3533 -24.5134 13
    endloop
  endfacet
  facet normal 0 0 1
    outer loop
      vertex -62.5167 -22.8541 13
      vertex -62.4342 -24.5337 13
      vertex -62.4342 -22.8663 13
    endloop
  endfacet
  facet normal 0 0 1
    outer loop
      vertex -62.5167 -22.8541 13
      vertex -62.5167 -24.5459 13
      vertex -62.4342 -24.5337 13
    endloop
  endfacet
  facet normal 0 0 1
    outer loop
      vertex -62.6 -22.85 13
      vertex -62.5167 -24.5459 13
      vertex -62.5167 -22.8541 13
    endloop
  endfacet
  facet normal 0 0 1
    outer loop
      vertex -62.6 -22.85 13
      vertex -62.6 -24.55 13
      vertex -62.5167 -24.5459 13
    endloop
  endfacet
  facet normal -0 0 1
    outer loop
      vertex -62.6833 -22.8541 13
      vertex -62.6 -24.55 13
      vertex -62.6 -22.85 13
    endloop
  endfacet
  facet normal 0 0 1
    outer loop
      vertex -62.6833 -22.8541 13
      vertex -62.6833 -24.5459 13
      vertex -62.6 -24.55 13
    endloop
  endfacet
  facet normal -0 0 1
    outer loop
      vertex -62.7658 -22.8663 13
      vertex -62.6833 -24.5459 13
      vertex -62.6833 -22.8541 13
    endloop
  endfacet
  facet normal 0 0 1
    outer loop
      vertex -62.7658 -22.8663 13
      vertex -62.7658 -24.5337 13
      vertex -62.6833 -24.5459 13
    endloop
  endfacet
  facet normal -0 0 1
    outer loop
      vertex -62.8467 -22.8866 13
      vertex -62.7658 -24.5337 13
      vertex -62.7658 -22.8663 13
    endloop
  endfacet
  facet normal 0 0 1
    outer loop
      vertex -62.8467 -22.8866 13
      vertex -62.8467 -24.5134 13
      vertex -62.7658 -24.5337 13
    endloop
  endfacet
  facet normal -0 0 1
    outer loop
      vertex -62.9253 -22.9147 13
      vertex -62.8467 -24.5134 13
      vertex -62.8467 -22.8866 13
    endloop
  endfacet
  facet normal 0 0 1
    outer loop
      vertex -62.9253 -22.9147 13
      vertex -62.9253 -24.4853 13
      vertex -62.8467 -24.5134 13
    endloop
  endfacet
  facet normal -0 0 1
    outer loop
      vertex -63.0007 -22.9504 13
      vertex -62.9253 -24.4853 13
      vertex -62.9253 -22.9147 13
    endloop
  endfacet
  facet normal 0 0 1
    outer loop
      vertex -63.0007 -22.9504 13
      vertex -63.0007 -24.4496 13
      vertex -62.9253 -24.4853 13
    endloop
  endfacet
  facet normal -0 0 1
    outer loop
      vertex -63.0722 -22.9933 13
      vertex -63.0007 -24.4496 13
      vertex -63.0007 -22.9504 13
    endloop
  endfacet
  facet normal 0 0 1
    outer loop
      vertex -63.0722 -22.9933 13
      vertex -63.0722 -24.4067 13
      vertex -63.0007 -24.4496 13
    endloop
  endfacet
  facet normal -0 0 1
    outer loop
      vertex -63.1392 -23.0429 13
      vertex -63.0722 -24.4067 13
      vertex -63.0722 -22.9933 13
    endloop
  endfacet
  facet normal 0 0 1
    outer loop
      vertex -63.1392 -23.0429 13
      vertex -63.1392 -24.3571 13
      vertex -63.0722 -24.4067 13
    endloop
  endfacet
  facet normal -0 0 1
    outer loop
      vertex -63.201 -23.099 13
      vertex -63.1392 -24.3571 13
      vertex -63.1392 -23.0429 13
    endloop
  endfacet
  facet normal 0 0 1
    outer loop
      vertex -63.201 -23.099 13
      vertex -63.201 -24.301 13
      vertex -63.1392 -24.3571 13
    endloop
  endfacet
  facet normal -0 0 1
    outer loop
      vertex -63.2571 -23.1608 13
      vertex -63.201 -24.301 13
      vertex -63.201 -23.099 13
    endloop
  endfacet
  facet normal 0 0 1
    outer loop
      vertex -63.2571 -23.1608 13
      vertex -63.2571 -24.2392 13
      vertex -63.201 -24.301 13
    endloop
  endfacet
  facet normal -0 0 1
    outer loop
      vertex -63.3067 -23.2278 13
      vertex -63.2571 -24.2392 13
      vertex -63.2571 -23.1608 13
    endloop
  endfacet
  facet normal 0 0 1
    outer loop
      vertex -63.3067 -23.2278 13
      vertex -63.3067 -24.1722 13
      vertex -63.2571 -24.2392 13
    endloop
  endfacet
  facet normal -0 0 1
    outer loop
      vertex -63.3496 -23.2993 13
      vertex -63.3067 -24.1722 13
      vertex -63.3067 -23.2278 13
    endloop
  endfacet
  facet normal 0 0 1
    outer loop
      vertex -63.3496 -23.2993 13
      vertex -63.3496 -24.1007 13
      vertex -63.3067 -24.1722 13
    endloop
  endfacet
  facet normal -0 0 1
    outer loop
      vertex -63.3853 -23.3747 13
      vertex -63.3496 -24.1007 13
      vertex -63.3496 -23.2993 13
    endloop
  endfacet
  facet normal 0 0 1
    outer loop
      vertex -63.3853 -23.3747 13
      vertex -63.3853 -24.0253 13
      vertex -63.3496 -24.1007 13
    endloop
  endfacet
  facet normal -0 0 1
    outer loop
      vertex -63.4134 -23.4533 13
      vertex -63.3853 -24.0253 13
      vertex -63.3853 -23.3747 13
    endloop
  endfacet
  facet normal 0 0 1
    outer loop
      vertex -63.4134 -23.4533 13
      vertex -63.4134 -23.9467 13
      vertex -63.3853 -24.0253 13
    endloop
  endfacet
  facet normal -0 0 1
    outer loop
      vertex -63.4337 -23.5342 13
      vertex -63.4134 -23.9467 13
      vertex -63.4134 -23.4533 13
    endloop
  endfacet
  facet normal 0 0 1
    outer loop
      vertex -63.4337 -23.5342 13
      vertex -63.4337 -23.8658 13
      vertex -63.4134 -23.9467 13
    endloop
  endfacet
  facet normal -0 0 1
    outer loop
      vertex -63.4459 -23.6167 13
      vertex -63.4337 -23.8658 13
      vertex -63.4337 -23.5342 13
    endloop
  endfacet
  facet normal 0 0 1
    outer loop
      vertex -63.4459 -23.6167 13
      vertex -63.4459 -23.7833 13
      vertex -63.4337 -23.8658 13
    endloop
  endfacet
  facet normal 0 -0 1
    outer loop
      vertex -63.4459 -23.7833 13
      vertex -63.4459 -23.6167 13
      vertex -63.45 -23.7 13
    endloop
  endfacet
  facet normal 0 0 1
    outer loop
      vertex -14.7541 -23.6167 13
      vertex -14.7541 -23.7833 13
      vertex -14.75 -23.7 13
    endloop
  endfacet
  facet normal 0 0 1
    outer loop
      vertex -14.7663 -23.5342 13
      vertex -14.7541 -23.7833 13
      vertex -14.7541 -23.6167 13
    endloop
  endfacet
  facet normal 0 0 1
    outer loop
      vertex -14.7663 -23.5342 13
      vertex -14.7663 -23.8658 13
      vertex -14.7541 -23.7833 13
    endloop
  endfacet
  facet normal 0 0 1
    outer loop
      vertex -14.7866 -23.4533 13
      vertex -14.7663 -23.8658 13
      vertex -14.7663 -23.5342 13
    endloop
  endfacet
  facet normal 0 0 1
    outer loop
      vertex -14.7866 -23.4533 13
      vertex -14.7866 -23.9467 13
      vertex -14.7663 -23.8658 13
    endloop
  endfacet
  facet normal 0 0 1
    outer loop
      vertex -14.8147 -23.3747 13
      vertex -14.7866 -23.9467 13
      vertex -14.7866 -23.4533 13
    endloop
  endfacet
  facet normal 0 0 1
    outer loop
      vertex -14.8147 -23.3747 13
      vertex -14.8147 -24.0253 13
      vertex -14.7866 -23.9467 13
    endloop
  endfacet
  facet normal 0 0 1
    outer loop
      vertex -14.8504 -23.2993 13
      vertex -14.8147 -24.0253 13
      vertex -14.8147 -23.3747 13
    endloop
  endfacet
  facet normal 0 0 1
    outer loop
      vertex -14.8504 -23.2993 13
      vertex -14.8504 -24.1007 13
      vertex -14.8147 -24.0253 13
    endloop
  endfacet
  facet normal 0 0 1
    outer loop
      vertex -14.8933 -23.2278 13
      vertex -14.8504 -24.1007 13
      vertex -14.8504 -23.2993 13
    endloop
  endfacet
  facet normal 0 0 1
    outer loop
      vertex -14.8933 -23.2278 13
      vertex -14.8933 -24.1722 13
      vertex -14.8504 -24.1007 13
    endloop
  endfacet
  facet normal 0 0 1
    outer loop
      vertex -14.9429 -23.1608 13
      vertex -14.8933 -24.1722 13
      vertex -14.8933 -23.2278 13
    endloop
  endfacet
  facet normal 0 0 1
    outer loop
      vertex -14.9429 -23.1608 13
      vertex -14.9429 -24.2392 13
      vertex -14.8933 -24.1722 13
    endloop
  endfacet
  facet normal 0 0 1
    outer loop
      vertex -14.999 -23.099 13
      vertex -14.9429 -24.2392 13
      vertex -14.9429 -23.1608 13
    endloop
  endfacet
  facet normal 0 0 1
    outer loop
      vertex -14.999 -23.099 13
      vertex -14.999 -24.301 13
      vertex -14.9429 -24.2392 13
    endloop
  endfacet
  facet normal 0 0 1
    outer loop
      vertex -15.0608 -23.0429 13
      vertex -14.999 -24.301 13
      vertex -14.999 -23.099 13
    endloop
  endfacet
  facet normal 0 0 1
    outer loop
      vertex -15.0608 -23.0429 13
      vertex -15.0608 -24.3571 13
      vertex -14.999 -24.301 13
    endloop
  endfacet
  facet normal 0 0 1
    outer loop
      vertex -15.1278 -22.9933 13
      vertex -15.0608 -24.3571 13
      vertex -15.0608 -23.0429 13
    endloop
  endfacet
  facet normal 0 0 1
    outer loop
      vertex -15.1278 -22.9933 13
      vertex -15.1278 -24.4067 13
      vertex -15.0608 -24.3571 13
    endloop
  endfacet
  facet normal 0 0 1
    outer loop
      vertex -15.1993 -22.9504 13
      vertex -15.1278 -24.4067 13
      vertex -15.1278 -22.9933 13
    endloop
  endfacet
  facet normal 0 0 1
    outer loop
      vertex -15.1993 -22.9504 13
      vertex -15.1993 -24.4496 13
      vertex -15.1278 -24.4067 13
    endloop
  endfacet
  facet normal 0 0 1
    outer loop
      vertex -15.2747 -22.9147 13
      vertex -15.1993 -24.4496 13
      vertex -15.1993 -22.9504 13
    endloop
  endfacet
  facet normal 0 0 1
    outer loop
      vertex -15.2747 -22.9147 13
      vertex -15.2747 -24.4853 13
      vertex -15.1993 -24.4496 13
    endloop
  endfacet
  facet normal 0 0 1
    outer loop
      vertex -15.3533 -22.8866 13
      vertex -15.2747 -24.4853 13
      vertex -15.2747 -22.9147 13
    endloop
  endfacet
  facet normal 0 0 1
    outer loop
      vertex -15.3533 -22.8866 13
      vertex -15.3533 -24.5134 13
      vertex -15.2747 -24.4853 13
    endloop
  endfacet
  facet normal 0 0 1
    outer loop
      vertex -15.4342 -22.8663 13
      vertex -15.3533 -24.5134 13
      vertex -15.3533 -22.8866 13
    endloop
  endfacet
  facet normal 0 0 1
    outer loop
      vertex -15.4342 -22.8663 13
      vertex -15.4342 -24.5337 13
      vertex -15.3533 -24.5134 13
    endloop
  endfacet
  facet normal 0 0 1
    outer loop
      vertex -15.5167 -22.8541 13
      vertex -15.4342 -24.5337 13
      vertex -15.4342 -22.8663 13
    endloop
  endfacet
  facet normal 0 0 1
    outer loop
      vertex -15.5167 -22.8541 13
      vertex -15.5167 -24.5459 13
      vertex -15.4342 -24.5337 13
    endloop
  endfacet
  facet normal 0 0 1
    outer loop
      vertex -15.6 -22.85 13
      vertex -15.5167 -24.5459 13
      vertex -15.5167 -22.8541 13
    endloop
  endfacet
  facet normal 0 0 1
    outer loop
      vertex -15.6 -22.85 13
      vertex -15.6 -24.55 13
      vertex -15.5167 -24.5459 13
    endloop
  endfacet
  facet normal -0 0 1
    outer loop
      vertex -15.6833 -22.8541 13
      vertex -15.6 -24.55 13
      vertex -15.6 -22.85 13
    endloop
  endfacet
  facet normal 0 0 1
    outer loop
      vertex -15.6833 -22.8541 13
      vertex -15.6833 -24.5459 13
      vertex -15.6 -24.55 13
    endloop
  endfacet
  facet normal -0 0 1
    outer loop
      vertex -15.7658 -22.8663 13
      vertex -15.6833 -24.5459 13
      vertex -15.6833 -22.8541 13
    endloop
  endfacet
  facet normal 0 0 1
    outer loop
      vertex -15.7658 -22.8663 13
      vertex -15.7658 -24.5337 13
      vertex -15.6833 -24.5459 13
    endloop
  endfacet
  facet normal -0 0 1
    outer loop
      vertex -15.8467 -22.8866 13
      vertex -15.7658 -24.5337 13
      vertex -15.7658 -22.8663 13
    endloop
  endfacet
  facet normal 0 0 1
    outer loop
      vertex -15.8467 -22.8866 13
      vertex -15.8467 -24.5134 13
      vertex -15.7658 -24.5337 13
    endloop
  endfacet
  facet normal -0 0 1
    outer loop
      vertex -15.9253 -22.9147 13
      vertex -15.8467 -24.5134 13
      vertex -15.8467 -22.8866 13
    endloop
  endfacet
  facet normal 0 0 1
    outer loop
      vertex -15.9253 -22.9147 13
      vertex -15.9253 -24.4853 13
      vertex -15.8467 -24.5134 13
    endloop
  endfacet
  facet normal -0 0 1
    outer loop
      vertex -16.0007 -22.9504 13
      vertex -15.9253 -24.4853 13
      vertex -15.9253 -22.9147 13
    endloop
  endfacet
  facet normal 0 0 1
    outer loop
      vertex -16.0007 -22.9504 13
      vertex -16.0007 -24.4496 13
      vertex -15.9253 -24.4853 13
    endloop
  endfacet
  facet normal -0 0 1
    outer loop
      vertex -16.0722 -22.9933 13
      vertex -16.0007 -24.4496 13
      vertex -16.0007 -22.9504 13
    endloop
  endfacet
  facet normal 0 0 1
    outer loop
      vertex -16.0722 -22.9933 13
      vertex -16.0722 -24.4067 13
      vertex -16.0007 -24.4496 13
    endloop
  endfacet
  facet normal -0 0 1
    outer loop
      vertex -16.1392 -23.0429 13
      vertex -16.0722 -24.4067 13
      vertex -16.0722 -22.9933 13
    endloop
  endfacet
  facet normal 0 0 1
    outer loop
      vertex -16.1392 -23.0429 13
      vertex -16.1392 -24.3571 13
      vertex -16.0722 -24.4067 13
    endloop
  endfacet
  facet normal -0 0 1
    outer loop
      vertex -16.201 -23.099 13
      vertex -16.1392 -24.3571 13
      vertex -16.1392 -23.0429 13
    endloop
  endfacet
  facet normal 0 0 1
    outer loop
      vertex -16.201 -23.099 13
      vertex -16.201 -24.301 13
      vertex -16.1392 -24.3571 13
    endloop
  endfacet
  facet normal -0 0 1
    outer loop
      vertex -16.2571 -23.1608 13
      vertex -16.201 -24.301 13
      vertex -16.201 -23.099 13
    endloop
  endfacet
  facet normal 0 0 1
    outer loop
      vertex -16.2571 -23.1608 13
      vertex -16.2571 -24.2392 13
      vertex -16.201 -24.301 13
    endloop
  endfacet
  facet normal -0 0 1
    outer loop
      vertex -16.3067 -23.2278 13
      vertex -16.2571 -24.2392 13
      vertex -16.2571 -23.1608 13
    endloop
  endfacet
  facet normal 0 0 1
    outer loop
      vertex -16.3067 -23.2278 13
      vertex -16.3067 -24.1722 13
      vertex -16.2571 -24.2392 13
    endloop
  endfacet
  facet normal -0 0 1
    outer loop
      vertex -16.3496 -23.2993 13
      vertex -16.3067 -24.1722 13
      vertex -16.3067 -23.2278 13
    endloop
  endfacet
  facet normal 0 0 1
    outer loop
      vertex -16.3496 -23.2993 13
      vertex -16.3496 -24.1007 13
      vertex -16.3067 -24.1722 13
    endloop
  endfacet
  facet normal -0 0 1
    outer loop
      vertex -16.3853 -23.3747 13
      vertex -16.3496 -24.1007 13
      vertex -16.3496 -23.2993 13
    endloop
  endfacet
  facet normal 0 0 1
    outer loop
      vertex -16.3853 -23.3747 13
      vertex -16.3853 -24.0253 13
      vertex -16.3496 -24.1007 13
    endloop
  endfacet
  facet normal -0 0 1
    outer loop
      vertex -16.4134 -23.4533 13
      vertex -16.3853 -24.0253 13
      vertex -16.3853 -23.3747 13
    endloop
  endfacet
  facet normal 0 0 1
    outer loop
      vertex -16.4134 -23.4533 13
      vertex -16.4134 -23.9467 13
      vertex -16.3853 -24.0253 13
    endloop
  endfacet
  facet normal -0 0 1
    outer loop
      vertex -16.4337 -23.5342 13
      vertex -16.4134 -23.9467 13
      vertex -16.4134 -23.4533 13
    endloop
  endfacet
  facet normal 0 0 1
    outer loop
      vertex -16.4337 -23.5342 13
      vertex -16.4337 -23.8658 13
      vertex -16.4134 -23.9467 13
    endloop
  endfacet
  facet normal -0 0 1
    outer loop
      vertex -16.4459 -23.6167 13
      vertex -16.4337 -23.8658 13
      vertex -16.4337 -23.5342 13
    endloop
  endfacet
  facet normal 0 0 1
    outer loop
      vertex -16.4459 -23.6167 13
      vertex -16.4459 -23.7833 13
      vertex -16.4337 -23.8658 13
    endloop
  endfacet
  facet normal 0 -0 1
    outer loop
      vertex -16.4459 -23.7833 13
      vertex -16.4459 -23.6167 13
      vertex -16.45 -23.7 13
    endloop
  endfacet
  facet normal 0 0 1
    outer loop
      vertex -61.7541 -12.2167 13
      vertex -61.7541 -12.3833 13
      vertex -61.75 -12.3 13
    endloop
  endfacet
  facet normal 0 0 1
    outer loop
      vertex -61.7663 -12.1342 13
      vertex -61.7541 -12.3833 13
      vertex -61.7541 -12.2167 13
    endloop
  endfacet
  facet normal 0 0 1
    outer loop
      vertex -61.7663 -12.1342 13
      vertex -61.7663 -12.4658 13
      vertex -61.7541 -12.3833 13
    endloop
  endfacet
  facet normal 0 0 1
    outer loop
      vertex -61.7866 -12.0533 13
      vertex -61.7663 -12.4658 13
      vertex -61.7663 -12.1342 13
    endloop
  endfacet
  facet normal 0 0 1
    outer loop
      vertex -61.7866 -12.0533 13
      vertex -61.7866 -12.5467 13
      vertex -61.7663 -12.4658 13
    endloop
  endfacet
  facet normal 0 0 1
    outer loop
      vertex -61.8147 -11.9747 13
      vertex -61.7866 -12.5467 13
      vertex -61.7866 -12.0533 13
    endloop
  endfacet
  facet normal 0 0 1
    outer loop
      vertex -61.8147 -11.9747 13
      vertex -61.8147 -12.6253 13
      vertex -61.7866 -12.5467 13
    endloop
  endfacet
  facet normal 0 0 1
    outer loop
      vertex -61.8504 -11.8993 13
      vertex -61.8147 -12.6253 13
      vertex -61.8147 -11.9747 13
    endloop
  endfacet
  facet normal 0 0 1
    outer loop
      vertex -61.8504 -11.8993 13
      vertex -61.8504 -12.7007 13
      vertex -61.8147 -12.6253 13
    endloop
  endfacet
  facet normal 0 0 1
    outer loop
      vertex -61.8932 -11.8278 13
      vertex -61.8504 -12.7007 13
      vertex -61.8504 -11.8993 13
    endloop
  endfacet
  facet normal 0 0 1
    outer loop
      vertex -61.8932 -11.8278 13
      vertex -61.8932 -12.7722 13
      vertex -61.8504 -12.7007 13
    endloop
  endfacet
  facet normal 0 0 1
    outer loop
      vertex -61.9429 -11.7608 13
      vertex -61.8932 -12.7722 13
      vertex -61.8932 -11.8278 13
    endloop
  endfacet
  facet normal 0 0 1
    outer loop
      vertex -61.9429 -11.7608 13
      vertex -61.9429 -12.8392 13
      vertex -61.8932 -12.7722 13
    endloop
  endfacet
  facet normal 0 0 1
    outer loop
      vertex -61.999 -11.699 13
      vertex -61.9429 -12.8392 13
      vertex -61.9429 -11.7608 13
    endloop
  endfacet
  facet normal 0 0 1
    outer loop
      vertex -61.999 -11.699 13
      vertex -61.999 -12.901 13
      vertex -61.9429 -12.8392 13
    endloop
  endfacet
  facet normal 0 0 1
    outer loop
      vertex -62.0608 -11.6429 13
      vertex -61.999 -12.901 13
      vertex -61.999 -11.699 13
    endloop
  endfacet
  facet normal 0 0 1
    outer loop
      vertex -62.0608 -11.6429 13
      vertex -62.0608 -12.9571 13
      vertex -61.999 -12.901 13
    endloop
  endfacet
  facet normal 0 0 1
    outer loop
      vertex -62.1278 -11.5933 13
      vertex -62.0608 -12.9571 13
      vertex -62.0608 -11.6429 13
    endloop
  endfacet
  facet normal 0 0 1
    outer loop
      vertex -62.1278 -11.5933 13
      vertex -62.1278 -13.0067 13
      vertex -62.0608 -12.9571 13
    endloop
  endfacet
  facet normal 0 0 1
    outer loop
      vertex -62.1993 -11.5504 13
      vertex -62.1278 -13.0067 13
      vertex -62.1278 -11.5933 13
    endloop
  endfacet
  facet normal 0 0 1
    outer loop
      vertex -62.1993 -11.5504 13
      vertex -62.1993 -13.0496 13
      vertex -62.1278 -13.0067 13
    endloop
  endfacet
  facet normal 0 0 1
    outer loop
      vertex -62.2747 -11.5147 13
      vertex -62.1993 -13.0496 13
      vertex -62.1993 -11.5504 13
    endloop
  endfacet
  facet normal 0 0 1
    outer loop
      vertex -62.2747 -11.5147 13
      vertex -62.2747 -13.0853 13
      vertex -62.1993 -13.0496 13
    endloop
  endfacet
  facet normal 0 0 1
    outer loop
      vertex -62.3533 -11.4866 13
      vertex -62.2747 -13.0853 13
      vertex -62.2747 -11.5147 13
    endloop
  endfacet
  facet normal 0 0 1
    outer loop
      vertex -62.3533 -11.4866 13
      vertex -62.3533 -13.1134 13
      vertex -62.2747 -13.0853 13
    endloop
  endfacet
  facet normal 0 0 1
    outer loop
      vertex -62.4342 -11.4663 13
      vertex -62.3533 -13.1134 13
      vertex -62.3533 -11.4866 13
    endloop
  endfacet
  facet normal 0 0 1
    outer loop
      vertex -62.4342 -11.4663 13
      vertex -62.4342 -13.1337 13
      vertex -62.3533 -13.1134 13
    endloop
  endfacet
  facet normal 0 0 1
    outer loop
      vertex -62.5167 -11.4541 13
      vertex -62.4342 -13.1337 13
      vertex -62.4342 -11.4663 13
    endloop
  endfacet
  facet normal 0 0 1
    outer loop
      vertex -62.5167 -11.4541 13
      vertex -62.5167 -13.1459 13
      vertex -62.4342 -13.1337 13
    endloop
  endfacet
  facet normal 0 0 1
    outer loop
      vertex -62.6 -11.45 13
      vertex -62.5167 -13.1459 13
      vertex -62.5167 -11.4541 13
    endloop
  endfacet
  facet normal 0 0 1
    outer loop
      vertex -62.6 -11.45 13
      vertex -62.6 -13.15 13
      vertex -62.5167 -13.1459 13
    endloop
  endfacet
  facet normal -0 0 1
    outer loop
      vertex -62.6833 -11.4541 13
      vertex -62.6 -13.15 13
      vertex -62.6 -11.45 13
    endloop
  endfacet
  facet normal 0 0 1
    outer loop
      vertex -62.6833 -11.4541 13
      vertex -62.6833 -13.1459 13
      vertex -62.6 -13.15 13
    endloop
  endfacet
  facet normal -0 0 1
    outer loop
      vertex -62.7658 -11.4663 13
      vertex -62.6833 -13.1459 13
      vertex -62.6833 -11.4541 13
    endloop
  endfacet
  facet normal 0 0 1
    outer loop
      vertex -62.7658 -11.4663 13
      vertex -62.7658 -13.1337 13
      vertex -62.6833 -13.1459 13
    endloop
  endfacet
  facet normal -0 0 1
    outer loop
      vertex -62.8467 -11.4866 13
      vertex -62.7658 -13.1337 13
      vertex -62.7658 -11.4663 13
    endloop
  endfacet
  facet normal 0 0 1
    outer loop
      vertex -62.8467 -11.4866 13
      vertex -62.8467 -13.1134 13
      vertex -62.7658 -13.1337 13
    endloop
  endfacet
  facet normal -0 0 1
    outer loop
      vertex -62.9253 -11.5147 13
      vertex -62.8467 -13.1134 13
      vertex -62.8467 -11.4866 13
    endloop
  endfacet
  facet normal 0 0 1
    outer loop
      vertex -62.9253 -11.5147 13
      vertex -62.9253 -13.0853 13
      vertex -62.8467 -13.1134 13
    endloop
  endfacet
  facet normal -0 0 1
    outer loop
      vertex -63.0007 -11.5504 13
      vertex -62.9253 -13.0853 13
      vertex -62.9253 -11.5147 13
    endloop
  endfacet
  facet normal 0 0 1
    outer loop
      vertex -63.0007 -11.5504 13
      vertex -63.0007 -13.0496 13
      vertex -62.9253 -13.0853 13
    endloop
  endfacet
  facet normal -0 0 1
    outer loop
      vertex -63.0722 -11.5933 13
      vertex -63.0007 -13.0496 13
      vertex -63.0007 -11.5504 13
    endloop
  endfacet
  facet normal 0 0 1
    outer loop
      vertex -63.0722 -11.5933 13
      vertex -63.0722 -13.0067 13
      vertex -63.0007 -13.0496 13
    endloop
  endfacet
  facet normal -0 0 1
    outer loop
      vertex -63.1392 -11.6429 13
      vertex -63.0722 -13.0067 13
      vertex -63.0722 -11.5933 13
    endloop
  endfacet
  facet normal 0 0 1
    outer loop
      vertex -63.1392 -11.6429 13
      vertex -63.1392 -12.9571 13
      vertex -63.0722 -13.0067 13
    endloop
  endfacet
  facet normal -0 0 1
    outer loop
      vertex -63.201 -11.699 13
      vertex -63.1392 -12.9571 13
      vertex -63.1392 -11.6429 13
    endloop
  endfacet
  facet normal 0 0 1
    outer loop
      vertex -63.201 -11.699 13
      vertex -63.201 -12.901 13
      vertex -63.1392 -12.9571 13
    endloop
  endfacet
  facet normal -0 0 1
    outer loop
      vertex -63.2571 -11.7608 13
      vertex -63.201 -12.901 13
      vertex -63.201 -11.699 13
    endloop
  endfacet
  facet normal 0 0 1
    outer loop
      vertex -63.2571 -11.7608 13
      vertex -63.2571 -12.8392 13
      vertex -63.201 -12.901 13
    endloop
  endfacet
  facet normal -0 0 1
    outer loop
      vertex -63.3067 -11.8278 13
      vertex -63.2571 -12.8392 13
      vertex -63.2571 -11.7608 13
    endloop
  endfacet
  facet normal 0 0 1
    outer loop
      vertex -63.3067 -11.8278 13
      vertex -63.3067 -12.7722 13
      vertex -63.2571 -12.8392 13
    endloop
  endfacet
  facet normal -0 0 1
    outer loop
      vertex -63.3496 -11.8993 13
      vertex -63.3067 -12.7722 13
      vertex -63.3067 -11.8278 13
    endloop
  endfacet
  facet normal 0 0 1
    outer loop
      vertex -63.3496 -11.8993 13
      vertex -63.3496 -12.7007 13
      vertex -63.3067 -12.7722 13
    endloop
  endfacet
  facet normal -0 0 1
    outer loop
      vertex -63.3853 -11.9747 13
      vertex -63.3496 -12.7007 13
      vertex -63.3496 -11.8993 13
    endloop
  endfacet
  facet normal 0 0 1
    outer loop
      vertex -63.3853 -11.9747 13
      vertex -63.3853 -12.6253 13
      vertex -63.3496 -12.7007 13
    endloop
  endfacet
  facet normal -0 0 1
    outer loop
      vertex -63.4134 -12.0533 13
      vertex -63.3853 -12.6253 13
      vertex -63.3853 -11.9747 13
    endloop
  endfacet
  facet normal 0 0 1
    outer loop
      vertex -63.4134 -12.0533 13
      vertex -63.4134 -12.5467 13
      vertex -63.3853 -12.6253 13
    endloop
  endfacet
  facet normal -0 0 1
    outer loop
      vertex -63.4337 -12.1342 13
      vertex -63.4134 -12.5467 13
      vertex -63.4134 -12.0533 13
    endloop
  endfacet
  facet normal 0 0 1
    outer loop
      vertex -63.4337 -12.1342 13
      vertex -63.4337 -12.4658 13
      vertex -63.4134 -12.5467 13
    endloop
  endfacet
  facet normal -0 0 1
    outer loop
      vertex -63.4459 -12.2167 13
      vertex -63.4337 -12.4658 13
      vertex -63.4337 -12.1342 13
    endloop
  endfacet
  facet normal 0 0 1
    outer loop
      vertex -63.4459 -12.2167 13
      vertex -63.4459 -12.3833 13
      vertex -63.4337 -12.4658 13
    endloop
  endfacet
  facet normal 0 -0 1
    outer loop
      vertex -63.4459 -12.3833 13
      vertex -63.4459 -12.2167 13
      vertex -63.45 -12.3 13
    endloop
  endfacet
  facet normal 0 0 1
    outer loop
      vertex -60.148 -12.7877 13
      vertex -22.9 -12.65 13
      vertex -60.112 -12.545 13
    endloop
  endfacet
  facet normal 0 0 1
    outer loop
      vertex -22.9 -12.65 13
      vertex -60.112 -23.455 13
      vertex -60.1 -23.7 13
    endloop
  endfacet
  facet normal 0 0 1
    outer loop
      vertex -60.2076 -13.0257 13
      vertex -22.9 -12.65 13
      vertex -60.148 -12.7877 13
    endloop
  endfacet
  facet normal 0 0 1
    outer loop
      vertex -22.9 -12.65 13
      vertex -60.148 -23.2123 13
      vertex -60.112 -23.455 13
    endloop
  endfacet
  facet normal 0 0 1
    outer loop
      vertex -60.2076 -22.9743 13
      vertex -22.9 -12.65 13
      vertex -60.2076 -13.0257 13
    endloop
  endfacet
  facet normal 0 0 1
    outer loop
      vertex -22.9 -12.65 13
      vertex -60.2076 -22.9743 13
      vertex -60.148 -23.2123 13
    endloop
  endfacet
  facet normal -0 0 1
    outer loop
      vertex -60.2903 -13.2567 13
      vertex -60.2076 -22.9743 13
      vertex -60.2076 -13.0257 13
    endloop
  endfacet
  facet normal 0 0 1
    outer loop
      vertex -60.2903 -13.2567 13
      vertex -60.2903 -22.7433 13
      vertex -60.2076 -22.9743 13
    endloop
  endfacet
  facet normal -0 0 1
    outer loop
      vertex -60.3952 -13.4785 13
      vertex -60.2903 -22.7433 13
      vertex -60.2903 -13.2567 13
    endloop
  endfacet
  facet normal 0 0 1
    outer loop
      vertex -60.3952 -13.4785 13
      vertex -60.3952 -22.5215 13
      vertex -60.2903 -22.7433 13
    endloop
  endfacet
  facet normal -0 0 1
    outer loop
      vertex -60.5213 -13.6889 13
      vertex -60.3952 -22.5215 13
      vertex -60.3952 -13.4785 13
    endloop
  endfacet
  facet normal 0 0 1
    outer loop
      vertex -60.5213 -13.6889 13
      vertex -60.5213 -22.3111 13
      vertex -60.3952 -22.5215 13
    endloop
  endfacet
  facet normal -0 0 1
    outer loop
      vertex -60.6675 -13.886 13
      vertex -60.5213 -22.3111 13
      vertex -60.5213 -13.6889 13
    endloop
  endfacet
  facet normal 0 0 1
    outer loop
      vertex -60.6675 -13.886 13
      vertex -60.6675 -22.114 13
      vertex -60.5213 -22.3111 13
    endloop
  endfacet
  facet normal -0 0 1
    outer loop
      vertex -60.8322 -14.0678 13
      vertex -60.6675 -22.114 13
      vertex -60.6675 -13.886 13
    endloop
  endfacet
  facet normal 0 0 1
    outer loop
      vertex -60.8322 -14.0678 13
      vertex -60.8322 -21.9322 13
      vertex -60.6675 -22.114 13
    endloop
  endfacet
  facet normal -0 0 1
    outer loop
      vertex -61.014 -14.2325 13
      vertex -60.8322 -21.9322 13
      vertex -60.8322 -14.0678 13
    endloop
  endfacet
  facet normal 0 0 1
    outer loop
      vertex -61.014 -14.2325 13
      vertex -61.014 -21.7675 13
      vertex -60.8322 -21.9322 13
    endloop
  endfacet
  facet normal -0 0 1
    outer loop
      vertex -61.2111 -14.3787 13
      vertex -61.014 -21.7675 13
      vertex -61.014 -14.2325 13
    endloop
  endfacet
  facet normal 0 0 1
    outer loop
      vertex -61.2111 -14.3787 13
      vertex -61.2111 -21.6213 13
      vertex -61.014 -21.7675 13
    endloop
  endfacet
  facet normal -0 0 1
    outer loop
      vertex -61.4215 -14.5048 13
      vertex -61.2111 -21.6213 13
      vertex -61.2111 -14.3787 13
    endloop
  endfacet
  facet normal 0 0 1
    outer loop
      vertex -61.4215 -14.5048 13
      vertex -61.4215 -21.4952 13
      vertex -61.2111 -21.6213 13
    endloop
  endfacet
  facet normal -0 0 1
    outer loop
      vertex -61.6433 -14.6097 13
      vertex -61.4215 -21.4952 13
      vertex -61.4215 -14.5048 13
    endloop
  endfacet
  facet normal 0 0 1
    outer loop
      vertex -61.6433 -14.6097 13
      vertex -61.6433 -21.3903 13
      vertex -61.4215 -21.4952 13
    endloop
  endfacet
  facet normal -0 0 1
    outer loop
      vertex -61.8743 -14.6924 13
      vertex -61.6433 -21.3903 13
      vertex -61.6433 -14.6097 13
    endloop
  endfacet
  facet normal 0 0 1
    outer loop
      vertex -61.8743 -14.6924 13
      vertex -61.8743 -21.3076 13
      vertex -61.6433 -21.3903 13
    endloop
  endfacet
  facet normal -0 0 1
    outer loop
      vertex -62.1123 -14.752 13
      vertex -61.8743 -21.3076 13
      vertex -61.8743 -14.6924 13
    endloop
  endfacet
  facet normal 0 0 1
    outer loop
      vertex -62.1123 -14.752 13
      vertex -62.1123 -21.248 13
      vertex -61.8743 -21.3076 13
    endloop
  endfacet
  facet normal -0 0 1
    outer loop
      vertex -62.355 -14.788 13
      vertex -62.1123 -21.248 13
      vertex -62.1123 -14.752 13
    endloop
  endfacet
  facet normal 0 0 1
    outer loop
      vertex -62.355 -14.788 13
      vertex -62.355 -21.212 13
      vertex -62.1123 -21.248 13
    endloop
  endfacet
  facet normal -0 0 1
    outer loop
      vertex -62.6 -14.8 13
      vertex -62.355 -21.212 13
      vertex -62.355 -14.788 13
    endloop
  endfacet
  facet normal 0 0 1
    outer loop
      vertex -62.6 -14.8 13
      vertex -62.6 -21.2 13
      vertex -62.355 -21.212 13
    endloop
  endfacet
  facet normal 0 0 1
    outer loop
      vertex -65.6 -17.3196 13
      vertex -62.6 -14.8 13
      vertex -62.845 -14.788 13
    endloop
  endfacet
  facet normal 0 0 1
    outer loop
      vertex -62.6 -14.8 13
      vertex -65.6 -17.3196 13
      vertex -62.6 -21.2 13
    endloop
  endfacet
  facet normal 0 0 1
    outer loop
      vertex -65.6 -17.3196 13
      vertex -62.845 -14.788 13
      vertex -63.0877 -14.752 13
    endloop
  endfacet
  facet normal 0 0 1
    outer loop
      vertex -62.6 -21.2 13
      vertex -65.6 -17.3196 13
      vertex -62.845 -21.212 13
    endloop
  endfacet
  facet normal 0 0 1
    outer loop
      vertex -65.6 -17.3196 13
      vertex -63.0877 -14.752 13
      vertex -63.3257 -14.6924 13
    endloop
  endfacet
  facet normal 0 0 1
    outer loop
      vertex -62.845 -21.212 13
      vertex -65.6 -17.3196 13
      vertex -63.0877 -21.248 13
    endloop
  endfacet
  facet normal 0 0 1
    outer loop
      vertex -65.6 -17.3196 13
      vertex -63.3257 -14.6924 13
      vertex -63.5567 -14.6097 13
    endloop
  endfacet
  facet normal 0 0 1
    outer loop
      vertex -63.0877 -21.248 13
      vertex -65.6 -17.3196 13
      vertex -63.3257 -21.3076 13
    endloop
  endfacet
  facet normal 0 0 1
    outer loop
      vertex -65.6 -17.3196 13
      vertex -63.5567 -14.6097 13
      vertex -63.7785 -14.5048 13
    endloop
  endfacet
  facet normal 0 0 1
    outer loop
      vertex -63.3257 -21.3076 13
      vertex -65.6 -17.3196 13
      vertex -63.5567 -21.3903 13
    endloop
  endfacet
  facet normal 0 0 1
    outer loop
      vertex -65.6 -14.6804 13
      vertex -63.7785 -14.5048 13
      vertex -63.9889 -14.3787 13
    endloop
  endfacet
  facet normal 0 0 1
    outer loop
      vertex -63.5567 -21.3903 13
      vertex -65.6 -17.3196 13
      vertex -63.7785 -21.4952 13
    endloop
  endfacet
  facet normal 0 0 1
    outer loop
      vertex -65.6 -14.6804 13
      vertex -63.9889 -14.3787 13
      vertex -64.186 -14.2325 13
    endloop
  endfacet
  facet normal 0 0 1
    outer loop
      vertex -63.7785 -21.4952 13
      vertex -65.6 -17.3196 13
      vertex -63.9889 -21.6213 13
    endloop
  endfacet
  facet normal 0 0 1
    outer loop
      vertex -65.6 -14.6804 13
      vertex -64.186 -14.2325 13
      vertex -64.3678 -14.0678 13
    endloop
  endfacet
  facet normal 0 0 1
    outer loop
      vertex -63.9889 -21.6213 13
      vertex -65.6 -17.3196 13
      vertex -64.186 -21.7675 13
    endloop
  endfacet
  facet normal 0 0 1
    outer loop
      vertex -65.6 -14.6804 13
      vertex -64.3678 -14.0678 13
      vertex -64.5325 -13.886 13
    endloop
  endfacet
  facet normal 0 0 1
    outer loop
      vertex -64.186 -21.7675 13
      vertex -65.6 -17.3196 13
      vertex -64.3678 -21.9322 13
    endloop
  endfacet
  facet normal 0 0 1
    outer loop
      vertex -65.6 -14.6804 13
      vertex -64.5325 -13.886 13
      vertex -64.6787 -13.6889 13
    endloop
  endfacet
  facet normal 0 0 1
    outer loop
      vertex -64.3678 -21.9322 13
      vertex -65.6 -17.3196 13
      vertex -64.5325 -22.114 13
    endloop
  endfacet
  facet normal 0 0 1
    outer loop
      vertex -65.6 -14.6804 13
      vertex -64.6787 -13.6889 13
      vertex -64.8048 -13.4785 13
    endloop
  endfacet
  facet normal 0 0 1
    outer loop
      vertex -64.5325 -22.114 13
      vertex -65.6 -17.3196 13
      vertex -64.6787 -22.3111 13
    endloop
  endfacet
  facet normal 0 0 1
    outer loop
      vertex -65.6 -14.6804 13
      vertex -64.8048 -13.4785 13
      vertex -64.9097 -13.2567 13
    endloop
  endfacet
  facet normal -0 0 1
    outer loop
      vertex -69.6 -17.3196 13
      vertex -64.6787 -22.3111 13
      vertex -65.6 -17.3196 13
    endloop
  endfacet
  facet normal 0 0 1
    outer loop
      vertex -65.6 -14.6804 13
      vertex -64.9097 -13.2567 13
      vertex -64.9923 -13.0257 13
    endloop
  endfacet
  facet normal 0 0 1
    outer loop
      vertex -64.6787 -22.3111 13
      vertex -69.6 -17.3196 13
      vertex -64.8048 -22.5215 13
    endloop
  endfacet
  facet normal 0 0 1
    outer loop
      vertex -65.6 -14.6804 13
      vertex -64.9923 -13.0257 13
      vertex -65.052 -12.7877 13
    endloop
  endfacet
  facet normal 0 0 1
    outer loop
      vertex -64.8048 -22.5215 13
      vertex -69.6 -17.3196 13
      vertex -64.9097 -22.7433 13
    endloop
  endfacet
  facet normal 0 0 1
    outer loop
      vertex -69.6 -14.6804 13
      vertex -65.052 -12.7877 13
      vertex -65.088 -12.545 13
    endloop
  endfacet
  facet normal 0 0 1
    outer loop
      vertex -64.9097 -22.7433 13
      vertex -69.6 -17.3196 13
      vertex -64.9923 -22.9743 13
    endloop
  endfacet
  facet normal 0 0 1
    outer loop
      vertex -69.6 -14.6804 13
      vertex -65.088 -12.545 13
      vertex -65.1 -12.3 13
    endloop
  endfacet
  facet normal 0 0 1
    outer loop
      vertex -64.9923 -22.9743 13
      vertex -69.6 -17.3196 13
      vertex -65.052 -23.2123 13
    endloop
  endfacet
  facet normal -0 0 1
    outer loop
      vertex -60.2076 -11.5743 13
      vertex -22.9 -12.65 13
      vertex -22.9 2 13
    endloop
  endfacet
  facet normal 0 0 1
    outer loop
      vertex -22.9 -12.65 13
      vertex -60.112 -12.055 13
      vertex -60.1 -12.3 13
    endloop
  endfacet
  facet normal 0 0 1
    outer loop
      vertex -22.9 -12.65 13
      vertex -60.148 -11.8123 13
      vertex -60.112 -12.055 13
    endloop
  endfacet
  facet normal 0 0 1
    outer loop
      vertex -22.9 -12.65 13
      vertex -60.2076 -11.5743 13
      vertex -60.148 -11.8123 13
    endloop
  endfacet
  facet normal 0 0 1
    outer loop
      vertex -22.9 2 13
      vertex -60.2903 -11.3433 13
      vertex -60.2076 -11.5743 13
    endloop
  endfacet
  facet normal 0 0 1
    outer loop
      vertex -22.9 2 13
      vertex -60.3952 -11.1215 13
      vertex -60.2903 -11.3433 13
    endloop
  endfacet
  facet normal 0 0 1
    outer loop
      vertex -22.9 2 13
      vertex -60.5213 -10.9111 13
      vertex -60.3952 -11.1215 13
    endloop
  endfacet
  facet normal 0 0 1
    outer loop
      vertex -22.9 2 13
      vertex -60.6675 -10.714 13
      vertex -60.5213 -10.9111 13
    endloop
  endfacet
  facet normal 0 0 1
    outer loop
      vertex -22.9 2 13
      vertex -60.8322 -10.5322 13
      vertex -60.6675 -10.714 13
    endloop
  endfacet
  facet normal 0 0 1
    outer loop
      vertex -22.9 2 13
      vertex -61.014 -10.3675 13
      vertex -60.8322 -10.5322 13
    endloop
  endfacet
  facet normal -0 0 1
    outer loop
      vertex -69.6 2 13
      vertex -61.014 -10.3675 13
      vertex -22.9 2 13
    endloop
  endfacet
  facet normal 0 0 1
    outer loop
      vertex -61.014 -10.3675 13
      vertex -69.6 2 13
      vertex -61.2111 -10.2213 13
    endloop
  endfacet
  facet normal 0 0 1
    outer loop
      vertex -61.2111 -10.2213 13
      vertex -69.6 2 13
      vertex -61.4215 -10.0952 13
    endloop
  endfacet
  facet normal 0 0 1
    outer loop
      vertex -61.4215 -10.0952 13
      vertex -69.6 2 13
      vertex -61.6433 -9.9903 13
    endloop
  endfacet
  facet normal 0 0 1
    outer loop
      vertex -61.6433 -9.9903 13
      vertex -69.6 2 13
      vertex -61.8743 -9.90765 13
    endloop
  endfacet
  facet normal 0 0 1
    outer loop
      vertex -61.8743 -9.90765 13
      vertex -69.6 2 13
      vertex -62.1123 -9.84804 13
    endloop
  endfacet
  facet normal 0 0 1
    outer loop
      vertex -62.1123 -9.84804 13
      vertex -69.6 2 13
      vertex -62.355 -9.81204 13
    endloop
  endfacet
  facet normal 0 0 1
    outer loop
      vertex -62.355 -9.81204 13
      vertex -69.6 2 13
      vertex -62.6 -9.8 13
    endloop
  endfacet
  facet normal 0 0 1
    outer loop
      vertex -62.6 -9.8 13
      vertex -69.6 2 13
      vertex -62.845 -9.81204 13
    endloop
  endfacet
  facet normal 0 0 1
    outer loop
      vertex -62.845 -9.81204 13
      vertex -69.6 2 13
      vertex -63.0877 -9.84804 13
    endloop
  endfacet
  facet normal 0 0 1
    outer loop
      vertex -63.7785 -14.5048 13
      vertex -65.6 -14.6804 13
      vertex -65.6 -17.3196 13
    endloop
  endfacet
  facet normal 0 0 1
    outer loop
      vertex -69.6 -14.6804 13
      vertex -65.1 -12.3 13
      vertex -65.088 -12.055 13
    endloop
  endfacet
  facet normal 0 0 1
    outer loop
      vertex -69.6 -14.6804 13
      vertex -65.088 -12.055 13
      vertex -65.052 -11.8123 13
    endloop
  endfacet
  facet normal 0 0 1
    outer loop
      vertex -63.0877 -9.84804 13
      vertex -69.6 2 13
      vertex -63.3257 -9.90765 13
    endloop
  endfacet
  facet normal 0 0 1
    outer loop
      vertex -69.6 2 13
      vertex -63.5567 -9.9903 13
      vertex -63.3257 -9.90765 13
    endloop
  endfacet
  facet normal 0 0 1
    outer loop
      vertex -69.6 2 13
      vertex -63.7785 -10.0952 13
      vertex -63.5567 -9.9903 13
    endloop
  endfacet
  facet normal 0 0 1
    outer loop
      vertex -69.6 2 13
      vertex -63.9889 -10.2213 13
      vertex -63.7785 -10.0952 13
    endloop
  endfacet
  facet normal 0 0 1
    outer loop
      vertex -69.6 2 13
      vertex -64.186 -10.3675 13
      vertex -63.9889 -10.2213 13
    endloop
  endfacet
  facet normal 0 0 1
    outer loop
      vertex -69.6 2 13
      vertex -64.3678 -10.5322 13
      vertex -64.186 -10.3675 13
    endloop
  endfacet
  facet normal 0 0 1
    outer loop
      vertex -69.6 2 13
      vertex -64.5325 -10.714 13
      vertex -64.3678 -10.5322 13
    endloop
  endfacet
  facet normal 0 0 1
    outer loop
      vertex -69.6 2 13
      vertex -64.6787 -10.9111 13
      vertex -64.5325 -10.714 13
    endloop
  endfacet
  facet normal 0 0 1
    outer loop
      vertex -69.6 -14.6804 13
      vertex -64.6787 -10.9111 13
      vertex -69.6 2 13
    endloop
  endfacet
  facet normal 0 0 1
    outer loop
      vertex -64.6787 -10.9111 13
      vertex -69.6 -14.6804 13
      vertex -64.8048 -11.1215 13
    endloop
  endfacet
  facet normal 0 0 1
    outer loop
      vertex -64.8048 -11.1215 13
      vertex -69.6 -14.6804 13
      vertex -64.9097 -11.3433 13
    endloop
  endfacet
  facet normal 0 0 1
    outer loop
      vertex -64.9097 -11.3433 13
      vertex -69.6 -14.6804 13
      vertex -64.9923 -11.5743 13
    endloop
  endfacet
  facet normal 0 0 1
    outer loop
      vertex -64.9923 -11.5743 13
      vertex -69.6 -14.6804 13
      vertex -65.052 -11.8123 13
    endloop
  endfacet
  facet normal 0 0 1
    outer loop
      vertex -65.052 -12.7877 13
      vertex -69.6 -14.6804 13
      vertex -65.6 -14.6804 13
    endloop
  endfacet
  facet normal 0 0 1
    outer loop
      vertex -8.6 -12.65 13
      vertex -13.1 -23.7 13
      vertex -8.6 -33 13
    endloop
  endfacet
  facet normal 0 0 1
    outer loop
      vertex -8.6 -12.65 13
      vertex -13.112 -23.455 13
      vertex -13.1 -23.7 13
    endloop
  endfacet
  facet normal 0 0 1
    outer loop
      vertex -13.148 -12.7877 13
      vertex -8.6 -12.65 13
      vertex -13.1276 -12.65 13
    endloop
  endfacet
  facet normal 0 0 1
    outer loop
      vertex -13.2077 -13.0257 13
      vertex -8.6 -12.65 13
      vertex -13.148 -12.7877 13
    endloop
  endfacet
  facet normal 0 0 1
    outer loop
      vertex -8.6 -12.65 13
      vertex -13.148 -23.2123 13
      vertex -13.112 -23.455 13
    endloop
  endfacet
  facet normal 0 0 1
    outer loop
      vertex -13.2903 -13.2567 13
      vertex -8.6 -12.65 13
      vertex -13.2077 -13.0257 13
    endloop
  endfacet
  facet normal 0 0 1
    outer loop
      vertex -8.6 -12.65 13
      vertex -13.2077 -22.9743 13
      vertex -13.148 -23.2123 13
    endloop
  endfacet
  facet normal 0 0 1
    outer loop
      vertex -13.3952 -13.4785 13
      vertex -8.6 -12.65 13
      vertex -13.2903 -13.2567 13
    endloop
  endfacet
  facet normal 0 0 1
    outer loop
      vertex -8.6 -12.65 13
      vertex -13.2903 -22.7433 13
      vertex -13.2077 -22.9743 13
    endloop
  endfacet
  facet normal 0 0 1
    outer loop
      vertex -13.5213 -13.6889 13
      vertex -8.6 -12.65 13
      vertex -13.3952 -13.4785 13
    endloop
  endfacet
  facet normal 0 0 1
    outer loop
      vertex -8.6 -12.65 13
      vertex -13.3952 -22.5215 13
      vertex -13.2903 -22.7433 13
    endloop
  endfacet
  facet normal 0 0 1
    outer loop
      vertex -13.6675 -13.886 13
      vertex -8.6 -12.65 13
      vertex -13.5213 -13.6889 13
    endloop
  endfacet
  facet normal 0 0 1
    outer loop
      vertex -8.6 -12.65 13
      vertex -13.5213 -22.3111 13
      vertex -13.3952 -22.5215 13
    endloop
  endfacet
  facet normal 0 0 1
    outer loop
      vertex -13.8322 -14.0678 13
      vertex -8.6 -12.65 13
      vertex -13.6675 -13.886 13
    endloop
  endfacet
  facet normal 0 0 1
    outer loop
      vertex -8.6 -12.65 13
      vertex -13.6675 -22.114 13
      vertex -13.5213 -22.3111 13
    endloop
  endfacet
  facet normal 0 0 1
    outer loop
      vertex -13.8322 -21.9322 13
      vertex -8.6 -12.65 13
      vertex -13.8322 -14.0678 13
    endloop
  endfacet
  facet normal 0 0 1
    outer loop
      vertex -8.6 -12.65 13
      vertex -13.8322 -21.9322 13
      vertex -13.6675 -22.114 13
    endloop
  endfacet
  facet normal -0 0 1
    outer loop
      vertex -14.014 -14.2325 13
      vertex -13.8322 -21.9322 13
      vertex -13.8322 -14.0678 13
    endloop
  endfacet
  facet normal 0 0 1
    outer loop
      vertex -14.014 -14.2325 13
      vertex -14.014 -21.7675 13
      vertex -13.8322 -21.9322 13
    endloop
  endfacet
  facet normal -0 0 1
    outer loop
      vertex -14.2111 -14.3787 13
      vertex -14.014 -21.7675 13
      vertex -14.014 -14.2325 13
    endloop
  endfacet
  facet normal 0 0 1
    outer loop
      vertex -14.2111 -14.3787 13
      vertex -14.2111 -21.6213 13
      vertex -14.014 -21.7675 13
    endloop
  endfacet
  facet normal -0 0 1
    outer loop
      vertex -14.4215 -14.5048 13
      vertex -14.2111 -21.6213 13
      vertex -14.2111 -14.3787 13
    endloop
  endfacet
  facet normal 0 0 1
    outer loop
      vertex -14.4215 -14.5048 13
      vertex -14.4215 -21.4952 13
      vertex -14.2111 -21.6213 13
    endloop
  endfacet
  facet normal -0 0 1
    outer loop
      vertex -14.6433 -14.6097 13
      vertex -14.4215 -21.4952 13
      vertex -14.4215 -14.5048 13
    endloop
  endfacet
  facet normal 0 0 1
    outer loop
      vertex -14.6433 -14.6097 13
      vertex -14.6433 -21.3903 13
      vertex -14.4215 -21.4952 13
    endloop
  endfacet
  facet normal -0 0 1
    outer loop
      vertex -14.8743 -14.6924 13
      vertex -14.6433 -21.3903 13
      vertex -14.6433 -14.6097 13
    endloop
  endfacet
  facet normal 0 0 1
    outer loop
      vertex -14.8743 -14.6924 13
      vertex -14.8743 -21.3076 13
      vertex -14.6433 -21.3903 13
    endloop
  endfacet
  facet normal -0 0 1
    outer loop
      vertex -15.1123 -14.752 13
      vertex -14.8743 -21.3076 13
      vertex -14.8743 -14.6924 13
    endloop
  endfacet
  facet normal 0 0 1
    outer loop
      vertex -15.1123 -14.752 13
      vertex -15.1123 -21.248 13
      vertex -14.8743 -21.3076 13
    endloop
  endfacet
  facet normal -0 0 1
    outer loop
      vertex -15.355 -14.788 13
      vertex -15.1123 -21.248 13
      vertex -15.1123 -14.752 13
    endloop
  endfacet
  facet normal 0 0 1
    outer loop
      vertex -15.355 -14.788 13
      vertex -15.355 -21.212 13
      vertex -15.1123 -21.248 13
    endloop
  endfacet
  facet normal -0 0 1
    outer loop
      vertex -15.6 -14.8 13
      vertex -15.355 -21.212 13
      vertex -15.355 -14.788 13
    endloop
  endfacet
  facet normal 0 0 1
    outer loop
      vertex -15.6 -14.8 13
      vertex -15.6 -21.2 13
      vertex -15.355 -21.212 13
    endloop
  endfacet
  facet normal 0 0 1
    outer loop
      vertex -15.845 -14.788 13
      vertex -15.6 -21.2 13
      vertex -15.6 -14.8 13
    endloop
  endfacet
  facet normal 0 0 1
    outer loop
      vertex -15.845 -14.788 13
      vertex -15.845 -21.212 13
      vertex -15.6 -21.2 13
    endloop
  endfacet
  facet normal 0 0 1
    outer loop
      vertex -16.0877 -14.752 13
      vertex -15.845 -21.212 13
      vertex -15.845 -14.788 13
    endloop
  endfacet
  facet normal 0 0 1
    outer loop
      vertex -16.0877 -14.752 13
      vertex -16.0877 -21.248 13
      vertex -15.845 -21.212 13
    endloop
  endfacet
  facet normal 0 0 1
    outer loop
      vertex -16.3257 -14.6924 13
      vertex -16.0877 -21.248 13
      vertex -16.0877 -14.752 13
    endloop
  endfacet
  facet normal 0 0 1
    outer loop
      vertex -16.3257 -14.6924 13
      vertex -16.3257 -21.3076 13
      vertex -16.0877 -21.248 13
    endloop
  endfacet
  facet normal 0 0 1
    outer loop
      vertex -16.5567 -14.6097 13
      vertex -16.3257 -21.3076 13
      vertex -16.3257 -14.6924 13
    endloop
  endfacet
  facet normal 0 0 1
    outer loop
      vertex -16.5567 -14.6097 13
      vertex -16.5567 -21.3903 13
      vertex -16.3257 -21.3076 13
    endloop
  endfacet
  facet normal 0 0 1
    outer loop
      vertex -16.7785 -14.5048 13
      vertex -16.5567 -21.3903 13
      vertex -16.5567 -14.6097 13
    endloop
  endfacet
  facet normal 0 0 1
    outer loop
      vertex -16.7785 -14.5048 13
      vertex -16.7785 -21.4952 13
      vertex -16.5567 -21.3903 13
    endloop
  endfacet
  facet normal 0 0 1
    outer loop
      vertex -16.9889 -14.3787 13
      vertex -16.7785 -21.4952 13
      vertex -16.7785 -14.5048 13
    endloop
  endfacet
  facet normal 0 0 1
    outer loop
      vertex -16.9889 -14.3787 13
      vertex -16.9889 -21.6213 13
      vertex -16.7785 -21.4952 13
    endloop
  endfacet
  facet normal 0 0 1
    outer loop
      vertex -17.186 -14.2325 13
      vertex -16.9889 -21.6213 13
      vertex -16.9889 -14.3787 13
    endloop
  endfacet
  facet normal 0 0 1
    outer loop
      vertex -17.186 -14.2325 13
      vertex -17.186 -21.7675 13
      vertex -16.9889 -21.6213 13
    endloop
  endfacet
  facet normal 0 0 1
    outer loop
      vertex -17.3678 -14.0678 13
      vertex -17.186 -21.7675 13
      vertex -17.186 -14.2325 13
    endloop
  endfacet
  facet normal 0 0 1
    outer loop
      vertex -17.3678 -14.0678 13
      vertex -17.3678 -21.9322 13
      vertex -17.186 -21.7675 13
    endloop
  endfacet
  facet normal 0 0 1
    outer loop
      vertex -22.9 -12.65 13
      vertex -17.3678 -14.0678 13
      vertex -17.5325 -13.886 13
    endloop
  endfacet
  facet normal 0 0 1
    outer loop
      vertex -17.3678 -14.0678 13
      vertex -22.9 -12.65 13
      vertex -17.3678 -21.9322 13
    endloop
  endfacet
  facet normal 0 0 1
    outer loop
      vertex -22.9 -12.65 13
      vertex -17.5325 -13.886 13
      vertex -17.6787 -13.6889 13
    endloop
  endfacet
  facet normal 0 0 1
    outer loop
      vertex -17.3678 -21.9322 13
      vertex -22.9 -12.65 13
      vertex -17.5325 -22.114 13
    endloop
  endfacet
  facet normal 0 0 1
    outer loop
      vertex -22.9 -12.65 13
      vertex -17.6787 -13.6889 13
      vertex -17.8048 -13.4785 13
    endloop
  endfacet
  facet normal 0 0 1
    outer loop
      vertex -17.5325 -22.114 13
      vertex -22.9 -12.65 13
      vertex -17.6787 -22.3111 13
    endloop
  endfacet
  facet normal 0 0 1
    outer loop
      vertex -22.9 -12.65 13
      vertex -17.8048 -13.4785 13
      vertex -17.9097 -13.2567 13
    endloop
  endfacet
  facet normal 0 0 1
    outer loop
      vertex -17.6787 -22.3111 13
      vertex -22.9 -12.65 13
      vertex -17.8048 -22.5215 13
    endloop
  endfacet
  facet normal 0 0 1
    outer loop
      vertex -22.9 -12.65 13
      vertex -17.9097 -13.2567 13
      vertex -17.9923 -13.0257 13
    endloop
  endfacet
  facet normal 0 0 1
    outer loop
      vertex -17.8048 -22.5215 13
      vertex -22.9 -12.65 13
      vertex -17.9097 -22.7433 13
    endloop
  endfacet
  facet normal 0 0 1
    outer loop
      vertex -22.9 -12.65 13
      vertex -17.9923 -13.0257 13
      vertex -18.052 -12.7877 13
    endloop
  endfacet
  facet normal 0 0 1
    outer loop
      vertex -17.9097 -22.7433 13
      vertex -22.9 -12.65 13
      vertex -17.9923 -22.9743 13
    endloop
  endfacet
  facet normal -0 0 1
    outer loop
      vertex -22.9 -12.65 13
      vertex -18.052 -12.7877 13
      vertex -18.0724 -12.65 13
    endloop
  endfacet
  facet normal 0 0 1
    outer loop
      vertex -17.9923 -22.9743 13
      vertex -22.9 -12.65 13
      vertex -18.052 -23.2123 13
    endloop
  endfacet
  facet normal 0 0 1
    outer loop
      vertex -18.052 -23.2123 13
      vertex -22.9 -12.65 13
      vertex -18.088 -23.455 13
    endloop
  endfacet
  facet normal 0 0 1
    outer loop
      vertex -18.088 -23.455 13
      vertex -22.9 -12.65 13
      vertex -18.1 -23.7 13
    endloop
  endfacet
  facet normal -0 0 1
    outer loop
      vertex -13.112 -23.945 13
      vertex -8.6 -33 13
      vertex -13.1 -23.7 13
    endloop
  endfacet
  facet normal -0 0 1
    outer loop
      vertex -13.148 -24.1877 13
      vertex -8.6 -33 13
      vertex -13.112 -23.945 13
    endloop
  endfacet
  facet normal -0 0 1
    outer loop
      vertex -13.2077 -24.4257 13
      vertex -8.6 -33 13
      vertex -13.148 -24.1877 13
    endloop
  endfacet
  facet normal -0 0 1
    outer loop
      vertex -13.2903 -24.6567 13
      vertex -8.6 -33 13
      vertex -13.2077 -24.4257 13
    endloop
  endfacet
  facet normal -0 0 1
    outer loop
      vertex -13.3952 -24.8785 13
      vertex -8.6 -33 13
      vertex -13.2903 -24.6567 13
    endloop
  endfacet
  facet normal -0 0 1
    outer loop
      vertex -13.5213 -25.0889 13
      vertex -8.6 -33 13
      vertex -13.3952 -24.8785 13
    endloop
  endfacet
  facet normal -0 0 1
    outer loop
      vertex -13.6675 -25.286 13
      vertex -8.6 -33 13
      vertex -13.5213 -25.0889 13
    endloop
  endfacet
  facet normal -0 0 1
    outer loop
      vertex -13.8322 -25.4678 13
      vertex -8.6 -33 13
      vertex -13.6675 -25.286 13
    endloop
  endfacet
  facet normal -0 0 1
    outer loop
      vertex -14.014 -25.6325 13
      vertex -8.6 -33 13
      vertex -13.8322 -25.4678 13
    endloop
  endfacet
  facet normal -0 0 1
    outer loop
      vertex -14.2111 -25.7787 13
      vertex -8.6 -33 13
      vertex -14.014 -25.6325 13
    endloop
  endfacet
  facet normal -0 0 1
    outer loop
      vertex -14.4215 -25.9048 13
      vertex -8.6 -33 13
      vertex -14.2111 -25.7787 13
    endloop
  endfacet
  facet normal -0 0 1
    outer loop
      vertex -14.6433 -26.0097 13
      vertex -8.6 -33 13
      vertex -14.4215 -25.9048 13
    endloop
  endfacet
  facet normal -0 0 1
    outer loop
      vertex -14.8743 -26.0924 13
      vertex -8.6 -33 13
      vertex -14.6433 -26.0097 13
    endloop
  endfacet
  facet normal -0 0 1
    outer loop
      vertex -15.1123 -26.152 13
      vertex -8.6 -33 13
      vertex -14.8743 -26.0924 13
    endloop
  endfacet
  facet normal -0 0 1
    outer loop
      vertex -15.355 -26.188 13
      vertex -8.6 -33 13
      vertex -15.1123 -26.152 13
    endloop
  endfacet
  facet normal -0 0 1
    outer loop
      vertex -15.6 -26.2 13
      vertex -8.6 -33 13
      vertex -15.355 -26.188 13
    endloop
  endfacet
  facet normal 0 0 1
    outer loop
      vertex -15.845 -26.188 13
      vertex -8.6 -33 13
      vertex -15.6 -26.2 13
    endloop
  endfacet
  facet normal 0 0 1
    outer loop
      vertex -16.0877 -26.152 13
      vertex -8.6 -33 13
      vertex -15.845 -26.188 13
    endloop
  endfacet
  facet normal 0 0 1
    outer loop
      vertex -16.3257 -26.0924 13
      vertex -8.6 -33 13
      vertex -16.0877 -26.152 13
    endloop
  endfacet
  facet normal 0 0 1
    outer loop
      vertex -16.5567 -26.0097 13
      vertex -8.6 -33 13
      vertex -16.3257 -26.0924 13
    endloop
  endfacet
  facet normal 0 0 1
    outer loop
      vertex -16.7785 -25.9048 13
      vertex -8.6 -33 13
      vertex -16.5567 -26.0097 13
    endloop
  endfacet
  facet normal 0 0 1
    outer loop
      vertex -16.9889 -25.7787 13
      vertex -8.6 -33 13
      vertex -16.7785 -25.9048 13
    endloop
  endfacet
  facet normal 0 0 1
    outer loop
      vertex -61.2111 -25.7787 13
      vertex -16.9889 -25.7787 13
      vertex -17.186 -25.6325 13
    endloop
  endfacet
  facet normal 0 0 1
    outer loop
      vertex -22.9 -12.65 13
      vertex -18.088 -23.945 13
      vertex -18.1 -23.7 13
    endloop
  endfacet
  facet normal 0 0 1
    outer loop
      vertex -60.112 -23.945 13
      vertex -18.088 -23.945 13
      vertex -22.9 -12.65 13
    endloop
  endfacet
  facet normal 0 0 1
    outer loop
      vertex -18.088 -23.945 13
      vertex -60.112 -23.945 13
      vertex -18.052 -24.1877 13
    endloop
  endfacet
  facet normal 0 0 1
    outer loop
      vertex -60.148 -24.1877 13
      vertex -18.052 -24.1877 13
      vertex -60.112 -23.945 13
    endloop
  endfacet
  facet normal -0 0 1
    outer loop
      vertex -60.112 -12.545 13
      vertex -22.9 -12.65 13
      vertex -60.1 -12.3 13
    endloop
  endfacet
  facet normal 0 0 1
    outer loop
      vertex -60.112 -23.945 13
      vertex -22.9 -12.65 13
      vertex -60.1 -23.7 13
    endloop
  endfacet
  facet normal 0 0 1
    outer loop
      vertex -18.052 -24.1877 13
      vertex -60.148 -24.1877 13
      vertex -17.9923 -24.4257 13
    endloop
  endfacet
  facet normal 0 0 1
    outer loop
      vertex -60.2076 -24.4257 13
      vertex -17.9923 -24.4257 13
      vertex -60.148 -24.1877 13
    endloop
  endfacet
  facet normal 0 0 1
    outer loop
      vertex -17.9923 -24.4257 13
      vertex -60.2076 -24.4257 13
      vertex -17.9097 -24.6567 13
    endloop
  endfacet
  facet normal 0 0 1
    outer loop
      vertex -60.2903 -24.6567 13
      vertex -17.9097 -24.6567 13
      vertex -60.2076 -24.4257 13
    endloop
  endfacet
  facet normal 0 0 1
    outer loop
      vertex -17.9097 -24.6567 13
      vertex -60.2903 -24.6567 13
      vertex -17.8048 -24.8785 13
    endloop
  endfacet
  facet normal 0 0 1
    outer loop
      vertex -60.3952 -24.8785 13
      vertex -17.8048 -24.8785 13
      vertex -60.2903 -24.6567 13
    endloop
  endfacet
  facet normal 0 0 1
    outer loop
      vertex -17.8048 -24.8785 13
      vertex -60.3952 -24.8785 13
      vertex -17.6787 -25.0889 13
    endloop
  endfacet
  facet normal 0 0 1
    outer loop
      vertex -60.5213 -25.0889 13
      vertex -17.6787 -25.0889 13
      vertex -60.3952 -24.8785 13
    endloop
  endfacet
  facet normal 0 0 1
    outer loop
      vertex -17.6787 -25.0889 13
      vertex -60.5213 -25.0889 13
      vertex -17.5325 -25.286 13
    endloop
  endfacet
  facet normal 0 0 1
    outer loop
      vertex -60.6675 -25.286 13
      vertex -17.5325 -25.286 13
      vertex -60.5213 -25.0889 13
    endloop
  endfacet
  facet normal 0 0 1
    outer loop
      vertex -17.5325 -25.286 13
      vertex -60.6675 -25.286 13
      vertex -17.3678 -25.4678 13
    endloop
  endfacet
  facet normal 0 0 1
    outer loop
      vertex -60.8322 -25.4678 13
      vertex -17.3678 -25.4678 13
      vertex -60.6675 -25.286 13
    endloop
  endfacet
  facet normal 0 0 1
    outer loop
      vertex -17.3678 -25.4678 13
      vertex -60.8322 -25.4678 13
      vertex -17.186 -25.6325 13
    endloop
  endfacet
  facet normal 0 0 1
    outer loop
      vertex -61.014 -25.6325 13
      vertex -17.186 -25.6325 13
      vertex -60.8322 -25.4678 13
    endloop
  endfacet
  facet normal 0 0 1
    outer loop
      vertex -61.2111 -25.7787 13
      vertex -17.186 -25.6325 13
      vertex -61.014 -25.6325 13
    endloop
  endfacet
  facet normal 0 0 1
    outer loop
      vertex -16.9889 -25.7787 13
      vertex -61.2111 -25.7787 13
      vertex -8.6 -33 13
    endloop
  endfacet
  facet normal 0 0 1
    outer loop
      vertex -69.6 -33 13
      vertex -61.2111 -25.7787 13
      vertex -61.4215 -25.9048 13
    endloop
  endfacet
  facet normal 0 0 1
    outer loop
      vertex -69.6 -33 13
      vertex -61.4215 -25.9048 13
      vertex -61.6433 -26.0097 13
    endloop
  endfacet
  facet normal 0 0 1
    outer loop
      vertex -69.6 -33 13
      vertex -61.6433 -26.0097 13
      vertex -61.8743 -26.0924 13
    endloop
  endfacet
  facet normal 0 0 1
    outer loop
      vertex -69.6 -33 13
      vertex -61.8743 -26.0924 13
      vertex -62.1123 -26.152 13
    endloop
  endfacet
  facet normal 0 0 1
    outer loop
      vertex -69.6 -33 13
      vertex -62.1123 -26.152 13
      vertex -62.355 -26.188 13
    endloop
  endfacet
  facet normal 0 0 1
    outer loop
      vertex -69.6 -33 13
      vertex -62.355 -26.188 13
      vertex -62.6 -26.2 13
    endloop
  endfacet
  facet normal 0 0 1
    outer loop
      vertex -69.6 -33 13
      vertex -62.6 -26.2 13
      vertex -62.845 -26.188 13
    endloop
  endfacet
  facet normal 0 0 1
    outer loop
      vertex -65.052 -23.2123 13
      vertex -69.6 -17.3196 13
      vertex -65.088 -23.455 13
    endloop
  endfacet
  facet normal 0 0 1
    outer loop
      vertex -65.088 -23.455 13
      vertex -69.6 -17.3196 13
      vertex -65.1 -23.7 13
    endloop
  endfacet
  facet normal 0 0 1
    outer loop
      vertex -65.1 -23.7 13
      vertex -69.6 -17.3196 13
      vertex -65.088 -23.945 13
    endloop
  endfacet
  facet normal 0 0 1
    outer loop
      vertex -69.6 -33 13
      vertex -65.088 -23.945 13
      vertex -69.6 -17.3196 13
    endloop
  endfacet
  facet normal 0 0 1
    outer loop
      vertex -65.088 -23.945 13
      vertex -69.6 -33 13
      vertex -65.052 -24.1877 13
    endloop
  endfacet
  facet normal 0 0 1
    outer loop
      vertex -65.052 -24.1877 13
      vertex -69.6 -33 13
      vertex -64.9923 -24.4257 13
    endloop
  endfacet
  facet normal 0 0 1
    outer loop
      vertex -64.9923 -24.4257 13
      vertex -69.6 -33 13
      vertex -64.9097 -24.6567 13
    endloop
  endfacet
  facet normal 0 0 1
    outer loop
      vertex -64.9097 -24.6567 13
      vertex -69.6 -33 13
      vertex -64.8048 -24.8785 13
    endloop
  endfacet
  facet normal 0 0 1
    outer loop
      vertex -61.2111 -25.7787 13
      vertex -69.6 -33 13
      vertex -8.6 -33 13
    endloop
  endfacet
  facet normal 0 0 1
    outer loop
      vertex -63.0877 -26.152 13
      vertex -69.6 -33 13
      vertex -62.845 -26.188 13
    endloop
  endfacet
  facet normal 0 0 1
    outer loop
      vertex -63.3257 -26.0924 13
      vertex -69.6 -33 13
      vertex -63.0877 -26.152 13
    endloop
  endfacet
  facet normal 0 0 1
    outer loop
      vertex -63.5567 -26.0097 13
      vertex -69.6 -33 13
      vertex -63.3257 -26.0924 13
    endloop
  endfacet
  facet normal 0 0 1
    outer loop
      vertex -63.7785 -25.9048 13
      vertex -69.6 -33 13
      vertex -63.5567 -26.0097 13
    endloop
  endfacet
  facet normal 0 0 1
    outer loop
      vertex -63.9889 -25.7787 13
      vertex -69.6 -33 13
      vertex -63.7785 -25.9048 13
    endloop
  endfacet
  facet normal 0 0 1
    outer loop
      vertex -64.186 -25.6325 13
      vertex -69.6 -33 13
      vertex -63.9889 -25.7787 13
    endloop
  endfacet
  facet normal 0 0 1
    outer loop
      vertex -64.3678 -25.4678 13
      vertex -69.6 -33 13
      vertex -64.186 -25.6325 13
    endloop
  endfacet
  facet normal 0 0 1
    outer loop
      vertex -64.5325 -25.286 13
      vertex -69.6 -33 13
      vertex -64.3678 -25.4678 13
    endloop
  endfacet
  facet normal 0 0 1
    outer loop
      vertex -64.6787 -25.0889 13
      vertex -69.6 -33 13
      vertex -64.5325 -25.286 13
    endloop
  endfacet
  facet normal 0 0 1
    outer loop
      vertex -64.8048 -24.8785 13
      vertex -69.6 -33 13
      vertex -64.6787 -25.0889 13
    endloop
  endfacet
  facet normal 0 0 -1
    outer loop
      vertex -16.0007 -11.5504 13
      vertex -16.7785 -10.0952 13
      vertex -16.5567 -9.9903 13
    endloop
  endfacet
  facet normal 0 0 -1
    outer loop
      vertex -18.1 -12.3 13
      vertex -16.45 -12.3 13
      vertex -16.4459 -12.3833 13
    endloop
  endfacet
  facet normal 0 0 -1
    outer loop
      vertex -16.4459 -12.2167 13
      vertex -16.9889 -10.2213 13
      vertex -16.7785 -10.0952 13
    endloop
  endfacet
  facet normal 0 0 -1
    outer loop
      vertex -18.0724 -12.65 13
      vertex -16.4459 -12.3833 13
      vertex -16.4337 -12.4658 13
    endloop
  endfacet
  facet normal 0 0 -1
    outer loop
      vertex -16.4459 -12.2167 13
      vertex -17.186 -10.3675 13
      vertex -16.9889 -10.2213 13
    endloop
  endfacet
  facet normal 0 0 -1
    outer loop
      vertex -18.0724 -12.65 13
      vertex -16.4337 -12.4658 13
      vertex -16.4134 -12.5467 13
    endloop
  endfacet
  facet normal 0 0 -1
    outer loop
      vertex -16.4459 -12.2167 13
      vertex -17.3678 -10.5322 13
      vertex -17.186 -10.3675 13
    endloop
  endfacet
  facet normal 0 0 -1
    outer loop
      vertex -18.0724 -12.65 13
      vertex -16.4134 -12.5467 13
      vertex -16.3853 -12.6253 13
    endloop
  endfacet
  facet normal 0 0 -1
    outer loop
      vertex -16.4459 -12.2167 13
      vertex -17.5325 -10.714 13
      vertex -17.3678 -10.5322 13
    endloop
  endfacet
  facet normal 0 0 -1
    outer loop
      vertex -18.0724 -12.65 13
      vertex -16.3853 -12.6253 13
      vertex -16.3736 -12.65 13
    endloop
  endfacet
  facet normal 0 0 -1
    outer loop
      vertex -16.4459 -12.2167 13
      vertex -17.6787 -10.9111 13
      vertex -17.5325 -10.714 13
    endloop
  endfacet
  facet normal 0 0 -1
    outer loop
      vertex -16.4459 -12.2167 13
      vertex -17.8048 -11.1215 13
      vertex -17.6787 -10.9111 13
    endloop
  endfacet
  facet normal 0 0 -1
    outer loop
      vertex -16.4459 -12.2167 13
      vertex -17.9097 -11.3433 13
      vertex -17.8048 -11.1215 13
    endloop
  endfacet
  facet normal 0 0 -1
    outer loop
      vertex -16.4459 -12.2167 13
      vertex -17.9923 -11.5743 13
      vertex -17.9097 -11.3433 13
    endloop
  endfacet
  facet normal 0 0 -1
    outer loop
      vertex -16.4459 -12.2167 13
      vertex -18.052 -11.8123 13
      vertex -17.9923 -11.5743 13
    endloop
  endfacet
  facet normal 0 0 -1
    outer loop
      vertex -16.4459 -12.3833 13
      vertex -18.0724 -12.65 13
      vertex -18.088 -12.545 13
    endloop
  endfacet
  facet normal -0 0 -1
    outer loop
      vertex -16.4459 -12.3833 13
      vertex -18.088 -12.545 13
      vertex -18.1 -12.3 13
    endloop
  endfacet
  facet normal 0 0 -1
    outer loop
      vertex -16.4459 -12.2167 13
      vertex -18.088 -12.055 13
      vertex -18.052 -11.8123 13
    endloop
  endfacet
  facet normal 0 0 -1
    outer loop
      vertex -16.45 -12.3 13
      vertex -18.1 -12.3 13
      vertex -18.088 -12.055 13
    endloop
  endfacet
  facet normal 0 0 -1
    outer loop
      vertex -14.75 -12.3 13
      vertex -13.1 -12.3 13
      vertex -13.112 -12.545 13
    endloop
  endfacet
  facet normal 0 0 -1
    outer loop
      vertex -14.7541 -12.3833 13
      vertex -13.112 -12.545 13
      vertex -13.1276 -12.65 13
    endloop
  endfacet
  facet normal 0 0 -1
    outer loop
      vertex -13.1 -12.3 13
      vertex -14.75 -12.3 13
      vertex -13.112 -12.055 13
    endloop
  endfacet
  facet normal 0 0 -1
    outer loop
      vertex -14.7541 -12.2167 13
      vertex -13.112 -12.055 13
      vertex -14.75 -12.3 13
    endloop
  endfacet
  facet normal 0 0 -1
    outer loop
      vertex -14.7663 -12.1342 13
      vertex -13.148 -11.8123 13
      vertex -14.7541 -12.2167 13
    endloop
  endfacet
  facet normal -0 0 -1
    outer loop
      vertex -13.148 -11.8123 13
      vertex -14.7663 -12.1342 13
      vertex -13.2077 -11.5743 13
    endloop
  endfacet
  facet normal -0 0 -1
    outer loop
      vertex -13.2077 -11.5743 13
      vertex -14.7866 -12.0533 13
      vertex -13.2903 -11.3433 13
    endloop
  endfacet
  facet normal 0 0 -1
    outer loop
      vertex -14.8147 -11.9747 13
      vertex -13.2903 -11.3433 13
      vertex -14.7866 -12.0533 13
    endloop
  endfacet
  facet normal 0 0 -1
    outer loop
      vertex -14.8504 -11.8993 13
      vertex -13.3952 -11.1215 13
      vertex -14.8147 -11.9747 13
    endloop
  endfacet
  facet normal -0 0 -1
    outer loop
      vertex -13.3952 -11.1215 13
      vertex -14.8504 -11.8993 13
      vertex -13.5213 -10.9111 13
    endloop
  endfacet
  facet normal -0 0 -1
    outer loop
      vertex -13.5213 -10.9111 13
      vertex -14.8933 -11.8278 13
      vertex -13.6675 -10.714 13
    endloop
  endfacet
  facet normal 0 0 -1
    outer loop
      vertex -14.9429 -11.7608 13
      vertex -13.6675 -10.714 13
      vertex -14.8933 -11.8278 13
    endloop
  endfacet
  facet normal 0 0 -1
    outer loop
      vertex -14.999 -11.699 13
      vertex -13.8322 -10.5322 13
      vertex -14.9429 -11.7608 13
    endloop
  endfacet
  facet normal -0 0 -1
    outer loop
      vertex -13.112 -12.055 13
      vertex -14.7541 -12.2167 13
      vertex -13.148 -11.8123 13
    endloop
  endfacet
  facet normal 0 0 -1
    outer loop
      vertex -13.112 -12.545 13
      vertex -14.7541 -12.3833 13
      vertex -14.75 -12.3 13
    endloop
  endfacet
  facet normal 0 0 -1
    outer loop
      vertex -13.1276 -12.65 13
      vertex -14.7663 -12.4658 13
      vertex -14.7541 -12.3833 13
    endloop
  endfacet
  facet normal 0 0 -1
    outer loop
      vertex -13.1276 -12.65 13
      vertex -14.7866 -12.5467 13
      vertex -14.7663 -12.4658 13
    endloop
  endfacet
  facet normal 0 0 -1
    outer loop
      vertex -13.1276 -12.65 13
      vertex -14.8147 -12.6253 13
      vertex -14.7866 -12.5467 13
    endloop
  endfacet
  facet normal 0 -0 -1
    outer loop
      vertex -14.8147 -12.6253 13
      vertex -13.1276 -12.65 13
      vertex -14.8264 -12.65 13
    endloop
  endfacet
  facet normal 0 0 -1
    outer loop
      vertex -14.7866 -12.0533 13
      vertex -13.2077 -11.5743 13
      vertex -14.7663 -12.1342 13
    endloop
  endfacet
  facet normal -0 0 -1
    outer loop
      vertex -13.2903 -11.3433 13
      vertex -14.8147 -11.9747 13
      vertex -13.3952 -11.1215 13
    endloop
  endfacet
  facet normal 0 0 -1
    outer loop
      vertex -14.8933 -11.8278 13
      vertex -13.5213 -10.9111 13
      vertex -14.8504 -11.8993 13
    endloop
  endfacet
  facet normal -0 0 -1
    outer loop
      vertex -13.6675 -10.714 13
      vertex -14.9429 -11.7608 13
      vertex -13.8322 -10.5322 13
    endloop
  endfacet
  facet normal -0 0 -1
    outer loop
      vertex -13.8322 -10.5322 13
      vertex -14.999 -11.699 13
      vertex -14.014 -10.3675 13
    endloop
  endfacet
  facet normal 0 0 -1
    outer loop
      vertex -15.0608 -11.6429 13
      vertex -14.014 -10.3675 13
      vertex -14.999 -11.699 13
    endloop
  endfacet
  facet normal -0 0 -1
    outer loop
      vertex -14.014 -10.3675 13
      vertex -15.0608 -11.6429 13
      vertex -14.2111 -10.2213 13
    endloop
  endfacet
  facet normal 0 0 -1
    outer loop
      vertex -15.1278 -11.5933 13
      vertex -14.2111 -10.2213 13
      vertex -15.0608 -11.6429 13
    endloop
  endfacet
  facet normal -0 0 -1
    outer loop
      vertex -14.2111 -10.2213 13
      vertex -15.1278 -11.5933 13
      vertex -14.4215 -10.0952 13
    endloop
  endfacet
  facet normal 0 0 -1
    outer loop
      vertex -15.1993 -11.5504 13
      vertex -14.4215 -10.0952 13
      vertex -15.1278 -11.5933 13
    endloop
  endfacet
  facet normal -0 0 -1
    outer loop
      vertex -14.4215 -10.0952 13
      vertex -15.1993 -11.5504 13
      vertex -14.6433 -9.9903 13
    endloop
  endfacet
  facet normal 0 0 -1
    outer loop
      vertex -15.2747 -11.5147 13
      vertex -14.6433 -9.9903 13
      vertex -15.1993 -11.5504 13
    endloop
  endfacet
  facet normal -0 0 -1
    outer loop
      vertex -14.6433 -9.9903 13
      vertex -15.2747 -11.5147 13
      vertex -14.8743 -9.90765 13
    endloop
  endfacet
  facet normal 0 0 -1
    outer loop
      vertex -15.3533 -11.4866 13
      vertex -14.8743 -9.90765 13
      vertex -15.2747 -11.5147 13
    endloop
  endfacet
  facet normal -0 0 -1
    outer loop
      vertex -14.8743 -9.90765 13
      vertex -15.3533 -11.4866 13
      vertex -15.1123 -9.84804 13
    endloop
  endfacet
  facet normal 0 0 -1
    outer loop
      vertex -15.4342 -11.4663 13
      vertex -15.1123 -9.84804 13
      vertex -15.3533 -11.4866 13
    endloop
  endfacet
  facet normal -0 0 -1
    outer loop
      vertex -15.1123 -9.84804 13
      vertex -15.4342 -11.4663 13
      vertex -15.355 -9.81204 13
    endloop
  endfacet
  facet normal 0 0 -1
    outer loop
      vertex -15.5167 -11.4541 13
      vertex -15.355 -9.81204 13
      vertex -15.4342 -11.4663 13
    endloop
  endfacet
  facet normal 0 0 -1
    outer loop
      vertex -15.6 -11.45 13
      vertex -15.355 -9.81204 13
      vertex -15.5167 -11.4541 13
    endloop
  endfacet
  facet normal 0 0 -1
    outer loop
      vertex -15.6 -11.45 13
      vertex -15.6 -9.8 13
      vertex -15.355 -9.81204 13
    endloop
  endfacet
  facet normal 0 0 -1
    outer loop
      vertex -15.6833 -11.4541 13
      vertex -15.6 -9.8 13
      vertex -15.6 -11.45 13
    endloop
  endfacet
  facet normal 0 0 -1
    outer loop
      vertex -15.845 -9.81204 13
      vertex -15.6833 -11.4541 13
      vertex -15.7658 -11.4663 13
    endloop
  endfacet
  facet normal 0 0 -1
    outer loop
      vertex -15.6833 -11.4541 13
      vertex -15.845 -9.81204 13
      vertex -15.6 -9.8 13
    endloop
  endfacet
  facet normal 0 0 -1
    outer loop
      vertex -16.0877 -9.84804 13
      vertex -15.7658 -11.4663 13
      vertex -15.8467 -11.4866 13
    endloop
  endfacet
  facet normal 0 0 -1
    outer loop
      vertex -16.3257 -9.90765 13
      vertex -15.8467 -11.4866 13
      vertex -15.9253 -11.5147 13
    endloop
  endfacet
  facet normal 0 0 -1
    outer loop
      vertex -16.5567 -9.9903 13
      vertex -15.9253 -11.5147 13
      vertex -16.0007 -11.5504 13
    endloop
  endfacet
  facet normal 0 0 -1
    outer loop
      vertex -16.7785 -10.0952 13
      vertex -16.0007 -11.5504 13
      vertex -16.0722 -11.5933 13
    endloop
  endfacet
  facet normal 0 0 -1
    outer loop
      vertex -15.7658 -11.4663 13
      vertex -16.0877 -9.84804 13
      vertex -15.845 -9.81204 13
    endloop
  endfacet
  facet normal 0 0 -1
    outer loop
      vertex -16.7785 -10.0952 13
      vertex -16.0722 -11.5933 13
      vertex -16.1392 -11.6429 13
    endloop
  endfacet
  facet normal 0 0 -1
    outer loop
      vertex -16.7785 -10.0952 13
      vertex -16.1392 -11.6429 13
      vertex -16.201 -11.699 13
    endloop
  endfacet
  facet normal 0 0 -1
    outer loop
      vertex -16.7785 -10.0952 13
      vertex -16.201 -11.699 13
      vertex -16.2571 -11.7608 13
    endloop
  endfacet
  facet normal 0 0 -1
    outer loop
      vertex -16.7785 -10.0952 13
      vertex -16.2571 -11.7608 13
      vertex -16.3067 -11.8278 13
    endloop
  endfacet
  facet normal 0 0 -1
    outer loop
      vertex -15.8467 -11.4866 13
      vertex -16.3257 -9.90765 13
      vertex -16.0877 -9.84804 13
    endloop
  endfacet
  facet normal 0 0 -1
    outer loop
      vertex -16.7785 -10.0952 13
      vertex -16.3067 -11.8278 13
      vertex -16.3496 -11.8993 13
    endloop
  endfacet
  facet normal 0 0 -1
    outer loop
      vertex -16.7785 -10.0952 13
      vertex -16.3496 -11.8993 13
      vertex -16.3853 -11.9747 13
    endloop
  endfacet
  facet normal 0 0 -1
    outer loop
      vertex -16.7785 -10.0952 13
      vertex -16.3853 -11.9747 13
      vertex -16.4134 -12.0533 13
    endloop
  endfacet
  facet normal 0 0 -1
    outer loop
      vertex -16.7785 -10.0952 13
      vertex -16.4134 -12.0533 13
      vertex -16.4337 -12.1342 13
    endloop
  endfacet
  facet normal 0 0 -1
    outer loop
      vertex -16.7785 -10.0952 13
      vertex -16.4337 -12.1342 13
      vertex -16.4459 -12.2167 13
    endloop
  endfacet
  facet normal 0 0 -1
    outer loop
      vertex -15.9253 -11.5147 13
      vertex -16.5567 -9.9903 13
      vertex -16.3257 -9.90765 13
    endloop
  endfacet
  facet normal 0 0 -1
    outer loop
      vertex -18.088 -12.055 13
      vertex -16.4459 -12.2167 13
      vertex -16.45 -12.3 13
    endloop
  endfacet
  facet normal 0 0 1
    outer loop
      vertex -14.8264 -12.65 13
      vertex -14.8933 -12.7722 13
      vertex -14.8504 -12.7007 13
    endloop
  endfacet
  facet normal 0 0 1
    outer loop
      vertex -14.8264 -12.65 13
      vertex -14.9429 -12.8392 13
      vertex -14.8933 -12.7722 13
    endloop
  endfacet
  facet normal 0 0 1
    outer loop
      vertex -14.8264 -12.65 13
      vertex -14.999 -12.901 13
      vertex -14.9429 -12.8392 13
    endloop
  endfacet
  facet normal 0 0 1
    outer loop
      vertex -14.8264 -12.65 13
      vertex -15.0608 -12.9571 13
      vertex -14.999 -12.901 13
    endloop
  endfacet
  facet normal 0 0 1
    outer loop
      vertex -14.8264 -12.65 13
      vertex -15.1278 -13.0067 13
      vertex -15.0608 -12.9571 13
    endloop
  endfacet
  facet normal 0 0 1
    outer loop
      vertex -14.8264 -12.65 13
      vertex -15.1993 -13.0496 13
      vertex -15.1278 -13.0067 13
    endloop
  endfacet
  facet normal 0 0 1
    outer loop
      vertex -14.8264 -12.65 13
      vertex -15.2747 -13.0853 13
      vertex -15.1993 -13.0496 13
    endloop
  endfacet
  facet normal 0 0 1
    outer loop
      vertex -14.8264 -12.65 13
      vertex -15.3533 -13.1134 13
      vertex -15.2747 -13.0853 13
    endloop
  endfacet
  facet normal 0 0 1
    outer loop
      vertex -14.8264 -12.65 13
      vertex -15.4342 -13.1337 13
      vertex -15.3533 -13.1134 13
    endloop
  endfacet
  facet normal 0 0 1
    outer loop
      vertex -14.8264 -12.65 13
      vertex -15.5167 -13.1459 13
      vertex -15.4342 -13.1337 13
    endloop
  endfacet
  facet normal 0 0 1
    outer loop
      vertex -14.8264 -12.65 13
      vertex -15.6 -13.15 13
      vertex -15.5167 -13.1459 13
    endloop
  endfacet
  facet normal 0 0 1
    outer loop
      vertex -14.8264 -12.65 13
      vertex -15.6833 -13.1459 13
      vertex -15.6 -13.15 13
    endloop
  endfacet
  facet normal 0 0 1
    outer loop
      vertex -14.8264 -12.65 13
      vertex -15.7658 -13.1337 13
      vertex -15.6833 -13.1459 13
    endloop
  endfacet
  facet normal 0 0 1
    outer loop
      vertex -14.8264 -12.65 13
      vertex -15.8467 -13.1134 13
      vertex -15.7658 -13.1337 13
    endloop
  endfacet
  facet normal 0 0 1
    outer loop
      vertex -14.8264 -12.65 13
      vertex -15.9253 -13.0853 13
      vertex -15.8467 -13.1134 13
    endloop
  endfacet
  facet normal 0 0 1
    outer loop
      vertex -14.8264 -12.65 13
      vertex -16.0007 -13.0496 13
      vertex -15.9253 -13.0853 13
    endloop
  endfacet
  facet normal 0 0 1
    outer loop
      vertex -14.8264 -12.65 13
      vertex -16.0722 -13.0067 13
      vertex -16.0007 -13.0496 13
    endloop
  endfacet
  facet normal 0 0 1
    outer loop
      vertex -14.8264 -12.65 13
      vertex -16.1392 -12.9571 13
      vertex -16.0722 -13.0067 13
    endloop
  endfacet
  facet normal 0 0 1
    outer loop
      vertex -14.8264 -12.65 13
      vertex -16.201 -12.901 13
      vertex -16.1392 -12.9571 13
    endloop
  endfacet
  facet normal 0 0 1
    outer loop
      vertex -14.8264 -12.65 13
      vertex -16.2571 -12.8392 13
      vertex -16.201 -12.901 13
    endloop
  endfacet
  facet normal 0 0 1
    outer loop
      vertex -14.8264 -12.65 13
      vertex -16.3067 -12.7722 13
      vertex -16.2571 -12.8392 13
    endloop
  endfacet
  facet normal -0 0 1
    outer loop
      vertex -16.3736 -12.65 13
      vertex -16.3067 -12.7722 13
      vertex -14.8264 -12.65 13
    endloop
  endfacet
  facet normal 0 0 1
    outer loop
      vertex -16.3067 -12.7722 13
      vertex -16.3736 -12.65 13
      vertex -16.3496 -12.7007 13
    endloop
  endfacet
  facet normal 0 0 1
    outer loop
      vertex -8.6 33 13
      vertex -22.9 12.65 13
      vertex -8.6 12.65 13
    endloop
  endfacet
  facet normal -0 0 1
    outer loop
      vertex -65.6 14.6804 13
      vertex -22.9 12.65 13
      vertex -65.6 17.3196 13
    endloop
  endfacet
  facet normal -0 0 1
    outer loop
      vertex -69.6 33 13
      vertex -22.9 12.65 13
      vertex -8.6 33 13
    endloop
  endfacet
  facet normal 0 0 1
    outer loop
      vertex -22.9 12.65 13
      vertex -69.6 33 13
      vertex -65.6 17.3196 13
    endloop
  endfacet
  facet normal 0 0 1
    outer loop
      vertex -65.6 17.3196 13
      vertex -69.6 33 13
      vertex -69.6 17.3196 13
    endloop
  endfacet
  facet normal 0 0 1
    outer loop
      vertex -22.9 12.65 13
      vertex -65.6 14.6804 13
      vertex -22.9 4 13
    endloop
  endfacet
  facet normal 0 0 1
    outer loop
      vertex -69.6 4 13
      vertex -65.6 14.6804 13
      vertex -69.6 14.6804 13
    endloop
  endfacet
  facet normal 0 0 1
    outer loop
      vertex -65.6 14.6804 13
      vertex -69.6 4 13
      vertex -22.9 4 13
    endloop
  endfacet
  facet normal 1 0 0
    outer loop
      vertex -69.6 -16.7654 29.6522
      vertex -69.6 -28.756 21.6225
      vertex -69.6 -28.75 21.5
    endloop
  endfacet
  facet normal 1 0 0
    outer loop
      vertex -69.6 -17.2688 29.954
      vertex -69.6 -28.774 21.7439
      vertex -69.6 -28.756 21.6225
    endloop
  endfacet
  facet normal 1 0 0
    outer loop
      vertex -69.6 -17.2688 29.954
      vertex -69.6 -28.8038 21.8629
      vertex -69.6 -28.774 21.7439
    endloop
  endfacet
  facet normal 1 0 0
    outer loop
      vertex -69.6 -22.5 31.4
      vertex -69.6 -28.8451 21.9784
      vertex -69.6 -28.8038 21.8629
    endloop
  endfacet
  facet normal 1 0 0
    outer loop
      vertex -69.6 -22.5 31.4
      vertex -69.6 -28.8976 22.0892
      vertex -69.6 -28.8451 21.9784
    endloop
  endfacet
  facet normal 1 0 0
    outer loop
      vertex -69.6 -22.5 31.4
      vertex -69.6 -28.9607 22.1945
      vertex -69.6 -28.8976 22.0892
    endloop
  endfacet
  facet normal 1 0 0
    outer loop
      vertex -69.6 -22.5 31.4
      vertex -69.6 -29.0337 22.293
      vertex -69.6 -28.9607 22.1945
    endloop
  endfacet
  facet normal 1 0 0
    outer loop
      vertex -69.6 -22.5 31.4
      vertex -69.6 -29.1161 22.3839
      vertex -69.6 -29.0337 22.293
    endloop
  endfacet
  facet normal 1 0 0
    outer loop
      vertex -69.6 -22.5 31.4
      vertex -69.6 -29.207 22.4663
      vertex -69.6 -29.1161 22.3839
    endloop
  endfacet
  facet normal 1 0 0
    outer loop
      vertex -69.6 -22.5 31.4
      vertex -69.6 -29.3055 22.5393
      vertex -69.6 -29.207 22.4663
    endloop
  endfacet
  facet normal 1 -0 0
    outer loop
      vertex -69.6 -29.5 31.4
      vertex -69.6 -29.3055 22.5393
      vertex -69.6 -22.5 31.4
    endloop
  endfacet
  facet normal 1 0 0
    outer loop
      vertex -69.6 -29.3055 22.5393
      vertex -69.6 -29.5 31.4
      vertex -69.6 -29.4108 22.6024
    endloop
  endfacet
  facet normal 1 0 0
    outer loop
      vertex -69.6 -29.4108 22.6024
      vertex -69.6 -29.5 31.4
      vertex -69.6 -29.5216 22.6549
    endloop
  endfacet
  facet normal 1 -0 0
    outer loop
      vertex -69.6 31.244 21.6225
      vertex -69.6 33 13
      vertex -69.6 33 43
    endloop
  endfacet
  facet normal 1 0 0
    outer loop
      vertex -69.6 33 13
      vertex -69.6 31.244 21.6225
      vertex -69.6 31.25 21.5
    endloop
  endfacet
  facet normal 1 0 0
    outer loop
      vertex -69.6 33 43
      vertex -69.6 31.226 21.7439
      vertex -69.6 31.244 21.6225
    endloop
  endfacet
  facet normal 1 0 0
    outer loop
      vertex -69.6 33 43
      vertex -69.6 31.1962 21.8629
      vertex -69.6 31.226 21.7439
    endloop
  endfacet
  facet normal 1 0 0
    outer loop
      vertex -69.6 33 43
      vertex -69.6 31.1549 21.9784
      vertex -69.6 31.1962 21.8629
    endloop
  endfacet
  facet normal 1 0 0
    outer loop
      vertex -69.6 33 43
      vertex -69.6 31.1024 22.0892
      vertex -69.6 31.1549 21.9784
    endloop
  endfacet
  facet normal 1 0 0
    outer loop
      vertex -69.6 33 43
      vertex -69.6 31.0393 22.1945
      vertex -69.6 31.1024 22.0892
    endloop
  endfacet
  facet normal 1 0 0
    outer loop
      vertex -69.6 33 43
      vertex -69.6 30.9663 22.293
      vertex -69.6 31.0393 22.1945
    endloop
  endfacet
  facet normal 1 0 0
    outer loop
      vertex -69.6 33 43
      vertex -69.6 30.8839 22.3839
      vertex -69.6 30.9663 22.293
    endloop
  endfacet
  facet normal 1 0 0
    outer loop
      vertex -69.6 33 43
      vertex -69.6 30.793 22.4663
      vertex -69.6 30.8839 22.3839
    endloop
  endfacet
  facet normal 1 0 0
    outer loop
      vertex -69.6 33 43
      vertex -69.6 30.6945 22.5393
      vertex -69.6 30.793 22.4663
    endloop
  endfacet
  facet normal 1 0 0
    outer loop
      vertex -69.6 33 43
      vertex -69.6 30.5892 22.6024
      vertex -69.6 30.6945 22.5393
    endloop
  endfacet
  facet normal 1 0 0
    outer loop
      vertex -69.6 33 43
      vertex -69.6 30.4784 22.6549
      vertex -69.6 30.5892 22.6024
    endloop
  endfacet
  facet normal 1 0 0
    outer loop
      vertex -69.6 33 43
      vertex -69.6 30.3629 22.6962
      vertex -69.6 30.4784 22.6549
    endloop
  endfacet
  facet normal 1 0 0
    outer loop
      vertex -69.6 33 43
      vertex -69.6 30.2439 22.726
      vertex -69.6 30.3629 22.6962
    endloop
  endfacet
  facet normal 1 0 0
    outer loop
      vertex -69.6 33 43
      vertex -69.6 30.1225 22.744
      vertex -69.6 30.2439 22.726
    endloop
  endfacet
  facet normal 1 0 0
    outer loop
      vertex -69.6 33 43
      vertex -69.6 30 22.75
      vertex -69.6 30.1225 22.744
    endloop
  endfacet
  facet normal 1 0 0
    outer loop
      vertex -69.6 33 43
      vertex -69.6 29.8775 22.744
      vertex -69.6 30 22.75
    endloop
  endfacet
  facet normal 1 -0 0
    outer loop
      vertex -69.6 17.9904 31.696
      vertex -69.6 29.8775 22.744
      vertex -69.6 33 43
    endloop
  endfacet
  facet normal 1 0 0
    outer loop
      vertex -69.6 29.8775 22.744
      vertex -69.6 17.9904 31.696
      vertex -69.6 29.7561 22.726
    endloop
  endfacet
  facet normal 1 -0 -0
    outer loop
      vertex -69.6 18 31.5
      vertex -69.6 29.7561 22.726
      vertex -69.6 17.9904 31.696
    endloop
  endfacet
  facet normal 1 0 0
    outer loop
      vertex -69.6 29.7561 22.726
      vertex -69.6 18 31.5
      vertex -69.6 29.6371 22.6962
    endloop
  endfacet
  facet normal 1 -0 0
    outer loop
      vertex -69.6 17.9904 31.304
      vertex -69.6 29.6371 22.6962
      vertex -69.6 18 31.5
    endloop
  endfacet
  facet normal 1 0 0
    outer loop
      vertex -69.6 29.6371 22.6962
      vertex -69.6 17.9904 31.304
      vertex -69.6 29.5216 22.6549
    endloop
  endfacet
  facet normal 1 0 0
    outer loop
      vertex -69.6 29.5216 22.6549
      vertex -69.6 17.9904 31.304
      vertex -69.6 29.4108 22.6024
    endloop
  endfacet
  facet normal 1 -0 0
    outer loop
      vertex -69.6 17.9616 31.1098
      vertex -69.6 29.4108 22.6024
      vertex -69.6 17.9904 31.304
    endloop
  endfacet
  facet normal 1 0 0
    outer loop
      vertex -69.6 29.4108 22.6024
      vertex -69.6 17.9616 31.1098
      vertex -69.6 29.3055 22.5393
    endloop
  endfacet
  facet normal 1 -0 0
    outer loop
      vertex -69.6 17.9139 30.9194
      vertex -69.6 29.3055 22.5393
      vertex -69.6 17.9616 31.1098
    endloop
  endfacet
  facet normal 1 0 0
    outer loop
      vertex -69.6 29.3055 22.5393
      vertex -69.6 17.9139 30.9194
      vertex -69.6 29.207 22.4663
    endloop
  endfacet
  facet normal 1 -0 0
    outer loop
      vertex -69.6 17.8478 30.7346
      vertex -69.6 29.207 22.4663
      vertex -69.6 17.9139 30.9194
    endloop
  endfacet
  facet normal 1 0 0
    outer loop
      vertex -69.6 29.207 22.4663
      vertex -69.6 17.8478 30.7346
      vertex -69.6 29.1161 22.3839
    endloop
  endfacet
  facet normal 1 0 0
    outer loop
      vertex -69.6 29.0337 22.293
      vertex -69.6 17.6629 30.3889
      vertex -69.6 28.9607 22.1945
    endloop
  endfacet
  facet normal 1 -0 0
    outer loop
      vertex -69.6 17.6629 30.3889
      vertex -69.6 29.0337 22.293
      vertex -69.6 17.7638 30.5572
    endloop
  endfacet
  facet normal 1 -0 0
    outer loop
      vertex -69.6 17.7638 30.5572
      vertex -69.6 29.1161 22.3839
      vertex -69.6 17.8478 30.7346
    endloop
  endfacet
  facet normal 1 0 0
    outer loop
      vertex -69.6 29.1161 22.3839
      vertex -69.6 17.7638 30.5572
      vertex -69.6 29.0337 22.293
    endloop
  endfacet
  facet normal 1 0 0
    outer loop
      vertex -69.6 33 43
      vertex -69.6 17.9616 31.8902
      vertex -69.6 17.9904 31.696
    endloop
  endfacet
  facet normal 1 0 0
    outer loop
      vertex -69.6 33 43
      vertex -69.6 17.9139 32.0806
      vertex -69.6 17.9616 31.8902
    endloop
  endfacet
  facet normal 1 0 0
    outer loop
      vertex -69.6 33 43
      vertex -69.6 17.8478 32.2654
      vertex -69.6 17.9139 32.0806
    endloop
  endfacet
  facet normal 1 0 0
    outer loop
      vertex -69.6 33 43
      vertex -69.6 17.7638 32.4428
      vertex -69.6 17.8478 32.2654
    endloop
  endfacet
  facet normal 1 0 0
    outer loop
      vertex -69.6 33 43
      vertex -69.6 17.6629 32.6111
      vertex -69.6 17.7638 32.4428
    endloop
  endfacet
  facet normal 1 0 0
    outer loop
      vertex -69.6 33 43
      vertex -69.6 17.546 32.7688
      vertex -69.6 17.6629 32.6111
    endloop
  endfacet
  facet normal 1 0 0
    outer loop
      vertex -69.6 33 43
      vertex -69.6 17.4142 32.9142
      vertex -69.6 17.546 32.7688
    endloop
  endfacet
  facet normal 1 0 0
    outer loop
      vertex -69.6 33 43
      vertex -69.6 17.2688 33.046
      vertex -69.6 17.4142 32.9142
    endloop
  endfacet
  facet normal 1 0 0
    outer loop
      vertex -69.6 33 43
      vertex -69.6 17.1111 33.1629
      vertex -69.6 17.2688 33.046
    endloop
  endfacet
  facet normal 1 0 0
    outer loop
      vertex -69.6 33 43
      vertex -69.6 16.9428 33.2638
      vertex -69.6 17.1111 33.1629
    endloop
  endfacet
  facet normal 1 0 0
    outer loop
      vertex -69.6 33 43
      vertex -69.6 16.7654 33.3478
      vertex -69.6 16.9428 33.2638
    endloop
  endfacet
  facet normal 1 0 0
    outer loop
      vertex -69.6 33 43
      vertex -69.6 16.5806 33.4139
      vertex -69.6 16.7654 33.3478
    endloop
  endfacet
  facet normal 1 0 0
    outer loop
      vertex -69.6 33 43
      vertex -69.6 16.3902 33.4616
      vertex -69.6 16.5806 33.4139
    endloop
  endfacet
  facet normal 1 0 0
    outer loop
      vertex -69.6 33 43
      vertex -69.6 16.196 33.4904
      vertex -69.6 16.3902 33.4616
    endloop
  endfacet
  facet normal 1 0 0
    outer loop
      vertex -69.6 33 43
      vertex -69.6 16 33.5
      vertex -69.6 16.196 33.4904
    endloop
  endfacet
  facet normal 1 0 0
    outer loop
      vertex -69.6 33 43
      vertex -69.6 15.804 33.4904
      vertex -69.6 16 33.5
    endloop
  endfacet
  facet normal 1 -0 0
    outer loop
      vertex -69.6 4 36.5
      vertex -69.6 15.804 33.4904
      vertex -69.6 33 43
    endloop
  endfacet
  facet normal 1 0 0
    outer loop
      vertex -69.6 15.804 33.4904
      vertex -69.6 4 36.5
      vertex -69.6 15.6098 33.4616
    endloop
  endfacet
  facet normal 1 0 0
    outer loop
      vertex -69.6 15.6098 33.4616
      vertex -69.6 4 36.5
      vertex -69.6 15.4194 33.4139
    endloop
  endfacet
  facet normal 1 0 0
    outer loop
      vertex -69.6 15.4194 33.4139
      vertex -69.6 4 36.5
      vertex -69.6 15.2346 33.3478
    endloop
  endfacet
  facet normal 1 0 0
    outer loop
      vertex -69.6 14.0096 31.696
      vertex -69.6 4 36.5
      vertex -69.6 14 31.5
    endloop
  endfacet
  facet normal 1 0 0
    outer loop
      vertex -69.6 14.0384 31.8902
      vertex -69.6 4 36.5
      vertex -69.6 14.0096 31.696
    endloop
  endfacet
  facet normal 1 0 0
    outer loop
      vertex -69.6 14.0861 32.0806
      vertex -69.6 4 36.5
      vertex -69.6 14.0384 31.8902
    endloop
  endfacet
  facet normal 1 0 0
    outer loop
      vertex -69.6 14.1522 32.2654
      vertex -69.6 4 36.5
      vertex -69.6 14.0861 32.0806
    endloop
  endfacet
  facet normal 1 0 0
    outer loop
      vertex -69.6 14.2362 32.4428
      vertex -69.6 4 36.5
      vertex -69.6 14.1522 32.2654
    endloop
  endfacet
  facet normal 1 0 0
    outer loop
      vertex -69.6 14.3371 32.6111
      vertex -69.6 4 36.5
      vertex -69.6 14.2362 32.4428
    endloop
  endfacet
  facet normal 1 0 0
    outer loop
      vertex -69.6 14.454 32.7688
      vertex -69.6 4 36.5
      vertex -69.6 14.3371 32.6111
    endloop
  endfacet
  facet normal 1 0 0
    outer loop
      vertex -69.6 14.5858 32.9142
      vertex -69.6 4 36.5
      vertex -69.6 14.454 32.7688
    endloop
  endfacet
  facet normal 1 0 0
    outer loop
      vertex -69.6 14.7312 33.046
      vertex -69.6 4 36.5
      vertex -69.6 14.5858 32.9142
    endloop
  endfacet
  facet normal 1 0 0
    outer loop
      vertex -69.6 14.8889 33.1629
      vertex -69.6 4 36.5
      vertex -69.6 14.7312 33.046
    endloop
  endfacet
  facet normal 1 0 0
    outer loop
      vertex -69.6 15.0572 33.2638
      vertex -69.6 4 36.5
      vertex -69.6 14.8889 33.1629
    endloop
  endfacet
  facet normal 1 0 0
    outer loop
      vertex -69.6 15.2346 33.3478
      vertex -69.6 4 36.5
      vertex -69.6 15.0572 33.2638
    endloop
  endfacet
  facet normal 1 0 0
    outer loop
      vertex -69.6 33 43
      vertex -69.6 2 36.5
      vertex -69.6 4 36.5
    endloop
  endfacet
  facet normal 1 0 0
    outer loop
      vertex -69.6 -7 31
      vertex -69.6 2 36.5
      vertex -69.6 -7 35
    endloop
  endfacet
  facet normal 1 -0 0
    outer loop
      vertex -69.6 -33 43
      vertex -69.6 2 36.5
      vertex -69.6 33 43
    endloop
  endfacet
  facet normal 1 0 0
    outer loop
      vertex -69.6 2 36.5
      vertex -69.6 -33 43
      vertex -69.6 -7 35
    endloop
  endfacet
  facet normal 1 0 0
    outer loop
      vertex -69.6 -17 35
      vertex -69.6 -17.1111 33.1629
      vertex -69.6 -17 33.2296
    endloop
  endfacet
  facet normal 1 0 0
    outer loop
      vertex -69.6 -17 35
      vertex -69.6 -17.2688 33.046
      vertex -69.6 -17.1111 33.1629
    endloop
  endfacet
  facet normal 1 0 0
    outer loop
      vertex -69.6 -17 35
      vertex -69.6 -17.4142 32.9142
      vertex -69.6 -17.2688 33.046
    endloop
  endfacet
  facet normal 1 0 0
    outer loop
      vertex -69.6 -17 35
      vertex -69.6 -17.546 32.7688
      vertex -69.6 -17.4142 32.9142
    endloop
  endfacet
  facet normal 1 -0 0
    outer loop
      vertex -69.6 -22.5 34.6
      vertex -69.6 -17.546 32.7688
      vertex -69.6 -17 35
    endloop
  endfacet
  facet normal 1 0 0
    outer loop
      vertex -69.6 -17.546 32.7688
      vertex -69.6 -22.5 34.6
      vertex -69.6 -17.6629 32.6111
    endloop
  endfacet
  facet normal 1 0 0
    outer loop
      vertex -69.6 -17.6629 32.6111
      vertex -69.6 -22.5 34.6
      vertex -69.6 -17.7638 32.4428
    endloop
  endfacet
  facet normal 1 0 0
    outer loop
      vertex -69.6 -17.7638 32.4428
      vertex -69.6 -22.5 34.6
      vertex -69.6 -17.8478 32.2654
    endloop
  endfacet
  facet normal 1 0 0
    outer loop
      vertex -69.6 -17.9616 31.8902
      vertex -69.6 -22.5 31.4
      vertex -69.6 -17.9904 31.696
    endloop
  endfacet
  facet normal 1 0 0
    outer loop
      vertex -69.6 -17.9139 32.0806
      vertex -69.6 -22.5 31.4
      vertex -69.6 -17.9616 31.8902
    endloop
  endfacet
  facet normal 1 0 0
    outer loop
      vertex -69.6 -22.5 31.4
      vertex -69.6 -17.9139 32.0806
      vertex -69.6 -22.5 34.6
    endloop
  endfacet
  facet normal 1 0 0
    outer loop
      vertex -69.6 -17.8478 32.2654
      vertex -69.6 -22.5 34.6
      vertex -69.6 -17.9139 32.0806
    endloop
  endfacet
  facet normal 1 0 0
    outer loop
      vertex -69.6 -7 35
      vertex -69.6 -33 43
      vertex -69.6 -17 35
    endloop
  endfacet
  facet normal 1 0 0
    outer loop
      vertex -69.6 -17 35
      vertex -69.6 -33 43
      vertex -69.6 -22.5 34.6
    endloop
  endfacet
  facet normal 1 0 0
    outer loop
      vertex -69.6 -33 43
      vertex -69.6 -29.5 31.4
      vertex -69.6 -29.5 34.6
    endloop
  endfacet
  facet normal 1 0 0
    outer loop
      vertex -69.6 -29.5 31.4
      vertex -69.6 -29.6371 22.6962
      vertex -69.6 -29.5216 22.6549
    endloop
  endfacet
  facet normal 1 0 0
    outer loop
      vertex -69.6 -29.5 31.4
      vertex -69.6 -29.7561 22.726
      vertex -69.6 -29.6371 22.6962
    endloop
  endfacet
  facet normal 1 0 0
    outer loop
      vertex -69.6 -29.5 31.4
      vertex -69.6 -29.8775 22.744
      vertex -69.6 -29.7561 22.726
    endloop
  endfacet
  facet normal 1 0 0
    outer loop
      vertex -69.6 -29.5 31.4
      vertex -69.6 -30 22.75
      vertex -69.6 -29.8775 22.744
    endloop
  endfacet
  facet normal 1 0 0
    outer loop
      vertex -69.6 -29.5 31.4
      vertex -69.6 -30.1225 22.744
      vertex -69.6 -30 22.75
    endloop
  endfacet
  facet normal 1 0 0
    outer loop
      vertex -69.6 -29.5 31.4
      vertex -69.6 -30.2439 22.726
      vertex -69.6 -30.1225 22.744
    endloop
  endfacet
  facet normal 1 0 0
    outer loop
      vertex -69.6 -29.5 31.4
      vertex -69.6 -30.3629 22.6962
      vertex -69.6 -30.2439 22.726
    endloop
  endfacet
  facet normal 1 0 0
    outer loop
      vertex -69.6 -29.5 31.4
      vertex -69.6 -30.4784 22.6549
      vertex -69.6 -30.3629 22.6962
    endloop
  endfacet
  facet normal 1 0 0
    outer loop
      vertex -69.6 -29.5 31.4
      vertex -69.6 -30.5892 22.6024
      vertex -69.6 -30.4784 22.6549
    endloop
  endfacet
  facet normal 1 0 0
    outer loop
      vertex -69.6 -29.5 31.4
      vertex -69.6 -30.6945 22.5393
      vertex -69.6 -30.5892 22.6024
    endloop
  endfacet
  facet normal 1 0 0
    outer loop
      vertex -69.6 -29.5 31.4
      vertex -69.6 -30.793 22.4663
      vertex -69.6 -30.6945 22.5393
    endloop
  endfacet
  facet normal 1 0 0
    outer loop
      vertex -69.6 -29.5 31.4
      vertex -69.6 -30.8839 22.3839
      vertex -69.6 -30.793 22.4663
    endloop
  endfacet
  facet normal 1 0 0
    outer loop
      vertex -69.6 -29.5 31.4
      vertex -69.6 -30.9663 22.293
      vertex -69.6 -30.8839 22.3839
    endloop
  endfacet
  facet normal 1 0 0
    outer loop
      vertex -69.6 -29.5 31.4
      vertex -69.6 -31.0393 22.1945
      vertex -69.6 -30.9663 22.293
    endloop
  endfacet
  facet normal 1 0 0
    outer loop
      vertex -69.6 -29.5 31.4
      vertex -69.6 -31.1024 22.0892
      vertex -69.6 -31.0393 22.1945
    endloop
  endfacet
  facet normal 1 0 0
    outer loop
      vertex -69.6 -29.5 31.4
      vertex -69.6 -31.1549 21.9784
      vertex -69.6 -31.1024 22.0892
    endloop
  endfacet
  facet normal 1 0 0
    outer loop
      vertex -69.6 -29.5 31.4
      vertex -69.6 -33 43
      vertex -69.6 -31.1549 21.9784
    endloop
  endfacet
  facet normal 1 0 0
    outer loop
      vertex -69.6 -31.1549 21.9784
      vertex -69.6 -33 43
      vertex -69.6 -31.1962 21.8629
    endloop
  endfacet
  facet normal 1 0 0
    outer loop
      vertex -69.6 -31.1962 21.8629
      vertex -69.6 -33 43
      vertex -69.6 -31.226 21.7439
    endloop
  endfacet
  facet normal 1 0 0
    outer loop
      vertex -69.6 -33 13
      vertex -69.6 -31.244 21.6225
      vertex -69.6 -33 43
    endloop
  endfacet
  facet normal 1 0 0
    outer loop
      vertex -69.6 -31.226 21.7439
      vertex -69.6 -33 43
      vertex -69.6 -31.244 21.6225
    endloop
  endfacet
  facet normal 1 0 0
    outer loop
      vertex -69.6 -22.5 34.6
      vertex -69.6 -33 43
      vertex -69.6 -29.5 34.6
    endloop
  endfacet
  facet normal 1 -0 0
    outer loop
      vertex -69.6 31.244 21.3775
      vertex -69.6 33 13
      vertex -69.6 31.25 21.5
    endloop
  endfacet
  facet normal 1 -0 0
    outer loop
      vertex -69.6 31.226 21.2561
      vertex -69.6 33 13
      vertex -69.6 31.244 21.3775
    endloop
  endfacet
  facet normal 1 -0 0
    outer loop
      vertex -69.6 31.1962 21.1371
      vertex -69.6 33 13
      vertex -69.6 31.226 21.2561
    endloop
  endfacet
  facet normal 1 -0 0
    outer loop
      vertex -69.6 31.1549 21.0216
      vertex -69.6 33 13
      vertex -69.6 31.1962 21.1371
    endloop
  endfacet
  facet normal 1 -0 0
    outer loop
      vertex -69.6 31.1024 20.9108
      vertex -69.6 33 13
      vertex -69.6 31.1549 21.0216
    endloop
  endfacet
  facet normal 1 -0 0
    outer loop
      vertex -69.6 31.0393 20.8055
      vertex -69.6 33 13
      vertex -69.6 31.1024 20.9108
    endloop
  endfacet
  facet normal 1 -0 0
    outer loop
      vertex -69.6 30.9663 20.707
      vertex -69.6 33 13
      vertex -69.6 31.0393 20.8055
    endloop
  endfacet
  facet normal 1 -0 0
    outer loop
      vertex -69.6 30.8839 20.6161
      vertex -69.6 33 13
      vertex -69.6 30.9663 20.707
    endloop
  endfacet
  facet normal 1 -0 0
    outer loop
      vertex -69.6 30.793 20.5337
      vertex -69.6 33 13
      vertex -69.6 30.8839 20.6161
    endloop
  endfacet
  facet normal 1 -0 0
    outer loop
      vertex -69.6 30.6945 20.4607
      vertex -69.6 33 13
      vertex -69.6 30.793 20.5337
    endloop
  endfacet
  facet normal 1 -0 0
    outer loop
      vertex -69.6 30.5892 20.3976
      vertex -69.6 33 13
      vertex -69.6 30.6945 20.4607
    endloop
  endfacet
  facet normal 1 -0 0
    outer loop
      vertex -69.6 30.4784 20.3451
      vertex -69.6 33 13
      vertex -69.6 30.5892 20.3976
    endloop
  endfacet
  facet normal 1 -0 0
    outer loop
      vertex -69.6 30.3629 20.3038
      vertex -69.6 33 13
      vertex -69.6 30.4784 20.3451
    endloop
  endfacet
  facet normal 1 -0 0
    outer loop
      vertex -69.6 30.2439 20.274
      vertex -69.6 33 13
      vertex -69.6 30.3629 20.3038
    endloop
  endfacet
  facet normal 1 -0 0
    outer loop
      vertex -69.6 30.1225 20.256
      vertex -69.6 33 13
      vertex -69.6 30.2439 20.274
    endloop
  endfacet
  facet normal 1 -0 0
    outer loop
      vertex -69.6 30 20.25
      vertex -69.6 33 13
      vertex -69.6 30.1225 20.256
    endloop
  endfacet
  facet normal 1 0 0
    outer loop
      vertex -69.6 29.8775 20.256
      vertex -69.6 33 13
      vertex -69.6 30 20.25
    endloop
  endfacet
  facet normal 1 0 0
    outer loop
      vertex -69.6 29.7561 20.274
      vertex -69.6 33 13
      vertex -69.6 29.8775 20.256
    endloop
  endfacet
  facet normal 1 0 0
    outer loop
      vertex -69.6 29.6371 20.3038
      vertex -69.6 33 13
      vertex -69.6 29.7561 20.274
    endloop
  endfacet
  facet normal 1 0 0
    outer loop
      vertex -69.6 29.5216 20.3451
      vertex -69.6 33 13
      vertex -69.6 29.6371 20.3038
    endloop
  endfacet
  facet normal 1 0 0
    outer loop
      vertex -69.6 29.4108 20.3976
      vertex -69.6 33 13
      vertex -69.6 29.5216 20.3451
    endloop
  endfacet
  facet normal 1 0 0
    outer loop
      vertex -69.6 29.3055 20.4607
      vertex -69.6 33 13
      vertex -69.6 29.4108 20.3976
    endloop
  endfacet
  facet normal 1 0 0
    outer loop
      vertex -69.6 17.3196 13
      vertex -69.6 29.3055 20.4607
      vertex -69.6 29.207 20.5337
    endloop
  endfacet
  facet normal 1 0 0
    outer loop
      vertex -69.6 17.3196 13
      vertex -69.6 29.207 20.5337
      vertex -69.6 29.1161 20.6161
    endloop
  endfacet
  facet normal 1 0 0
    outer loop
      vertex -69.6 17.3196 13
      vertex -69.6 29.1161 20.6161
      vertex -69.6 29.0337 20.707
    endloop
  endfacet
  facet normal 1 0 0
    outer loop
      vertex -69.6 17.3196 13
      vertex -69.6 29.0337 20.707
      vertex -69.6 28.9607 20.8055
    endloop
  endfacet
  facet normal 1 0 0
    outer loop
      vertex -69.6 17.3196 13
      vertex -69.6 28.9607 20.8055
      vertex -69.6 28.8976 20.9108
    endloop
  endfacet
  facet normal 1 -0 0
    outer loop
      vertex -69.6 17.546 30.2312
      vertex -69.6 28.9607 22.1945
      vertex -69.6 17.6629 30.3889
    endloop
  endfacet
  facet normal 1 0 0
    outer loop
      vertex -69.6 28.9607 22.1945
      vertex -69.6 17.546 30.2312
      vertex -69.6 28.8976 22.0892
    endloop
  endfacet
  facet normal 1 -0 0
    outer loop
      vertex -69.6 17.4142 30.0858
      vertex -69.6 28.8976 22.0892
      vertex -69.6 17.546 30.2312
    endloop
  endfacet
  facet normal 1 0 0
    outer loop
      vertex -69.6 28.8976 22.0892
      vertex -69.6 17.4142 30.0858
      vertex -69.6 28.8451 21.9784
    endloop
  endfacet
  facet normal 1 -0 0
    outer loop
      vertex -69.6 17.2688 29.954
      vertex -69.6 28.8451 21.9784
      vertex -69.6 17.4142 30.0858
    endloop
  endfacet
  facet normal 1 0 0
    outer loop
      vertex -69.6 28.8451 21.9784
      vertex -69.6 17.2688 29.954
      vertex -69.6 28.8038 21.8629
    endloop
  endfacet
  facet normal 1 -0 0
    outer loop
      vertex -69.6 17.1111 29.8371
      vertex -69.6 28.8038 21.8629
      vertex -69.6 17.2688 29.954
    endloop
  endfacet
  facet normal 1 0 0
    outer loop
      vertex -69.6 28.8038 21.8629
      vertex -69.6 17.1111 29.8371
      vertex -69.6 28.774 21.7439
    endloop
  endfacet
  facet normal 1 -0 0
    outer loop
      vertex -69.6 16.9428 29.7362
      vertex -69.6 28.774 21.7439
      vertex -69.6 17.1111 29.8371
    endloop
  endfacet
  facet normal 1 0 0
    outer loop
      vertex -69.6 28.774 21.7439
      vertex -69.6 16.9428 29.7362
      vertex -69.6 28.756 21.6225
    endloop
  endfacet
  facet normal 1 -0 0
    outer loop
      vertex -69.6 16.7654 29.6522
      vertex -69.6 28.756 21.6225
      vertex -69.6 16.9428 29.7362
    endloop
  endfacet
  facet normal 1 0 0
    outer loop
      vertex -69.6 28.756 21.6225
      vertex -69.6 16.7654 29.6522
      vertex -69.6 28.75 21.5
    endloop
  endfacet
  facet normal 1 0 0
    outer loop
      vertex -69.6 16.7654 13.3478
      vertex -69.6 28.75 21.5
      vertex -69.6 16.7654 29.6522
    endloop
  endfacet
  facet normal 1 0 0
    outer loop
      vertex -69.6 28.75 21.5
      vertex -69.6 16.7654 13.3478
      vertex -69.6 28.756 21.3775
    endloop
  endfacet
  facet normal 1 0 0
    outer loop
      vertex -69.6 29.3055 20.4607
      vertex -69.6 17.3196 13
      vertex -69.6 33 13
    endloop
  endfacet
  facet normal 1 0 -0
    outer loop
      vertex -69.6 16.9428 13.2638
      vertex -69.6 28.756 21.3775
      vertex -69.6 16.7654 13.3478
    endloop
  endfacet
  facet normal 1 0 0
    outer loop
      vertex -69.6 28.8451 21.0216
      vertex -69.6 17.3196 13
      vertex -69.6 28.8976 20.9108
    endloop
  endfacet
  facet normal 1 0 0
    outer loop
      vertex -69.6 28.756 21.3775
      vertex -69.6 16.9428 13.2638
      vertex -69.6 28.774 21.2561
    endloop
  endfacet
  facet normal 1 0 -0
    outer loop
      vertex -69.6 17.3196 13
      vertex -69.6 28.8451 21.0216
      vertex -69.6 17.2688 13.046
    endloop
  endfacet
  facet normal 1 0 -0
    outer loop
      vertex -69.6 17.1111 13.1629
      vertex -69.6 28.774 21.2561
      vertex -69.6 16.9428 13.2638
    endloop
  endfacet
  facet normal 1 0 0
    outer loop
      vertex -69.6 28.8038 21.1371
      vertex -69.6 17.2688 13.046
      vertex -69.6 28.8451 21.0216
    endloop
  endfacet
  facet normal 1 0 0
    outer loop
      vertex -69.6 28.774 21.2561
      vertex -69.6 17.1111 13.1629
      vertex -69.6 28.8038 21.1371
    endloop
  endfacet
  facet normal 1 0 -0
    outer loop
      vertex -69.6 17.2688 13.046
      vertex -69.6 28.8038 21.1371
      vertex -69.6 17.1111 13.1629
    endloop
  endfacet
  facet normal 1 -0 0
    outer loop
      vertex -69.6 16.5806 29.5861
      vertex -69.6 16.7654 13.3478
      vertex -69.6 16.7654 29.6522
    endloop
  endfacet
  facet normal 1 0 0
    outer loop
      vertex -69.6 16.5806 29.5861
      vertex -69.6 16.5806 13.4139
      vertex -69.6 16.7654 13.3478
    endloop
  endfacet
  facet normal 1 -0 0
    outer loop
      vertex -69.6 16.3902 29.5384
      vertex -69.6 16.5806 13.4139
      vertex -69.6 16.5806 29.5861
    endloop
  endfacet
  facet normal 1 0 0
    outer loop
      vertex -69.6 16.3902 29.5384
      vertex -69.6 16.3902 13.4616
      vertex -69.6 16.5806 13.4139
    endloop
  endfacet
  facet normal 1 -0 0
    outer loop
      vertex -69.6 16.196 29.5096
      vertex -69.6 16.3902 13.4616
      vertex -69.6 16.3902 29.5384
    endloop
  endfacet
  facet normal 1 0 0
    outer loop
      vertex -69.6 16.196 29.5096
      vertex -69.6 16.196 13.4904
      vertex -69.6 16.3902 13.4616
    endloop
  endfacet
  facet normal 1 -0 0
    outer loop
      vertex -69.6 16 29.5
      vertex -69.6 16.196 13.4904
      vertex -69.6 16.196 29.5096
    endloop
  endfacet
  facet normal 1 0 0
    outer loop
      vertex -69.6 16 29.5
      vertex -69.6 16 13.5
      vertex -69.6 16.196 13.4904
    endloop
  endfacet
  facet normal 1 0 0
    outer loop
      vertex -69.6 15.804 29.5096
      vertex -69.6 16 13.5
      vertex -69.6 16 29.5
    endloop
  endfacet
  facet normal 1 0 0
    outer loop
      vertex -69.6 15.804 29.5096
      vertex -69.6 15.804 13.4904
      vertex -69.6 16 13.5
    endloop
  endfacet
  facet normal 1 0 0
    outer loop
      vertex -69.6 15.6098 29.5384
      vertex -69.6 15.804 13.4904
      vertex -69.6 15.804 29.5096
    endloop
  endfacet
  facet normal 1 0 0
    outer loop
      vertex -69.6 15.6098 29.5384
      vertex -69.6 15.6098 13.4616
      vertex -69.6 15.804 13.4904
    endloop
  endfacet
  facet normal 1 0 0
    outer loop
      vertex -69.6 15.4194 29.5861
      vertex -69.6 15.6098 13.4616
      vertex -69.6 15.6098 29.5384
    endloop
  endfacet
  facet normal 1 0 0
    outer loop
      vertex -69.6 15.4194 29.5861
      vertex -69.6 15.4194 13.4139
      vertex -69.6 15.6098 13.4616
    endloop
  endfacet
  facet normal 1 0 0
    outer loop
      vertex -69.6 15.2346 29.6522
      vertex -69.6 15.4194 13.4139
      vertex -69.6 15.4194 29.5861
    endloop
  endfacet
  facet normal 1 0 0
    outer loop
      vertex -69.6 15.2346 29.6522
      vertex -69.6 15.2346 13.3478
      vertex -69.6 15.4194 13.4139
    endloop
  endfacet
  facet normal 1 0 0
    outer loop
      vertex -69.6 15.0572 29.7362
      vertex -69.6 15.2346 13.3478
      vertex -69.6 15.2346 29.6522
    endloop
  endfacet
  facet normal 1 0 0
    outer loop
      vertex -69.6 15.0572 29.7362
      vertex -69.6 15.0572 13.2638
      vertex -69.6 15.2346 13.3478
    endloop
  endfacet
  facet normal 1 0 0
    outer loop
      vertex -69.6 14.8889 29.8371
      vertex -69.6 15.0572 13.2638
      vertex -69.6 15.0572 29.7362
    endloop
  endfacet
  facet normal 1 0 0
    outer loop
      vertex -69.6 14.8889 29.8371
      vertex -69.6 14.8889 13.1629
      vertex -69.6 15.0572 13.2638
    endloop
  endfacet
  facet normal 1 0 0
    outer loop
      vertex -69.6 4 13
      vertex -69.6 14.8889 29.8371
      vertex -69.6 14.7312 29.954
    endloop
  endfacet
  facet normal 1 0 0
    outer loop
      vertex -69.6 14.8889 29.8371
      vertex -69.6 4 13
      vertex -69.6 14.8889 13.1629
    endloop
  endfacet
  facet normal 1 0 0
    outer loop
      vertex -69.6 14.8889 13.1629
      vertex -69.6 4 13
      vertex -69.6 14.7312 13.046
    endloop
  endfacet
  facet normal 1 0 0
    outer loop
      vertex -69.6 4 13
      vertex -69.6 14.7312 29.954
      vertex -69.6 14.5858 30.0858
    endloop
  endfacet
  facet normal 1 0 0
    outer loop
      vertex -69.6 4 13
      vertex -69.6 14.5858 30.0858
      vertex -69.6 14.454 30.2312
    endloop
  endfacet
  facet normal 1 0 0
    outer loop
      vertex -69.6 4 13
      vertex -69.6 14.454 30.2312
      vertex -69.6 14.3371 30.3889
    endloop
  endfacet
  facet normal 1 0 0
    outer loop
      vertex -69.6 4 13
      vertex -69.6 14.3371 30.3889
      vertex -69.6 14.2362 30.5572
    endloop
  endfacet
  facet normal 1 0 0
    outer loop
      vertex -69.6 4 36.5
      vertex -69.6 14.2362 30.5572
      vertex -69.6 14.1522 30.7346
    endloop
  endfacet
  facet normal 1 0 0
    outer loop
      vertex -69.6 4 36.5
      vertex -69.6 14.1522 30.7346
      vertex -69.6 14.0861 30.9194
    endloop
  endfacet
  facet normal 1 0 0
    outer loop
      vertex -69.6 4 36.5
      vertex -69.6 14.0861 30.9194
      vertex -69.6 14.0384 31.1098
    endloop
  endfacet
  facet normal 1 0 0
    outer loop
      vertex -69.6 4 36.5
      vertex -69.6 14.0384 31.1098
      vertex -69.6 14.0096 31.304
    endloop
  endfacet
  facet normal 1 0 0
    outer loop
      vertex -69.6 4 36.5
      vertex -69.6 14.0096 31.304
      vertex -69.6 14 31.5
    endloop
  endfacet
  facet normal 1 0 0
    outer loop
      vertex -69.6 14.2362 30.5572
      vertex -69.6 4 36.5
      vertex -69.6 4 13
    endloop
  endfacet
  facet normal 1 0 0
    outer loop
      vertex -69.6 14.7312 13.046
      vertex -69.6 4 13
      vertex -69.6 14.6804 13
    endloop
  endfacet
  facet normal 1 0 0
    outer loop
      vertex -69.6 2 36.5
      vertex -69.6 -7 31
      vertex -69.6 2 13
    endloop
  endfacet
  facet normal 1 0 0
    outer loop
      vertex -69.6 -14.0861 30.9194
      vertex -69.6 -7 31
      vertex -69.6 -14.0659 31
    endloop
  endfacet
  facet normal 1 0 0
    outer loop
      vertex -69.6 -14.1522 30.7346
      vertex -69.6 -7 31
      vertex -69.6 -14.0861 30.9194
    endloop
  endfacet
  facet normal 1 0 0
    outer loop
      vertex -69.6 -14.2362 30.5572
      vertex -69.6 -7 31
      vertex -69.6 -14.1522 30.7346
    endloop
  endfacet
  facet normal 1 0 0
    outer loop
      vertex -69.6 -14.3371 30.3889
      vertex -69.6 -7 31
      vertex -69.6 -14.2362 30.5572
    endloop
  endfacet
  facet normal 1 0 0
    outer loop
      vertex -69.6 -14.454 30.2312
      vertex -69.6 -7 31
      vertex -69.6 -14.3371 30.3889
    endloop
  endfacet
  facet normal 1 0 0
    outer loop
      vertex -69.6 -14.5858 30.0858
      vertex -69.6 -7 31
      vertex -69.6 -14.454 30.2312
    endloop
  endfacet
  facet normal 1 0 0
    outer loop
      vertex -69.6 -14.7312 29.954
      vertex -69.6 -7 31
      vertex -69.6 -14.5858 30.0858
    endloop
  endfacet
  facet normal 1 0 0
    outer loop
      vertex -69.6 -7 31
      vertex -69.6 -14.6804 13
      vertex -69.6 2 13
    endloop
  endfacet
  facet normal 1 0 0
    outer loop
      vertex -69.6 -14.8889 29.8371
      vertex -69.6 -7 31
      vertex -69.6 -14.7312 29.954
    endloop
  endfacet
  facet normal 1 0 0
    outer loop
      vertex -69.6 -7 31
      vertex -69.6 -14.7312 13.046
      vertex -69.6 -14.6804 13
    endloop
  endfacet
  facet normal 1 0 0
    outer loop
      vertex -69.6 -14.8889 13.1629
      vertex -69.6 -7 31
      vertex -69.6 -14.8889 29.8371
    endloop
  endfacet
  facet normal 1 0 0
    outer loop
      vertex -69.6 -7 31
      vertex -69.6 -14.8889 13.1629
      vertex -69.6 -14.7312 13.046
    endloop
  endfacet
  facet normal 1 -0 0
    outer loop
      vertex -69.6 -15.0572 29.7362
      vertex -69.6 -14.8889 13.1629
      vertex -69.6 -14.8889 29.8371
    endloop
  endfacet
  facet normal 1 0 0
    outer loop
      vertex -69.6 -15.0572 29.7362
      vertex -69.6 -15.0572 13.2638
      vertex -69.6 -14.8889 13.1629
    endloop
  endfacet
  facet normal 1 -0 0
    outer loop
      vertex -69.6 -15.2346 29.6522
      vertex -69.6 -15.0572 13.2638
      vertex -69.6 -15.0572 29.7362
    endloop
  endfacet
  facet normal 1 0 0
    outer loop
      vertex -69.6 -15.2346 29.6522
      vertex -69.6 -15.2346 13.3478
      vertex -69.6 -15.0572 13.2638
    endloop
  endfacet
  facet normal 1 -0 0
    outer loop
      vertex -69.6 -15.4194 29.5861
      vertex -69.6 -15.2346 13.3478
      vertex -69.6 -15.2346 29.6522
    endloop
  endfacet
  facet normal 1 0 0
    outer loop
      vertex -69.6 -15.4194 29.5861
      vertex -69.6 -15.4194 13.4139
      vertex -69.6 -15.2346 13.3478
    endloop
  endfacet
  facet normal 1 -0 0
    outer loop
      vertex -69.6 -15.6098 29.5384
      vertex -69.6 -15.4194 13.4139
      vertex -69.6 -15.4194 29.5861
    endloop
  endfacet
  facet normal 1 0 0
    outer loop
      vertex -69.6 -15.6098 29.5384
      vertex -69.6 -15.6098 13.4616
      vertex -69.6 -15.4194 13.4139
    endloop
  endfacet
  facet normal 1 -0 0
    outer loop
      vertex -69.6 -15.804 29.5096
      vertex -69.6 -15.6098 13.4616
      vertex -69.6 -15.6098 29.5384
    endloop
  endfacet
  facet normal 1 0 0
    outer loop
      vertex -69.6 -15.804 29.5096
      vertex -69.6 -15.804 13.4904
      vertex -69.6 -15.6098 13.4616
    endloop
  endfacet
  facet normal 1 -0 0
    outer loop
      vertex -69.6 -16 29.5
      vertex -69.6 -15.804 13.4904
      vertex -69.6 -15.804 29.5096
    endloop
  endfacet
  facet normal 1 0 0
    outer loop
      vertex -69.6 -16 29.5
      vertex -69.6 -16 13.5
      vertex -69.6 -15.804 13.4904
    endloop
  endfacet
  facet normal 1 0 0
    outer loop
      vertex -69.6 -16.196 29.5096
      vertex -69.6 -16 13.5
      vertex -69.6 -16 29.5
    endloop
  endfacet
  facet normal 1 0 0
    outer loop
      vertex -69.6 -16.196 29.5096
      vertex -69.6 -16.196 13.4904
      vertex -69.6 -16 13.5
    endloop
  endfacet
  facet normal 1 0 0
    outer loop
      vertex -69.6 -16.3902 29.5384
      vertex -69.6 -16.196 13.4904
      vertex -69.6 -16.196 29.5096
    endloop
  endfacet
  facet normal 1 0 0
    outer loop
      vertex -69.6 -16.3902 29.5384
      vertex -69.6 -16.3902 13.4616
      vertex -69.6 -16.196 13.4904
    endloop
  endfacet
  facet normal 1 0 0
    outer loop
      vertex -69.6 -16.5806 29.5861
      vertex -69.6 -16.3902 13.4616
      vertex -69.6 -16.3902 29.5384
    endloop
  endfacet
  facet normal 1 0 0
    outer loop
      vertex -69.6 -16.5806 29.5861
      vertex -69.6 -16.5806 13.4139
      vertex -69.6 -16.3902 13.4616
    endloop
  endfacet
  facet normal 1 0 0
    outer loop
      vertex -69.6 -16.7654 29.6522
      vertex -69.6 -16.5806 13.4139
      vertex -69.6 -16.5806 29.5861
    endloop
  endfacet
  facet normal 1 0 0
    outer loop
      vertex -69.6 -16.7654 29.6522
      vertex -69.6 -16.7654 13.3478
      vertex -69.6 -16.5806 13.4139
    endloop
  endfacet
  facet normal 1 0 0
    outer loop
      vertex -69.6 -28.756 21.6225
      vertex -69.6 -16.7654 29.6522
      vertex -69.6 -16.9428 29.7362
    endloop
  endfacet
  facet normal 1 0 0
    outer loop
      vertex -69.6 -16.7654 29.6522
      vertex -69.6 -28.75 21.5
      vertex -69.6 -16.7654 13.3478
    endloop
  endfacet
  facet normal 1 0 0
    outer loop
      vertex -69.6 -28.756 21.6225
      vertex -69.6 -16.9428 29.7362
      vertex -69.6 -17.1111 29.8371
    endloop
  endfacet
  facet normal 1 -0 0
    outer loop
      vertex -69.6 -28.756 21.3775
      vertex -69.6 -16.7654 13.3478
      vertex -69.6 -28.75 21.5
    endloop
  endfacet
  facet normal 1 0 0
    outer loop
      vertex -69.6 -28.756 21.6225
      vertex -69.6 -17.1111 29.8371
      vertex -69.6 -17.2688 29.954
    endloop
  endfacet
  facet normal 1 0 0
    outer loop
      vertex -69.6 -16.7654 13.3478
      vertex -69.6 -28.756 21.3775
      vertex -69.6 -16.9428 13.2638
    endloop
  endfacet
  facet normal 1 -0 0
    outer loop
      vertex -69.6 -28.774 21.2561
      vertex -69.6 -16.9428 13.2638
      vertex -69.6 -28.756 21.3775
    endloop
  endfacet
  facet normal 1 0 0
    outer loop
      vertex -69.6 -22.5 31.4
      vertex -69.6 -17.2688 29.954
      vertex -69.6 -17.4142 30.0858
    endloop
  endfacet
  facet normal 1 0 0
    outer loop
      vertex -69.6 -22.5 31.4
      vertex -69.6 -17.4142 30.0858
      vertex -69.6 -17.546 30.2312
    endloop
  endfacet
  facet normal 1 0 0
    outer loop
      vertex -69.6 -22.5 31.4
      vertex -69.6 -17.546 30.2312
      vertex -69.6 -17.6629 30.3889
    endloop
  endfacet
  facet normal 1 0 0
    outer loop
      vertex -69.6 -22.5 31.4
      vertex -69.6 -17.6629 30.3889
      vertex -69.6 -17.7638 30.5572
    endloop
  endfacet
  facet normal 1 0 0
    outer loop
      vertex -69.6 -22.5 31.4
      vertex -69.6 -17.7638 30.5572
      vertex -69.6 -17.8478 30.7346
    endloop
  endfacet
  facet normal 1 0 0
    outer loop
      vertex -69.6 -22.5 31.4
      vertex -69.6 -17.8478 30.7346
      vertex -69.6 -17.9139 30.9194
    endloop
  endfacet
  facet normal 1 0 0
    outer loop
      vertex -69.6 -22.5 31.4
      vertex -69.6 -17.9139 30.9194
      vertex -69.6 -17.9616 31.1098
    endloop
  endfacet
  facet normal 1 0 0
    outer loop
      vertex -69.6 -22.5 31.4
      vertex -69.6 -17.9616 31.1098
      vertex -69.6 -17.9904 31.304
    endloop
  endfacet
  facet normal 1 -0 0
    outer loop
      vertex -69.6 -22.5 31.4
      vertex -69.6 -17.9904 31.304
      vertex -69.6 -18 31.5
    endloop
  endfacet
  facet normal 1 0 0
    outer loop
      vertex -69.6 -17.9904 31.696
      vertex -69.6 -22.5 31.4
      vertex -69.6 -18 31.5
    endloop
  endfacet
  facet normal 1 0 0
    outer loop
      vertex -69.6 -28.8038 21.8629
      vertex -69.6 -17.2688 29.954
      vertex -69.6 -22.5 31.4
    endloop
  endfacet
  facet normal 1 0 0
    outer loop
      vertex -69.6 -16.9428 13.2638
      vertex -69.6 -28.774 21.2561
      vertex -69.6 -17.1111 13.1629
    endloop
  endfacet
  facet normal 1 -0 0
    outer loop
      vertex -69.6 -28.8038 21.1371
      vertex -69.6 -17.1111 13.1629
      vertex -69.6 -28.774 21.2561
    endloop
  endfacet
  facet normal 1 0 0
    outer loop
      vertex -69.6 -17.1111 13.1629
      vertex -69.6 -28.8038 21.1371
      vertex -69.6 -17.2688 13.046
    endloop
  endfacet
  facet normal 1 -0 0
    outer loop
      vertex -69.6 -28.8451 21.0216
      vertex -69.6 -17.2688 13.046
      vertex -69.6 -28.8038 21.1371
    endloop
  endfacet
  facet normal 1 0 0
    outer loop
      vertex -69.6 -17.2688 13.046
      vertex -69.6 -28.8451 21.0216
      vertex -69.6 -17.3196 13
    endloop
  endfacet
  facet normal 1 -0 0
    outer loop
      vertex -69.6 -28.8976 20.9108
      vertex -69.6 -17.3196 13
      vertex -69.6 -28.8451 21.0216
    endloop
  endfacet
  facet normal 1 -0 0
    outer loop
      vertex -69.6 -28.9607 20.8055
      vertex -69.6 -17.3196 13
      vertex -69.6 -28.8976 20.9108
    endloop
  endfacet
  facet normal 1 -0 0
    outer loop
      vertex -69.6 -29.0337 20.707
      vertex -69.6 -17.3196 13
      vertex -69.6 -28.9607 20.8055
    endloop
  endfacet
  facet normal 1 -0 0
    outer loop
      vertex -69.6 -29.1161 20.6161
      vertex -69.6 -17.3196 13
      vertex -69.6 -29.0337 20.707
    endloop
  endfacet
  facet normal 1 -0 0
    outer loop
      vertex -69.6 -29.207 20.5337
      vertex -69.6 -17.3196 13
      vertex -69.6 -29.1161 20.6161
    endloop
  endfacet
  facet normal 1 -0 0
    outer loop
      vertex -69.6 -29.3055 20.4607
      vertex -69.6 -17.3196 13
      vertex -69.6 -29.207 20.5337
    endloop
  endfacet
  facet normal 1 0 0
    outer loop
      vertex -69.6 -33 13
      vertex -69.6 -29.3055 20.4607
      vertex -69.6 -29.4108 20.3976
    endloop
  endfacet
  facet normal 1 0 0
    outer loop
      vertex -69.6 -33 13
      vertex -69.6 -29.4108 20.3976
      vertex -69.6 -29.5216 20.3451
    endloop
  endfacet
  facet normal 1 0 0
    outer loop
      vertex -69.6 -33 13
      vertex -69.6 -29.5216 20.3451
      vertex -69.6 -29.6371 20.3038
    endloop
  endfacet
  facet normal 1 0 0
    outer loop
      vertex -69.6 -33 13
      vertex -69.6 -29.6371 20.3038
      vertex -69.6 -29.7561 20.274
    endloop
  endfacet
  facet normal 1 0 0
    outer loop
      vertex -69.6 -33 13
      vertex -69.6 -29.7561 20.274
      vertex -69.6 -29.8775 20.256
    endloop
  endfacet
  facet normal 1 0 0
    outer loop
      vertex -69.6 -33 13
      vertex -69.6 -29.8775 20.256
      vertex -69.6 -30 20.25
    endloop
  endfacet
  facet normal 1 0 0
    outer loop
      vertex -69.6 -33 13
      vertex -69.6 -30 20.25
      vertex -69.6 -30.1225 20.256
    endloop
  endfacet
  facet normal 1 0 0
    outer loop
      vertex -69.6 -33 13
      vertex -69.6 -30.1225 20.256
      vertex -69.6 -30.2439 20.274
    endloop
  endfacet
  facet normal 1 0 0
    outer loop
      vertex -69.6 -33 13
      vertex -69.6 -30.2439 20.274
      vertex -69.6 -30.3629 20.3038
    endloop
  endfacet
  facet normal 1 0 0
    outer loop
      vertex -69.6 -33 13
      vertex -69.6 -30.3629 20.3038
      vertex -69.6 -30.4784 20.3451
    endloop
  endfacet
  facet normal 1 0 0
    outer loop
      vertex -69.6 -33 13
      vertex -69.6 -30.4784 20.3451
      vertex -69.6 -30.5892 20.3976
    endloop
  endfacet
  facet normal 1 0 0
    outer loop
      vertex -69.6 -31.244 21.6225
      vertex -69.6 -33 13
      vertex -69.6 -31.25 21.5
    endloop
  endfacet
  facet normal 1 0 0
    outer loop
      vertex -69.6 -29.3055 20.4607
      vertex -69.6 -33 13
      vertex -69.6 -17.3196 13
    endloop
  endfacet
  facet normal 1 0 0
    outer loop
      vertex -69.6 -30.6945 20.4607
      vertex -69.6 -33 13
      vertex -69.6 -30.5892 20.3976
    endloop
  endfacet
  facet normal 1 0 0
    outer loop
      vertex -69.6 -30.793 20.5337
      vertex -69.6 -33 13
      vertex -69.6 -30.6945 20.4607
    endloop
  endfacet
  facet normal 1 0 0
    outer loop
      vertex -69.6 -30.8839 20.6161
      vertex -69.6 -33 13
      vertex -69.6 -30.793 20.5337
    endloop
  endfacet
  facet normal 1 0 0
    outer loop
      vertex -69.6 -30.9663 20.707
      vertex -69.6 -33 13
      vertex -69.6 -30.8839 20.6161
    endloop
  endfacet
  facet normal 1 0 0
    outer loop
      vertex -69.6 -31.0393 20.8055
      vertex -69.6 -33 13
      vertex -69.6 -30.9663 20.707
    endloop
  endfacet
  facet normal 1 0 0
    outer loop
      vertex -69.6 -31.1024 20.9108
      vertex -69.6 -33 13
      vertex -69.6 -31.0393 20.8055
    endloop
  endfacet
  facet normal 1 0 0
    outer loop
      vertex -69.6 -31.1549 21.0216
      vertex -69.6 -33 13
      vertex -69.6 -31.1024 20.9108
    endloop
  endfacet
  facet normal 1 0 0
    outer loop
      vertex -69.6 -31.1962 21.1371
      vertex -69.6 -33 13
      vertex -69.6 -31.1549 21.0216
    endloop
  endfacet
  facet normal 1 0 0
    outer loop
      vertex -69.6 -31.226 21.2561
      vertex -69.6 -33 13
      vertex -69.6 -31.1962 21.1371
    endloop
  endfacet
  facet normal 1 0 0
    outer loop
      vertex -69.6 -31.244 21.3775
      vertex -69.6 -33 13
      vertex -69.6 -31.226 21.2561
    endloop
  endfacet
  facet normal 1 0 0
    outer loop
      vertex -69.6 -31.25 21.5
      vertex -69.6 -33 13
      vertex -69.6 -31.244 21.3775
    endloop
  endfacet
  facet normal 0 -1 0
    outer loop
      vertex -69.6 33 13
      vertex -8.6 33 43
      vertex -69.6 33 43
    endloop
  endfacet
  facet normal 0 -1 -0
    outer loop
      vertex -8.6 33 43
      vertex -69.6 33 13
      vertex -8.6 33 13
    endloop
  endfacet
  facet normal 0 1 -0
    outer loop
      vertex -8.6 -33 13
      vertex -69.6 -33 43
      vertex -8.6 -33 43
    endloop
  endfacet
  facet normal 0 1 0
    outer loop
      vertex -69.6 -33 43
      vertex -8.6 -33 13
      vertex -69.6 -33 13
    endloop
  endfacet
  facet normal 0 0 -1
    outer loop
      vertex -72.6 -17 35
      vertex -69.6 -7 35
      vertex -69.6 -17 35
    endloop
  endfacet
  facet normal -0 0 -1
    outer loop
      vertex -69.6 -7 35
      vertex -72.6 -17 35
      vertex -72.6 -7 35
    endloop
  endfacet
  facet normal -0 0 1
    outer loop
      vertex -72.6 -7 31
      vertex -69.6 -14.0659 31
      vertex -69.6 -7 31
    endloop
  endfacet
  facet normal 0 0 1
    outer loop
      vertex -69.6 -14.0659 31
      vertex -72.6 -7 31
      vertex -72.6 -14.0659 31
    endloop
  endfacet
  facet normal 0 -1 0
    outer loop
      vertex -72.6 -7 31
      vertex -69.6 -7 35
      vertex -72.6 -7 35
    endloop
  endfacet
  facet normal 0 -1 -0
    outer loop
      vertex -69.6 -7 35
      vertex -72.6 -7 31
      vertex -69.6 -7 31
    endloop
  endfacet
  facet normal 0 1 -0
    outer loop
      vertex -69.6 -17 33.2296
      vertex -72.6 -17 35
      vertex -69.6 -17 35
    endloop
  endfacet
  facet normal 0 1 0
    outer loop
      vertex -72.6 -17 35
      vertex -69.6 -17 33.2296
      vertex -72.6 -17 33.2296
    endloop
  endfacet
  facet normal 0 0 -1
    outer loop
      vertex -72.6 -29.5 34.6
      vertex -69.6 -22.5 34.6
      vertex -69.6 -29.5 34.6
    endloop
  endfacet
  facet normal -0 0 -1
    outer loop
      vertex -69.6 -22.5 34.6
      vertex -72.6 -29.5 34.6
      vertex -72.6 -22.5 34.6
    endloop
  endfacet
  facet normal -0 0 1
    outer loop
      vertex -72.6 -22.5 31.4
      vertex -69.6 -29.5 31.4
      vertex -69.6 -22.5 31.4
    endloop
  endfacet
  facet normal 0 0 1
    outer loop
      vertex -69.6 -29.5 31.4
      vertex -72.6 -22.5 31.4
      vertex -72.6 -29.5 31.4
    endloop
  endfacet
  facet normal 0 -1 0
    outer loop
      vertex -72.6 -22.5 31.4
      vertex -69.6 -22.5 34.6
      vertex -72.6 -22.5 34.6
    endloop
  endfacet
  facet normal 0 -1 -0
    outer loop
      vertex -69.6 -22.5 34.6
      vertex -72.6 -22.5 31.4
      vertex -69.6 -22.5 31.4
    endloop
  endfacet
  facet normal 0 1 -0
    outer loop
      vertex -69.6 -29.5 31.4
      vertex -72.6 -29.5 34.6
      vertex -69.6 -29.5 34.6
    endloop
  endfacet
  facet normal 0 1 0
    outer loop
      vertex -72.6 -29.5 34.6
      vertex -69.6 -29.5 31.4
      vertex -72.6 -29.5 31.4
    endloop
  endfacet
  facet normal 0.857745 -0.514076 0
    outer loop
      vertex -60.5213 -25.0889 17
      vertex -60.3952 -24.8785 13
      vertex -60.3952 -24.8785 17
    endloop
  endfacet
  facet normal 0.857745 -0.514076 0
    outer loop
      vertex -60.3952 -24.8785 13
      vertex -60.5213 -25.0889 17
      vertex -60.5213 -25.0889 13
    endloop
  endfacet
  facet normal 0.989177 0.146726 0
    outer loop
      vertex -60.112 -23.455 17
      vertex -60.148 -23.2123 13
      vertex -60.148 -23.2123 17
    endloop
  endfacet
  facet normal 0.989177 0.146726 0
    outer loop
      vertex -60.148 -23.2123 13
      vertex -60.112 -23.455 17
      vertex -60.112 -23.455 13
    endloop
  endfacet
  facet normal 0.998803 0.0489209 0
    outer loop
      vertex -60.1 -23.7 17
      vertex -60.112 -23.455 13
      vertex -60.112 -23.455 17
    endloop
  endfacet
  facet normal 0.998803 0.0489209 0
    outer loop
      vertex -60.112 -23.455 13
      vertex -60.1 -23.7 17
      vertex -60.1 -23.7 13
    endloop
  endfacet
  facet normal 0.970047 0.242919 0
    outer loop
      vertex -60.148 -23.2123 17
      vertex -60.2076 -22.9743 13
      vertex -60.2076 -22.9743 17
    endloop
  endfacet
  facet normal 0.970047 0.242919 0
    outer loop
      vertex -60.2076 -22.9743 13
      vertex -60.148 -23.2123 17
      vertex -60.148 -23.2123 13
    endloop
  endfacet
  facet normal 0.857745 0.514076 0
    outer loop
      vertex -60.3952 -22.5215 17
      vertex -60.5213 -22.3111 13
      vertex -60.5213 -22.3111 17
    endloop
  endfacet
  facet normal 0.857745 0.514076 0
    outer loop
      vertex -60.5213 -22.3111 13
      vertex -60.3952 -22.5215 17
      vertex -60.3952 -22.5215 13
    endloop
  endfacet
  facet normal -0.96995 -0.243303 0
    outer loop
      vertex -64.9923 -24.4257 13
      vertex -65.052 -24.1877 17
      vertex -65.052 -24.1877 13
    endloop
  endfacet
  facet normal -0.96995 -0.243303 0
    outer loop
      vertex -65.052 -24.1877 17
      vertex -64.9923 -24.4257 13
      vertex -64.9923 -24.4257 17
    endloop
  endfacet
  facet normal 0.941483 -0.337059 0
    outer loop
      vertex -60.2903 -24.6567 17
      vertex -60.2076 -24.4257 13
      vertex -60.2076 -24.4257 17
    endloop
  endfacet
  facet normal 0.941483 -0.337059 0
    outer loop
      vertex -60.2076 -24.4257 13
      vertex -60.2903 -24.6567 17
      vertex -60.2903 -24.6567 13
    endloop
  endfacet
  facet normal 0.803167 -0.595754 0
    outer loop
      vertex -60.6675 -25.286 17
      vertex -60.5213 -25.0889 13
      vertex -60.5213 -25.0889 17
    endloop
  endfacet
  facet normal 0.803167 -0.595754 0
    outer loop
      vertex -60.5213 -25.0889 13
      vertex -60.6675 -25.286 17
      vertex -60.6675 -25.286 13
    endloop
  endfacet
  facet normal -0.941613 0.336698 0
    outer loop
      vertex -64.9923 -22.9743 13
      vertex -64.9097 -22.7433 17
      vertex -64.9097 -22.7433 13
    endloop
  endfacet
  facet normal -0.941613 0.336698 0
    outer loop
      vertex -64.9097 -22.7433 17
      vertex -64.9923 -22.9743 13
      vertex -64.9923 -22.9743 17
    endloop
  endfacet
  facet normal 0.671394 0.741101 -0
    outer loop
      vertex -60.8322 -21.9322 13
      vertex -61.014 -21.7675 17
      vertex -60.8322 -21.9322 17
    endloop
  endfacet
  facet normal 0.671394 0.741101 0
    outer loop
      vertex -61.014 -21.7675 17
      vertex -60.8322 -21.9322 13
      vertex -61.014 -21.7675 13
    endloop
  endfacet
  facet normal 0.741101 0.671394 0
    outer loop
      vertex -60.6675 -22.114 17
      vertex -60.8322 -21.9322 13
      vertex -60.8322 -21.9322 17
    endloop
  endfacet
  facet normal 0.741101 0.671394 0
    outer loop
      vertex -60.8322 -21.9322 13
      vertex -60.6675 -22.114 17
      vertex -60.6675 -22.114 13
    endloop
  endfacet
  facet normal -0.671394 0.741101 0
    outer loop
      vertex -64.186 -21.7675 13
      vertex -64.3678 -21.9322 17
      vertex -64.186 -21.7675 17
    endloop
  endfacet
  facet normal -0.671394 0.741101 0
    outer loop
      vertex -64.3678 -21.9322 17
      vertex -64.186 -21.7675 13
      vertex -64.3678 -21.9322 13
    endloop
  endfacet
  facet normal 0.514076 0.857745 -0
    outer loop
      vertex -61.2111 -21.6213 13
      vertex -61.4215 -21.4952 17
      vertex -61.2111 -21.6213 17
    endloop
  endfacet
  facet normal 0.514076 0.857745 0
    outer loop
      vertex -61.4215 -21.4952 17
      vertex -61.2111 -21.6213 13
      vertex -61.4215 -21.4952 13
    endloop
  endfacet
  facet normal 0.595754 0.803167 -0
    outer loop
      vertex -61.014 -21.7675 13
      vertex -61.2111 -21.6213 17
      vertex -61.014 -21.7675 17
    endloop
  endfacet
  facet normal 0.595754 0.803167 0
    outer loop
      vertex -61.2111 -21.6213 17
      vertex -61.014 -21.7675 13
      vertex -61.2111 -21.6213 13
    endloop
  endfacet
  facet normal 0.337059 -0.941483 0
    outer loop
      vertex -61.8743 -26.0924 13
      vertex -61.6433 -26.0097 17
      vertex -61.8743 -26.0924 17
    endloop
  endfacet
  facet normal 0.337059 -0.941483 0
    outer loop
      vertex -61.6433 -26.0097 17
      vertex -61.8743 -26.0924 13
      vertex -61.6433 -26.0097 13
    endloop
  endfacet
  facet normal -0.146726 -0.989177 0
    outer loop
      vertex -63.0877 -26.152 13
      vertex -62.845 -26.188 17
      vertex -63.0877 -26.152 17
    endloop
  endfacet
  facet normal -0.146726 -0.989177 -0
    outer loop
      vertex -62.845 -26.188 17
      vertex -63.0877 -26.152 13
      vertex -62.845 -26.188 13
    endloop
  endfacet
  facet normal 0.0489209 0.998803 -0
    outer loop
      vertex -62.355 -21.212 13
      vertex -62.6 -21.2 17
      vertex -62.355 -21.212 17
    endloop
  endfacet
  facet normal 0.0489209 0.998803 0
    outer loop
      vertex -62.6 -21.2 17
      vertex -62.355 -21.212 13
      vertex -62.6 -21.2 13
    endloop
  endfacet
  facet normal -0.857745 0.514076 0
    outer loop
      vertex -64.8048 -22.5215 13
      vertex -64.6787 -22.3111 17
      vertex -64.6787 -22.3111 13
    endloop
  endfacet
  facet normal -0.857745 0.514076 0
    outer loop
      vertex -64.6787 -22.3111 17
      vertex -64.8048 -22.5215 13
      vertex -64.8048 -22.5215 17
    endloop
  endfacet
  facet normal -0.0489209 -0.998803 0
    outer loop
      vertex -62.845 -26.188 13
      vertex -62.6 -26.2 17
      vertex -62.845 -26.188 17
    endloop
  endfacet
  facet normal -0.0489209 -0.998803 -0
    outer loop
      vertex -62.6 -26.2 17
      vertex -62.845 -26.188 13
      vertex -62.6 -26.2 13
    endloop
  endfacet
  facet normal -0.989177 0.146726 0
    outer loop
      vertex -65.088 -23.455 13
      vertex -65.052 -23.2123 17
      vertex -65.052 -23.2123 13
    endloop
  endfacet
  facet normal -0.989177 0.146726 0
    outer loop
      vertex -65.052 -23.2123 17
      vertex -65.088 -23.455 13
      vertex -65.088 -23.455 17
    endloop
  endfacet
  facet normal 0.998803 -0.0489209 0
    outer loop
      vertex -60.112 -23.945 17
      vertex -60.1 -23.7 13
      vertex -60.1 -23.7 17
    endloop
  endfacet
  facet normal 0.998803 -0.0489209 0
    outer loop
      vertex -60.1 -23.7 13
      vertex -60.112 -23.945 17
      vertex -60.112 -23.945 13
    endloop
  endfacet
  facet normal -0.903995 -0.427543 0
    outer loop
      vertex -64.8048 -24.8785 13
      vertex -64.9097 -24.6567 17
      vertex -64.9097 -24.6567 13
    endloop
  endfacet
  facet normal -0.903995 -0.427543 0
    outer loop
      vertex -64.9097 -24.6567 17
      vertex -64.8048 -24.8785 13
      vertex -64.8048 -24.8785 17
    endloop
  endfacet
  facet normal -0.998803 -0.0489209 0
    outer loop
      vertex -65.088 -23.945 13
      vertex -65.1 -23.7 17
      vertex -65.1 -23.7 13
    endloop
  endfacet
  facet normal -0.998803 -0.0489209 0
    outer loop
      vertex -65.1 -23.7 17
      vertex -65.088 -23.945 13
      vertex -65.088 -23.945 17
    endloop
  endfacet
  facet normal 0.514076 -0.857745 0
    outer loop
      vertex -61.4215 -25.9048 13
      vertex -61.2111 -25.7787 17
      vertex -61.4215 -25.9048 17
    endloop
  endfacet
  facet normal 0.514076 -0.857745 0
    outer loop
      vertex -61.2111 -25.7787 17
      vertex -61.4215 -25.9048 13
      vertex -61.2111 -25.7787 13
    endloop
  endfacet
  facet normal -0.427543 -0.903995 0
    outer loop
      vertex -63.7785 -25.9048 13
      vertex -63.5567 -26.0097 17
      vertex -63.7785 -25.9048 17
    endloop
  endfacet
  facet normal -0.427543 -0.903995 -0
    outer loop
      vertex -63.5567 -26.0097 17
      vertex -63.7785 -25.9048 13
      vertex -63.5567 -26.0097 13
    endloop
  endfacet
  facet normal 0.903995 0.427543 0
    outer loop
      vertex -60.2903 -22.7433 17
      vertex -60.3952 -22.5215 13
      vertex -60.3952 -22.5215 17
    endloop
  endfacet
  facet normal 0.903995 0.427543 0
    outer loop
      vertex -60.3952 -22.5215 13
      vertex -60.2903 -22.7433 17
      vertex -60.2903 -22.7433 13
    endloop
  endfacet
  facet normal -0.427543 0.903995 0
    outer loop
      vertex -63.5567 -21.3903 13
      vertex -63.7785 -21.4952 17
      vertex -63.5567 -21.3903 17
    endloop
  endfacet
  facet normal -0.427543 0.903995 0
    outer loop
      vertex -63.7785 -21.4952 17
      vertex -63.5567 -21.3903 13
      vertex -63.7785 -21.4952 13
    endloop
  endfacet
  facet normal -0.242919 0.970047 0
    outer loop
      vertex -63.0877 -21.248 13
      vertex -63.3257 -21.3076 17
      vertex -63.0877 -21.248 17
    endloop
  endfacet
  facet normal -0.242919 0.970047 0
    outer loop
      vertex -63.3257 -21.3076 17
      vertex -63.0877 -21.248 13
      vertex -63.3257 -21.3076 13
    endloop
  endfacet
  facet normal -0.595754 0.803167 0
    outer loop
      vertex -63.9889 -21.6213 13
      vertex -64.186 -21.7675 17
      vertex -63.9889 -21.6213 17
    endloop
  endfacet
  facet normal -0.595754 0.803167 0
    outer loop
      vertex -64.186 -21.7675 17
      vertex -63.9889 -21.6213 13
      vertex -64.186 -21.7675 13
    endloop
  endfacet
  facet normal 0.146726 -0.989177 0
    outer loop
      vertex -62.355 -26.188 13
      vertex -62.1123 -26.152 17
      vertex -62.355 -26.188 17
    endloop
  endfacet
  facet normal 0.146726 -0.989177 0
    outer loop
      vertex -62.1123 -26.152 17
      vertex -62.355 -26.188 13
      vertex -62.1123 -26.152 13
    endloop
  endfacet
  facet normal -0.941613 -0.336698 0
    outer loop
      vertex -64.9097 -24.6567 13
      vertex -64.9923 -24.4257 17
      vertex -64.9923 -24.4257 13
    endloop
  endfacet
  facet normal -0.941613 -0.336698 0
    outer loop
      vertex -64.9923 -24.4257 17
      vertex -64.9097 -24.6567 13
      vertex -64.9097 -24.6567 17
    endloop
  endfacet
  facet normal 0.741101 -0.671394 0
    outer loop
      vertex -60.8322 -25.4678 17
      vertex -60.6675 -25.286 13
      vertex -60.6675 -25.286 17
    endloop
  endfacet
  facet normal 0.741101 -0.671394 0
    outer loop
      vertex -60.6675 -25.286 13
      vertex -60.8322 -25.4678 17
      vertex -60.8322 -25.4678 13
    endloop
  endfacet
  facet normal 0.989177 -0.146726 0
    outer loop
      vertex -60.148 -24.1877 17
      vertex -60.112 -23.945 13
      vertex -60.112 -23.945 17
    endloop
  endfacet
  facet normal 0.989177 -0.146726 0
    outer loop
      vertex -60.112 -23.945 13
      vertex -60.148 -24.1877 17
      vertex -60.148 -24.1877 13
    endloop
  endfacet
  facet normal 0.427543 -0.903995 0
    outer loop
      vertex -61.6433 -26.0097 13
      vertex -61.4215 -25.9048 17
      vertex -61.6433 -26.0097 17
    endloop
  endfacet
  facet normal 0.427543 -0.903995 0
    outer loop
      vertex -61.4215 -25.9048 17
      vertex -61.6433 -26.0097 13
      vertex -61.4215 -25.9048 13
    endloop
  endfacet
  facet normal -0.337059 -0.941483 0
    outer loop
      vertex -63.5567 -26.0097 13
      vertex -63.3257 -26.0924 17
      vertex -63.5567 -26.0097 17
    endloop
  endfacet
  facet normal -0.337059 -0.941483 -0
    outer loop
      vertex -63.3257 -26.0924 17
      vertex -63.5567 -26.0097 13
      vertex -63.3257 -26.0924 13
    endloop
  endfacet
  facet normal -0.337059 0.941483 0
    outer loop
      vertex -63.3257 -21.3076 13
      vertex -63.5567 -21.3903 17
      vertex -63.3257 -21.3076 17
    endloop
  endfacet
  facet normal -0.337059 0.941483 0
    outer loop
      vertex -63.5567 -21.3903 17
      vertex -63.3257 -21.3076 13
      vertex -63.5567 -21.3903 13
    endloop
  endfacet
  facet normal 0.803167 0.595754 0
    outer loop
      vertex -60.5213 -22.3111 17
      vertex -60.6675 -22.114 13
      vertex -60.6675 -22.114 17
    endloop
  endfacet
  facet normal 0.803167 0.595754 0
    outer loop
      vertex -60.6675 -22.114 13
      vertex -60.5213 -22.3111 17
      vertex -60.5213 -22.3111 13
    endloop
  endfacet
  facet normal -0.595754 -0.803167 0
    outer loop
      vertex -64.186 -25.6325 13
      vertex -63.9889 -25.7787 17
      vertex -64.186 -25.6325 17
    endloop
  endfacet
  facet normal -0.595754 -0.803167 -0
    outer loop
      vertex -63.9889 -25.7787 17
      vertex -64.186 -25.6325 13
      vertex -63.9889 -25.7787 13
    endloop
  endfacet
  facet normal -0.96995 0.243303 0
    outer loop
      vertex -65.052 -23.2123 13
      vertex -64.9923 -22.9743 17
      vertex -64.9923 -22.9743 13
    endloop
  endfacet
  facet normal -0.96995 0.243303 0
    outer loop
      vertex -64.9923 -22.9743 17
      vertex -65.052 -23.2123 13
      vertex -65.052 -23.2123 17
    endloop
  endfacet
  facet normal 0.0489209 -0.998803 0
    outer loop
      vertex -62.6 -26.2 13
      vertex -62.355 -26.188 17
      vertex -62.6 -26.2 17
    endloop
  endfacet
  facet normal 0.0489209 -0.998803 0
    outer loop
      vertex -62.355 -26.188 17
      vertex -62.6 -26.2 13
      vertex -62.355 -26.188 13
    endloop
  endfacet
  facet normal 0.242919 0.970047 -0
    outer loop
      vertex -61.8743 -21.3076 13
      vertex -62.1123 -21.248 17
      vertex -61.8743 -21.3076 17
    endloop
  endfacet
  facet normal 0.242919 0.970047 0
    outer loop
      vertex -62.1123 -21.248 17
      vertex -61.8743 -21.3076 13
      vertex -62.1123 -21.248 13
    endloop
  endfacet
  facet normal 0.146726 0.989177 -0
    outer loop
      vertex -62.1123 -21.248 13
      vertex -62.355 -21.212 17
      vertex -62.1123 -21.248 17
    endloop
  endfacet
  facet normal 0.146726 0.989177 0
    outer loop
      vertex -62.355 -21.212 17
      vertex -62.1123 -21.248 13
      vertex -62.355 -21.212 13
    endloop
  endfacet
  facet normal 0.427543 0.903995 -0
    outer loop
      vertex -61.4215 -21.4952 13
      vertex -61.6433 -21.3903 17
      vertex -61.4215 -21.4952 17
    endloop
  endfacet
  facet normal 0.427543 0.903995 0
    outer loop
      vertex -61.6433 -21.3903 17
      vertex -61.4215 -21.4952 13
      vertex -61.6433 -21.3903 13
    endloop
  endfacet
  facet normal -0.803167 0.595754 0
    outer loop
      vertex -64.6787 -22.3111 13
      vertex -64.5325 -22.114 17
      vertex -64.5325 -22.114 13
    endloop
  endfacet
  facet normal -0.803167 0.595754 0
    outer loop
      vertex -64.5325 -22.114 17
      vertex -64.6787 -22.3111 13
      vertex -64.6787 -22.3111 17
    endloop
  endfacet
  facet normal 0.903995 -0.427543 0
    outer loop
      vertex -60.3952 -24.8785 17
      vertex -60.2903 -24.6567 13
      vertex -60.2903 -24.6567 17
    endloop
  endfacet
  facet normal 0.903995 -0.427543 0
    outer loop
      vertex -60.2903 -24.6567 13
      vertex -60.3952 -24.8785 17
      vertex -60.3952 -24.8785 13
    endloop
  endfacet
  facet normal 0.941483 0.337059 0
    outer loop
      vertex -60.2076 -22.9743 17
      vertex -60.2903 -22.7433 13
      vertex -60.2903 -22.7433 17
    endloop
  endfacet
  facet normal 0.941483 0.337059 0
    outer loop
      vertex -60.2903 -22.7433 13
      vertex -60.2076 -22.9743 17
      vertex -60.2076 -22.9743 13
    endloop
  endfacet
  facet normal -0.803167 -0.595754 0
    outer loop
      vertex -64.5325 -25.286 13
      vertex -64.6787 -25.0889 17
      vertex -64.6787 -25.0889 13
    endloop
  endfacet
  facet normal -0.803167 -0.595754 0
    outer loop
      vertex -64.6787 -25.0889 17
      vertex -64.5325 -25.286 13
      vertex -64.5325 -25.286 17
    endloop
  endfacet
  facet normal -0.514076 0.857745 0
    outer loop
      vertex -63.7785 -21.4952 13
      vertex -63.9889 -21.6213 17
      vertex -63.7785 -21.4952 17
    endloop
  endfacet
  facet normal -0.514076 0.857745 0
    outer loop
      vertex -63.9889 -21.6213 17
      vertex -63.7785 -21.4952 13
      vertex -63.9889 -21.6213 13
    endloop
  endfacet
  facet normal 0.595754 -0.803167 0
    outer loop
      vertex -61.2111 -25.7787 13
      vertex -61.014 -25.6325 17
      vertex -61.2111 -25.7787 17
    endloop
  endfacet
  facet normal 0.595754 -0.803167 0
    outer loop
      vertex -61.014 -25.6325 17
      vertex -61.2111 -25.7787 13
      vertex -61.014 -25.6325 13
    endloop
  endfacet
  facet normal -0.0489209 0.998803 0
    outer loop
      vertex -62.6 -21.2 13
      vertex -62.845 -21.212 17
      vertex -62.6 -21.2 17
    endloop
  endfacet
  facet normal -0.0489209 0.998803 0
    outer loop
      vertex -62.845 -21.212 17
      vertex -62.6 -21.2 13
      vertex -62.845 -21.212 13
    endloop
  endfacet
  facet normal 0.337059 0.941483 -0
    outer loop
      vertex -61.6433 -21.3903 13
      vertex -61.8743 -21.3076 17
      vertex -61.6433 -21.3903 17
    endloop
  endfacet
  facet normal 0.337059 0.941483 0
    outer loop
      vertex -61.8743 -21.3076 17
      vertex -61.6433 -21.3903 13
      vertex -61.8743 -21.3076 13
    endloop
  endfacet
  facet normal -0.998803 0.0489209 0
    outer loop
      vertex -65.1 -23.7 13
      vertex -65.088 -23.455 17
      vertex -65.088 -23.455 13
    endloop
  endfacet
  facet normal -0.998803 0.0489209 0
    outer loop
      vertex -65.088 -23.455 17
      vertex -65.1 -23.7 13
      vertex -65.1 -23.7 17
    endloop
  endfacet
  facet normal -0.146726 0.989177 0
    outer loop
      vertex -62.845 -21.212 13
      vertex -63.0877 -21.248 17
      vertex -62.845 -21.212 17
    endloop
  endfacet
  facet normal -0.146726 0.989177 0
    outer loop
      vertex -63.0877 -21.248 17
      vertex -62.845 -21.212 13
      vertex -63.0877 -21.248 13
    endloop
  endfacet
  facet normal -0.989177 -0.146726 0
    outer loop
      vertex -65.052 -24.1877 13
      vertex -65.088 -23.945 17
      vertex -65.088 -23.945 13
    endloop
  endfacet
  facet normal -0.989177 -0.146726 0
    outer loop
      vertex -65.088 -23.945 17
      vertex -65.052 -24.1877 13
      vertex -65.052 -24.1877 17
    endloop
  endfacet
  facet normal -0.903995 0.427543 0
    outer loop
      vertex -64.9097 -22.7433 13
      vertex -64.8048 -22.5215 17
      vertex -64.8048 -22.5215 13
    endloop
  endfacet
  facet normal -0.903995 0.427543 0
    outer loop
      vertex -64.8048 -22.5215 17
      vertex -64.9097 -22.7433 13
      vertex -64.9097 -22.7433 17
    endloop
  endfacet
  facet normal 0.242919 -0.970047 0
    outer loop
      vertex -62.1123 -26.152 13
      vertex -61.8743 -26.0924 17
      vertex -62.1123 -26.152 17
    endloop
  endfacet
  facet normal 0.242919 -0.970047 0
    outer loop
      vertex -61.8743 -26.0924 17
      vertex -62.1123 -26.152 13
      vertex -61.8743 -26.0924 13
    endloop
  endfacet
  facet normal -0.741101 -0.671394 0
    outer loop
      vertex -64.3678 -25.4678 13
      vertex -64.5325 -25.286 17
      vertex -64.5325 -25.286 13
    endloop
  endfacet
  facet normal -0.741101 -0.671394 0
    outer loop
      vertex -64.5325 -25.286 17
      vertex -64.3678 -25.4678 13
      vertex -64.3678 -25.4678 17
    endloop
  endfacet
  facet normal 0.970047 -0.242919 0
    outer loop
      vertex -60.2076 -24.4257 17
      vertex -60.148 -24.1877 13
      vertex -60.148 -24.1877 17
    endloop
  endfacet
  facet normal 0.970047 -0.242919 0
    outer loop
      vertex -60.148 -24.1877 13
      vertex -60.2076 -24.4257 17
      vertex -60.2076 -24.4257 13
    endloop
  endfacet
  facet normal -0.671394 -0.741101 0
    outer loop
      vertex -64.3678 -25.4678 13
      vertex -64.186 -25.6325 17
      vertex -64.3678 -25.4678 17
    endloop
  endfacet
  facet normal -0.671394 -0.741101 -0
    outer loop
      vertex -64.186 -25.6325 17
      vertex -64.3678 -25.4678 13
      vertex -64.186 -25.6325 13
    endloop
  endfacet
  facet normal -0.741101 0.671394 0
    outer loop
      vertex -64.5325 -22.114 13
      vertex -64.3678 -21.9322 17
      vertex -64.3678 -21.9322 13
    endloop
  endfacet
  facet normal -0.741101 0.671394 0
    outer loop
      vertex -64.3678 -21.9322 17
      vertex -64.5325 -22.114 13
      vertex -64.5325 -22.114 17
    endloop
  endfacet
  facet normal -0.514076 -0.857745 0
    outer loop
      vertex -63.9889 -25.7787 13
      vertex -63.7785 -25.9048 17
      vertex -63.9889 -25.7787 17
    endloop
  endfacet
  facet normal -0.514076 -0.857745 -0
    outer loop
      vertex -63.7785 -25.9048 17
      vertex -63.9889 -25.7787 13
      vertex -63.7785 -25.9048 13
    endloop
  endfacet
  facet normal -0.242919 -0.970047 0
    outer loop
      vertex -63.3257 -26.0924 13
      vertex -63.0877 -26.152 17
      vertex -63.3257 -26.0924 17
    endloop
  endfacet
  facet normal -0.242919 -0.970047 -0
    outer loop
      vertex -63.0877 -26.152 17
      vertex -63.3257 -26.0924 13
      vertex -63.0877 -26.152 13
    endloop
  endfacet
  facet normal -0.857745 -0.514076 0
    outer loop
      vertex -64.6787 -25.0889 13
      vertex -64.8048 -24.8785 17
      vertex -64.8048 -24.8785 13
    endloop
  endfacet
  facet normal -0.857745 -0.514076 0
    outer loop
      vertex -64.8048 -24.8785 17
      vertex -64.6787 -25.0889 13
      vertex -64.6787 -25.0889 17
    endloop
  endfacet
  facet normal 0.671394 -0.741101 0
    outer loop
      vertex -61.014 -25.6325 13
      vertex -60.8322 -25.4678 17
      vertex -61.014 -25.6325 17
    endloop
  endfacet
  facet normal 0.671394 -0.741101 0
    outer loop
      vertex -60.8322 -25.4678 17
      vertex -61.014 -25.6325 13
      vertex -60.8322 -25.4678 13
    endloop
  endfacet
  facet normal 0 0 1
    outer loop
      vertex -61.75 -23.7 17
      vertex -60.1 -23.7 17
      vertex -60.112 -23.455 17
    endloop
  endfacet
  facet normal 0 0 1
    outer loop
      vertex -61.7541 -23.6167 17
      vertex -60.112 -23.455 17
      vertex -60.148 -23.2123 17
    endloop
  endfacet
  facet normal 0 0 1
    outer loop
      vertex -60.1 -23.7 17
      vertex -61.75 -23.7 17
      vertex -60.112 -23.945 17
    endloop
  endfacet
  facet normal 0 0 1
    outer loop
      vertex -61.7663 -23.5342 17
      vertex -60.148 -23.2123 17
      vertex -60.2076 -22.9743 17
    endloop
  endfacet
  facet normal -0 0 1
    outer loop
      vertex -61.7541 -23.7833 17
      vertex -60.112 -23.945 17
      vertex -61.75 -23.7 17
    endloop
  endfacet
  facet normal 0 0 1
    outer loop
      vertex -61.7866 -23.4533 17
      vertex -60.2076 -22.9743 17
      vertex -60.2903 -22.7433 17
    endloop
  endfacet
  facet normal 0 0 1
    outer loop
      vertex -60.112 -23.945 17
      vertex -61.7541 -23.7833 17
      vertex -60.148 -24.1877 17
    endloop
  endfacet
  facet normal 0 0 1
    outer loop
      vertex -61.8147 -23.3747 17
      vertex -60.2903 -22.7433 17
      vertex -60.3952 -22.5215 17
    endloop
  endfacet
  facet normal -0 0 1
    outer loop
      vertex -61.7663 -23.8658 17
      vertex -60.148 -24.1877 17
      vertex -61.7541 -23.7833 17
    endloop
  endfacet
  facet normal 0 0 1
    outer loop
      vertex -61.8504 -23.2993 17
      vertex -60.3952 -22.5215 17
      vertex -60.5213 -22.3111 17
    endloop
  endfacet
  facet normal 0 0 1
    outer loop
      vertex -60.148 -24.1877 17
      vertex -61.7663 -23.8658 17
      vertex -60.2076 -24.4257 17
    endloop
  endfacet
  facet normal 0 0 1
    outer loop
      vertex -61.8932 -23.2278 17
      vertex -60.5213 -22.3111 17
      vertex -60.6675 -22.114 17
    endloop
  endfacet
  facet normal -0 0 1
    outer loop
      vertex -61.7866 -23.9467 17
      vertex -60.2076 -24.4257 17
      vertex -61.7663 -23.8658 17
    endloop
  endfacet
  facet normal 0 0 1
    outer loop
      vertex -61.9429 -23.1608 17
      vertex -60.6675 -22.114 17
      vertex -60.8322 -21.9322 17
    endloop
  endfacet
  facet normal 0 0 1
    outer loop
      vertex -60.2076 -24.4257 17
      vertex -61.7866 -23.9467 17
      vertex -60.2903 -24.6567 17
    endloop
  endfacet
  facet normal 0 0 1
    outer loop
      vertex -61.999 -23.099 17
      vertex -60.8322 -21.9322 17
      vertex -61.014 -21.7675 17
    endloop
  endfacet
  facet normal -0 0 1
    outer loop
      vertex -61.8147 -24.0253 17
      vertex -60.2903 -24.6567 17
      vertex -61.7866 -23.9467 17
    endloop
  endfacet
  facet normal 0 0 1
    outer loop
      vertex -62.0608 -23.0429 17
      vertex -61.014 -21.7675 17
      vertex -61.2111 -21.6213 17
    endloop
  endfacet
  facet normal 0 0 1
    outer loop
      vertex -60.2903 -24.6567 17
      vertex -61.8147 -24.0253 17
      vertex -60.3952 -24.8785 17
    endloop
  endfacet
  facet normal 0 0 1
    outer loop
      vertex -62.1278 -22.9933 17
      vertex -61.2111 -21.6213 17
      vertex -61.4215 -21.4952 17
    endloop
  endfacet
  facet normal -0 0 1
    outer loop
      vertex -61.8504 -24.1007 17
      vertex -60.3952 -24.8785 17
      vertex -61.8147 -24.0253 17
    endloop
  endfacet
  facet normal 0 0 1
    outer loop
      vertex -62.1993 -22.9504 17
      vertex -61.4215 -21.4952 17
      vertex -61.6433 -21.3903 17
    endloop
  endfacet
  facet normal 0 0 1
    outer loop
      vertex -60.3952 -24.8785 17
      vertex -61.8504 -24.1007 17
      vertex -60.5213 -25.0889 17
    endloop
  endfacet
  facet normal -0 0 1
    outer loop
      vertex -61.8932 -24.1722 17
      vertex -60.5213 -25.0889 17
      vertex -61.8504 -24.1007 17
    endloop
  endfacet
  facet normal 0 0 1
    outer loop
      vertex -60.112 -23.455 17
      vertex -61.7541 -23.6167 17
      vertex -61.75 -23.7 17
    endloop
  endfacet
  facet normal 0 0 1
    outer loop
      vertex -60.148 -23.2123 17
      vertex -61.7663 -23.5342 17
      vertex -61.7541 -23.6167 17
    endloop
  endfacet
  facet normal 0 0 1
    outer loop
      vertex -60.2076 -22.9743 17
      vertex -61.7866 -23.4533 17
      vertex -61.7663 -23.5342 17
    endloop
  endfacet
  facet normal 0 0 1
    outer loop
      vertex -60.2903 -22.7433 17
      vertex -61.8147 -23.3747 17
      vertex -61.7866 -23.4533 17
    endloop
  endfacet
  facet normal 0 0 1
    outer loop
      vertex -60.3952 -22.5215 17
      vertex -61.8504 -23.2993 17
      vertex -61.8147 -23.3747 17
    endloop
  endfacet
  facet normal 0 0 1
    outer loop
      vertex -62.2747 -22.9147 17
      vertex -61.6433 -21.3903 17
      vertex -61.8743 -21.3076 17
    endloop
  endfacet
  facet normal 0 0 1
    outer loop
      vertex -60.5213 -22.3111 17
      vertex -61.8932 -23.2278 17
      vertex -61.8504 -23.2993 17
    endloop
  endfacet
  facet normal 0 0 1
    outer loop
      vertex -60.6675 -22.114 17
      vertex -61.9429 -23.1608 17
      vertex -61.8932 -23.2278 17
    endloop
  endfacet
  facet normal 0 0 1
    outer loop
      vertex -60.8322 -21.9322 17
      vertex -61.999 -23.099 17
      vertex -61.9429 -23.1608 17
    endloop
  endfacet
  facet normal 0 0 1
    outer loop
      vertex -61.014 -21.7675 17
      vertex -62.0608 -23.0429 17
      vertex -61.999 -23.099 17
    endloop
  endfacet
  facet normal 0 0 1
    outer loop
      vertex -62.3533 -22.8866 17
      vertex -61.8743 -21.3076 17
      vertex -62.1123 -21.248 17
    endloop
  endfacet
  facet normal 0 0 1
    outer loop
      vertex -61.2111 -21.6213 17
      vertex -62.1278 -22.9933 17
      vertex -62.0608 -23.0429 17
    endloop
  endfacet
  facet normal 0 0 1
    outer loop
      vertex -61.4215 -21.4952 17
      vertex -62.1993 -22.9504 17
      vertex -62.1278 -22.9933 17
    endloop
  endfacet
  facet normal 0 0 1
    outer loop
      vertex -61.6433 -21.3903 17
      vertex -62.2747 -22.9147 17
      vertex -62.1993 -22.9504 17
    endloop
  endfacet
  facet normal 0 0 1
    outer loop
      vertex -61.8743 -21.3076 17
      vertex -62.3533 -22.8866 17
      vertex -62.2747 -22.9147 17
    endloop
  endfacet
  facet normal 0 0 1
    outer loop
      vertex -62.4342 -22.8663 17
      vertex -62.1123 -21.248 17
      vertex -62.355 -21.212 17
    endloop
  endfacet
  facet normal 0 0 1
    outer loop
      vertex -62.1123 -21.248 17
      vertex -62.4342 -22.8663 17
      vertex -62.3533 -22.8866 17
    endloop
  endfacet
  facet normal 0 0 1
    outer loop
      vertex -62.355 -21.212 17
      vertex -62.5167 -22.8541 17
      vertex -62.4342 -22.8663 17
    endloop
  endfacet
  facet normal 0 0 1
    outer loop
      vertex -62.6 -21.2 17
      vertex -62.5167 -22.8541 17
      vertex -62.355 -21.212 17
    endloop
  endfacet
  facet normal 0 0 1
    outer loop
      vertex -62.6 -21.2 17
      vertex -62.6 -22.85 17
      vertex -62.5167 -22.8541 17
    endloop
  endfacet
  facet normal 0 0 1
    outer loop
      vertex -62.6 -21.2 17
      vertex -62.6833 -22.8541 17
      vertex -62.6 -22.85 17
    endloop
  endfacet
  facet normal -0 0 1
    outer loop
      vertex -62.845 -21.212 17
      vertex -62.6833 -22.8541 17
      vertex -62.6 -21.2 17
    endloop
  endfacet
  facet normal 0 0 1
    outer loop
      vertex -62.6833 -22.8541 17
      vertex -62.845 -21.212 17
      vertex -62.7658 -22.8663 17
    endloop
  endfacet
  facet normal -0 0 1
    outer loop
      vertex -63.0877 -21.248 17
      vertex -62.7658 -22.8663 17
      vertex -62.845 -21.212 17
    endloop
  endfacet
  facet normal 0 0 1
    outer loop
      vertex -62.7658 -22.8663 17
      vertex -63.0877 -21.248 17
      vertex -62.8467 -22.8866 17
    endloop
  endfacet
  facet normal -0 0 1
    outer loop
      vertex -63.3257 -21.3076 17
      vertex -62.8467 -22.8866 17
      vertex -63.0877 -21.248 17
    endloop
  endfacet
  facet normal 0 0 1
    outer loop
      vertex -62.8467 -22.8866 17
      vertex -63.3257 -21.3076 17
      vertex -62.9253 -22.9147 17
    endloop
  endfacet
  facet normal -0 0 1
    outer loop
      vertex -63.5567 -21.3903 17
      vertex -62.9253 -22.9147 17
      vertex -63.3257 -21.3076 17
    endloop
  endfacet
  facet normal 0 0 1
    outer loop
      vertex -62.9253 -22.9147 17
      vertex -63.5567 -21.3903 17
      vertex -63.0007 -22.9504 17
    endloop
  endfacet
  facet normal -0 0 1
    outer loop
      vertex -63.7785 -21.4952 17
      vertex -63.0007 -22.9504 17
      vertex -63.5567 -21.3903 17
    endloop
  endfacet
  facet normal 0 0 1
    outer loop
      vertex -63.0007 -22.9504 17
      vertex -63.7785 -21.4952 17
      vertex -63.0722 -22.9933 17
    endloop
  endfacet
  facet normal -0 0 1
    outer loop
      vertex -63.9889 -21.6213 17
      vertex -63.0722 -22.9933 17
      vertex -63.7785 -21.4952 17
    endloop
  endfacet
  facet normal 0 0 1
    outer loop
      vertex -63.0722 -22.9933 17
      vertex -63.9889 -21.6213 17
      vertex -63.1392 -23.0429 17
    endloop
  endfacet
  facet normal -0 0 1
    outer loop
      vertex -64.186 -21.7675 17
      vertex -63.1392 -23.0429 17
      vertex -63.9889 -21.6213 17
    endloop
  endfacet
  facet normal 0 0 1
    outer loop
      vertex -63.1392 -23.0429 17
      vertex -64.186 -21.7675 17
      vertex -63.201 -23.099 17
    endloop
  endfacet
  facet normal -0 0 1
    outer loop
      vertex -64.3678 -21.9322 17
      vertex -63.201 -23.099 17
      vertex -64.186 -21.7675 17
    endloop
  endfacet
  facet normal 0 0 1
    outer loop
      vertex -63.201 -23.099 17
      vertex -64.3678 -21.9322 17
      vertex -63.2571 -23.1608 17
    endloop
  endfacet
  facet normal -0 0 1
    outer loop
      vertex -64.5325 -22.114 17
      vertex -63.2571 -23.1608 17
      vertex -64.3678 -21.9322 17
    endloop
  endfacet
  facet normal -0 0 1
    outer loop
      vertex -64.6787 -22.3111 17
      vertex -63.3067 -23.2278 17
      vertex -64.5325 -22.114 17
    endloop
  endfacet
  facet normal 0 0 1
    outer loop
      vertex -63.2571 -23.1608 17
      vertex -64.5325 -22.114 17
      vertex -63.3067 -23.2278 17
    endloop
  endfacet
  facet normal 0 0 1
    outer loop
      vertex -60.5213 -25.0889 17
      vertex -61.8932 -24.1722 17
      vertex -60.6675 -25.286 17
    endloop
  endfacet
  facet normal -0 0 1
    outer loop
      vertex -61.9429 -24.2392 17
      vertex -60.6675 -25.286 17
      vertex -61.8932 -24.1722 17
    endloop
  endfacet
  facet normal 0 0 1
    outer loop
      vertex -60.6675 -25.286 17
      vertex -61.9429 -24.2392 17
      vertex -60.8322 -25.4678 17
    endloop
  endfacet
  facet normal -0 0 1
    outer loop
      vertex -61.999 -24.301 17
      vertex -60.8322 -25.4678 17
      vertex -61.9429 -24.2392 17
    endloop
  endfacet
  facet normal 0 0 1
    outer loop
      vertex -60.8322 -25.4678 17
      vertex -61.999 -24.301 17
      vertex -61.014 -25.6325 17
    endloop
  endfacet
  facet normal -0 0 1
    outer loop
      vertex -62.0608 -24.3571 17
      vertex -61.014 -25.6325 17
      vertex -61.999 -24.301 17
    endloop
  endfacet
  facet normal 0 0 1
    outer loop
      vertex -61.014 -25.6325 17
      vertex -62.0608 -24.3571 17
      vertex -61.2111 -25.7787 17
    endloop
  endfacet
  facet normal -0 0 1
    outer loop
      vertex -62.1278 -24.4067 17
      vertex -61.2111 -25.7787 17
      vertex -62.0608 -24.3571 17
    endloop
  endfacet
  facet normal 0 0 1
    outer loop
      vertex -61.2111 -25.7787 17
      vertex -62.1278 -24.4067 17
      vertex -61.4215 -25.9048 17
    endloop
  endfacet
  facet normal -0 0 1
    outer loop
      vertex -62.1993 -24.4496 17
      vertex -61.4215 -25.9048 17
      vertex -62.1278 -24.4067 17
    endloop
  endfacet
  facet normal 0 0 1
    outer loop
      vertex -61.4215 -25.9048 17
      vertex -62.1993 -24.4496 17
      vertex -61.6433 -26.0097 17
    endloop
  endfacet
  facet normal -0 0 1
    outer loop
      vertex -62.2747 -24.4853 17
      vertex -61.6433 -26.0097 17
      vertex -62.1993 -24.4496 17
    endloop
  endfacet
  facet normal 0 0 1
    outer loop
      vertex -61.6433 -26.0097 17
      vertex -62.2747 -24.4853 17
      vertex -61.8743 -26.0924 17
    endloop
  endfacet
  facet normal -0 0 1
    outer loop
      vertex -62.3533 -24.5134 17
      vertex -61.8743 -26.0924 17
      vertex -62.2747 -24.4853 17
    endloop
  endfacet
  facet normal 0 0 1
    outer loop
      vertex -61.8743 -26.0924 17
      vertex -62.3533 -24.5134 17
      vertex -62.1123 -26.152 17
    endloop
  endfacet
  facet normal -0 0 1
    outer loop
      vertex -62.4342 -24.5337 17
      vertex -62.1123 -26.152 17
      vertex -62.3533 -24.5134 17
    endloop
  endfacet
  facet normal 0 0 1
    outer loop
      vertex -62.1123 -26.152 17
      vertex -62.4342 -24.5337 17
      vertex -62.355 -26.188 17
    endloop
  endfacet
  facet normal -0 0 1
    outer loop
      vertex -62.5167 -24.5459 17
      vertex -62.355 -26.188 17
      vertex -62.4342 -24.5337 17
    endloop
  endfacet
  facet normal -0 0 1
    outer loop
      vertex -62.6 -24.55 17
      vertex -62.355 -26.188 17
      vertex -62.5167 -24.5459 17
    endloop
  endfacet
  facet normal 0 0 1
    outer loop
      vertex -62.6 -24.55 17
      vertex -62.6 -26.2 17
      vertex -62.355 -26.188 17
    endloop
  endfacet
  facet normal 0 0 1
    outer loop
      vertex -62.6833 -24.5459 17
      vertex -62.6 -26.2 17
      vertex -62.6 -24.55 17
    endloop
  endfacet
  facet normal 0 0 1
    outer loop
      vertex -62.845 -26.188 17
      vertex -62.6833 -24.5459 17
      vertex -62.7658 -24.5337 17
    endloop
  endfacet
  facet normal 0 0 1
    outer loop
      vertex -62.6833 -24.5459 17
      vertex -62.845 -26.188 17
      vertex -62.6 -26.2 17
    endloop
  endfacet
  facet normal 0 0 1
    outer loop
      vertex -63.0877 -26.152 17
      vertex -62.7658 -24.5337 17
      vertex -62.8467 -24.5134 17
    endloop
  endfacet
  facet normal 0 0 1
    outer loop
      vertex -63.3257 -26.0924 17
      vertex -62.8467 -24.5134 17
      vertex -62.9253 -24.4853 17
    endloop
  endfacet
  facet normal 0 0 1
    outer loop
      vertex -63.5567 -26.0097 17
      vertex -62.9253 -24.4853 17
      vertex -63.0007 -24.4496 17
    endloop
  endfacet
  facet normal 0 0 1
    outer loop
      vertex -63.7785 -25.9048 17
      vertex -63.0007 -24.4496 17
      vertex -63.0722 -24.4067 17
    endloop
  endfacet
  facet normal 0 0 1
    outer loop
      vertex -62.7658 -24.5337 17
      vertex -63.0877 -26.152 17
      vertex -62.845 -26.188 17
    endloop
  endfacet
  facet normal 0 0 1
    outer loop
      vertex -63.9889 -25.7787 17
      vertex -63.0722 -24.4067 17
      vertex -63.1392 -24.3571 17
    endloop
  endfacet
  facet normal 0 0 1
    outer loop
      vertex -64.186 -25.6325 17
      vertex -63.1392 -24.3571 17
      vertex -63.201 -24.301 17
    endloop
  endfacet
  facet normal 0 0 1
    outer loop
      vertex -64.3678 -25.4678 17
      vertex -63.201 -24.301 17
      vertex -63.2571 -24.2392 17
    endloop
  endfacet
  facet normal 0 0 1
    outer loop
      vertex -64.5325 -25.286 17
      vertex -63.2571 -24.2392 17
      vertex -63.3067 -24.1722 17
    endloop
  endfacet
  facet normal 0 0 1
    outer loop
      vertex -62.8467 -24.5134 17
      vertex -63.3257 -26.0924 17
      vertex -63.0877 -26.152 17
    endloop
  endfacet
  facet normal 0 0 1
    outer loop
      vertex -64.6787 -25.0889 17
      vertex -63.3067 -24.1722 17
      vertex -63.3496 -24.1007 17
    endloop
  endfacet
  facet normal 0 0 1
    outer loop
      vertex -64.8048 -24.8785 17
      vertex -63.3496 -24.1007 17
      vertex -63.3853 -24.0253 17
    endloop
  endfacet
  facet normal 0 0 1
    outer loop
      vertex -64.9097 -24.6567 17
      vertex -63.3853 -24.0253 17
      vertex -63.4134 -23.9467 17
    endloop
  endfacet
  facet normal 0 0 1
    outer loop
      vertex -64.9923 -24.4257 17
      vertex -63.4134 -23.9467 17
      vertex -63.4337 -23.8658 17
    endloop
  endfacet
  facet normal 0 0 1
    outer loop
      vertex -65.052 -24.1877 17
      vertex -63.4337 -23.8658 17
      vertex -63.4459 -23.7833 17
    endloop
  endfacet
  facet normal 0 0 1
    outer loop
      vertex -62.9253 -24.4853 17
      vertex -63.5567 -26.0097 17
      vertex -63.3257 -26.0924 17
    endloop
  endfacet
  facet normal 0 0 1
    outer loop
      vertex -65.088 -23.945 17
      vertex -63.4459 -23.7833 17
      vertex -63.45 -23.7 17
    endloop
  endfacet
  facet normal 0 0 1
    outer loop
      vertex -63.3067 -23.2278 17
      vertex -64.6787 -22.3111 17
      vertex -63.3496 -23.2993 17
    endloop
  endfacet
  facet normal -0 0 1
    outer loop
      vertex -64.8048 -22.5215 17
      vertex -63.3496 -23.2993 17
      vertex -64.6787 -22.3111 17
    endloop
  endfacet
  facet normal 0 0 1
    outer loop
      vertex -63.0007 -24.4496 17
      vertex -63.7785 -25.9048 17
      vertex -63.5567 -26.0097 17
    endloop
  endfacet
  facet normal 0 0 1
    outer loop
      vertex -63.3496 -23.2993 17
      vertex -64.8048 -22.5215 17
      vertex -63.3853 -23.3747 17
    endloop
  endfacet
  facet normal 0 0 1
    outer loop
      vertex -63.0722 -24.4067 17
      vertex -63.9889 -25.7787 17
      vertex -63.7785 -25.9048 17
    endloop
  endfacet
  facet normal -0 0 1
    outer loop
      vertex -64.9097 -22.7433 17
      vertex -63.3853 -23.3747 17
      vertex -64.8048 -22.5215 17
    endloop
  endfacet
  facet normal 0 0 1
    outer loop
      vertex -63.1392 -24.3571 17
      vertex -64.186 -25.6325 17
      vertex -63.9889 -25.7787 17
    endloop
  endfacet
  facet normal 0 0 1
    outer loop
      vertex -63.3853 -23.3747 17
      vertex -64.9097 -22.7433 17
      vertex -63.4134 -23.4533 17
    endloop
  endfacet
  facet normal 0 0 1
    outer loop
      vertex -63.201 -24.301 17
      vertex -64.3678 -25.4678 17
      vertex -64.186 -25.6325 17
    endloop
  endfacet
  facet normal -0 0 1
    outer loop
      vertex -64.9923 -22.9743 17
      vertex -63.4134 -23.4533 17
      vertex -64.9097 -22.7433 17
    endloop
  endfacet
  facet normal 0 0 1
    outer loop
      vertex -63.2571 -24.2392 17
      vertex -64.5325 -25.286 17
      vertex -64.3678 -25.4678 17
    endloop
  endfacet
  facet normal 0 0 1
    outer loop
      vertex -63.4134 -23.4533 17
      vertex -64.9923 -22.9743 17
      vertex -63.4337 -23.5342 17
    endloop
  endfacet
  facet normal 0 0 1
    outer loop
      vertex -63.3067 -24.1722 17
      vertex -64.6787 -25.0889 17
      vertex -64.5325 -25.286 17
    endloop
  endfacet
  facet normal -0 0 1
    outer loop
      vertex -65.052 -23.2123 17
      vertex -63.4337 -23.5342 17
      vertex -64.9923 -22.9743 17
    endloop
  endfacet
  facet normal 0 0 1
    outer loop
      vertex -63.3496 -24.1007 17
      vertex -64.8048 -24.8785 17
      vertex -64.6787 -25.0889 17
    endloop
  endfacet
  facet normal 0 0 1
    outer loop
      vertex -63.4337 -23.5342 17
      vertex -65.052 -23.2123 17
      vertex -63.4459 -23.6167 17
    endloop
  endfacet
  facet normal 0 0 1
    outer loop
      vertex -63.3853 -24.0253 17
      vertex -64.9097 -24.6567 17
      vertex -64.8048 -24.8785 17
    endloop
  endfacet
  facet normal -0 0 1
    outer loop
      vertex -65.088 -23.455 17
      vertex -63.4459 -23.6167 17
      vertex -65.052 -23.2123 17
    endloop
  endfacet
  facet normal 0 0 1
    outer loop
      vertex -63.4134 -23.9467 17
      vertex -64.9923 -24.4257 17
      vertex -64.9097 -24.6567 17
    endloop
  endfacet
  facet normal 0 0 1
    outer loop
      vertex -63.4459 -23.6167 17
      vertex -65.088 -23.455 17
      vertex -63.45 -23.7 17
    endloop
  endfacet
  facet normal 0 0 1
    outer loop
      vertex -63.4337 -23.8658 17
      vertex -65.052 -24.1877 17
      vertex -64.9923 -24.4257 17
    endloop
  endfacet
  facet normal 0 0 1
    outer loop
      vertex -65.1 -23.7 17
      vertex -63.45 -23.7 17
      vertex -65.088 -23.455 17
    endloop
  endfacet
  facet normal 0 0 1
    outer loop
      vertex -63.4459 -23.7833 17
      vertex -65.088 -23.945 17
      vertex -65.052 -24.1877 17
    endloop
  endfacet
  facet normal 0 0 1
    outer loop
      vertex -63.45 -23.7 17
      vertex -65.1 -23.7 17
      vertex -65.088 -23.945 17
    endloop
  endfacet
  facet normal -0.989242 -0.146288 0
    outer loop
      vertex -61.7541 -23.6167 13
      vertex -61.7663 -23.5342 17
      vertex -61.7663 -23.5342 13
    endloop
  endfacet
  facet normal -0.989242 -0.146288 0
    outer loop
      vertex -61.7663 -23.5342 17
      vertex -61.7541 -23.6167 13
      vertex -61.7541 -23.6167 17
    endloop
  endfacet
  facet normal -0.998791 -0.0491602 0
    outer loop
      vertex -61.75 -23.7 13
      vertex -61.7541 -23.6167 17
      vertex -61.7541 -23.6167 13
    endloop
  endfacet
  facet normal -0.998791 -0.0491602 0
    outer loop
      vertex -61.7541 -23.6167 17
      vertex -61.75 -23.7 13
      vertex -61.75 -23.7 17
    endloop
  endfacet
  facet normal -0.969931 -0.243382 0
    outer loop
      vertex -61.7663 -23.5342 13
      vertex -61.7866 -23.4533 17
      vertex -61.7866 -23.4533 13
    endloop
  endfacet
  facet normal -0.969931 -0.243382 0
    outer loop
      vertex -61.7866 -23.4533 17
      vertex -61.7663 -23.5342 13
      vertex -61.7663 -23.5342 17
    endloop
  endfacet
  facet normal -0.427932 0.903811 0
    outer loop
      vertex -62.1993 -24.4496 13
      vertex -62.2747 -24.4853 17
      vertex -62.1993 -24.4496 17
    endloop
  endfacet
  facet normal -0.427932 0.903811 0
    outer loop
      vertex -62.2747 -24.4853 17
      vertex -62.1993 -24.4496 13
      vertex -62.2747 -24.4853 13
    endloop
  endfacet
  facet normal 0.0491602 -0.998791 0
    outer loop
      vertex -62.6833 -22.8541 13
      vertex -62.6 -22.85 17
      vertex -62.6833 -22.8541 17
    endloop
  endfacet
  facet normal 0.0491602 -0.998791 0
    outer loop
      vertex -62.6 -22.85 17
      vertex -62.6833 -22.8541 13
      vertex -62.6 -22.85 13
    endloop
  endfacet
  facet normal 0.427932 -0.903811 0
    outer loop
      vertex -63.0007 -22.9504 13
      vertex -62.9253 -22.9147 17
      vertex -63.0007 -22.9504 17
    endloop
  endfacet
  facet normal 0.427932 -0.903811 0
    outer loop
      vertex -62.9253 -22.9147 17
      vertex -63.0007 -22.9504 13
      vertex -62.9253 -22.9147 13
    endloop
  endfacet
  facet normal -0.740428 -0.672136 0
    outer loop
      vertex -61.9429 -23.1608 13
      vertex -61.999 -23.099 17
      vertex -61.999 -23.099 13
    endloop
  endfacet
  facet normal -0.740428 -0.672136 0
    outer loop
      vertex -61.999 -23.099 17
      vertex -61.9429 -23.1608 13
      vertex -61.9429 -23.1608 17
    endloop
  endfacet
  facet normal 0.146288 0.989242 -0
    outer loop
      vertex -62.6833 -24.5459 13
      vertex -62.7658 -24.5337 17
      vertex -62.6833 -24.5459 17
    endloop
  endfacet
  facet normal 0.146288 0.989242 0
    outer loop
      vertex -62.7658 -24.5337 17
      vertex -62.6833 -24.5459 13
      vertex -62.7658 -24.5337 13
    endloop
  endfacet
  facet normal -0.427932 -0.903811 0
    outer loop
      vertex -62.2747 -22.9147 13
      vertex -62.1993 -22.9504 17
      vertex -62.2747 -22.9147 17
    endloop
  endfacet
  facet normal -0.427932 -0.903811 -0
    outer loop
      vertex -62.1993 -22.9504 17
      vertex -62.2747 -22.9147 13
      vertex -62.1993 -22.9504 13
    endloop
  endfacet
  facet normal 0.146288 -0.989242 0
    outer loop
      vertex -62.7658 -22.8663 13
      vertex -62.6833 -22.8541 17
      vertex -62.7658 -22.8663 17
    endloop
  endfacet
  facet normal 0.146288 -0.989242 0
    outer loop
      vertex -62.6833 -22.8541 17
      vertex -62.7658 -22.8663 13
      vertex -62.6833 -22.8541 13
    endloop
  endfacet
  facet normal -0.243382 0.969931 0
    outer loop
      vertex -62.3533 -24.5134 13
      vertex -62.4342 -24.5337 17
      vertex -62.3533 -24.5134 17
    endloop
  endfacet
  facet normal -0.243382 0.969931 0
    outer loop
      vertex -62.4342 -24.5337 17
      vertex -62.3533 -24.5134 13
      vertex -62.4342 -24.5337 13
    endloop
  endfacet
  facet normal 0.594998 -0.803727 0
    outer loop
      vertex -63.1392 -23.0429 13
      vertex -63.0722 -22.9933 17
      vertex -63.1392 -23.0429 17
    endloop
  endfacet
  facet normal 0.594998 -0.803727 0
    outer loop
      vertex -63.0722 -22.9933 17
      vertex -63.1392 -23.0429 13
      vertex -63.0722 -22.9933 13
    endloop
  endfacet
  facet normal 0.903811 -0.427932 0
    outer loop
      vertex -63.3853 -23.3747 17
      vertex -63.3496 -23.2993 13
      vertex -63.3496 -23.2993 17
    endloop
  endfacet
  facet normal 0.903811 -0.427932 0
    outer loop
      vertex -63.3496 -23.2993 13
      vertex -63.3853 -23.3747 17
      vertex -63.3853 -23.3747 13
    endloop
  endfacet
  facet normal 0.427932 0.903811 -0
    outer loop
      vertex -62.9253 -24.4853 13
      vertex -63.0007 -24.4496 17
      vertex -62.9253 -24.4853 17
    endloop
  endfacet
  facet normal 0.427932 0.903811 0
    outer loop
      vertex -63.0007 -24.4496 17
      vertex -62.9253 -24.4853 13
      vertex -63.0007 -24.4496 13
    endloop
  endfacet
  facet normal -0.33664 0.941633 0
    outer loop
      vertex -62.2747 -24.4853 13
      vertex -62.3533 -24.5134 17
      vertex -62.2747 -24.4853 17
    endloop
  endfacet
  facet normal -0.33664 0.941633 0
    outer loop
      vertex -62.3533 -24.5134 17
      vertex -62.2747 -24.4853 13
      vertex -62.3533 -24.5134 13
    endloop
  endfacet
  facet normal 0.594998 0.803727 -0
    outer loop
      vertex -63.0722 -24.4067 13
      vertex -63.1392 -24.3571 17
      vertex -63.0722 -24.4067 17
    endloop
  endfacet
  facet normal 0.594998 0.803727 0
    outer loop
      vertex -63.1392 -24.3571 17
      vertex -63.0722 -24.4067 13
      vertex -63.1392 -24.3571 13
    endloop
  endfacet
  facet normal 0.903811 0.427932 0
    outer loop
      vertex -63.3496 -24.1007 17
      vertex -63.3853 -24.0253 13
      vertex -63.3853 -24.0253 17
    endloop
  endfacet
  facet normal 0.903811 0.427932 0
    outer loop
      vertex -63.3853 -24.0253 13
      vertex -63.3496 -24.1007 17
      vertex -63.3496 -24.1007 13
    endloop
  endfacet
  facet normal -0.514496 -0.857493 0
    outer loop
      vertex -62.1993 -22.9504 13
      vertex -62.1278 -22.9933 17
      vertex -62.1993 -22.9504 17
    endloop
  endfacet
  facet normal -0.514496 -0.857493 -0
    outer loop
      vertex -62.1278 -22.9933 17
      vertex -62.1993 -22.9504 13
      vertex -62.1278 -22.9933 13
    endloop
  endfacet
  facet normal -0.594998 0.803727 0
    outer loop
      vertex -62.0608 -24.3571 13
      vertex -62.1278 -24.4067 17
      vertex -62.0608 -24.3571 17
    endloop
  endfacet
  facet normal -0.594998 0.803727 0
    outer loop
      vertex -62.1278 -24.4067 17
      vertex -62.0608 -24.3571 13
      vertex -62.1278 -24.4067 13
    endloop
  endfacet
  facet normal 0.998791 0.0491602 0
    outer loop
      vertex -63.4459 -23.7833 17
      vertex -63.45 -23.7 13
      vertex -63.45 -23.7 17
    endloop
  endfacet
  facet normal 0.998791 0.0491602 0
    outer loop
      vertex -63.45 -23.7 13
      vertex -63.4459 -23.7833 17
      vertex -63.4459 -23.7833 13
    endloop
  endfacet
  facet normal -0.594998 -0.803727 0
    outer loop
      vertex -62.1278 -22.9933 13
      vertex -62.0608 -23.0429 17
      vertex -62.1278 -22.9933 17
    endloop
  endfacet
  facet normal -0.594998 -0.803727 -0
    outer loop
      vertex -62.0608 -23.0429 17
      vertex -62.1278 -22.9933 13
      vertex -62.0608 -23.0429 13
    endloop
  endfacet
  facet normal -0.969931 0.243382 0
    outer loop
      vertex -61.7866 -23.9467 13
      vertex -61.7663 -23.8658 17
      vertex -61.7663 -23.8658 13
    endloop
  endfacet
  facet normal -0.969931 0.243382 0
    outer loop
      vertex -61.7663 -23.8658 17
      vertex -61.7866 -23.9467 13
      vertex -61.7866 -23.9467 17
    endloop
  endfacet
  facet normal 0.514496 -0.857493 0
    outer loop
      vertex -63.0722 -22.9933 13
      vertex -63.0007 -22.9504 17
      vertex -63.0722 -22.9933 17
    endloop
  endfacet
  facet normal 0.514496 -0.857493 0
    outer loop
      vertex -63.0007 -22.9504 17
      vertex -63.0722 -22.9933 13
      vertex -63.0007 -22.9504 13
    endloop
  endfacet
  facet normal 0.941633 0.33664 0
    outer loop
      vertex -63.3853 -24.0253 17
      vertex -63.4134 -23.9467 13
      vertex -63.4134 -23.9467 17
    endloop
  endfacet
  facet normal 0.941633 0.33664 0
    outer loop
      vertex -63.4134 -23.9467 13
      vertex -63.3853 -24.0253 17
      vertex -63.3853 -24.0253 13
    endloop
  endfacet
  facet normal -0.243382 -0.969931 0
    outer loop
      vertex -62.4342 -22.8663 13
      vertex -62.3533 -22.8866 17
      vertex -62.4342 -22.8663 17
    endloop
  endfacet
  facet normal -0.243382 -0.969931 -0
    outer loop
      vertex -62.3533 -22.8866 17
      vertex -62.4342 -22.8663 13
      vertex -62.3533 -22.8866 13
    endloop
  endfacet
  facet normal 0.740428 -0.672136 0
    outer loop
      vertex -63.2571 -23.1608 17
      vertex -63.201 -23.099 13
      vertex -63.201 -23.099 17
    endloop
  endfacet
  facet normal 0.740428 -0.672136 0
    outer loop
      vertex -63.201 -23.099 13
      vertex -63.2571 -23.1608 17
      vertex -63.2571 -23.1608 13
    endloop
  endfacet
  facet normal -0.0491602 0.998791 0
    outer loop
      vertex -62.5167 -24.5459 13
      vertex -62.6 -24.55 17
      vertex -62.5167 -24.5459 17
    endloop
  endfacet
  facet normal -0.0491602 0.998791 0
    outer loop
      vertex -62.6 -24.55 17
      vertex -62.5167 -24.5459 13
      vertex -62.6 -24.55 13
    endloop
  endfacet
  facet normal -0.803154 -0.595772 0
    outer loop
      vertex -61.8932 -23.2278 13
      vertex -61.9429 -23.1608 17
      vertex -61.9429 -23.1608 13
    endloop
  endfacet
  facet normal -0.803154 -0.595772 0
    outer loop
      vertex -61.9429 -23.1608 17
      vertex -61.8932 -23.2278 13
      vertex -61.8932 -23.2278 17
    endloop
  endfacet
  facet normal 0.969931 0.243382 0
    outer loop
      vertex -63.4134 -23.9467 17
      vertex -63.4337 -23.8658 13
      vertex -63.4337 -23.8658 17
    endloop
  endfacet
  facet normal 0.969931 0.243382 0
    outer loop
      vertex -63.4337 -23.8658 13
      vertex -63.4134 -23.9467 17
      vertex -63.4134 -23.9467 13
    endloop
  endfacet
  facet normal -0.989242 0.146288 0
    outer loop
      vertex -61.7663 -23.8658 13
      vertex -61.7541 -23.7833 17
      vertex -61.7541 -23.7833 13
    endloop
  endfacet
  facet normal -0.989242 0.146288 0
    outer loop
      vertex -61.7541 -23.7833 17
      vertex -61.7663 -23.8658 13
      vertex -61.7663 -23.8658 17
    endloop
  endfacet
  facet normal -0.514496 0.857493 0
    outer loop
      vertex -62.1278 -24.4067 13
      vertex -62.1993 -24.4496 17
      vertex -62.1278 -24.4067 17
    endloop
  endfacet
  facet normal -0.514496 0.857493 0
    outer loop
      vertex -62.1993 -24.4496 17
      vertex -62.1278 -24.4067 13
      vertex -62.1993 -24.4496 13
    endloop
  endfacet
  facet normal 0.941633 -0.33664 0
    outer loop
      vertex -63.4134 -23.4533 17
      vertex -63.3853 -23.3747 13
      vertex -63.3853 -23.3747 17
    endloop
  endfacet
  facet normal 0.941633 -0.33664 0
    outer loop
      vertex -63.3853 -23.3747 13
      vertex -63.4134 -23.4533 17
      vertex -63.4134 -23.4533 13
    endloop
  endfacet
  facet normal -0.672136 -0.740428 0
    outer loop
      vertex -62.0608 -23.0429 13
      vertex -61.999 -23.099 17
      vertex -62.0608 -23.0429 17
    endloop
  endfacet
  facet normal -0.672136 -0.740428 -0
    outer loop
      vertex -61.999 -23.099 17
      vertex -62.0608 -23.0429 13
      vertex -61.999 -23.099 13
    endloop
  endfacet
  facet normal 0.989242 -0.146288 0
    outer loop
      vertex -63.4459 -23.6167 17
      vertex -63.4337 -23.5342 13
      vertex -63.4337 -23.5342 17
    endloop
  endfacet
  facet normal 0.989242 -0.146288 0
    outer loop
      vertex -63.4337 -23.5342 13
      vertex -63.4459 -23.6167 17
      vertex -63.4459 -23.6167 13
    endloop
  endfacet
  facet normal -0.903811 0.427932 0
    outer loop
      vertex -61.8504 -24.1007 13
      vertex -61.8147 -24.0253 17
      vertex -61.8147 -24.0253 13
    endloop
  endfacet
  facet normal -0.903811 0.427932 0
    outer loop
      vertex -61.8147 -24.0253 17
      vertex -61.8504 -24.1007 13
      vertex -61.8504 -24.1007 17
    endloop
  endfacet
  facet normal -0.998791 0.0491602 0
    outer loop
      vertex -61.7541 -23.7833 13
      vertex -61.75 -23.7 17
      vertex -61.75 -23.7 13
    endloop
  endfacet
  facet normal -0.998791 0.0491602 0
    outer loop
      vertex -61.75 -23.7 17
      vertex -61.7541 -23.7833 13
      vertex -61.7541 -23.7833 17
    endloop
  endfacet
  facet normal -0.146288 0.989242 0
    outer loop
      vertex -62.4342 -24.5337 13
      vertex -62.5167 -24.5459 17
      vertex -62.4342 -24.5337 17
    endloop
  endfacet
  facet normal -0.146288 0.989242 0
    outer loop
      vertex -62.5167 -24.5459 17
      vertex -62.4342 -24.5337 13
      vertex -62.5167 -24.5459 13
    endloop
  endfacet
  facet normal -0.941633 -0.33664 0
    outer loop
      vertex -61.7866 -23.4533 13
      vertex -61.8147 -23.3747 17
      vertex -61.8147 -23.3747 13
    endloop
  endfacet
  facet normal -0.941633 -0.33664 0
    outer loop
      vertex -61.8147 -23.3747 17
      vertex -61.7866 -23.4533 13
      vertex -61.7866 -23.4533 17
    endloop
  endfacet
  facet normal -0.803154 0.595772 0
    outer loop
      vertex -61.9429 -24.2392 13
      vertex -61.8932 -24.1722 17
      vertex -61.8932 -24.1722 13
    endloop
  endfacet
  facet normal -0.803154 0.595772 0
    outer loop
      vertex -61.8932 -24.1722 17
      vertex -61.9429 -24.2392 13
      vertex -61.9429 -24.2392 17
    endloop
  endfacet
  facet normal -0.858022 0.513613 0
    outer loop
      vertex -61.8932 -24.1722 13
      vertex -61.8504 -24.1007 17
      vertex -61.8504 -24.1007 13
    endloop
  endfacet
  facet normal -0.858022 0.513613 0
    outer loop
      vertex -61.8504 -24.1007 17
      vertex -61.8932 -24.1722 13
      vertex -61.8932 -24.1722 17
    endloop
  endfacet
  facet normal 0.243382 -0.969931 0
    outer loop
      vertex -62.8467 -22.8866 13
      vertex -62.7658 -22.8663 17
      vertex -62.8467 -22.8866 17
    endloop
  endfacet
  facet normal 0.243382 -0.969931 0
    outer loop
      vertex -62.7658 -22.8663 17
      vertex -62.8467 -22.8866 13
      vertex -62.7658 -22.8663 13
    endloop
  endfacet
  facet normal -0.941633 0.33664 0
    outer loop
      vertex -61.8147 -24.0253 13
      vertex -61.7866 -23.9467 17
      vertex -61.7866 -23.9467 13
    endloop
  endfacet
  facet normal -0.941633 0.33664 0
    outer loop
      vertex -61.7866 -23.9467 17
      vertex -61.8147 -24.0253 13
      vertex -61.8147 -24.0253 17
    endloop
  endfacet
  facet normal -0.0491602 -0.998791 0
    outer loop
      vertex -62.6 -22.85 13
      vertex -62.5167 -22.8541 17
      vertex -62.6 -22.85 17
    endloop
  endfacet
  facet normal -0.0491602 -0.998791 -0
    outer loop
      vertex -62.5167 -22.8541 17
      vertex -62.6 -22.85 13
      vertex -62.5167 -22.8541 13
    endloop
  endfacet
  facet normal -0.903811 -0.427932 0
    outer loop
      vertex -61.8147 -23.3747 13
      vertex -61.8504 -23.2993 17
      vertex -61.8504 -23.2993 13
    endloop
  endfacet
  facet normal -0.903811 -0.427932 0
    outer loop
      vertex -61.8504 -23.2993 17
      vertex -61.8147 -23.3747 13
      vertex -61.8147 -23.3747 17
    endloop
  endfacet
  facet normal -0.146288 -0.989242 0
    outer loop
      vertex -62.5167 -22.8541 13
      vertex -62.4342 -22.8663 17
      vertex -62.5167 -22.8541 17
    endloop
  endfacet
  facet normal -0.146288 -0.989242 -0
    outer loop
      vertex -62.4342 -22.8663 17
      vertex -62.5167 -22.8541 13
      vertex -62.4342 -22.8663 13
    endloop
  endfacet
  facet normal 0.243382 0.969931 -0
    outer loop
      vertex -62.7658 -24.5337 13
      vertex -62.8467 -24.5134 17
      vertex -62.7658 -24.5337 17
    endloop
  endfacet
  facet normal 0.243382 0.969931 0
    outer loop
      vertex -62.8467 -24.5134 17
      vertex -62.7658 -24.5337 13
      vertex -62.8467 -24.5134 13
    endloop
  endfacet
  facet normal 0.857493 0.514496 0
    outer loop
      vertex -63.3067 -24.1722 17
      vertex -63.3496 -24.1007 13
      vertex -63.3496 -24.1007 17
    endloop
  endfacet
  facet normal 0.857493 0.514496 0
    outer loop
      vertex -63.3496 -24.1007 13
      vertex -63.3067 -24.1722 17
      vertex -63.3067 -24.1722 13
    endloop
  endfacet
  facet normal -0.858022 -0.513613 0
    outer loop
      vertex -61.8504 -23.2993 13
      vertex -61.8932 -23.2278 17
      vertex -61.8932 -23.2278 13
    endloop
  endfacet
  facet normal -0.858022 -0.513613 0
    outer loop
      vertex -61.8932 -23.2278 17
      vertex -61.8504 -23.2993 13
      vertex -61.8504 -23.2993 17
    endloop
  endfacet
  facet normal 0.33664 -0.941633 0
    outer loop
      vertex -62.9253 -22.9147 13
      vertex -62.8467 -22.8866 17
      vertex -62.9253 -22.9147 17
    endloop
  endfacet
  facet normal 0.33664 -0.941633 0
    outer loop
      vertex -62.8467 -22.8866 17
      vertex -62.9253 -22.9147 13
      vertex -62.8467 -22.8866 13
    endloop
  endfacet
  facet normal 0.740428 0.672136 0
    outer loop
      vertex -63.201 -24.301 17
      vertex -63.2571 -24.2392 13
      vertex -63.2571 -24.2392 17
    endloop
  endfacet
  facet normal 0.740428 0.672136 0
    outer loop
      vertex -63.2571 -24.2392 13
      vertex -63.201 -24.301 17
      vertex -63.201 -24.301 13
    endloop
  endfacet
  facet normal 0.672136 -0.740428 0
    outer loop
      vertex -63.201 -23.099 13
      vertex -63.1392 -23.0429 17
      vertex -63.201 -23.099 17
    endloop
  endfacet
  facet normal 0.672136 -0.740428 0
    outer loop
      vertex -63.1392 -23.0429 17
      vertex -63.201 -23.099 13
      vertex -63.1392 -23.0429 13
    endloop
  endfacet
  facet normal -0.33664 -0.941633 0
    outer loop
      vertex -62.3533 -22.8866 13
      vertex -62.2747 -22.9147 17
      vertex -62.3533 -22.8866 17
    endloop
  endfacet
  facet normal -0.33664 -0.941633 -0
    outer loop
      vertex -62.2747 -22.9147 17
      vertex -62.3533 -22.8866 13
      vertex -62.2747 -22.9147 13
    endloop
  endfacet
  facet normal 0.514496 0.857493 -0
    outer loop
      vertex -63.0007 -24.4496 13
      vertex -63.0722 -24.4067 17
      vertex -63.0007 -24.4496 17
    endloop
  endfacet
  facet normal 0.514496 0.857493 0
    outer loop
      vertex -63.0722 -24.4067 17
      vertex -63.0007 -24.4496 13
      vertex -63.0722 -24.4067 13
    endloop
  endfacet
  facet normal 0.969931 -0.243382 0
    outer loop
      vertex -63.4337 -23.5342 17
      vertex -63.4134 -23.4533 13
      vertex -63.4134 -23.4533 17
    endloop
  endfacet
  facet normal 0.969931 -0.243382 0
    outer loop
      vertex -63.4134 -23.4533 13
      vertex -63.4337 -23.5342 17
      vertex -63.4337 -23.5342 13
    endloop
  endfacet
  facet normal 0.803727 0.594998 0
    outer loop
      vertex -63.2571 -24.2392 17
      vertex -63.3067 -24.1722 13
      vertex -63.3067 -24.1722 17
    endloop
  endfacet
  facet normal 0.803727 0.594998 0
    outer loop
      vertex -63.3067 -24.1722 13
      vertex -63.2571 -24.2392 17
      vertex -63.2571 -24.2392 13
    endloop
  endfacet
  facet normal 0.989242 0.146288 0
    outer loop
      vertex -63.4337 -23.8658 17
      vertex -63.4459 -23.7833 13
      vertex -63.4459 -23.7833 17
    endloop
  endfacet
  facet normal 0.989242 0.146288 0
    outer loop
      vertex -63.4459 -23.7833 13
      vertex -63.4337 -23.8658 17
      vertex -63.4337 -23.8658 13
    endloop
  endfacet
  facet normal 0.672136 0.740428 -0
    outer loop
      vertex -63.1392 -24.3571 13
      vertex -63.201 -24.301 17
      vertex -63.1392 -24.3571 17
    endloop
  endfacet
  facet normal 0.672136 0.740428 0
    outer loop
      vertex -63.201 -24.301 17
      vertex -63.1392 -24.3571 13
      vertex -63.201 -24.301 13
    endloop
  endfacet
  facet normal 0.803727 -0.594998 0
    outer loop
      vertex -63.3067 -23.2278 17
      vertex -63.2571 -23.1608 13
      vertex -63.2571 -23.1608 17
    endloop
  endfacet
  facet normal 0.803727 -0.594998 0
    outer loop
      vertex -63.2571 -23.1608 13
      vertex -63.3067 -23.2278 17
      vertex -63.3067 -23.2278 13
    endloop
  endfacet
  facet normal 0.857493 -0.514496 0
    outer loop
      vertex -63.3496 -23.2993 17
      vertex -63.3067 -23.2278 13
      vertex -63.3067 -23.2278 17
    endloop
  endfacet
  facet normal 0.857493 -0.514496 0
    outer loop
      vertex -63.3067 -23.2278 13
      vertex -63.3496 -23.2993 17
      vertex -63.3496 -23.2993 13
    endloop
  endfacet
  facet normal 0.0491602 0.998791 -0
    outer loop
      vertex -62.6 -24.55 13
      vertex -62.6833 -24.5459 17
      vertex -62.6 -24.55 17
    endloop
  endfacet
  facet normal 0.0491602 0.998791 0
    outer loop
      vertex -62.6833 -24.5459 17
      vertex -62.6 -24.55 13
      vertex -62.6833 -24.5459 13
    endloop
  endfacet
  facet normal 0.998791 -0.0491602 0
    outer loop
      vertex -63.45 -23.7 17
      vertex -63.4459 -23.6167 13
      vertex -63.4459 -23.6167 17
    endloop
  endfacet
  facet normal 0.998791 -0.0491602 0
    outer loop
      vertex -63.4459 -23.6167 13
      vertex -63.45 -23.7 17
      vertex -63.45 -23.7 13
    endloop
  endfacet
  facet normal 0.33664 0.941633 -0
    outer loop
      vertex -62.8467 -24.5134 13
      vertex -62.9253 -24.4853 17
      vertex -62.8467 -24.5134 17
    endloop
  endfacet
  facet normal 0.33664 0.941633 0
    outer loop
      vertex -62.9253 -24.4853 17
      vertex -62.8467 -24.5134 13
      vertex -62.9253 -24.4853 13
    endloop
  endfacet
  facet normal -0.740428 0.672136 0
    outer loop
      vertex -61.999 -24.301 13
      vertex -61.9429 -24.2392 17
      vertex -61.9429 -24.2392 13
    endloop
  endfacet
  facet normal -0.740428 0.672136 0
    outer loop
      vertex -61.9429 -24.2392 17
      vertex -61.999 -24.301 13
      vertex -61.999 -24.301 17
    endloop
  endfacet
  facet normal -0.672136 0.740428 0
    outer loop
      vertex -61.999 -24.301 13
      vertex -62.0608 -24.3571 17
      vertex -61.999 -24.301 17
    endloop
  endfacet
  facet normal -0.672136 0.740428 0
    outer loop
      vertex -62.0608 -24.3571 17
      vertex -61.999 -24.301 13
      vertex -62.0608 -24.3571 13
    endloop
  endfacet
  facet normal 0.857745 -0.514076 0
    outer loop
      vertex -60.5213 -13.6889 17
      vertex -60.3952 -13.4785 13
      vertex -60.3952 -13.4785 17
    endloop
  endfacet
  facet normal 0.857745 -0.514076 0
    outer loop
      vertex -60.3952 -13.4785 13
      vertex -60.5213 -13.6889 17
      vertex -60.5213 -13.6889 13
    endloop
  endfacet
  facet normal 0.989177 0.146726 0
    outer loop
      vertex -60.112 -12.055 17
      vertex -60.148 -11.8123 13
      vertex -60.148 -11.8123 17
    endloop
  endfacet
  facet normal 0.989177 0.146726 0
    outer loop
      vertex -60.148 -11.8123 13
      vertex -60.112 -12.055 17
      vertex -60.112 -12.055 13
    endloop
  endfacet
  facet normal 0.998803 0.0489209 0
    outer loop
      vertex -60.1 -12.3 17
      vertex -60.112 -12.055 13
      vertex -60.112 -12.055 17
    endloop
  endfacet
  facet normal 0.998803 0.0489209 0
    outer loop
      vertex -60.112 -12.055 13
      vertex -60.1 -12.3 17
      vertex -60.1 -12.3 13
    endloop
  endfacet
  facet normal 0.970047 0.242919 0
    outer loop
      vertex -60.148 -11.8123 17
      vertex -60.2076 -11.5743 13
      vertex -60.2076 -11.5743 17
    endloop
  endfacet
  facet normal 0.970047 0.242919 0
    outer loop
      vertex -60.2076 -11.5743 13
      vertex -60.148 -11.8123 17
      vertex -60.148 -11.8123 13
    endloop
  endfacet
  facet normal 0.857745 0.514076 0
    outer loop
      vertex -60.3952 -11.1215 17
      vertex -60.5213 -10.9111 13
      vertex -60.5213 -10.9111 17
    endloop
  endfacet
  facet normal 0.857745 0.514076 0
    outer loop
      vertex -60.5213 -10.9111 13
      vertex -60.3952 -11.1215 17
      vertex -60.3952 -11.1215 13
    endloop
  endfacet
  facet normal -0.96995 -0.243303 0
    outer loop
      vertex -64.9923 -13.0257 13
      vertex -65.052 -12.7877 17
      vertex -65.052 -12.7877 13
    endloop
  endfacet
  facet normal -0.96995 -0.243303 0
    outer loop
      vertex -65.052 -12.7877 17
      vertex -64.9923 -13.0257 13
      vertex -64.9923 -13.0257 17
    endloop
  endfacet
  facet normal 0.941483 -0.337059 0
    outer loop
      vertex -60.2903 -13.2567 17
      vertex -60.2076 -13.0257 13
      vertex -60.2076 -13.0257 17
    endloop
  endfacet
  facet normal 0.941483 -0.337059 0
    outer loop
      vertex -60.2076 -13.0257 13
      vertex -60.2903 -13.2567 17
      vertex -60.2903 -13.2567 13
    endloop
  endfacet
  facet normal 0.803167 -0.595754 0
    outer loop
      vertex -60.6675 -13.886 17
      vertex -60.5213 -13.6889 13
      vertex -60.5213 -13.6889 17
    endloop
  endfacet
  facet normal 0.803167 -0.595754 0
    outer loop
      vertex -60.5213 -13.6889 13
      vertex -60.6675 -13.886 17
      vertex -60.6675 -13.886 13
    endloop
  endfacet
  facet normal -0.941613 0.336698 0
    outer loop
      vertex -64.9923 -11.5743 13
      vertex -64.9097 -11.3433 17
      vertex -64.9097 -11.3433 13
    endloop
  endfacet
  facet normal -0.941613 0.336698 0
    outer loop
      vertex -64.9097 -11.3433 17
      vertex -64.9923 -11.5743 13
      vertex -64.9923 -11.5743 17
    endloop
  endfacet
  facet normal 0.671394 0.741101 -0
    outer loop
      vertex -60.8322 -10.5322 13
      vertex -61.014 -10.3675 17
      vertex -60.8322 -10.5322 17
    endloop
  endfacet
  facet normal 0.671394 0.741101 0
    outer loop
      vertex -61.014 -10.3675 17
      vertex -60.8322 -10.5322 13
      vertex -61.014 -10.3675 13
    endloop
  endfacet
  facet normal 0.741101 0.671394 0
    outer loop
      vertex -60.6675 -10.714 17
      vertex -60.8322 -10.5322 13
      vertex -60.8322 -10.5322 17
    endloop
  endfacet
  facet normal 0.741101 0.671394 0
    outer loop
      vertex -60.8322 -10.5322 13
      vertex -60.6675 -10.714 17
      vertex -60.6675 -10.714 13
    endloop
  endfacet
  facet normal -0.671394 0.741101 0
    outer loop
      vertex -64.186 -10.3675 13
      vertex -64.3678 -10.5322 17
      vertex -64.186 -10.3675 17
    endloop
  endfacet
  facet normal -0.671394 0.741101 0
    outer loop
      vertex -64.3678 -10.5322 17
      vertex -64.186 -10.3675 13
      vertex -64.3678 -10.5322 13
    endloop
  endfacet
  facet normal 0.514076 0.857745 -0
    outer loop
      vertex -61.2111 -10.2213 13
      vertex -61.4215 -10.0952 17
      vertex -61.2111 -10.2213 17
    endloop
  endfacet
  facet normal 0.514076 0.857745 0
    outer loop
      vertex -61.4215 -10.0952 17
      vertex -61.2111 -10.2213 13
      vertex -61.4215 -10.0952 13
    endloop
  endfacet
  facet normal 0.595754 0.803167 -0
    outer loop
      vertex -61.014 -10.3675 13
      vertex -61.2111 -10.2213 17
      vertex -61.014 -10.3675 17
    endloop
  endfacet
  facet normal 0.595754 0.803167 0
    outer loop
      vertex -61.2111 -10.2213 17
      vertex -61.014 -10.3675 13
      vertex -61.2111 -10.2213 13
    endloop
  endfacet
  facet normal 0.337059 -0.941483 0
    outer loop
      vertex -61.8743 -14.6924 13
      vertex -61.6433 -14.6097 17
      vertex -61.8743 -14.6924 17
    endloop
  endfacet
  facet normal 0.337059 -0.941483 0
    outer loop
      vertex -61.6433 -14.6097 17
      vertex -61.8743 -14.6924 13
      vertex -61.6433 -14.6097 13
    endloop
  endfacet
  facet normal -0.146726 -0.989177 0
    outer loop
      vertex -63.0877 -14.752 13
      vertex -62.845 -14.788 17
      vertex -63.0877 -14.752 17
    endloop
  endfacet
  facet normal -0.146726 -0.989177 -0
    outer loop
      vertex -62.845 -14.788 17
      vertex -63.0877 -14.752 13
      vertex -62.845 -14.788 13
    endloop
  endfacet
  facet normal 0.0490836 0.998795 -0
    outer loop
      vertex -62.355 -9.81204 13
      vertex -62.6 -9.8 17
      vertex -62.355 -9.81204 17
    endloop
  endfacet
  facet normal 0.0490836 0.998795 0
    outer loop
      vertex -62.6 -9.8 17
      vertex -62.355 -9.81204 13
      vertex -62.6 -9.8 13
    endloop
  endfacet
  facet normal -0.857745 0.514076 0
    outer loop
      vertex -64.8048 -11.1215 13
      vertex -64.6787 -10.9111 17
      vertex -64.6787 -10.9111 13
    endloop
  endfacet
  facet normal -0.857745 0.514076 0
    outer loop
      vertex -64.6787 -10.9111 17
      vertex -64.8048 -11.1215 13
      vertex -64.8048 -11.1215 17
    endloop
  endfacet
  facet normal -0.0489209 -0.998803 0
    outer loop
      vertex -62.845 -14.788 13
      vertex -62.6 -14.8 17
      vertex -62.845 -14.788 17
    endloop
  endfacet
  facet normal -0.0489209 -0.998803 -0
    outer loop
      vertex -62.6 -14.8 17
      vertex -62.845 -14.788 13
      vertex -62.6 -14.8 13
    endloop
  endfacet
  facet normal -0.989177 0.146726 0
    outer loop
      vertex -65.088 -12.055 13
      vertex -65.052 -11.8123 17
      vertex -65.052 -11.8123 13
    endloop
  endfacet
  facet normal -0.989177 0.146726 0
    outer loop
      vertex -65.052 -11.8123 17
      vertex -65.088 -12.055 13
      vertex -65.088 -12.055 17
    endloop
  endfacet
  facet normal 0.998803 -0.0489209 0
    outer loop
      vertex -60.112 -12.545 17
      vertex -60.1 -12.3 13
      vertex -60.1 -12.3 17
    endloop
  endfacet
  facet normal 0.998803 -0.0489209 0
    outer loop
      vertex -60.1 -12.3 13
      vertex -60.112 -12.545 17
      vertex -60.112 -12.545 13
    endloop
  endfacet
  facet normal -0.903995 -0.427543 0
    outer loop
      vertex -64.8048 -13.4785 13
      vertex -64.9097 -13.2567 17
      vertex -64.9097 -13.2567 13
    endloop
  endfacet
  facet normal -0.903995 -0.427543 0
    outer loop
      vertex -64.9097 -13.2567 17
      vertex -64.8048 -13.4785 13
      vertex -64.8048 -13.4785 17
    endloop
  endfacet
  facet normal -0.998803 -0.0489209 0
    outer loop
      vertex -65.088 -12.545 13
      vertex -65.1 -12.3 17
      vertex -65.1 -12.3 13
    endloop
  endfacet
  facet normal -0.998803 -0.0489209 0
    outer loop
      vertex -65.1 -12.3 17
      vertex -65.088 -12.545 13
      vertex -65.088 -12.545 17
    endloop
  endfacet
  facet normal 0.514076 -0.857745 0
    outer loop
      vertex -61.4215 -14.5048 13
      vertex -61.2111 -14.3787 17
      vertex -61.4215 -14.5048 17
    endloop
  endfacet
  facet normal 0.514076 -0.857745 0
    outer loop
      vertex -61.2111 -14.3787 17
      vertex -61.4215 -14.5048 13
      vertex -61.2111 -14.3787 13
    endloop
  endfacet
  facet normal -0.427543 -0.903995 0
    outer loop
      vertex -63.7785 -14.5048 13
      vertex -63.5567 -14.6097 17
      vertex -63.7785 -14.5048 17
    endloop
  endfacet
  facet normal -0.427543 -0.903995 -0
    outer loop
      vertex -63.5567 -14.6097 17
      vertex -63.7785 -14.5048 13
      vertex -63.5567 -14.6097 13
    endloop
  endfacet
  facet normal 0.903995 0.427543 0
    outer loop
      vertex -60.2903 -11.3433 17
      vertex -60.3952 -11.1215 13
      vertex -60.3952 -11.1215 17
    endloop
  endfacet
  facet normal 0.903995 0.427543 0
    outer loop
      vertex -60.3952 -11.1215 13
      vertex -60.2903 -11.3433 17
      vertex -60.2903 -11.3433 13
    endloop
  endfacet
  facet normal -0.427543 0.903995 0
    outer loop
      vertex -63.5567 -9.9903 13
      vertex -63.7785 -10.0952 17
      vertex -63.5567 -9.9903 17
    endloop
  endfacet
  facet normal -0.427543 0.903995 0
    outer loop
      vertex -63.7785 -10.0952 17
      vertex -63.5567 -9.9903 13
      vertex -63.7785 -10.0952 13
    endloop
  endfacet
  facet normal -0.242958 0.970037 0
    outer loop
      vertex -63.0877 -9.84804 13
      vertex -63.3257 -9.90765 17
      vertex -63.0877 -9.84804 17
    endloop
  endfacet
  facet normal -0.242958 0.970037 0
    outer loop
      vertex -63.3257 -9.90765 17
      vertex -63.0877 -9.84804 13
      vertex -63.3257 -9.90765 13
    endloop
  endfacet
  facet normal -0.595754 0.803167 0
    outer loop
      vertex -63.9889 -10.2213 13
      vertex -64.186 -10.3675 17
      vertex -63.9889 -10.2213 17
    endloop
  endfacet
  facet normal -0.595754 0.803167 0
    outer loop
      vertex -64.186 -10.3675 17
      vertex -63.9889 -10.2213 13
      vertex -64.186 -10.3675 13
    endloop
  endfacet
  facet normal 0.146726 -0.989177 0
    outer loop
      vertex -62.355 -14.788 13
      vertex -62.1123 -14.752 17
      vertex -62.355 -14.788 17
    endloop
  endfacet
  facet normal 0.146726 -0.989177 0
    outer loop
      vertex -62.1123 -14.752 17
      vertex -62.355 -14.788 13
      vertex -62.1123 -14.752 13
    endloop
  endfacet
  facet normal -0.941613 -0.336698 0
    outer loop
      vertex -64.9097 -13.2567 13
      vertex -64.9923 -13.0257 17
      vertex -64.9923 -13.0257 13
    endloop
  endfacet
  facet normal -0.941613 -0.336698 0
    outer loop
      vertex -64.9923 -13.0257 17
      vertex -64.9097 -13.2567 13
      vertex -64.9097 -13.2567 17
    endloop
  endfacet
  facet normal 0.741101 -0.671394 0
    outer loop
      vertex -60.8322 -14.0678 17
      vertex -60.6675 -13.886 13
      vertex -60.6675 -13.886 17
    endloop
  endfacet
  facet normal 0.741101 -0.671394 0
    outer loop
      vertex -60.6675 -13.886 13
      vertex -60.8322 -14.0678 17
      vertex -60.8322 -14.0678 13
    endloop
  endfacet
  facet normal 0.989177 -0.146726 0
    outer loop
      vertex -60.148 -12.7877 17
      vertex -60.112 -12.545 13
      vertex -60.112 -12.545 17
    endloop
  endfacet
  facet normal 0.989177 -0.146726 0
    outer loop
      vertex -60.112 -12.545 13
      vertex -60.148 -12.7877 17
      vertex -60.148 -12.7877 13
    endloop
  endfacet
  facet normal 0.427543 -0.903995 0
    outer loop
      vertex -61.6433 -14.6097 13
      vertex -61.4215 -14.5048 17
      vertex -61.6433 -14.6097 17
    endloop
  endfacet
  facet normal 0.427543 -0.903995 0
    outer loop
      vertex -61.4215 -14.5048 17
      vertex -61.6433 -14.6097 13
      vertex -61.4215 -14.5048 13
    endloop
  endfacet
  facet normal -0.337059 -0.941483 0
    outer loop
      vertex -63.5567 -14.6097 13
      vertex -63.3257 -14.6924 17
      vertex -63.5567 -14.6097 17
    endloop
  endfacet
  facet normal -0.337059 -0.941483 -0
    outer loop
      vertex -63.3257 -14.6924 17
      vertex -63.5567 -14.6097 13
      vertex -63.3257 -14.6924 13
    endloop
  endfacet
  facet normal -0.336879 0.941548 0
    outer loop
      vertex -63.3257 -9.90765 13
      vertex -63.5567 -9.9903 17
      vertex -63.3257 -9.90765 17
    endloop
  endfacet
  facet normal -0.336879 0.941548 0
    outer loop
      vertex -63.5567 -9.9903 17
      vertex -63.3257 -9.90765 13
      vertex -63.5567 -9.9903 13
    endloop
  endfacet
  facet normal 0.803167 0.595754 0
    outer loop
      vertex -60.5213 -10.9111 17
      vertex -60.6675 -10.714 13
      vertex -60.6675 -10.714 17
    endloop
  endfacet
  facet normal 0.803167 0.595754 0
    outer loop
      vertex -60.6675 -10.714 13
      vertex -60.5213 -10.9111 17
      vertex -60.5213 -10.9111 13
    endloop
  endfacet
  facet normal -0.595754 -0.803167 0
    outer loop
      vertex -64.186 -14.2325 13
      vertex -63.9889 -14.3787 17
      vertex -64.186 -14.2325 17
    endloop
  endfacet
  facet normal -0.595754 -0.803167 -0
    outer loop
      vertex -63.9889 -14.3787 17
      vertex -64.186 -14.2325 13
      vertex -63.9889 -14.3787 13
    endloop
  endfacet
  facet normal -0.96995 0.243303 0
    outer loop
      vertex -65.052 -11.8123 13
      vertex -64.9923 -11.5743 17
      vertex -64.9923 -11.5743 13
    endloop
  endfacet
  facet normal -0.96995 0.243303 0
    outer loop
      vertex -64.9923 -11.5743 17
      vertex -65.052 -11.8123 13
      vertex -65.052 -11.8123 17
    endloop
  endfacet
  facet normal 0.0489209 -0.998803 0
    outer loop
      vertex -62.6 -14.8 13
      vertex -62.355 -14.788 17
      vertex -62.6 -14.8 17
    endloop
  endfacet
  facet normal 0.0489209 -0.998803 0
    outer loop
      vertex -62.355 -14.788 17
      vertex -62.6 -14.8 13
      vertex -62.355 -14.788 13
    endloop
  endfacet
  facet normal 0.242958 0.970037 -0
    outer loop
      vertex -61.8743 -9.90765 13
      vertex -62.1123 -9.84804 17
      vertex -61.8743 -9.90765 17
    endloop
  endfacet
  facet normal 0.242958 0.970037 0
    outer loop
      vertex -62.1123 -9.84804 17
      vertex -61.8743 -9.90765 13
      vertex -62.1123 -9.84804 13
    endloop
  endfacet
  facet normal 0.146726 0.989177 -0
    outer loop
      vertex -62.1123 -9.84804 13
      vertex -62.355 -9.81204 17
      vertex -62.1123 -9.84804 17
    endloop
  endfacet
  facet normal 0.146726 0.989177 0
    outer loop
      vertex -62.355 -9.81204 17
      vertex -62.1123 -9.84804 13
      vertex -62.355 -9.81204 13
    endloop
  endfacet
  facet normal 0.427543 0.903995 -0
    outer loop
      vertex -61.4215 -10.0952 13
      vertex -61.6433 -9.9903 17
      vertex -61.4215 -10.0952 17
    endloop
  endfacet
  facet normal 0.427543 0.903995 0
    outer loop
      vertex -61.6433 -9.9903 17
      vertex -61.4215 -10.0952 13
      vertex -61.6433 -9.9903 13
    endloop
  endfacet
  facet normal -0.803167 0.595754 0
    outer loop
      vertex -64.6787 -10.9111 13
      vertex -64.5325 -10.714 17
      vertex -64.5325 -10.714 13
    endloop
  endfacet
  facet normal -0.803167 0.595754 0
    outer loop
      vertex -64.5325 -10.714 17
      vertex -64.6787 -10.9111 13
      vertex -64.6787 -10.9111 17
    endloop
  endfacet
  facet normal 0.903995 -0.427543 0
    outer loop
      vertex -60.3952 -13.4785 17
      vertex -60.2903 -13.2567 13
      vertex -60.2903 -13.2567 17
    endloop
  endfacet
  facet normal 0.903995 -0.427543 0
    outer loop
      vertex -60.2903 -13.2567 13
      vertex -60.3952 -13.4785 17
      vertex -60.3952 -13.4785 13
    endloop
  endfacet
  facet normal 0.941483 0.337059 0
    outer loop
      vertex -60.2076 -11.5743 17
      vertex -60.2903 -11.3433 13
      vertex -60.2903 -11.3433 17
    endloop
  endfacet
  facet normal 0.941483 0.337059 0
    outer loop
      vertex -60.2903 -11.3433 13
      vertex -60.2076 -11.5743 17
      vertex -60.2076 -11.5743 13
    endloop
  endfacet
  facet normal -0.803167 -0.595754 0
    outer loop
      vertex -64.5325 -13.886 13
      vertex -64.6787 -13.6889 17
      vertex -64.6787 -13.6889 13
    endloop
  endfacet
  facet normal -0.803167 -0.595754 0
    outer loop
      vertex -64.6787 -13.6889 17
      vertex -64.5325 -13.886 13
      vertex -64.5325 -13.886 17
    endloop
  endfacet
  facet normal -0.514076 0.857745 0
    outer loop
      vertex -63.7785 -10.0952 13
      vertex -63.9889 -10.2213 17
      vertex -63.7785 -10.0952 17
    endloop
  endfacet
  facet normal -0.514076 0.857745 0
    outer loop
      vertex -63.9889 -10.2213 17
      vertex -63.7785 -10.0952 13
      vertex -63.9889 -10.2213 13
    endloop
  endfacet
  facet normal 0.595754 -0.803167 0
    outer loop
      vertex -61.2111 -14.3787 13
      vertex -61.014 -14.2325 17
      vertex -61.2111 -14.3787 17
    endloop
  endfacet
  facet normal 0.595754 -0.803167 0
    outer loop
      vertex -61.014 -14.2325 17
      vertex -61.2111 -14.3787 13
      vertex -61.014 -14.2325 13
    endloop
  endfacet
  facet normal -0.0490836 0.998795 0
    outer loop
      vertex -62.6 -9.8 13
      vertex -62.845 -9.81204 17
      vertex -62.6 -9.8 17
    endloop
  endfacet
  facet normal -0.0490836 0.998795 0
    outer loop
      vertex -62.845 -9.81204 17
      vertex -62.6 -9.8 13
      vertex -62.845 -9.81204 13
    endloop
  endfacet
  facet normal 0.336879 0.941548 -0
    outer loop
      vertex -61.6433 -9.9903 13
      vertex -61.8743 -9.90765 17
      vertex -61.6433 -9.9903 17
    endloop
  endfacet
  facet normal 0.336879 0.941548 0
    outer loop
      vertex -61.8743 -9.90765 17
      vertex -61.6433 -9.9903 13
      vertex -61.8743 -9.90765 13
    endloop
  endfacet
  facet normal -0.998803 0.0489209 0
    outer loop
      vertex -65.1 -12.3 13
      vertex -65.088 -12.055 17
      vertex -65.088 -12.055 13
    endloop
  endfacet
  facet normal -0.998803 0.0489209 0
    outer loop
      vertex -65.088 -12.055 17
      vertex -65.1 -12.3 13
      vertex -65.1 -12.3 17
    endloop
  endfacet
  facet normal -0.146726 0.989177 0
    outer loop
      vertex -62.845 -9.81204 13
      vertex -63.0877 -9.84804 17
      vertex -62.845 -9.81204 17
    endloop
  endfacet
  facet normal -0.146726 0.989177 0
    outer loop
      vertex -63.0877 -9.84804 17
      vertex -62.845 -9.81204 13
      vertex -63.0877 -9.84804 13
    endloop
  endfacet
  facet normal -0.989177 -0.146726 0
    outer loop
      vertex -65.052 -12.7877 13
      vertex -65.088 -12.545 17
      vertex -65.088 -12.545 13
    endloop
  endfacet
  facet normal -0.989177 -0.146726 0
    outer loop
      vertex -65.088 -12.545 17
      vertex -65.052 -12.7877 13
      vertex -65.052 -12.7877 17
    endloop
  endfacet
  facet normal -0.903995 0.427543 0
    outer loop
      vertex -64.9097 -11.3433 13
      vertex -64.8048 -11.1215 17
      vertex -64.8048 -11.1215 13
    endloop
  endfacet
  facet normal -0.903995 0.427543 0
    outer loop
      vertex -64.8048 -11.1215 17
      vertex -64.9097 -11.3433 13
      vertex -64.9097 -11.3433 17
    endloop
  endfacet
  facet normal 0.242919 -0.970047 0
    outer loop
      vertex -62.1123 -14.752 13
      vertex -61.8743 -14.6924 17
      vertex -62.1123 -14.752 17
    endloop
  endfacet
  facet normal 0.242919 -0.970047 0
    outer loop
      vertex -61.8743 -14.6924 17
      vertex -62.1123 -14.752 13
      vertex -61.8743 -14.6924 13
    endloop
  endfacet
  facet normal -0.741101 -0.671394 0
    outer loop
      vertex -64.3678 -14.0678 13
      vertex -64.5325 -13.886 17
      vertex -64.5325 -13.886 13
    endloop
  endfacet
  facet normal -0.741101 -0.671394 0
    outer loop
      vertex -64.5325 -13.886 17
      vertex -64.3678 -14.0678 13
      vertex -64.3678 -14.0678 17
    endloop
  endfacet
  facet normal 0.970047 -0.242919 0
    outer loop
      vertex -60.2076 -13.0257 17
      vertex -60.148 -12.7877 13
      vertex -60.148 -12.7877 17
    endloop
  endfacet
  facet normal 0.970047 -0.242919 0
    outer loop
      vertex -60.148 -12.7877 13
      vertex -60.2076 -13.0257 17
      vertex -60.2076 -13.0257 13
    endloop
  endfacet
  facet normal -0.671394 -0.741101 0
    outer loop
      vertex -64.3678 -14.0678 13
      vertex -64.186 -14.2325 17
      vertex -64.3678 -14.0678 17
    endloop
  endfacet
  facet normal -0.671394 -0.741101 -0
    outer loop
      vertex -64.186 -14.2325 17
      vertex -64.3678 -14.0678 13
      vertex -64.186 -14.2325 13
    endloop
  endfacet
  facet normal -0.741101 0.671394 0
    outer loop
      vertex -64.5325 -10.714 13
      vertex -64.3678 -10.5322 17
      vertex -64.3678 -10.5322 13
    endloop
  endfacet
  facet normal -0.741101 0.671394 0
    outer loop
      vertex -64.3678 -10.5322 17
      vertex -64.5325 -10.714 13
      vertex -64.5325 -10.714 17
    endloop
  endfacet
  facet normal -0.514076 -0.857745 0
    outer loop
      vertex -63.9889 -14.3787 13
      vertex -63.7785 -14.5048 17
      vertex -63.9889 -14.3787 17
    endloop
  endfacet
  facet normal -0.514076 -0.857745 -0
    outer loop
      vertex -63.7785 -14.5048 17
      vertex -63.9889 -14.3787 13
      vertex -63.7785 -14.5048 13
    endloop
  endfacet
  facet normal -0.242919 -0.970047 0
    outer loop
      vertex -63.3257 -14.6924 13
      vertex -63.0877 -14.752 17
      vertex -63.3257 -14.6924 17
    endloop
  endfacet
  facet normal -0.242919 -0.970047 -0
    outer loop
      vertex -63.0877 -14.752 17
      vertex -63.3257 -14.6924 13
      vertex -63.0877 -14.752 13
    endloop
  endfacet
  facet normal -0.857745 -0.514076 0
    outer loop
      vertex -64.6787 -13.6889 13
      vertex -64.8048 -13.4785 17
      vertex -64.8048 -13.4785 13
    endloop
  endfacet
  facet normal -0.857745 -0.514076 0
    outer loop
      vertex -64.8048 -13.4785 17
      vertex -64.6787 -13.6889 13
      vertex -64.6787 -13.6889 17
    endloop
  endfacet
  facet normal 0.671394 -0.741101 0
    outer loop
      vertex -61.014 -14.2325 13
      vertex -60.8322 -14.0678 17
      vertex -61.014 -14.2325 17
    endloop
  endfacet
  facet normal 0.671394 -0.741101 0
    outer loop
      vertex -60.8322 -14.0678 17
      vertex -61.014 -14.2325 13
      vertex -60.8322 -14.0678 13
    endloop
  endfacet
  facet normal 0 0 1
    outer loop
      vertex -61.75 -12.3 17
      vertex -60.1 -12.3 17
      vertex -60.112 -12.055 17
    endloop
  endfacet
  facet normal 0 0 1
    outer loop
      vertex -61.7541 -12.2167 17
      vertex -60.112 -12.055 17
      vertex -60.148 -11.8123 17
    endloop
  endfacet
  facet normal 0 0 1
    outer loop
      vertex -60.1 -12.3 17
      vertex -61.75 -12.3 17
      vertex -60.112 -12.545 17
    endloop
  endfacet
  facet normal 0 0 1
    outer loop
      vertex -61.7663 -12.1342 17
      vertex -60.148 -11.8123 17
      vertex -60.2076 -11.5743 17
    endloop
  endfacet
  facet normal -0 0 1
    outer loop
      vertex -61.7541 -12.3833 17
      vertex -60.112 -12.545 17
      vertex -61.75 -12.3 17
    endloop
  endfacet
  facet normal 0 0 1
    outer loop
      vertex -61.7866 -12.0533 17
      vertex -60.2076 -11.5743 17
      vertex -60.2903 -11.3433 17
    endloop
  endfacet
  facet normal 0 0 1
    outer loop
      vertex -60.112 -12.545 17
      vertex -61.7541 -12.3833 17
      vertex -60.148 -12.7877 17
    endloop
  endfacet
  facet normal 0 0 1
    outer loop
      vertex -61.8147 -11.9747 17
      vertex -60.2903 -11.3433 17
      vertex -60.3952 -11.1215 17
    endloop
  endfacet
  facet normal -0 0 1
    outer loop
      vertex -61.7663 -12.4658 17
      vertex -60.148 -12.7877 17
      vertex -61.7541 -12.3833 17
    endloop
  endfacet
  facet normal 0 0 1
    outer loop
      vertex -61.8504 -11.8993 17
      vertex -60.3952 -11.1215 17
      vertex -60.5213 -10.9111 17
    endloop
  endfacet
  facet normal 0 0 1
    outer loop
      vertex -60.148 -12.7877 17
      vertex -61.7663 -12.4658 17
      vertex -60.2076 -13.0257 17
    endloop
  endfacet
  facet normal 0 0 1
    outer loop
      vertex -61.8932 -11.8278 17
      vertex -60.5213 -10.9111 17
      vertex -60.6675 -10.714 17
    endloop
  endfacet
  facet normal -0 0 1
    outer loop
      vertex -61.7866 -12.5467 17
      vertex -60.2076 -13.0257 17
      vertex -61.7663 -12.4658 17
    endloop
  endfacet
  facet normal 0 0 1
    outer loop
      vertex -61.9429 -11.7608 17
      vertex -60.6675 -10.714 17
      vertex -60.8322 -10.5322 17
    endloop
  endfacet
  facet normal 0 0 1
    outer loop
      vertex -60.2076 -13.0257 17
      vertex -61.7866 -12.5467 17
      vertex -60.2903 -13.2567 17
    endloop
  endfacet
  facet normal 0 0 1
    outer loop
      vertex -61.999 -11.699 17
      vertex -60.8322 -10.5322 17
      vertex -61.014 -10.3675 17
    endloop
  endfacet
  facet normal -0 0 1
    outer loop
      vertex -61.8147 -12.6253 17
      vertex -60.2903 -13.2567 17
      vertex -61.7866 -12.5467 17
    endloop
  endfacet
  facet normal 0 0 1
    outer loop
      vertex -62.0608 -11.6429 17
      vertex -61.014 -10.3675 17
      vertex -61.2111 -10.2213 17
    endloop
  endfacet
  facet normal 0 0 1
    outer loop
      vertex -60.2903 -13.2567 17
      vertex -61.8147 -12.6253 17
      vertex -60.3952 -13.4785 17
    endloop
  endfacet
  facet normal 0 0 1
    outer loop
      vertex -62.1278 -11.5933 17
      vertex -61.2111 -10.2213 17
      vertex -61.4215 -10.0952 17
    endloop
  endfacet
  facet normal -0 0 1
    outer loop
      vertex -61.8504 -12.7007 17
      vertex -60.3952 -13.4785 17
      vertex -61.8147 -12.6253 17
    endloop
  endfacet
  facet normal 0 0 1
    outer loop
      vertex -62.1993 -11.5504 17
      vertex -61.4215 -10.0952 17
      vertex -61.6433 -9.9903 17
    endloop
  endfacet
  facet normal 0 0 1
    outer loop
      vertex -60.3952 -13.4785 17
      vertex -61.8504 -12.7007 17
      vertex -60.5213 -13.6889 17
    endloop
  endfacet
  facet normal -0 0 1
    outer loop
      vertex -61.8932 -12.7722 17
      vertex -60.5213 -13.6889 17
      vertex -61.8504 -12.7007 17
    endloop
  endfacet
  facet normal 0 0 1
    outer loop
      vertex -60.112 -12.055 17
      vertex -61.7541 -12.2167 17
      vertex -61.75 -12.3 17
    endloop
  endfacet
  facet normal 0 0 1
    outer loop
      vertex -60.148 -11.8123 17
      vertex -61.7663 -12.1342 17
      vertex -61.7541 -12.2167 17
    endloop
  endfacet
  facet normal 0 0 1
    outer loop
      vertex -60.2076 -11.5743 17
      vertex -61.7866 -12.0533 17
      vertex -61.7663 -12.1342 17
    endloop
  endfacet
  facet normal 0 0 1
    outer loop
      vertex -60.2903 -11.3433 17
      vertex -61.8147 -11.9747 17
      vertex -61.7866 -12.0533 17
    endloop
  endfacet
  facet normal 0 0 1
    outer loop
      vertex -60.3952 -11.1215 17
      vertex -61.8504 -11.8993 17
      vertex -61.8147 -11.9747 17
    endloop
  endfacet
  facet normal 0 0 1
    outer loop
      vertex -62.2747 -11.5147 17
      vertex -61.6433 -9.9903 17
      vertex -61.8743 -9.90765 17
    endloop
  endfacet
  facet normal 0 0 1
    outer loop
      vertex -60.5213 -10.9111 17
      vertex -61.8932 -11.8278 17
      vertex -61.8504 -11.8993 17
    endloop
  endfacet
  facet normal 0 0 1
    outer loop
      vertex -60.6675 -10.714 17
      vertex -61.9429 -11.7608 17
      vertex -61.8932 -11.8278 17
    endloop
  endfacet
  facet normal 0 0 1
    outer loop
      vertex -60.8322 -10.5322 17
      vertex -61.999 -11.699 17
      vertex -61.9429 -11.7608 17
    endloop
  endfacet
  facet normal 0 0 1
    outer loop
      vertex -61.014 -10.3675 17
      vertex -62.0608 -11.6429 17
      vertex -61.999 -11.699 17
    endloop
  endfacet
  facet normal 0 0 1
    outer loop
      vertex -62.3533 -11.4866 17
      vertex -61.8743 -9.90765 17
      vertex -62.1123 -9.84804 17
    endloop
  endfacet
  facet normal 0 0 1
    outer loop
      vertex -61.2111 -10.2213 17
      vertex -62.1278 -11.5933 17
      vertex -62.0608 -11.6429 17
    endloop
  endfacet
  facet normal 0 0 1
    outer loop
      vertex -61.4215 -10.0952 17
      vertex -62.1993 -11.5504 17
      vertex -62.1278 -11.5933 17
    endloop
  endfacet
  facet normal 0 0 1
    outer loop
      vertex -61.6433 -9.9903 17
      vertex -62.2747 -11.5147 17
      vertex -62.1993 -11.5504 17
    endloop
  endfacet
  facet normal 0 0 1
    outer loop
      vertex -61.8743 -9.90765 17
      vertex -62.3533 -11.4866 17
      vertex -62.2747 -11.5147 17
    endloop
  endfacet
  facet normal 0 0 1
    outer loop
      vertex -62.4342 -11.4663 17
      vertex -62.1123 -9.84804 17
      vertex -62.355 -9.81204 17
    endloop
  endfacet
  facet normal 0 0 1
    outer loop
      vertex -62.1123 -9.84804 17
      vertex -62.4342 -11.4663 17
      vertex -62.3533 -11.4866 17
    endloop
  endfacet
  facet normal 0 0 1
    outer loop
      vertex -62.355 -9.81204 17
      vertex -62.5167 -11.4541 17
      vertex -62.4342 -11.4663 17
    endloop
  endfacet
  facet normal 0 0 1
    outer loop
      vertex -62.6 -9.8 17
      vertex -62.5167 -11.4541 17
      vertex -62.355 -9.81204 17
    endloop
  endfacet
  facet normal 0 0 1
    outer loop
      vertex -62.6 -9.8 17
      vertex -62.6 -11.45 17
      vertex -62.5167 -11.4541 17
    endloop
  endfacet
  facet normal 0 0 1
    outer loop
      vertex -62.6 -9.8 17
      vertex -62.6833 -11.4541 17
      vertex -62.6 -11.45 17
    endloop
  endfacet
  facet normal -0 0 1
    outer loop
      vertex -62.845 -9.81204 17
      vertex -62.6833 -11.4541 17
      vertex -62.6 -9.8 17
    endloop
  endfacet
  facet normal 0 0 1
    outer loop
      vertex -62.6833 -11.4541 17
      vertex -62.845 -9.81204 17
      vertex -62.7658 -11.4663 17
    endloop
  endfacet
  facet normal -0 0 1
    outer loop
      vertex -63.0877 -9.84804 17
      vertex -62.7658 -11.4663 17
      vertex -62.845 -9.81204 17
    endloop
  endfacet
  facet normal 0 0 1
    outer loop
      vertex -62.7658 -11.4663 17
      vertex -63.0877 -9.84804 17
      vertex -62.8467 -11.4866 17
    endloop
  endfacet
  facet normal -0 0 1
    outer loop
      vertex -63.3257 -9.90765 17
      vertex -62.8467 -11.4866 17
      vertex -63.0877 -9.84804 17
    endloop
  endfacet
  facet normal 0 0 1
    outer loop
      vertex -62.8467 -11.4866 17
      vertex -63.3257 -9.90765 17
      vertex -62.9253 -11.5147 17
    endloop
  endfacet
  facet normal -0 0 1
    outer loop
      vertex -63.5567 -9.9903 17
      vertex -62.9253 -11.5147 17
      vertex -63.3257 -9.90765 17
    endloop
  endfacet
  facet normal 0 0 1
    outer loop
      vertex -62.9253 -11.5147 17
      vertex -63.5567 -9.9903 17
      vertex -63.0007 -11.5504 17
    endloop
  endfacet
  facet normal -0 0 1
    outer loop
      vertex -63.7785 -10.0952 17
      vertex -63.0007 -11.5504 17
      vertex -63.5567 -9.9903 17
    endloop
  endfacet
  facet normal 0 0 1
    outer loop
      vertex -63.0007 -11.5504 17
      vertex -63.7785 -10.0952 17
      vertex -63.0722 -11.5933 17
    endloop
  endfacet
  facet normal -0 0 1
    outer loop
      vertex -63.9889 -10.2213 17
      vertex -63.0722 -11.5933 17
      vertex -63.7785 -10.0952 17
    endloop
  endfacet
  facet normal 0 0 1
    outer loop
      vertex -63.0722 -11.5933 17
      vertex -63.9889 -10.2213 17
      vertex -63.1392 -11.6429 17
    endloop
  endfacet
  facet normal -0 0 1
    outer loop
      vertex -64.186 -10.3675 17
      vertex -63.1392 -11.6429 17
      vertex -63.9889 -10.2213 17
    endloop
  endfacet
  facet normal 0 0 1
    outer loop
      vertex -63.1392 -11.6429 17
      vertex -64.186 -10.3675 17
      vertex -63.201 -11.699 17
    endloop
  endfacet
  facet normal -0 0 1
    outer loop
      vertex -64.3678 -10.5322 17
      vertex -63.201 -11.699 17
      vertex -64.186 -10.3675 17
    endloop
  endfacet
  facet normal 0 0 1
    outer loop
      vertex -63.201 -11.699 17
      vertex -64.3678 -10.5322 17
      vertex -63.2571 -11.7608 17
    endloop
  endfacet
  facet normal -0 0 1
    outer loop
      vertex -64.5325 -10.714 17
      vertex -63.2571 -11.7608 17
      vertex -64.3678 -10.5322 17
    endloop
  endfacet
  facet normal -0 0 1
    outer loop
      vertex -64.6787 -10.9111 17
      vertex -63.3067 -11.8278 17
      vertex -64.5325 -10.714 17
    endloop
  endfacet
  facet normal 0 0 1
    outer loop
      vertex -63.2571 -11.7608 17
      vertex -64.5325 -10.714 17
      vertex -63.3067 -11.8278 17
    endloop
  endfacet
  facet normal 0 0 1
    outer loop
      vertex -60.5213 -13.6889 17
      vertex -61.8932 -12.7722 17
      vertex -60.6675 -13.886 17
    endloop
  endfacet
  facet normal -0 0 1
    outer loop
      vertex -61.9429 -12.8392 17
      vertex -60.6675 -13.886 17
      vertex -61.8932 -12.7722 17
    endloop
  endfacet
  facet normal 0 0 1
    outer loop
      vertex -60.6675 -13.886 17
      vertex -61.9429 -12.8392 17
      vertex -60.8322 -14.0678 17
    endloop
  endfacet
  facet normal -0 0 1
    outer loop
      vertex -61.999 -12.901 17
      vertex -60.8322 -14.0678 17
      vertex -61.9429 -12.8392 17
    endloop
  endfacet
  facet normal 0 0 1
    outer loop
      vertex -60.8322 -14.0678 17
      vertex -61.999 -12.901 17
      vertex -61.014 -14.2325 17
    endloop
  endfacet
  facet normal -0 0 1
    outer loop
      vertex -62.0608 -12.9571 17
      vertex -61.014 -14.2325 17
      vertex -61.999 -12.901 17
    endloop
  endfacet
  facet normal 0 0 1
    outer loop
      vertex -61.014 -14.2325 17
      vertex -62.0608 -12.9571 17
      vertex -61.2111 -14.3787 17
    endloop
  endfacet
  facet normal -0 0 1
    outer loop
      vertex -62.1278 -13.0067 17
      vertex -61.2111 -14.3787 17
      vertex -62.0608 -12.9571 17
    endloop
  endfacet
  facet normal 0 0 1
    outer loop
      vertex -61.2111 -14.3787 17
      vertex -62.1278 -13.0067 17
      vertex -61.4215 -14.5048 17
    endloop
  endfacet
  facet normal -0 0 1
    outer loop
      vertex -62.1993 -13.0496 17
      vertex -61.4215 -14.5048 17
      vertex -62.1278 -13.0067 17
    endloop
  endfacet
  facet normal 0 0 1
    outer loop
      vertex -61.4215 -14.5048 17
      vertex -62.1993 -13.0496 17
      vertex -61.6433 -14.6097 17
    endloop
  endfacet
  facet normal -0 0 1
    outer loop
      vertex -62.2747 -13.0853 17
      vertex -61.6433 -14.6097 17
      vertex -62.1993 -13.0496 17
    endloop
  endfacet
  facet normal 0 0 1
    outer loop
      vertex -61.6433 -14.6097 17
      vertex -62.2747 -13.0853 17
      vertex -61.8743 -14.6924 17
    endloop
  endfacet
  facet normal -0 0 1
    outer loop
      vertex -62.3533 -13.1134 17
      vertex -61.8743 -14.6924 17
      vertex -62.2747 -13.0853 17
    endloop
  endfacet
  facet normal 0 0 1
    outer loop
      vertex -61.8743 -14.6924 17
      vertex -62.3533 -13.1134 17
      vertex -62.1123 -14.752 17
    endloop
  endfacet
  facet normal -0 0 1
    outer loop
      vertex -62.4342 -13.1337 17
      vertex -62.1123 -14.752 17
      vertex -62.3533 -13.1134 17
    endloop
  endfacet
  facet normal 0 0 1
    outer loop
      vertex -62.1123 -14.752 17
      vertex -62.4342 -13.1337 17
      vertex -62.355 -14.788 17
    endloop
  endfacet
  facet normal -0 0 1
    outer loop
      vertex -62.5167 -13.1459 17
      vertex -62.355 -14.788 17
      vertex -62.4342 -13.1337 17
    endloop
  endfacet
  facet normal -0 0 1
    outer loop
      vertex -62.6 -13.15 17
      vertex -62.355 -14.788 17
      vertex -62.5167 -13.1459 17
    endloop
  endfacet
  facet normal 0 0 1
    outer loop
      vertex -62.6 -13.15 17
      vertex -62.6 -14.8 17
      vertex -62.355 -14.788 17
    endloop
  endfacet
  facet normal 0 0 1
    outer loop
      vertex -62.6833 -13.1459 17
      vertex -62.6 -14.8 17
      vertex -62.6 -13.15 17
    endloop
  endfacet
  facet normal 0 0 1
    outer loop
      vertex -62.845 -14.788 17
      vertex -62.6833 -13.1459 17
      vertex -62.7658 -13.1337 17
    endloop
  endfacet
  facet normal 0 0 1
    outer loop
      vertex -62.6833 -13.1459 17
      vertex -62.845 -14.788 17
      vertex -62.6 -14.8 17
    endloop
  endfacet
  facet normal 0 0 1
    outer loop
      vertex -63.0877 -14.752 17
      vertex -62.7658 -13.1337 17
      vertex -62.8467 -13.1134 17
    endloop
  endfacet
  facet normal 0 0 1
    outer loop
      vertex -63.3257 -14.6924 17
      vertex -62.8467 -13.1134 17
      vertex -62.9253 -13.0853 17
    endloop
  endfacet
  facet normal 0 0 1
    outer loop
      vertex -63.5567 -14.6097 17
      vertex -62.9253 -13.0853 17
      vertex -63.0007 -13.0496 17
    endloop
  endfacet
  facet normal 0 0 1
    outer loop
      vertex -63.7785 -14.5048 17
      vertex -63.0007 -13.0496 17
      vertex -63.0722 -13.0067 17
    endloop
  endfacet
  facet normal 0 0 1
    outer loop
      vertex -62.7658 -13.1337 17
      vertex -63.0877 -14.752 17
      vertex -62.845 -14.788 17
    endloop
  endfacet
  facet normal 0 0 1
    outer loop
      vertex -63.9889 -14.3787 17
      vertex -63.0722 -13.0067 17
      vertex -63.1392 -12.9571 17
    endloop
  endfacet
  facet normal 0 0 1
    outer loop
      vertex -64.186 -14.2325 17
      vertex -63.1392 -12.9571 17
      vertex -63.201 -12.901 17
    endloop
  endfacet
  facet normal 0 0 1
    outer loop
      vertex -64.3678 -14.0678 17
      vertex -63.201 -12.901 17
      vertex -63.2571 -12.8392 17
    endloop
  endfacet
  facet normal 0 0 1
    outer loop
      vertex -64.5325 -13.886 17
      vertex -63.2571 -12.8392 17
      vertex -63.3067 -12.7722 17
    endloop
  endfacet
  facet normal 0 0 1
    outer loop
      vertex -62.8467 -13.1134 17
      vertex -63.3257 -14.6924 17
      vertex -63.0877 -14.752 17
    endloop
  endfacet
  facet normal 0 0 1
    outer loop
      vertex -64.6787 -13.6889 17
      vertex -63.3067 -12.7722 17
      vertex -63.3496 -12.7007 17
    endloop
  endfacet
  facet normal 0 0 1
    outer loop
      vertex -64.8048 -13.4785 17
      vertex -63.3496 -12.7007 17
      vertex -63.3853 -12.6253 17
    endloop
  endfacet
  facet normal 0 0 1
    outer loop
      vertex -64.9097 -13.2567 17
      vertex -63.3853 -12.6253 17
      vertex -63.4134 -12.5467 17
    endloop
  endfacet
  facet normal 0 0 1
    outer loop
      vertex -64.9923 -13.0257 17
      vertex -63.4134 -12.5467 17
      vertex -63.4337 -12.4658 17
    endloop
  endfacet
  facet normal 0 0 1
    outer loop
      vertex -65.052 -12.7877 17
      vertex -63.4337 -12.4658 17
      vertex -63.4459 -12.3833 17
    endloop
  endfacet
  facet normal 0 0 1
    outer loop
      vertex -62.9253 -13.0853 17
      vertex -63.5567 -14.6097 17
      vertex -63.3257 -14.6924 17
    endloop
  endfacet
  facet normal 0 0 1
    outer loop
      vertex -65.088 -12.545 17
      vertex -63.4459 -12.3833 17
      vertex -63.45 -12.3 17
    endloop
  endfacet
  facet normal 0 0 1
    outer loop
      vertex -63.3067 -11.8278 17
      vertex -64.6787 -10.9111 17
      vertex -63.3496 -11.8993 17
    endloop
  endfacet
  facet normal -0 0 1
    outer loop
      vertex -64.8048 -11.1215 17
      vertex -63.3496 -11.8993 17
      vertex -64.6787 -10.9111 17
    endloop
  endfacet
  facet normal 0 0 1
    outer loop
      vertex -63.0007 -13.0496 17
      vertex -63.7785 -14.5048 17
      vertex -63.5567 -14.6097 17
    endloop
  endfacet
  facet normal 0 0 1
    outer loop
      vertex -63.3496 -11.8993 17
      vertex -64.8048 -11.1215 17
      vertex -63.3853 -11.9747 17
    endloop
  endfacet
  facet normal 0 0 1
    outer loop
      vertex -63.0722 -13.0067 17
      vertex -63.9889 -14.3787 17
      vertex -63.7785 -14.5048 17
    endloop
  endfacet
  facet normal -0 0 1
    outer loop
      vertex -64.9097 -11.3433 17
      vertex -63.3853 -11.9747 17
      vertex -64.8048 -11.1215 17
    endloop
  endfacet
  facet normal 0 0 1
    outer loop
      vertex -63.1392 -12.9571 17
      vertex -64.186 -14.2325 17
      vertex -63.9889 -14.3787 17
    endloop
  endfacet
  facet normal 0 0 1
    outer loop
      vertex -63.3853 -11.9747 17
      vertex -64.9097 -11.3433 17
      vertex -63.4134 -12.0533 17
    endloop
  endfacet
  facet normal 0 0 1
    outer loop
      vertex -63.201 -12.901 17
      vertex -64.3678 -14.0678 17
      vertex -64.186 -14.2325 17
    endloop
  endfacet
  facet normal -0 0 1
    outer loop
      vertex -64.9923 -11.5743 17
      vertex -63.4134 -12.0533 17
      vertex -64.9097 -11.3433 17
    endloop
  endfacet
  facet normal 0 0 1
    outer loop
      vertex -63.2571 -12.8392 17
      vertex -64.5325 -13.886 17
      vertex -64.3678 -14.0678 17
    endloop
  endfacet
  facet normal 0 0 1
    outer loop
      vertex -63.4134 -12.0533 17
      vertex -64.9923 -11.5743 17
      vertex -63.4337 -12.1342 17
    endloop
  endfacet
  facet normal 0 0 1
    outer loop
      vertex -63.3067 -12.7722 17
      vertex -64.6787 -13.6889 17
      vertex -64.5325 -13.886 17
    endloop
  endfacet
  facet normal -0 0 1
    outer loop
      vertex -65.052 -11.8123 17
      vertex -63.4337 -12.1342 17
      vertex -64.9923 -11.5743 17
    endloop
  endfacet
  facet normal 0 0 1
    outer loop
      vertex -63.3496 -12.7007 17
      vertex -64.8048 -13.4785 17
      vertex -64.6787 -13.6889 17
    endloop
  endfacet
  facet normal 0 0 1
    outer loop
      vertex -63.4337 -12.1342 17
      vertex -65.052 -11.8123 17
      vertex -63.4459 -12.2167 17
    endloop
  endfacet
  facet normal 0 0 1
    outer loop
      vertex -63.3853 -12.6253 17
      vertex -64.9097 -13.2567 17
      vertex -64.8048 -13.4785 17
    endloop
  endfacet
  facet normal -0 0 1
    outer loop
      vertex -65.088 -12.055 17
      vertex -63.4459 -12.2167 17
      vertex -65.052 -11.8123 17
    endloop
  endfacet
  facet normal 0 0 1
    outer loop
      vertex -63.4134 -12.5467 17
      vertex -64.9923 -13.0257 17
      vertex -64.9097 -13.2567 17
    endloop
  endfacet
  facet normal 0 0 1
    outer loop
      vertex -63.4459 -12.2167 17
      vertex -65.088 -12.055 17
      vertex -63.45 -12.3 17
    endloop
  endfacet
  facet normal 0 0 1
    outer loop
      vertex -63.4337 -12.4658 17
      vertex -65.052 -12.7877 17
      vertex -64.9923 -13.0257 17
    endloop
  endfacet
  facet normal 0 0 1
    outer loop
      vertex -65.1 -12.3 17
      vertex -63.45 -12.3 17
      vertex -65.088 -12.055 17
    endloop
  endfacet
  facet normal 0 0 1
    outer loop
      vertex -63.4459 -12.3833 17
      vertex -65.088 -12.545 17
      vertex -65.052 -12.7877 17
    endloop
  endfacet
  facet normal 0 0 1
    outer loop
      vertex -63.45 -12.3 17
      vertex -65.1 -12.3 17
      vertex -65.088 -12.545 17
    endloop
  endfacet
  facet normal -0.989242 -0.146288 0
    outer loop
      vertex -61.7541 -12.2167 13
      vertex -61.7663 -12.1342 17
      vertex -61.7663 -12.1342 13
    endloop
  endfacet
  facet normal -0.989242 -0.146288 0
    outer loop
      vertex -61.7663 -12.1342 17
      vertex -61.7541 -12.2167 13
      vertex -61.7541 -12.2167 17
    endloop
  endfacet
  facet normal -0.998791 -0.0491602 0
    outer loop
      vertex -61.75 -12.3 13
      vertex -61.7541 -12.2167 17
      vertex -61.7541 -12.2167 13
    endloop
  endfacet
  facet normal -0.998791 -0.0491602 0
    outer loop
      vertex -61.7541 -12.2167 17
      vertex -61.75 -12.3 13
      vertex -61.75 -12.3 17
    endloop
  endfacet
  facet normal -0.969931 -0.243382 0
    outer loop
      vertex -61.7663 -12.1342 13
      vertex -61.7866 -12.0533 17
      vertex -61.7866 -12.0533 13
    endloop
  endfacet
  facet normal -0.969931 -0.243382 0
    outer loop
      vertex -61.7866 -12.0533 17
      vertex -61.7663 -12.1342 13
      vertex -61.7663 -12.1342 17
    endloop
  endfacet
  facet normal -0.427932 0.903811 0
    outer loop
      vertex -62.1993 -13.0496 13
      vertex -62.2747 -13.0853 17
      vertex -62.1993 -13.0496 17
    endloop
  endfacet
  facet normal -0.427932 0.903811 0
    outer loop
      vertex -62.2747 -13.0853 17
      vertex -62.1993 -13.0496 13
      vertex -62.2747 -13.0853 13
    endloop
  endfacet
  facet normal 0.0491602 -0.998791 0
    outer loop
      vertex -62.6833 -11.4541 13
      vertex -62.6 -11.45 17
      vertex -62.6833 -11.4541 17
    endloop
  endfacet
  facet normal 0.0491602 -0.998791 0
    outer loop
      vertex -62.6 -11.45 17
      vertex -62.6833 -11.4541 13
      vertex -62.6 -11.45 13
    endloop
  endfacet
  facet normal 0.427932 -0.903811 0
    outer loop
      vertex -63.0007 -11.5504 13
      vertex -62.9253 -11.5147 17
      vertex -63.0007 -11.5504 17
    endloop
  endfacet
  facet normal 0.427932 -0.903811 0
    outer loop
      vertex -62.9253 -11.5147 17
      vertex -63.0007 -11.5504 13
      vertex -62.9253 -11.5147 13
    endloop
  endfacet
  facet normal -0.740428 -0.672136 0
    outer loop
      vertex -61.9429 -11.7608 13
      vertex -61.999 -11.699 17
      vertex -61.999 -11.699 13
    endloop
  endfacet
  facet normal -0.740428 -0.672136 0
    outer loop
      vertex -61.999 -11.699 17
      vertex -61.9429 -11.7608 13
      vertex -61.9429 -11.7608 17
    endloop
  endfacet
  facet normal 0.146288 0.989242 -0
    outer loop
      vertex -62.6833 -13.1459 13
      vertex -62.7658 -13.1337 17
      vertex -62.6833 -13.1459 17
    endloop
  endfacet
  facet normal 0.146288 0.989242 0
    outer loop
      vertex -62.7658 -13.1337 17
      vertex -62.6833 -13.1459 13
      vertex -62.7658 -13.1337 13
    endloop
  endfacet
  facet normal -0.427932 -0.903811 0
    outer loop
      vertex -62.2747 -11.5147 13
      vertex -62.1993 -11.5504 17
      vertex -62.2747 -11.5147 17
    endloop
  endfacet
  facet normal -0.427932 -0.903811 -0
    outer loop
      vertex -62.1993 -11.5504 17
      vertex -62.2747 -11.5147 13
      vertex -62.1993 -11.5504 13
    endloop
  endfacet
  facet normal 0.146288 -0.989242 0
    outer loop
      vertex -62.7658 -11.4663 13
      vertex -62.6833 -11.4541 17
      vertex -62.7658 -11.4663 17
    endloop
  endfacet
  facet normal 0.146288 -0.989242 0
    outer loop
      vertex -62.6833 -11.4541 17
      vertex -62.7658 -11.4663 13
      vertex -62.6833 -11.4541 13
    endloop
  endfacet
  facet normal -0.243382 0.969931 0
    outer loop
      vertex -62.3533 -13.1134 13
      vertex -62.4342 -13.1337 17
      vertex -62.3533 -13.1134 17
    endloop
  endfacet
  facet normal -0.243382 0.969931 0
    outer loop
      vertex -62.4342 -13.1337 17
      vertex -62.3533 -13.1134 13
      vertex -62.4342 -13.1337 13
    endloop
  endfacet
  facet normal 0.594998 -0.803727 0
    outer loop
      vertex -63.1392 -11.6429 13
      vertex -63.0722 -11.5933 17
      vertex -63.1392 -11.6429 17
    endloop
  endfacet
  facet normal 0.594998 -0.803727 0
    outer loop
      vertex -63.0722 -11.5933 17
      vertex -63.1392 -11.6429 13
      vertex -63.0722 -11.5933 13
    endloop
  endfacet
  facet normal 0.903811 -0.427932 0
    outer loop
      vertex -63.3853 -11.9747 17
      vertex -63.3496 -11.8993 13
      vertex -63.3496 -11.8993 17
    endloop
  endfacet
  facet normal 0.903811 -0.427932 0
    outer loop
      vertex -63.3496 -11.8993 13
      vertex -63.3853 -11.9747 17
      vertex -63.3853 -11.9747 13
    endloop
  endfacet
  facet normal 0.427932 0.903811 -0
    outer loop
      vertex -62.9253 -13.0853 13
      vertex -63.0007 -13.0496 17
      vertex -62.9253 -13.0853 17
    endloop
  endfacet
  facet normal 0.427932 0.903811 0
    outer loop
      vertex -63.0007 -13.0496 17
      vertex -62.9253 -13.0853 13
      vertex -63.0007 -13.0496 13
    endloop
  endfacet
  facet normal -0.33664 0.941633 0
    outer loop
      vertex -62.2747 -13.0853 13
      vertex -62.3533 -13.1134 17
      vertex -62.2747 -13.0853 17
    endloop
  endfacet
  facet normal -0.33664 0.941633 0
    outer loop
      vertex -62.3533 -13.1134 17
      vertex -62.2747 -13.0853 13
      vertex -62.3533 -13.1134 13
    endloop
  endfacet
  facet normal 0.594998 0.803727 -0
    outer loop
      vertex -63.0722 -13.0067 13
      vertex -63.1392 -12.9571 17
      vertex -63.0722 -13.0067 17
    endloop
  endfacet
  facet normal 0.594998 0.803727 0
    outer loop
      vertex -63.1392 -12.9571 17
      vertex -63.0722 -13.0067 13
      vertex -63.1392 -12.9571 13
    endloop
  endfacet
  facet normal 0.903811 0.427932 0
    outer loop
      vertex -63.3496 -12.7007 17
      vertex -63.3853 -12.6253 13
      vertex -63.3853 -12.6253 17
    endloop
  endfacet
  facet normal 0.903811 0.427932 0
    outer loop
      vertex -63.3853 -12.6253 13
      vertex -63.3496 -12.7007 17
      vertex -63.3496 -12.7007 13
    endloop
  endfacet
  facet normal -0.514496 -0.857493 0
    outer loop
      vertex -62.1993 -11.5504 13
      vertex -62.1278 -11.5933 17
      vertex -62.1993 -11.5504 17
    endloop
  endfacet
  facet normal -0.514496 -0.857493 -0
    outer loop
      vertex -62.1278 -11.5933 17
      vertex -62.1993 -11.5504 13
      vertex -62.1278 -11.5933 13
    endloop
  endfacet
  facet normal -0.594998 0.803727 0
    outer loop
      vertex -62.0608 -12.9571 13
      vertex -62.1278 -13.0067 17
      vertex -62.0608 -12.9571 17
    endloop
  endfacet
  facet normal -0.594998 0.803727 0
    outer loop
      vertex -62.1278 -13.0067 17
      vertex -62.0608 -12.9571 13
      vertex -62.1278 -13.0067 13
    endloop
  endfacet
  facet normal 0.998791 0.0491602 0
    outer loop
      vertex -63.4459 -12.3833 17
      vertex -63.45 -12.3 13
      vertex -63.45 -12.3 17
    endloop
  endfacet
  facet normal 0.998791 0.0491602 0
    outer loop
      vertex -63.45 -12.3 13
      vertex -63.4459 -12.3833 17
      vertex -63.4459 -12.3833 13
    endloop
  endfacet
  facet normal -0.594998 -0.803727 0
    outer loop
      vertex -62.1278 -11.5933 13
      vertex -62.0608 -11.6429 17
      vertex -62.1278 -11.5933 17
    endloop
  endfacet
  facet normal -0.594998 -0.803727 -0
    outer loop
      vertex -62.0608 -11.6429 17
      vertex -62.1278 -11.5933 13
      vertex -62.0608 -11.6429 13
    endloop
  endfacet
  facet normal -0.969931 0.243382 0
    outer loop
      vertex -61.7866 -12.5467 13
      vertex -61.7663 -12.4658 17
      vertex -61.7663 -12.4658 13
    endloop
  endfacet
  facet normal -0.969931 0.243382 0
    outer loop
      vertex -61.7663 -12.4658 17
      vertex -61.7866 -12.5467 13
      vertex -61.7866 -12.5467 17
    endloop
  endfacet
  facet normal 0.514496 -0.857493 0
    outer loop
      vertex -63.0722 -11.5933 13
      vertex -63.0007 -11.5504 17
      vertex -63.0722 -11.5933 17
    endloop
  endfacet
  facet normal 0.514496 -0.857493 0
    outer loop
      vertex -63.0007 -11.5504 17
      vertex -63.0722 -11.5933 13
      vertex -63.0007 -11.5504 13
    endloop
  endfacet
  facet normal 0.941633 0.33664 0
    outer loop
      vertex -63.3853 -12.6253 17
      vertex -63.4134 -12.5467 13
      vertex -63.4134 -12.5467 17
    endloop
  endfacet
  facet normal 0.941633 0.33664 0
    outer loop
      vertex -63.4134 -12.5467 13
      vertex -63.3853 -12.6253 17
      vertex -63.3853 -12.6253 13
    endloop
  endfacet
  facet normal -0.243382 -0.969931 0
    outer loop
      vertex -62.4342 -11.4663 13
      vertex -62.3533 -11.4866 17
      vertex -62.4342 -11.4663 17
    endloop
  endfacet
  facet normal -0.243382 -0.969931 -0
    outer loop
      vertex -62.3533 -11.4866 17
      vertex -62.4342 -11.4663 13
      vertex -62.3533 -11.4866 13
    endloop
  endfacet
  facet normal 0.740428 -0.672136 0
    outer loop
      vertex -63.2571 -11.7608 17
      vertex -63.201 -11.699 13
      vertex -63.201 -11.699 17
    endloop
  endfacet
  facet normal 0.740428 -0.672136 0
    outer loop
      vertex -63.201 -11.699 13
      vertex -63.2571 -11.7608 17
      vertex -63.2571 -11.7608 13
    endloop
  endfacet
  facet normal -0.0491602 0.998791 0
    outer loop
      vertex -62.5167 -13.1459 13
      vertex -62.6 -13.15 17
      vertex -62.5167 -13.1459 17
    endloop
  endfacet
  facet normal -0.0491602 0.998791 0
    outer loop
      vertex -62.6 -13.15 17
      vertex -62.5167 -13.1459 13
      vertex -62.6 -13.15 13
    endloop
  endfacet
  facet normal -0.803154 -0.595772 0
    outer loop
      vertex -61.8932 -11.8278 13
      vertex -61.9429 -11.7608 17
      vertex -61.9429 -11.7608 13
    endloop
  endfacet
  facet normal -0.803154 -0.595772 0
    outer loop
      vertex -61.9429 -11.7608 17
      vertex -61.8932 -11.8278 13
      vertex -61.8932 -11.8278 17
    endloop
  endfacet
  facet normal 0.969931 0.243382 0
    outer loop
      vertex -63.4134 -12.5467 17
      vertex -63.4337 -12.4658 13
      vertex -63.4337 -12.4658 17
    endloop
  endfacet
  facet normal 0.969931 0.243382 0
    outer loop
      vertex -63.4337 -12.4658 13
      vertex -63.4134 -12.5467 17
      vertex -63.4134 -12.5467 13
    endloop
  endfacet
  facet normal -0.989242 0.146288 0
    outer loop
      vertex -61.7663 -12.4658 13
      vertex -61.7541 -12.3833 17
      vertex -61.7541 -12.3833 13
    endloop
  endfacet
  facet normal -0.989242 0.146288 0
    outer loop
      vertex -61.7541 -12.3833 17
      vertex -61.7663 -12.4658 13
      vertex -61.7663 -12.4658 17
    endloop
  endfacet
  facet normal -0.514496 0.857493 0
    outer loop
      vertex -62.1278 -13.0067 13
      vertex -62.1993 -13.0496 17
      vertex -62.1278 -13.0067 17
    endloop
  endfacet
  facet normal -0.514496 0.857493 0
    outer loop
      vertex -62.1993 -13.0496 17
      vertex -62.1278 -13.0067 13
      vertex -62.1993 -13.0496 13
    endloop
  endfacet
  facet normal 0.941633 -0.33664 0
    outer loop
      vertex -63.4134 -12.0533 17
      vertex -63.3853 -11.9747 13
      vertex -63.3853 -11.9747 17
    endloop
  endfacet
  facet normal 0.941633 -0.33664 0
    outer loop
      vertex -63.3853 -11.9747 13
      vertex -63.4134 -12.0533 17
      vertex -63.4134 -12.0533 13
    endloop
  endfacet
  facet normal -0.672136 -0.740428 0
    outer loop
      vertex -62.0608 -11.6429 13
      vertex -61.999 -11.699 17
      vertex -62.0608 -11.6429 17
    endloop
  endfacet
  facet normal -0.672136 -0.740428 -0
    outer loop
      vertex -61.999 -11.699 17
      vertex -62.0608 -11.6429 13
      vertex -61.999 -11.699 13
    endloop
  endfacet
  facet normal 0.989242 -0.146288 0
    outer loop
      vertex -63.4459 -12.2167 17
      vertex -63.4337 -12.1342 13
      vertex -63.4337 -12.1342 17
    endloop
  endfacet
  facet normal 0.989242 -0.146288 0
    outer loop
      vertex -63.4337 -12.1342 13
      vertex -63.4459 -12.2167 17
      vertex -63.4459 -12.2167 13
    endloop
  endfacet
  facet normal -0.903811 0.427932 0
    outer loop
      vertex -61.8504 -12.7007 13
      vertex -61.8147 -12.6253 17
      vertex -61.8147 -12.6253 13
    endloop
  endfacet
  facet normal -0.903811 0.427932 0
    outer loop
      vertex -61.8147 -12.6253 17
      vertex -61.8504 -12.7007 13
      vertex -61.8504 -12.7007 17
    endloop
  endfacet
  facet normal -0.998791 0.0491602 0
    outer loop
      vertex -61.7541 -12.3833 13
      vertex -61.75 -12.3 17
      vertex -61.75 -12.3 13
    endloop
  endfacet
  facet normal -0.998791 0.0491602 0
    outer loop
      vertex -61.75 -12.3 17
      vertex -61.7541 -12.3833 13
      vertex -61.7541 -12.3833 17
    endloop
  endfacet
  facet normal -0.146288 0.989242 0
    outer loop
      vertex -62.4342 -13.1337 13
      vertex -62.5167 -13.1459 17
      vertex -62.4342 -13.1337 17
    endloop
  endfacet
  facet normal -0.146288 0.989242 0
    outer loop
      vertex -62.5167 -13.1459 17
      vertex -62.4342 -13.1337 13
      vertex -62.5167 -13.1459 13
    endloop
  endfacet
  facet normal -0.941633 -0.33664 0
    outer loop
      vertex -61.7866 -12.0533 13
      vertex -61.8147 -11.9747 17
      vertex -61.8147 -11.9747 13
    endloop
  endfacet
  facet normal -0.941633 -0.33664 0
    outer loop
      vertex -61.8147 -11.9747 17
      vertex -61.7866 -12.0533 13
      vertex -61.7866 -12.0533 17
    endloop
  endfacet
  facet normal -0.803154 0.595772 0
    outer loop
      vertex -61.9429 -12.8392 13
      vertex -61.8932 -12.7722 17
      vertex -61.8932 -12.7722 13
    endloop
  endfacet
  facet normal -0.803154 0.595772 0
    outer loop
      vertex -61.8932 -12.7722 17
      vertex -61.9429 -12.8392 13
      vertex -61.9429 -12.8392 17
    endloop
  endfacet
  facet normal -0.858022 0.513613 0
    outer loop
      vertex -61.8932 -12.7722 13
      vertex -61.8504 -12.7007 17
      vertex -61.8504 -12.7007 13
    endloop
  endfacet
  facet normal -0.858022 0.513613 0
    outer loop
      vertex -61.8504 -12.7007 17
      vertex -61.8932 -12.7722 13
      vertex -61.8932 -12.7722 17
    endloop
  endfacet
  facet normal 0.243382 -0.969931 0
    outer loop
      vertex -62.8467 -11.4866 13
      vertex -62.7658 -11.4663 17
      vertex -62.8467 -11.4866 17
    endloop
  endfacet
  facet normal 0.243382 -0.969931 0
    outer loop
      vertex -62.7658 -11.4663 17
      vertex -62.8467 -11.4866 13
      vertex -62.7658 -11.4663 13
    endloop
  endfacet
  facet normal -0.941633 0.33664 0
    outer loop
      vertex -61.8147 -12.6253 13
      vertex -61.7866 -12.5467 17
      vertex -61.7866 -12.5467 13
    endloop
  endfacet
  facet normal -0.941633 0.33664 0
    outer loop
      vertex -61.7866 -12.5467 17
      vertex -61.8147 -12.6253 13
      vertex -61.8147 -12.6253 17
    endloop
  endfacet
  facet normal -0.0491602 -0.998791 0
    outer loop
      vertex -62.6 -11.45 13
      vertex -62.5167 -11.4541 17
      vertex -62.6 -11.45 17
    endloop
  endfacet
  facet normal -0.0491602 -0.998791 -0
    outer loop
      vertex -62.5167 -11.4541 17
      vertex -62.6 -11.45 13
      vertex -62.5167 -11.4541 13
    endloop
  endfacet
  facet normal -0.903811 -0.427932 0
    outer loop
      vertex -61.8147 -11.9747 13
      vertex -61.8504 -11.8993 17
      vertex -61.8504 -11.8993 13
    endloop
  endfacet
  facet normal -0.903811 -0.427932 0
    outer loop
      vertex -61.8504 -11.8993 17
      vertex -61.8147 -11.9747 13
      vertex -61.8147 -11.9747 17
    endloop
  endfacet
  facet normal -0.146288 -0.989242 0
    outer loop
      vertex -62.5167 -11.4541 13
      vertex -62.4342 -11.4663 17
      vertex -62.5167 -11.4541 17
    endloop
  endfacet
  facet normal -0.146288 -0.989242 -0
    outer loop
      vertex -62.4342 -11.4663 17
      vertex -62.5167 -11.4541 13
      vertex -62.4342 -11.4663 13
    endloop
  endfacet
  facet normal 0.243382 0.969931 -0
    outer loop
      vertex -62.7658 -13.1337 13
      vertex -62.8467 -13.1134 17
      vertex -62.7658 -13.1337 17
    endloop
  endfacet
  facet normal 0.243382 0.969931 0
    outer loop
      vertex -62.8467 -13.1134 17
      vertex -62.7658 -13.1337 13
      vertex -62.8467 -13.1134 13
    endloop
  endfacet
  facet normal 0.857493 0.514496 0
    outer loop
      vertex -63.3067 -12.7722 17
      vertex -63.3496 -12.7007 13
      vertex -63.3496 -12.7007 17
    endloop
  endfacet
  facet normal 0.857493 0.514496 0
    outer loop
      vertex -63.3496 -12.7007 13
      vertex -63.3067 -12.7722 17
      vertex -63.3067 -12.7722 13
    endloop
  endfacet
  facet normal -0.858022 -0.513613 0
    outer loop
      vertex -61.8504 -11.8993 13
      vertex -61.8932 -11.8278 17
      vertex -61.8932 -11.8278 13
    endloop
  endfacet
  facet normal -0.858022 -0.513613 0
    outer loop
      vertex -61.8932 -11.8278 17
      vertex -61.8504 -11.8993 13
      vertex -61.8504 -11.8993 17
    endloop
  endfacet
  facet normal 0.33664 -0.941633 0
    outer loop
      vertex -62.9253 -11.5147 13
      vertex -62.8467 -11.4866 17
      vertex -62.9253 -11.5147 17
    endloop
  endfacet
  facet normal 0.33664 -0.941633 0
    outer loop
      vertex -62.8467 -11.4866 17
      vertex -62.9253 -11.5147 13
      vertex -62.8467 -11.4866 13
    endloop
  endfacet
  facet normal 0.740428 0.672136 0
    outer loop
      vertex -63.201 -12.901 17
      vertex -63.2571 -12.8392 13
      vertex -63.2571 -12.8392 17
    endloop
  endfacet
  facet normal 0.740428 0.672136 0
    outer loop
      vertex -63.2571 -12.8392 13
      vertex -63.201 -12.901 17
      vertex -63.201 -12.901 13
    endloop
  endfacet
  facet normal 0.672136 -0.740428 0
    outer loop
      vertex -63.201 -11.699 13
      vertex -63.1392 -11.6429 17
      vertex -63.201 -11.699 17
    endloop
  endfacet
  facet normal 0.672136 -0.740428 0
    outer loop
      vertex -63.1392 -11.6429 17
      vertex -63.201 -11.699 13
      vertex -63.1392 -11.6429 13
    endloop
  endfacet
  facet normal -0.33664 -0.941633 0
    outer loop
      vertex -62.3533 -11.4866 13
      vertex -62.2747 -11.5147 17
      vertex -62.3533 -11.4866 17
    endloop
  endfacet
  facet normal -0.33664 -0.941633 -0
    outer loop
      vertex -62.2747 -11.5147 17
      vertex -62.3533 -11.4866 13
      vertex -62.2747 -11.5147 13
    endloop
  endfacet
  facet normal 0.514496 0.857493 -0
    outer loop
      vertex -63.0007 -13.0496 13
      vertex -63.0722 -13.0067 17
      vertex -63.0007 -13.0496 17
    endloop
  endfacet
  facet normal 0.514496 0.857493 0
    outer loop
      vertex -63.0722 -13.0067 17
      vertex -63.0007 -13.0496 13
      vertex -63.0722 -13.0067 13
    endloop
  endfacet
  facet normal 0.969931 -0.243382 0
    outer loop
      vertex -63.4337 -12.1342 17
      vertex -63.4134 -12.0533 13
      vertex -63.4134 -12.0533 17
    endloop
  endfacet
  facet normal 0.969931 -0.243382 0
    outer loop
      vertex -63.4134 -12.0533 13
      vertex -63.4337 -12.1342 17
      vertex -63.4337 -12.1342 13
    endloop
  endfacet
  facet normal 0.803727 0.594998 0
    outer loop
      vertex -63.2571 -12.8392 17
      vertex -63.3067 -12.7722 13
      vertex -63.3067 -12.7722 17
    endloop
  endfacet
  facet normal 0.803727 0.594998 0
    outer loop
      vertex -63.3067 -12.7722 13
      vertex -63.2571 -12.8392 17
      vertex -63.2571 -12.8392 13
    endloop
  endfacet
  facet normal 0.989242 0.146288 0
    outer loop
      vertex -63.4337 -12.4658 17
      vertex -63.4459 -12.3833 13
      vertex -63.4459 -12.3833 17
    endloop
  endfacet
  facet normal 0.989242 0.146288 0
    outer loop
      vertex -63.4459 -12.3833 13
      vertex -63.4337 -12.4658 17
      vertex -63.4337 -12.4658 13
    endloop
  endfacet
  facet normal 0.672136 0.740428 -0
    outer loop
      vertex -63.1392 -12.9571 13
      vertex -63.201 -12.901 17
      vertex -63.1392 -12.9571 17
    endloop
  endfacet
  facet normal 0.672136 0.740428 0
    outer loop
      vertex -63.201 -12.901 17
      vertex -63.1392 -12.9571 13
      vertex -63.201 -12.901 13
    endloop
  endfacet
  facet normal 0.803727 -0.594998 0
    outer loop
      vertex -63.3067 -11.8278 17
      vertex -63.2571 -11.7608 13
      vertex -63.2571 -11.7608 17
    endloop
  endfacet
  facet normal 0.803727 -0.594998 0
    outer loop
      vertex -63.2571 -11.7608 13
      vertex -63.3067 -11.8278 17
      vertex -63.3067 -11.8278 13
    endloop
  endfacet
  facet normal 0.857493 -0.514496 0
    outer loop
      vertex -63.3496 -11.8993 17
      vertex -63.3067 -11.8278 13
      vertex -63.3067 -11.8278 17
    endloop
  endfacet
  facet normal 0.857493 -0.514496 0
    outer loop
      vertex -63.3067 -11.8278 13
      vertex -63.3496 -11.8993 17
      vertex -63.3496 -11.8993 13
    endloop
  endfacet
  facet normal 0.0491602 0.998791 -0
    outer loop
      vertex -62.6 -13.15 13
      vertex -62.6833 -13.1459 17
      vertex -62.6 -13.15 17
    endloop
  endfacet
  facet normal 0.0491602 0.998791 0
    outer loop
      vertex -62.6833 -13.1459 17
      vertex -62.6 -13.15 13
      vertex -62.6833 -13.1459 13
    endloop
  endfacet
  facet normal 0.998791 -0.0491602 0
    outer loop
      vertex -63.45 -12.3 17
      vertex -63.4459 -12.2167 13
      vertex -63.4459 -12.2167 17
    endloop
  endfacet
  facet normal 0.998791 -0.0491602 0
    outer loop
      vertex -63.4459 -12.2167 13
      vertex -63.45 -12.3 17
      vertex -63.45 -12.3 13
    endloop
  endfacet
  facet normal 0.33664 0.941633 -0
    outer loop
      vertex -62.8467 -13.1134 13
      vertex -62.9253 -13.0853 17
      vertex -62.8467 -13.1134 17
    endloop
  endfacet
  facet normal 0.33664 0.941633 0
    outer loop
      vertex -62.9253 -13.0853 17
      vertex -62.8467 -13.1134 13
      vertex -62.9253 -13.0853 13
    endloop
  endfacet
  facet normal -0.740428 0.672136 0
    outer loop
      vertex -61.999 -12.901 13
      vertex -61.9429 -12.8392 17
      vertex -61.9429 -12.8392 13
    endloop
  endfacet
  facet normal -0.740428 0.672136 0
    outer loop
      vertex -61.9429 -12.8392 17
      vertex -61.999 -12.901 13
      vertex -61.999 -12.901 17
    endloop
  endfacet
  facet normal -0.672136 0.740428 0
    outer loop
      vertex -61.999 -12.901 13
      vertex -62.0608 -12.9571 17
      vertex -61.999 -12.901 17
    endloop
  endfacet
  facet normal -0.672136 0.740428 0
    outer loop
      vertex -62.0608 -12.9571 17
      vertex -61.999 -12.901 13
      vertex -62.0608 -12.9571 13
    endloop
  endfacet
  facet normal 0.857745 -0.514076 0
    outer loop
      vertex -13.5213 -25.0889 17
      vertex -13.3952 -24.8785 13
      vertex -13.3952 -24.8785 17
    endloop
  endfacet
  facet normal 0.857745 -0.514076 0
    outer loop
      vertex -13.3952 -24.8785 13
      vertex -13.5213 -25.0889 17
      vertex -13.5213 -25.0889 13
    endloop
  endfacet
  facet normal 0.989177 0.146726 0
    outer loop
      vertex -13.112 -23.455 17
      vertex -13.148 -23.2123 13
      vertex -13.148 -23.2123 17
    endloop
  endfacet
  facet normal 0.989177 0.146726 0
    outer loop
      vertex -13.148 -23.2123 13
      vertex -13.112 -23.455 17
      vertex -13.112 -23.455 13
    endloop
  endfacet
  facet normal 0.998803 0.0489209 0
    outer loop
      vertex -13.1 -23.7 17
      vertex -13.112 -23.455 13
      vertex -13.112 -23.455 17
    endloop
  endfacet
  facet normal 0.998803 0.0489209 0
    outer loop
      vertex -13.112 -23.455 13
      vertex -13.1 -23.7 17
      vertex -13.1 -23.7 13
    endloop
  endfacet
  facet normal 0.96995 0.243303 0
    outer loop
      vertex -13.148 -23.2123 17
      vertex -13.2077 -22.9743 13
      vertex -13.2077 -22.9743 17
    endloop
  endfacet
  facet normal 0.96995 0.243303 0
    outer loop
      vertex -13.2077 -22.9743 13
      vertex -13.148 -23.2123 17
      vertex -13.148 -23.2123 13
    endloop
  endfacet
  facet normal 0.857745 0.514076 0
    outer loop
      vertex -13.3952 -22.5215 17
      vertex -13.5213 -22.3111 13
      vertex -13.5213 -22.3111 17
    endloop
  endfacet
  facet normal 0.857745 0.514076 0
    outer loop
      vertex -13.5213 -22.3111 13
      vertex -13.3952 -22.5215 17
      vertex -13.3952 -22.5215 13
    endloop
  endfacet
  facet normal -0.96995 -0.243303 0
    outer loop
      vertex -17.9923 -24.4257 13
      vertex -18.052 -24.1877 17
      vertex -18.052 -24.1877 13
    endloop
  endfacet
  facet normal -0.96995 -0.243303 0
    outer loop
      vertex -18.052 -24.1877 17
      vertex -17.9923 -24.4257 13
      vertex -17.9923 -24.4257 17
    endloop
  endfacet
  facet normal 0.941613 -0.336698 0
    outer loop
      vertex -13.2903 -24.6567 17
      vertex -13.2077 -24.4257 13
      vertex -13.2077 -24.4257 17
    endloop
  endfacet
  facet normal 0.941613 -0.336698 0
    outer loop
      vertex -13.2077 -24.4257 13
      vertex -13.2903 -24.6567 17
      vertex -13.2903 -24.6567 13
    endloop
  endfacet
  facet normal 0.803167 -0.595754 0
    outer loop
      vertex -13.6675 -25.286 17
      vertex -13.5213 -25.0889 13
      vertex -13.5213 -25.0889 17
    endloop
  endfacet
  facet normal 0.803167 -0.595754 0
    outer loop
      vertex -13.5213 -25.0889 13
      vertex -13.6675 -25.286 17
      vertex -13.6675 -25.286 13
    endloop
  endfacet
  facet normal -0.941613 0.336698 0
    outer loop
      vertex -17.9923 -22.9743 13
      vertex -17.9097 -22.7433 17
      vertex -17.9097 -22.7433 13
    endloop
  endfacet
  facet normal -0.941613 0.336698 0
    outer loop
      vertex -17.9097 -22.7433 17
      vertex -17.9923 -22.9743 13
      vertex -17.9923 -22.9743 17
    endloop
  endfacet
  facet normal 0.671394 0.741101 -0
    outer loop
      vertex -13.8322 -21.9322 13
      vertex -14.014 -21.7675 17
      vertex -13.8322 -21.9322 17
    endloop
  endfacet
  facet normal 0.671394 0.741101 0
    outer loop
      vertex -14.014 -21.7675 17
      vertex -13.8322 -21.9322 13
      vertex -14.014 -21.7675 13
    endloop
  endfacet
  facet normal 0.741101 0.671394 0
    outer loop
      vertex -13.6675 -22.114 17
      vertex -13.8322 -21.9322 13
      vertex -13.8322 -21.9322 17
    endloop
  endfacet
  facet normal 0.741101 0.671394 0
    outer loop
      vertex -13.8322 -21.9322 13
      vertex -13.6675 -22.114 17
      vertex -13.6675 -22.114 13
    endloop
  endfacet
  facet normal -0.671394 0.741101 0
    outer loop
      vertex -17.186 -21.7675 13
      vertex -17.3678 -21.9322 17
      vertex -17.186 -21.7675 17
    endloop
  endfacet
  facet normal -0.671394 0.741101 0
    outer loop
      vertex -17.3678 -21.9322 17
      vertex -17.186 -21.7675 13
      vertex -17.3678 -21.9322 13
    endloop
  endfacet
  facet normal 0.514076 0.857745 -0
    outer loop
      vertex -14.2111 -21.6213 13
      vertex -14.4215 -21.4952 17
      vertex -14.2111 -21.6213 17
    endloop
  endfacet
  facet normal 0.514076 0.857745 0
    outer loop
      vertex -14.4215 -21.4952 17
      vertex -14.2111 -21.6213 13
      vertex -14.4215 -21.4952 13
    endloop
  endfacet
  facet normal 0.595754 0.803167 -0
    outer loop
      vertex -14.014 -21.7675 13
      vertex -14.2111 -21.6213 17
      vertex -14.014 -21.7675 17
    endloop
  endfacet
  facet normal 0.595754 0.803167 0
    outer loop
      vertex -14.2111 -21.6213 17
      vertex -14.014 -21.7675 13
      vertex -14.2111 -21.6213 13
    endloop
  endfacet
  facet normal 0.337059 -0.941483 0
    outer loop
      vertex -14.8743 -26.0924 13
      vertex -14.6433 -26.0097 17
      vertex -14.8743 -26.0924 17
    endloop
  endfacet
  facet normal 0.337059 -0.941483 0
    outer loop
      vertex -14.6433 -26.0097 17
      vertex -14.8743 -26.0924 13
      vertex -14.6433 -26.0097 13
    endloop
  endfacet
  facet normal -0.146726 -0.989177 0
    outer loop
      vertex -16.0877 -26.152 13
      vertex -15.845 -26.188 17
      vertex -16.0877 -26.152 17
    endloop
  endfacet
  facet normal -0.146726 -0.989177 -0
    outer loop
      vertex -15.845 -26.188 17
      vertex -16.0877 -26.152 13
      vertex -15.845 -26.188 13
    endloop
  endfacet
  facet normal 0.0489209 0.998803 -0
    outer loop
      vertex -15.355 -21.212 13
      vertex -15.6 -21.2 17
      vertex -15.355 -21.212 17
    endloop
  endfacet
  facet normal 0.0489209 0.998803 0
    outer loop
      vertex -15.6 -21.2 17
      vertex -15.355 -21.212 13
      vertex -15.6 -21.2 13
    endloop
  endfacet
  facet normal -0.857745 0.514076 0
    outer loop
      vertex -17.8048 -22.5215 13
      vertex -17.6787 -22.3111 17
      vertex -17.6787 -22.3111 13
    endloop
  endfacet
  facet normal -0.857745 0.514076 0
    outer loop
      vertex -17.6787 -22.3111 17
      vertex -17.8048 -22.5215 13
      vertex -17.8048 -22.5215 17
    endloop
  endfacet
  facet normal -0.0489209 -0.998803 0
    outer loop
      vertex -15.845 -26.188 13
      vertex -15.6 -26.2 17
      vertex -15.845 -26.188 17
    endloop
  endfacet
  facet normal -0.0489209 -0.998803 -0
    outer loop
      vertex -15.6 -26.2 17
      vertex -15.845 -26.188 13
      vertex -15.6 -26.2 13
    endloop
  endfacet
  facet normal -0.989177 0.146726 0
    outer loop
      vertex -18.088 -23.455 13
      vertex -18.052 -23.2123 17
      vertex -18.052 -23.2123 13
    endloop
  endfacet
  facet normal -0.989177 0.146726 0
    outer loop
      vertex -18.052 -23.2123 17
      vertex -18.088 -23.455 13
      vertex -18.088 -23.455 17
    endloop
  endfacet
  facet normal 0.998803 -0.0489209 0
    outer loop
      vertex -13.112 -23.945 17
      vertex -13.1 -23.7 13
      vertex -13.1 -23.7 17
    endloop
  endfacet
  facet normal 0.998803 -0.0489209 0
    outer loop
      vertex -13.1 -23.7 13
      vertex -13.112 -23.945 17
      vertex -13.112 -23.945 13
    endloop
  endfacet
  facet normal -0.903995 -0.427543 0
    outer loop
      vertex -17.8048 -24.8785 13
      vertex -17.9097 -24.6567 17
      vertex -17.9097 -24.6567 13
    endloop
  endfacet
  facet normal -0.903995 -0.427543 0
    outer loop
      vertex -17.9097 -24.6567 17
      vertex -17.8048 -24.8785 13
      vertex -17.8048 -24.8785 17
    endloop
  endfacet
  facet normal -0.998803 -0.0489209 0
    outer loop
      vertex -18.088 -23.945 13
      vertex -18.1 -23.7 17
      vertex -18.1 -23.7 13
    endloop
  endfacet
  facet normal -0.998803 -0.0489209 0
    outer loop
      vertex -18.1 -23.7 17
      vertex -18.088 -23.945 13
      vertex -18.088 -23.945 17
    endloop
  endfacet
  facet normal 0.514076 -0.857745 0
    outer loop
      vertex -14.4215 -25.9048 13
      vertex -14.2111 -25.7787 17
      vertex -14.4215 -25.9048 17
    endloop
  endfacet
  facet normal 0.514076 -0.857745 0
    outer loop
      vertex -14.2111 -25.7787 17
      vertex -14.4215 -25.9048 13
      vertex -14.2111 -25.7787 13
    endloop
  endfacet
  facet normal -0.427543 -0.903995 0
    outer loop
      vertex -16.7785 -25.9048 13
      vertex -16.5567 -26.0097 17
      vertex -16.7785 -25.9048 17
    endloop
  endfacet
  facet normal -0.427543 -0.903995 -0
    outer loop
      vertex -16.5567 -26.0097 17
      vertex -16.7785 -25.9048 13
      vertex -16.5567 -26.0097 13
    endloop
  endfacet
  facet normal 0.903995 0.427543 0
    outer loop
      vertex -13.2903 -22.7433 17
      vertex -13.3952 -22.5215 13
      vertex -13.3952 -22.5215 17
    endloop
  endfacet
  facet normal 0.903995 0.427543 0
    outer loop
      vertex -13.3952 -22.5215 13
      vertex -13.2903 -22.7433 17
      vertex -13.2903 -22.7433 13
    endloop
  endfacet
  facet normal -0.427543 0.903995 0
    outer loop
      vertex -16.5567 -21.3903 13
      vertex -16.7785 -21.4952 17
      vertex -16.5567 -21.3903 17
    endloop
  endfacet
  facet normal -0.427543 0.903995 0
    outer loop
      vertex -16.7785 -21.4952 17
      vertex -16.5567 -21.3903 13
      vertex -16.7785 -21.4952 13
    endloop
  endfacet
  facet normal -0.242919 0.970047 0
    outer loop
      vertex -16.0877 -21.248 13
      vertex -16.3257 -21.3076 17
      vertex -16.0877 -21.248 17
    endloop
  endfacet
  facet normal -0.242919 0.970047 0
    outer loop
      vertex -16.3257 -21.3076 17
      vertex -16.0877 -21.248 13
      vertex -16.3257 -21.3076 13
    endloop
  endfacet
  facet normal -0.595754 0.803167 0
    outer loop
      vertex -16.9889 -21.6213 13
      vertex -17.186 -21.7675 17
      vertex -16.9889 -21.6213 17
    endloop
  endfacet
  facet normal -0.595754 0.803167 0
    outer loop
      vertex -17.186 -21.7675 17
      vertex -16.9889 -21.6213 13
      vertex -17.186 -21.7675 13
    endloop
  endfacet
  facet normal 0.146726 -0.989177 0
    outer loop
      vertex -15.355 -26.188 13
      vertex -15.1123 -26.152 17
      vertex -15.355 -26.188 17
    endloop
  endfacet
  facet normal 0.146726 -0.989177 0
    outer loop
      vertex -15.1123 -26.152 17
      vertex -15.355 -26.188 13
      vertex -15.1123 -26.152 13
    endloop
  endfacet
  facet normal -0.941613 -0.336698 0
    outer loop
      vertex -17.9097 -24.6567 13
      vertex -17.9923 -24.4257 17
      vertex -17.9923 -24.4257 13
    endloop
  endfacet
  facet normal -0.941613 -0.336698 0
    outer loop
      vertex -17.9923 -24.4257 17
      vertex -17.9097 -24.6567 13
      vertex -17.9097 -24.6567 17
    endloop
  endfacet
  facet normal 0.741101 -0.671394 0
    outer loop
      vertex -13.8322 -25.4678 17
      vertex -13.6675 -25.286 13
      vertex -13.6675 -25.286 17
    endloop
  endfacet
  facet normal 0.741101 -0.671394 0
    outer loop
      vertex -13.6675 -25.286 13
      vertex -13.8322 -25.4678 17
      vertex -13.8322 -25.4678 13
    endloop
  endfacet
  facet normal 0.989177 -0.146726 0
    outer loop
      vertex -13.148 -24.1877 17
      vertex -13.112 -23.945 13
      vertex -13.112 -23.945 17
    endloop
  endfacet
  facet normal 0.989177 -0.146726 0
    outer loop
      vertex -13.112 -23.945 13
      vertex -13.148 -24.1877 17
      vertex -13.148 -24.1877 13
    endloop
  endfacet
  facet normal 0.427543 -0.903995 0
    outer loop
      vertex -14.6433 -26.0097 13
      vertex -14.4215 -25.9048 17
      vertex -14.6433 -26.0097 17
    endloop
  endfacet
  facet normal 0.427543 -0.903995 0
    outer loop
      vertex -14.4215 -25.9048 17
      vertex -14.6433 -26.0097 13
      vertex -14.4215 -25.9048 13
    endloop
  endfacet
  facet normal -0.337059 -0.941483 0
    outer loop
      vertex -16.5567 -26.0097 13
      vertex -16.3257 -26.0924 17
      vertex -16.5567 -26.0097 17
    endloop
  endfacet
  facet normal -0.337059 -0.941483 -0
    outer loop
      vertex -16.3257 -26.0924 17
      vertex -16.5567 -26.0097 13
      vertex -16.3257 -26.0924 13
    endloop
  endfacet
  facet normal -0.337059 0.941483 0
    outer loop
      vertex -16.3257 -21.3076 13
      vertex -16.5567 -21.3903 17
      vertex -16.3257 -21.3076 17
    endloop
  endfacet
  facet normal -0.337059 0.941483 0
    outer loop
      vertex -16.5567 -21.3903 17
      vertex -16.3257 -21.3076 13
      vertex -16.5567 -21.3903 13
    endloop
  endfacet
  facet normal 0.803167 0.595754 0
    outer loop
      vertex -13.5213 -22.3111 17
      vertex -13.6675 -22.114 13
      vertex -13.6675 -22.114 17
    endloop
  endfacet
  facet normal 0.803167 0.595754 0
    outer loop
      vertex -13.6675 -22.114 13
      vertex -13.5213 -22.3111 17
      vertex -13.5213 -22.3111 13
    endloop
  endfacet
  facet normal -0.595754 -0.803167 0
    outer loop
      vertex -17.186 -25.6325 13
      vertex -16.9889 -25.7787 17
      vertex -17.186 -25.6325 17
    endloop
  endfacet
  facet normal -0.595754 -0.803167 -0
    outer loop
      vertex -16.9889 -25.7787 17
      vertex -17.186 -25.6325 13
      vertex -16.9889 -25.7787 13
    endloop
  endfacet
  facet normal -0.96995 0.243303 0
    outer loop
      vertex -18.052 -23.2123 13
      vertex -17.9923 -22.9743 17
      vertex -17.9923 -22.9743 13
    endloop
  endfacet
  facet normal -0.96995 0.243303 0
    outer loop
      vertex -17.9923 -22.9743 17
      vertex -18.052 -23.2123 13
      vertex -18.052 -23.2123 17
    endloop
  endfacet
  facet normal 0.0489209 -0.998803 0
    outer loop
      vertex -15.6 -26.2 13
      vertex -15.355 -26.188 17
      vertex -15.6 -26.2 17
    endloop
  endfacet
  facet normal 0.0489209 -0.998803 0
    outer loop
      vertex -15.355 -26.188 17
      vertex -15.6 -26.2 13
      vertex -15.355 -26.188 13
    endloop
  endfacet
  facet normal 0.242919 0.970047 -0
    outer loop
      vertex -14.8743 -21.3076 13
      vertex -15.1123 -21.248 17
      vertex -14.8743 -21.3076 17
    endloop
  endfacet
  facet normal 0.242919 0.970047 0
    outer loop
      vertex -15.1123 -21.248 17
      vertex -14.8743 -21.3076 13
      vertex -15.1123 -21.248 13
    endloop
  endfacet
  facet normal 0.146726 0.989177 -0
    outer loop
      vertex -15.1123 -21.248 13
      vertex -15.355 -21.212 17
      vertex -15.1123 -21.248 17
    endloop
  endfacet
  facet normal 0.146726 0.989177 0
    outer loop
      vertex -15.355 -21.212 17
      vertex -15.1123 -21.248 13
      vertex -15.355 -21.212 13
    endloop
  endfacet
  facet normal 0.427543 0.903995 -0
    outer loop
      vertex -14.4215 -21.4952 13
      vertex -14.6433 -21.3903 17
      vertex -14.4215 -21.4952 17
    endloop
  endfacet
  facet normal 0.427543 0.903995 0
    outer loop
      vertex -14.6433 -21.3903 17
      vertex -14.4215 -21.4952 13
      vertex -14.6433 -21.3903 13
    endloop
  endfacet
  facet normal -0.803167 0.595754 0
    outer loop
      vertex -17.6787 -22.3111 13
      vertex -17.5325 -22.114 17
      vertex -17.5325 -22.114 13
    endloop
  endfacet
  facet normal -0.803167 0.595754 0
    outer loop
      vertex -17.5325 -22.114 17
      vertex -17.6787 -22.3111 13
      vertex -17.6787 -22.3111 17
    endloop
  endfacet
  facet normal 0.903995 -0.427543 0
    outer loop
      vertex -13.3952 -24.8785 17
      vertex -13.2903 -24.6567 13
      vertex -13.2903 -24.6567 17
    endloop
  endfacet
  facet normal 0.903995 -0.427543 0
    outer loop
      vertex -13.2903 -24.6567 13
      vertex -13.3952 -24.8785 17
      vertex -13.3952 -24.8785 13
    endloop
  endfacet
  facet normal 0.941613 0.336698 0
    outer loop
      vertex -13.2077 -22.9743 17
      vertex -13.2903 -22.7433 13
      vertex -13.2903 -22.7433 17
    endloop
  endfacet
  facet normal 0.941613 0.336698 0
    outer loop
      vertex -13.2903 -22.7433 13
      vertex -13.2077 -22.9743 17
      vertex -13.2077 -22.9743 13
    endloop
  endfacet
  facet normal -0.803167 -0.595754 0
    outer loop
      vertex -17.5325 -25.286 13
      vertex -17.6787 -25.0889 17
      vertex -17.6787 -25.0889 13
    endloop
  endfacet
  facet normal -0.803167 -0.595754 0
    outer loop
      vertex -17.6787 -25.0889 17
      vertex -17.5325 -25.286 13
      vertex -17.5325 -25.286 17
    endloop
  endfacet
  facet normal -0.514076 0.857745 0
    outer loop
      vertex -16.7785 -21.4952 13
      vertex -16.9889 -21.6213 17
      vertex -16.7785 -21.4952 17
    endloop
  endfacet
  facet normal -0.514076 0.857745 0
    outer loop
      vertex -16.9889 -21.6213 17
      vertex -16.7785 -21.4952 13
      vertex -16.9889 -21.6213 13
    endloop
  endfacet
  facet normal 0.595754 -0.803167 0
    outer loop
      vertex -14.2111 -25.7787 13
      vertex -14.014 -25.6325 17
      vertex -14.2111 -25.7787 17
    endloop
  endfacet
  facet normal 0.595754 -0.803167 0
    outer loop
      vertex -14.014 -25.6325 17
      vertex -14.2111 -25.7787 13
      vertex -14.014 -25.6325 13
    endloop
  endfacet
  facet normal -0.0489209 0.998803 0
    outer loop
      vertex -15.6 -21.2 13
      vertex -15.845 -21.212 17
      vertex -15.6 -21.2 17
    endloop
  endfacet
  facet normal -0.0489209 0.998803 0
    outer loop
      vertex -15.845 -21.212 17
      vertex -15.6 -21.2 13
      vertex -15.845 -21.212 13
    endloop
  endfacet
  facet normal 0.337059 0.941483 -0
    outer loop
      vertex -14.6433 -21.3903 13
      vertex -14.8743 -21.3076 17
      vertex -14.6433 -21.3903 17
    endloop
  endfacet
  facet normal 0.337059 0.941483 0
    outer loop
      vertex -14.8743 -21.3076 17
      vertex -14.6433 -21.3903 13
      vertex -14.8743 -21.3076 13
    endloop
  endfacet
  facet normal -0.998803 0.0489209 0
    outer loop
      vertex -18.1 -23.7 13
      vertex -18.088 -23.455 17
      vertex -18.088 -23.455 13
    endloop
  endfacet
  facet normal -0.998803 0.0489209 0
    outer loop
      vertex -18.088 -23.455 17
      vertex -18.1 -23.7 13
      vertex -18.1 -23.7 17
    endloop
  endfacet
  facet normal -0.146726 0.989177 0
    outer loop
      vertex -15.845 -21.212 13
      vertex -16.0877 -21.248 17
      vertex -15.845 -21.212 17
    endloop
  endfacet
  facet normal -0.146726 0.989177 0
    outer loop
      vertex -16.0877 -21.248 17
      vertex -15.845 -21.212 13
      vertex -16.0877 -21.248 13
    endloop
  endfacet
  facet normal -0.989177 -0.146726 0
    outer loop
      vertex -18.052 -24.1877 13
      vertex -18.088 -23.945 17
      vertex -18.088 -23.945 13
    endloop
  endfacet
  facet normal -0.989177 -0.146726 0
    outer loop
      vertex -18.088 -23.945 17
      vertex -18.052 -24.1877 13
      vertex -18.052 -24.1877 17
    endloop
  endfacet
  facet normal -0.903995 0.427543 0
    outer loop
      vertex -17.9097 -22.7433 13
      vertex -17.8048 -22.5215 17
      vertex -17.8048 -22.5215 13
    endloop
  endfacet
  facet normal -0.903995 0.427543 0
    outer loop
      vertex -17.8048 -22.5215 17
      vertex -17.9097 -22.7433 13
      vertex -17.9097 -22.7433 17
    endloop
  endfacet
  facet normal 0.242919 -0.970047 0
    outer loop
      vertex -15.1123 -26.152 13
      vertex -14.8743 -26.0924 17
      vertex -15.1123 -26.152 17
    endloop
  endfacet
  facet normal 0.242919 -0.970047 0
    outer loop
      vertex -14.8743 -26.0924 17
      vertex -15.1123 -26.152 13
      vertex -14.8743 -26.0924 13
    endloop
  endfacet
  facet normal -0.741101 -0.671394 0
    outer loop
      vertex -17.3678 -25.4678 13
      vertex -17.5325 -25.286 17
      vertex -17.5325 -25.286 13
    endloop
  endfacet
  facet normal -0.741101 -0.671394 0
    outer loop
      vertex -17.5325 -25.286 17
      vertex -17.3678 -25.4678 13
      vertex -17.3678 -25.4678 17
    endloop
  endfacet
  facet normal 0.96995 -0.243303 0
    outer loop
      vertex -13.2077 -24.4257 17
      vertex -13.148 -24.1877 13
      vertex -13.148 -24.1877 17
    endloop
  endfacet
  facet normal 0.96995 -0.243303 0
    outer loop
      vertex -13.148 -24.1877 13
      vertex -13.2077 -24.4257 17
      vertex -13.2077 -24.4257 13
    endloop
  endfacet
  facet normal -0.671394 -0.741101 0
    outer loop
      vertex -17.3678 -25.4678 13
      vertex -17.186 -25.6325 17
      vertex -17.3678 -25.4678 17
    endloop
  endfacet
  facet normal -0.671394 -0.741101 -0
    outer loop
      vertex -17.186 -25.6325 17
      vertex -17.3678 -25.4678 13
      vertex -17.186 -25.6325 13
    endloop
  endfacet
  facet normal -0.741101 0.671394 0
    outer loop
      vertex -17.5325 -22.114 13
      vertex -17.3678 -21.9322 17
      vertex -17.3678 -21.9322 13
    endloop
  endfacet
  facet normal -0.741101 0.671394 0
    outer loop
      vertex -17.3678 -21.9322 17
      vertex -17.5325 -22.114 13
      vertex -17.5325 -22.114 17
    endloop
  endfacet
  facet normal -0.514076 -0.857745 0
    outer loop
      vertex -16.9889 -25.7787 13
      vertex -16.7785 -25.9048 17
      vertex -16.9889 -25.7787 17
    endloop
  endfacet
  facet normal -0.514076 -0.857745 -0
    outer loop
      vertex -16.7785 -25.9048 17
      vertex -16.9889 -25.7787 13
      vertex -16.7785 -25.9048 13
    endloop
  endfacet
  facet normal -0.242919 -0.970047 0
    outer loop
      vertex -16.3257 -26.0924 13
      vertex -16.0877 -26.152 17
      vertex -16.3257 -26.0924 17
    endloop
  endfacet
  facet normal -0.242919 -0.970047 -0
    outer loop
      vertex -16.0877 -26.152 17
      vertex -16.3257 -26.0924 13
      vertex -16.0877 -26.152 13
    endloop
  endfacet
  facet normal -0.857745 -0.514076 0
    outer loop
      vertex -17.6787 -25.0889 13
      vertex -17.8048 -24.8785 17
      vertex -17.8048 -24.8785 13
    endloop
  endfacet
  facet normal -0.857745 -0.514076 0
    outer loop
      vertex -17.8048 -24.8785 17
      vertex -17.6787 -25.0889 13
      vertex -17.6787 -25.0889 17
    endloop
  endfacet
  facet normal 0.671394 -0.741101 0
    outer loop
      vertex -14.014 -25.6325 13
      vertex -13.8322 -25.4678 17
      vertex -14.014 -25.6325 17
    endloop
  endfacet
  facet normal 0.671394 -0.741101 0
    outer loop
      vertex -13.8322 -25.4678 17
      vertex -14.014 -25.6325 13
      vertex -13.8322 -25.4678 13
    endloop
  endfacet
  facet normal 0 0 1
    outer loop
      vertex -14.75 -23.7 17
      vertex -13.1 -23.7 17
      vertex -13.112 -23.455 17
    endloop
  endfacet
  facet normal 0 0 1
    outer loop
      vertex -14.7541 -23.6167 17
      vertex -13.112 -23.455 17
      vertex -13.148 -23.2123 17
    endloop
  endfacet
  facet normal 0 0 1
    outer loop
      vertex -13.1 -23.7 17
      vertex -14.75 -23.7 17
      vertex -13.112 -23.945 17
    endloop
  endfacet
  facet normal 0 0 1
    outer loop
      vertex -14.7663 -23.5342 17
      vertex -13.148 -23.2123 17
      vertex -13.2077 -22.9743 17
    endloop
  endfacet
  facet normal -0 0 1
    outer loop
      vertex -14.7541 -23.7833 17
      vertex -13.112 -23.945 17
      vertex -14.75 -23.7 17
    endloop
  endfacet
  facet normal 0 0 1
    outer loop
      vertex -14.7866 -23.4533 17
      vertex -13.2077 -22.9743 17
      vertex -13.2903 -22.7433 17
    endloop
  endfacet
  facet normal 0 0 1
    outer loop
      vertex -13.112 -23.945 17
      vertex -14.7541 -23.7833 17
      vertex -13.148 -24.1877 17
    endloop
  endfacet
  facet normal 0 0 1
    outer loop
      vertex -14.8147 -23.3747 17
      vertex -13.2903 -22.7433 17
      vertex -13.3952 -22.5215 17
    endloop
  endfacet
  facet normal -0 0 1
    outer loop
      vertex -14.7663 -23.8658 17
      vertex -13.148 -24.1877 17
      vertex -14.7541 -23.7833 17
    endloop
  endfacet
  facet normal 0 0 1
    outer loop
      vertex -14.8504 -23.2993 17
      vertex -13.3952 -22.5215 17
      vertex -13.5213 -22.3111 17
    endloop
  endfacet
  facet normal 0 0 1
    outer loop
      vertex -13.148 -24.1877 17
      vertex -14.7663 -23.8658 17
      vertex -13.2077 -24.4257 17
    endloop
  endfacet
  facet normal 0 0 1
    outer loop
      vertex -14.8933 -23.2278 17
      vertex -13.5213 -22.3111 17
      vertex -13.6675 -22.114 17
    endloop
  endfacet
  facet normal -0 0 1
    outer loop
      vertex -14.7866 -23.9467 17
      vertex -13.2077 -24.4257 17
      vertex -14.7663 -23.8658 17
    endloop
  endfacet
  facet normal 0 0 1
    outer loop
      vertex -14.9429 -23.1608 17
      vertex -13.6675 -22.114 17
      vertex -13.8322 -21.9322 17
    endloop
  endfacet
  facet normal 0 0 1
    outer loop
      vertex -13.2077 -24.4257 17
      vertex -14.7866 -23.9467 17
      vertex -13.2903 -24.6567 17
    endloop
  endfacet
  facet normal 0 0 1
    outer loop
      vertex -14.999 -23.099 17
      vertex -13.8322 -21.9322 17
      vertex -14.014 -21.7675 17
    endloop
  endfacet
  facet normal -0 0 1
    outer loop
      vertex -14.8147 -24.0253 17
      vertex -13.2903 -24.6567 17
      vertex -14.7866 -23.9467 17
    endloop
  endfacet
  facet normal 0 0 1
    outer loop
      vertex -15.0608 -23.0429 17
      vertex -14.014 -21.7675 17
      vertex -14.2111 -21.6213 17
    endloop
  endfacet
  facet normal 0 0 1
    outer loop
      vertex -13.2903 -24.6567 17
      vertex -14.8147 -24.0253 17
      vertex -13.3952 -24.8785 17
    endloop
  endfacet
  facet normal 0 0 1
    outer loop
      vertex -15.1278 -22.9933 17
      vertex -14.2111 -21.6213 17
      vertex -14.4215 -21.4952 17
    endloop
  endfacet
  facet normal -0 0 1
    outer loop
      vertex -14.8504 -24.1007 17
      vertex -13.3952 -24.8785 17
      vertex -14.8147 -24.0253 17
    endloop
  endfacet
  facet normal 0 0 1
    outer loop
      vertex -15.1993 -22.9504 17
      vertex -14.4215 -21.4952 17
      vertex -14.6433 -21.3903 17
    endloop
  endfacet
  facet normal 0 0 1
    outer loop
      vertex -13.3952 -24.8785 17
      vertex -14.8504 -24.1007 17
      vertex -13.5213 -25.0889 17
    endloop
  endfacet
  facet normal -0 0 1
    outer loop
      vertex -14.8933 -24.1722 17
      vertex -13.5213 -25.0889 17
      vertex -14.8504 -24.1007 17
    endloop
  endfacet
  facet normal 0 0 1
    outer loop
      vertex -13.112 -23.455 17
      vertex -14.7541 -23.6167 17
      vertex -14.75 -23.7 17
    endloop
  endfacet
  facet normal 0 0 1
    outer loop
      vertex -13.148 -23.2123 17
      vertex -14.7663 -23.5342 17
      vertex -14.7541 -23.6167 17
    endloop
  endfacet
  facet normal 0 0 1
    outer loop
      vertex -13.2077 -22.9743 17
      vertex -14.7866 -23.4533 17
      vertex -14.7663 -23.5342 17
    endloop
  endfacet
  facet normal 0 0 1
    outer loop
      vertex -13.2903 -22.7433 17
      vertex -14.8147 -23.3747 17
      vertex -14.7866 -23.4533 17
    endloop
  endfacet
  facet normal 0 0 1
    outer loop
      vertex -13.3952 -22.5215 17
      vertex -14.8504 -23.2993 17
      vertex -14.8147 -23.3747 17
    endloop
  endfacet
  facet normal 0 0 1
    outer loop
      vertex -15.2747 -22.9147 17
      vertex -14.6433 -21.3903 17
      vertex -14.8743 -21.3076 17
    endloop
  endfacet
  facet normal 0 0 1
    outer loop
      vertex -13.5213 -22.3111 17
      vertex -14.8933 -23.2278 17
      vertex -14.8504 -23.2993 17
    endloop
  endfacet
  facet normal 0 0 1
    outer loop
      vertex -13.6675 -22.114 17
      vertex -14.9429 -23.1608 17
      vertex -14.8933 -23.2278 17
    endloop
  endfacet
  facet normal 0 0 1
    outer loop
      vertex -13.8322 -21.9322 17
      vertex -14.999 -23.099 17
      vertex -14.9429 -23.1608 17
    endloop
  endfacet
  facet normal 0 0 1
    outer loop
      vertex -14.014 -21.7675 17
      vertex -15.0608 -23.0429 17
      vertex -14.999 -23.099 17
    endloop
  endfacet
  facet normal 0 0 1
    outer loop
      vertex -15.3533 -22.8866 17
      vertex -14.8743 -21.3076 17
      vertex -15.1123 -21.248 17
    endloop
  endfacet
  facet normal 0 0 1
    outer loop
      vertex -14.2111 -21.6213 17
      vertex -15.1278 -22.9933 17
      vertex -15.0608 -23.0429 17
    endloop
  endfacet
  facet normal 0 0 1
    outer loop
      vertex -14.4215 -21.4952 17
      vertex -15.1993 -22.9504 17
      vertex -15.1278 -22.9933 17
    endloop
  endfacet
  facet normal 0 0 1
    outer loop
      vertex -14.6433 -21.3903 17
      vertex -15.2747 -22.9147 17
      vertex -15.1993 -22.9504 17
    endloop
  endfacet
  facet normal 0 0 1
    outer loop
      vertex -14.8743 -21.3076 17
      vertex -15.3533 -22.8866 17
      vertex -15.2747 -22.9147 17
    endloop
  endfacet
  facet normal 0 0 1
    outer loop
      vertex -15.4342 -22.8663 17
      vertex -15.1123 -21.248 17
      vertex -15.355 -21.212 17
    endloop
  endfacet
  facet normal 0 0 1
    outer loop
      vertex -15.1123 -21.248 17
      vertex -15.4342 -22.8663 17
      vertex -15.3533 -22.8866 17
    endloop
  endfacet
  facet normal 0 0 1
    outer loop
      vertex -15.355 -21.212 17
      vertex -15.5167 -22.8541 17
      vertex -15.4342 -22.8663 17
    endloop
  endfacet
  facet normal 0 0 1
    outer loop
      vertex -15.6 -21.2 17
      vertex -15.5167 -22.8541 17
      vertex -15.355 -21.212 17
    endloop
  endfacet
  facet normal 0 0 1
    outer loop
      vertex -15.6 -21.2 17
      vertex -15.6 -22.85 17
      vertex -15.5167 -22.8541 17
    endloop
  endfacet
  facet normal 0 0 1
    outer loop
      vertex -15.6 -21.2 17
      vertex -15.6833 -22.8541 17
      vertex -15.6 -22.85 17
    endloop
  endfacet
  facet normal -0 0 1
    outer loop
      vertex -15.845 -21.212 17
      vertex -15.6833 -22.8541 17
      vertex -15.6 -21.2 17
    endloop
  endfacet
  facet normal 0 0 1
    outer loop
      vertex -15.6833 -22.8541 17
      vertex -15.845 -21.212 17
      vertex -15.7658 -22.8663 17
    endloop
  endfacet
  facet normal -0 0 1
    outer loop
      vertex -16.0877 -21.248 17
      vertex -15.7658 -22.8663 17
      vertex -15.845 -21.212 17
    endloop
  endfacet
  facet normal 0 0 1
    outer loop
      vertex -15.7658 -22.8663 17
      vertex -16.0877 -21.248 17
      vertex -15.8467 -22.8866 17
    endloop
  endfacet
  facet normal -0 0 1
    outer loop
      vertex -16.3257 -21.3076 17
      vertex -15.8467 -22.8866 17
      vertex -16.0877 -21.248 17
    endloop
  endfacet
  facet normal 0 0 1
    outer loop
      vertex -15.8467 -22.8866 17
      vertex -16.3257 -21.3076 17
      vertex -15.9253 -22.9147 17
    endloop
  endfacet
  facet normal -0 0 1
    outer loop
      vertex -16.5567 -21.3903 17
      vertex -15.9253 -22.9147 17
      vertex -16.3257 -21.3076 17
    endloop
  endfacet
  facet normal 0 0 1
    outer loop
      vertex -15.9253 -22.9147 17
      vertex -16.5567 -21.3903 17
      vertex -16.0007 -22.9504 17
    endloop
  endfacet
  facet normal -0 0 1
    outer loop
      vertex -16.7785 -21.4952 17
      vertex -16.0007 -22.9504 17
      vertex -16.5567 -21.3903 17
    endloop
  endfacet
  facet normal 0 0 1
    outer loop
      vertex -16.0007 -22.9504 17
      vertex -16.7785 -21.4952 17
      vertex -16.0722 -22.9933 17
    endloop
  endfacet
  facet normal -0 0 1
    outer loop
      vertex -16.9889 -21.6213 17
      vertex -16.0722 -22.9933 17
      vertex -16.7785 -21.4952 17
    endloop
  endfacet
  facet normal 0 0 1
    outer loop
      vertex -16.0722 -22.9933 17
      vertex -16.9889 -21.6213 17
      vertex -16.1392 -23.0429 17
    endloop
  endfacet
  facet normal -0 0 1
    outer loop
      vertex -17.186 -21.7675 17
      vertex -16.1392 -23.0429 17
      vertex -16.9889 -21.6213 17
    endloop
  endfacet
  facet normal 0 0 1
    outer loop
      vertex -16.1392 -23.0429 17
      vertex -17.186 -21.7675 17
      vertex -16.201 -23.099 17
    endloop
  endfacet
  facet normal -0 0 1
    outer loop
      vertex -17.3678 -21.9322 17
      vertex -16.201 -23.099 17
      vertex -17.186 -21.7675 17
    endloop
  endfacet
  facet normal 0 0 1
    outer loop
      vertex -16.201 -23.099 17
      vertex -17.3678 -21.9322 17
      vertex -16.2571 -23.1608 17
    endloop
  endfacet
  facet normal -0 0 1
    outer loop
      vertex -17.5325 -22.114 17
      vertex -16.2571 -23.1608 17
      vertex -17.3678 -21.9322 17
    endloop
  endfacet
  facet normal -0 0 1
    outer loop
      vertex -17.6787 -22.3111 17
      vertex -16.3067 -23.2278 17
      vertex -17.5325 -22.114 17
    endloop
  endfacet
  facet normal 0 0 1
    outer loop
      vertex -16.2571 -23.1608 17
      vertex -17.5325 -22.114 17
      vertex -16.3067 -23.2278 17
    endloop
  endfacet
  facet normal 0 0 1
    outer loop
      vertex -13.5213 -25.0889 17
      vertex -14.8933 -24.1722 17
      vertex -13.6675 -25.286 17
    endloop
  endfacet
  facet normal -0 0 1
    outer loop
      vertex -14.9429 -24.2392 17
      vertex -13.6675 -25.286 17
      vertex -14.8933 -24.1722 17
    endloop
  endfacet
  facet normal 0 0 1
    outer loop
      vertex -13.6675 -25.286 17
      vertex -14.9429 -24.2392 17
      vertex -13.8322 -25.4678 17
    endloop
  endfacet
  facet normal -0 0 1
    outer loop
      vertex -14.999 -24.301 17
      vertex -13.8322 -25.4678 17
      vertex -14.9429 -24.2392 17
    endloop
  endfacet
  facet normal 0 0 1
    outer loop
      vertex -13.8322 -25.4678 17
      vertex -14.999 -24.301 17
      vertex -14.014 -25.6325 17
    endloop
  endfacet
  facet normal -0 0 1
    outer loop
      vertex -15.0608 -24.3571 17
      vertex -14.014 -25.6325 17
      vertex -14.999 -24.301 17
    endloop
  endfacet
  facet normal 0 0 1
    outer loop
      vertex -14.014 -25.6325 17
      vertex -15.0608 -24.3571 17
      vertex -14.2111 -25.7787 17
    endloop
  endfacet
  facet normal -0 0 1
    outer loop
      vertex -15.1278 -24.4067 17
      vertex -14.2111 -25.7787 17
      vertex -15.0608 -24.3571 17
    endloop
  endfacet
  facet normal 0 0 1
    outer loop
      vertex -14.2111 -25.7787 17
      vertex -15.1278 -24.4067 17
      vertex -14.4215 -25.9048 17
    endloop
  endfacet
  facet normal -0 0 1
    outer loop
      vertex -15.1993 -24.4496 17
      vertex -14.4215 -25.9048 17
      vertex -15.1278 -24.4067 17
    endloop
  endfacet
  facet normal 0 0 1
    outer loop
      vertex -14.4215 -25.9048 17
      vertex -15.1993 -24.4496 17
      vertex -14.6433 -26.0097 17
    endloop
  endfacet
  facet normal -0 0 1
    outer loop
      vertex -15.2747 -24.4853 17
      vertex -14.6433 -26.0097 17
      vertex -15.1993 -24.4496 17
    endloop
  endfacet
  facet normal 0 0 1
    outer loop
      vertex -14.6433 -26.0097 17
      vertex -15.2747 -24.4853 17
      vertex -14.8743 -26.0924 17
    endloop
  endfacet
  facet normal -0 0 1
    outer loop
      vertex -15.3533 -24.5134 17
      vertex -14.8743 -26.0924 17
      vertex -15.2747 -24.4853 17
    endloop
  endfacet
  facet normal 0 0 1
    outer loop
      vertex -14.8743 -26.0924 17
      vertex -15.3533 -24.5134 17
      vertex -15.1123 -26.152 17
    endloop
  endfacet
  facet normal -0 0 1
    outer loop
      vertex -15.4342 -24.5337 17
      vertex -15.1123 -26.152 17
      vertex -15.3533 -24.5134 17
    endloop
  endfacet
  facet normal 0 0 1
    outer loop
      vertex -15.1123 -26.152 17
      vertex -15.4342 -24.5337 17
      vertex -15.355 -26.188 17
    endloop
  endfacet
  facet normal -0 0 1
    outer loop
      vertex -15.5167 -24.5459 17
      vertex -15.355 -26.188 17
      vertex -15.4342 -24.5337 17
    endloop
  endfacet
  facet normal -0 0 1
    outer loop
      vertex -15.6 -24.55 17
      vertex -15.355 -26.188 17
      vertex -15.5167 -24.5459 17
    endloop
  endfacet
  facet normal 0 0 1
    outer loop
      vertex -15.6 -24.55 17
      vertex -15.6 -26.2 17
      vertex -15.355 -26.188 17
    endloop
  endfacet
  facet normal 0 0 1
    outer loop
      vertex -15.6833 -24.5459 17
      vertex -15.6 -26.2 17
      vertex -15.6 -24.55 17
    endloop
  endfacet
  facet normal 0 0 1
    outer loop
      vertex -15.845 -26.188 17
      vertex -15.6833 -24.5459 17
      vertex -15.7658 -24.5337 17
    endloop
  endfacet
  facet normal 0 0 1
    outer loop
      vertex -15.6833 -24.5459 17
      vertex -15.845 -26.188 17
      vertex -15.6 -26.2 17
    endloop
  endfacet
  facet normal 0 0 1
    outer loop
      vertex -16.0877 -26.152 17
      vertex -15.7658 -24.5337 17
      vertex -15.8467 -24.5134 17
    endloop
  endfacet
  facet normal 0 0 1
    outer loop
      vertex -16.3257 -26.0924 17
      vertex -15.8467 -24.5134 17
      vertex -15.9253 -24.4853 17
    endloop
  endfacet
  facet normal 0 0 1
    outer loop
      vertex -16.5567 -26.0097 17
      vertex -15.9253 -24.4853 17
      vertex -16.0007 -24.4496 17
    endloop
  endfacet
  facet normal 0 0 1
    outer loop
      vertex -16.7785 -25.9048 17
      vertex -16.0007 -24.4496 17
      vertex -16.0722 -24.4067 17
    endloop
  endfacet
  facet normal 0 0 1
    outer loop
      vertex -15.7658 -24.5337 17
      vertex -16.0877 -26.152 17
      vertex -15.845 -26.188 17
    endloop
  endfacet
  facet normal 0 0 1
    outer loop
      vertex -16.9889 -25.7787 17
      vertex -16.0722 -24.4067 17
      vertex -16.1392 -24.3571 17
    endloop
  endfacet
  facet normal 0 0 1
    outer loop
      vertex -17.186 -25.6325 17
      vertex -16.1392 -24.3571 17
      vertex -16.201 -24.301 17
    endloop
  endfacet
  facet normal 0 0 1
    outer loop
      vertex -17.3678 -25.4678 17
      vertex -16.201 -24.301 17
      vertex -16.2571 -24.2392 17
    endloop
  endfacet
  facet normal 0 0 1
    outer loop
      vertex -17.5325 -25.286 17
      vertex -16.2571 -24.2392 17
      vertex -16.3067 -24.1722 17
    endloop
  endfacet
  facet normal 0 0 1
    outer loop
      vertex -15.8467 -24.5134 17
      vertex -16.3257 -26.0924 17
      vertex -16.0877 -26.152 17
    endloop
  endfacet
  facet normal 0 0 1
    outer loop
      vertex -17.6787 -25.0889 17
      vertex -16.3067 -24.1722 17
      vertex -16.3496 -24.1007 17
    endloop
  endfacet
  facet normal 0 0 1
    outer loop
      vertex -17.8048 -24.8785 17
      vertex -16.3496 -24.1007 17
      vertex -16.3853 -24.0253 17
    endloop
  endfacet
  facet normal 0 0 1
    outer loop
      vertex -17.9097 -24.6567 17
      vertex -16.3853 -24.0253 17
      vertex -16.4134 -23.9467 17
    endloop
  endfacet
  facet normal 0 0 1
    outer loop
      vertex -17.9923 -24.4257 17
      vertex -16.4134 -23.9467 17
      vertex -16.4337 -23.8658 17
    endloop
  endfacet
  facet normal 0 0 1
    outer loop
      vertex -18.052 -24.1877 17
      vertex -16.4337 -23.8658 17
      vertex -16.4459 -23.7833 17
    endloop
  endfacet
  facet normal 0 0 1
    outer loop
      vertex -15.9253 -24.4853 17
      vertex -16.5567 -26.0097 17
      vertex -16.3257 -26.0924 17
    endloop
  endfacet
  facet normal 0 0 1
    outer loop
      vertex -18.088 -23.945 17
      vertex -16.4459 -23.7833 17
      vertex -16.45 -23.7 17
    endloop
  endfacet
  facet normal 0 0 1
    outer loop
      vertex -16.3067 -23.2278 17
      vertex -17.6787 -22.3111 17
      vertex -16.3496 -23.2993 17
    endloop
  endfacet
  facet normal -0 0 1
    outer loop
      vertex -17.8048 -22.5215 17
      vertex -16.3496 -23.2993 17
      vertex -17.6787 -22.3111 17
    endloop
  endfacet
  facet normal 0 0 1
    outer loop
      vertex -16.0007 -24.4496 17
      vertex -16.7785 -25.9048 17
      vertex -16.5567 -26.0097 17
    endloop
  endfacet
  facet normal 0 0 1
    outer loop
      vertex -16.3496 -23.2993 17
      vertex -17.8048 -22.5215 17
      vertex -16.3853 -23.3747 17
    endloop
  endfacet
  facet normal 0 0 1
    outer loop
      vertex -16.0722 -24.4067 17
      vertex -16.9889 -25.7787 17
      vertex -16.7785 -25.9048 17
    endloop
  endfacet
  facet normal -0 0 1
    outer loop
      vertex -17.9097 -22.7433 17
      vertex -16.3853 -23.3747 17
      vertex -17.8048 -22.5215 17
    endloop
  endfacet
  facet normal 0 0 1
    outer loop
      vertex -16.1392 -24.3571 17
      vertex -17.186 -25.6325 17
      vertex -16.9889 -25.7787 17
    endloop
  endfacet
  facet normal 0 0 1
    outer loop
      vertex -16.3853 -23.3747 17
      vertex -17.9097 -22.7433 17
      vertex -16.4134 -23.4533 17
    endloop
  endfacet
  facet normal 0 0 1
    outer loop
      vertex -16.201 -24.301 17
      vertex -17.3678 -25.4678 17
      vertex -17.186 -25.6325 17
    endloop
  endfacet
  facet normal -0 0 1
    outer loop
      vertex -17.9923 -22.9743 17
      vertex -16.4134 -23.4533 17
      vertex -17.9097 -22.7433 17
    endloop
  endfacet
  facet normal 0 0 1
    outer loop
      vertex -16.2571 -24.2392 17
      vertex -17.5325 -25.286 17
      vertex -17.3678 -25.4678 17
    endloop
  endfacet
  facet normal 0 0 1
    outer loop
      vertex -16.4134 -23.4533 17
      vertex -17.9923 -22.9743 17
      vertex -16.4337 -23.5342 17
    endloop
  endfacet
  facet normal 0 0 1
    outer loop
      vertex -16.3067 -24.1722 17
      vertex -17.6787 -25.0889 17
      vertex -17.5325 -25.286 17
    endloop
  endfacet
  facet normal -0 0 1
    outer loop
      vertex -18.052 -23.2123 17
      vertex -16.4337 -23.5342 17
      vertex -17.9923 -22.9743 17
    endloop
  endfacet
  facet normal 0 0 1
    outer loop
      vertex -16.3496 -24.1007 17
      vertex -17.8048 -24.8785 17
      vertex -17.6787 -25.0889 17
    endloop
  endfacet
  facet normal 0 0 1
    outer loop
      vertex -16.4337 -23.5342 17
      vertex -18.052 -23.2123 17
      vertex -16.4459 -23.6167 17
    endloop
  endfacet
  facet normal 0 0 1
    outer loop
      vertex -16.3853 -24.0253 17
      vertex -17.9097 -24.6567 17
      vertex -17.8048 -24.8785 17
    endloop
  endfacet
  facet normal -0 0 1
    outer loop
      vertex -18.088 -23.455 17
      vertex -16.4459 -23.6167 17
      vertex -18.052 -23.2123 17
    endloop
  endfacet
  facet normal 0 0 1
    outer loop
      vertex -16.4134 -23.9467 17
      vertex -17.9923 -24.4257 17
      vertex -17.9097 -24.6567 17
    endloop
  endfacet
  facet normal 0 0 1
    outer loop
      vertex -16.4459 -23.6167 17
      vertex -18.088 -23.455 17
      vertex -16.45 -23.7 17
    endloop
  endfacet
  facet normal 0 0 1
    outer loop
      vertex -16.4337 -23.8658 17
      vertex -18.052 -24.1877 17
      vertex -17.9923 -24.4257 17
    endloop
  endfacet
  facet normal 0 0 1
    outer loop
      vertex -18.1 -23.7 17
      vertex -16.45 -23.7 17
      vertex -18.088 -23.455 17
    endloop
  endfacet
  facet normal 0 0 1
    outer loop
      vertex -16.4459 -23.7833 17
      vertex -18.088 -23.945 17
      vertex -18.052 -24.1877 17
    endloop
  endfacet
  facet normal 0 0 1
    outer loop
      vertex -16.45 -23.7 17
      vertex -18.1 -23.7 17
      vertex -18.088 -23.945 17
    endloop
  endfacet
  facet normal -0.989242 -0.146288 0
    outer loop
      vertex -14.7541 -23.6167 13
      vertex -14.7663 -23.5342 17
      vertex -14.7663 -23.5342 13
    endloop
  endfacet
  facet normal -0.989242 -0.146288 0
    outer loop
      vertex -14.7663 -23.5342 17
      vertex -14.7541 -23.6167 13
      vertex -14.7541 -23.6167 17
    endloop
  endfacet
  facet normal -0.998791 -0.0491602 0
    outer loop
      vertex -14.75 -23.7 13
      vertex -14.7541 -23.6167 17
      vertex -14.7541 -23.6167 13
    endloop
  endfacet
  facet normal -0.998791 -0.0491602 0
    outer loop
      vertex -14.7541 -23.6167 17
      vertex -14.75 -23.7 13
      vertex -14.75 -23.7 17
    endloop
  endfacet
  facet normal -0.969931 -0.243382 0
    outer loop
      vertex -14.7663 -23.5342 13
      vertex -14.7866 -23.4533 17
      vertex -14.7866 -23.4533 13
    endloop
  endfacet
  facet normal -0.969931 -0.243382 0
    outer loop
      vertex -14.7866 -23.4533 17
      vertex -14.7663 -23.5342 13
      vertex -14.7663 -23.5342 17
    endloop
  endfacet
  facet normal -0.427932 0.903811 0
    outer loop
      vertex -15.1993 -24.4496 13
      vertex -15.2747 -24.4853 17
      vertex -15.1993 -24.4496 17
    endloop
  endfacet
  facet normal -0.427932 0.903811 0
    outer loop
      vertex -15.2747 -24.4853 17
      vertex -15.1993 -24.4496 13
      vertex -15.2747 -24.4853 13
    endloop
  endfacet
  facet normal 0.0491602 -0.998791 0
    outer loop
      vertex -15.6833 -22.8541 13
      vertex -15.6 -22.85 17
      vertex -15.6833 -22.8541 17
    endloop
  endfacet
  facet normal 0.0491602 -0.998791 0
    outer loop
      vertex -15.6 -22.85 17
      vertex -15.6833 -22.8541 13
      vertex -15.6 -22.85 13
    endloop
  endfacet
  facet normal 0.427932 -0.903811 0
    outer loop
      vertex -16.0007 -22.9504 13
      vertex -15.9253 -22.9147 17
      vertex -16.0007 -22.9504 17
    endloop
  endfacet
  facet normal 0.427932 -0.903811 0
    outer loop
      vertex -15.9253 -22.9147 17
      vertex -16.0007 -22.9504 13
      vertex -15.9253 -22.9147 13
    endloop
  endfacet
  facet normal -0.740428 -0.672136 0
    outer loop
      vertex -14.9429 -23.1608 13
      vertex -14.999 -23.099 17
      vertex -14.999 -23.099 13
    endloop
  endfacet
  facet normal -0.740428 -0.672136 0
    outer loop
      vertex -14.999 -23.099 17
      vertex -14.9429 -23.1608 13
      vertex -14.9429 -23.1608 17
    endloop
  endfacet
  facet normal 0.146288 0.989242 -0
    outer loop
      vertex -15.6833 -24.5459 13
      vertex -15.7658 -24.5337 17
      vertex -15.6833 -24.5459 17
    endloop
  endfacet
  facet normal 0.146288 0.989242 0
    outer loop
      vertex -15.7658 -24.5337 17
      vertex -15.6833 -24.5459 13
      vertex -15.7658 -24.5337 13
    endloop
  endfacet
  facet normal -0.427932 -0.903811 0
    outer loop
      vertex -15.2747 -22.9147 13
      vertex -15.1993 -22.9504 17
      vertex -15.2747 -22.9147 17
    endloop
  endfacet
  facet normal -0.427932 -0.903811 -0
    outer loop
      vertex -15.1993 -22.9504 17
      vertex -15.2747 -22.9147 13
      vertex -15.1993 -22.9504 13
    endloop
  endfacet
  facet normal 0.146288 -0.989242 0
    outer loop
      vertex -15.7658 -22.8663 13
      vertex -15.6833 -22.8541 17
      vertex -15.7658 -22.8663 17
    endloop
  endfacet
  facet normal 0.146288 -0.989242 0
    outer loop
      vertex -15.6833 -22.8541 17
      vertex -15.7658 -22.8663 13
      vertex -15.6833 -22.8541 13
    endloop
  endfacet
  facet normal -0.243382 0.969931 0
    outer loop
      vertex -15.3533 -24.5134 13
      vertex -15.4342 -24.5337 17
      vertex -15.3533 -24.5134 17
    endloop
  endfacet
  facet normal -0.243382 0.969931 0
    outer loop
      vertex -15.4342 -24.5337 17
      vertex -15.3533 -24.5134 13
      vertex -15.4342 -24.5337 13
    endloop
  endfacet
  facet normal 0.594998 -0.803727 0
    outer loop
      vertex -16.1392 -23.0429 13
      vertex -16.0722 -22.9933 17
      vertex -16.1392 -23.0429 17
    endloop
  endfacet
  facet normal 0.594998 -0.803727 0
    outer loop
      vertex -16.0722 -22.9933 17
      vertex -16.1392 -23.0429 13
      vertex -16.0722 -22.9933 13
    endloop
  endfacet
  facet normal 0.903811 -0.427932 0
    outer loop
      vertex -16.3853 -23.3747 17
      vertex -16.3496 -23.2993 13
      vertex -16.3496 -23.2993 17
    endloop
  endfacet
  facet normal 0.903811 -0.427932 0
    outer loop
      vertex -16.3496 -23.2993 13
      vertex -16.3853 -23.3747 17
      vertex -16.3853 -23.3747 13
    endloop
  endfacet
  facet normal 0.427932 0.903811 -0
    outer loop
      vertex -15.9253 -24.4853 13
      vertex -16.0007 -24.4496 17
      vertex -15.9253 -24.4853 17
    endloop
  endfacet
  facet normal 0.427932 0.903811 0
    outer loop
      vertex -16.0007 -24.4496 17
      vertex -15.9253 -24.4853 13
      vertex -16.0007 -24.4496 13
    endloop
  endfacet
  facet normal -0.33664 0.941633 0
    outer loop
      vertex -15.2747 -24.4853 13
      vertex -15.3533 -24.5134 17
      vertex -15.2747 -24.4853 17
    endloop
  endfacet
  facet normal -0.33664 0.941633 0
    outer loop
      vertex -15.3533 -24.5134 17
      vertex -15.2747 -24.4853 13
      vertex -15.3533 -24.5134 13
    endloop
  endfacet
  facet normal 0.594998 0.803727 -0
    outer loop
      vertex -16.0722 -24.4067 13
      vertex -16.1392 -24.3571 17
      vertex -16.0722 -24.4067 17
    endloop
  endfacet
  facet normal 0.594998 0.803727 0
    outer loop
      vertex -16.1392 -24.3571 17
      vertex -16.0722 -24.4067 13
      vertex -16.1392 -24.3571 13
    endloop
  endfacet
  facet normal 0.903811 0.427932 0
    outer loop
      vertex -16.3496 -24.1007 17
      vertex -16.3853 -24.0253 13
      vertex -16.3853 -24.0253 17
    endloop
  endfacet
  facet normal 0.903811 0.427932 0
    outer loop
      vertex -16.3853 -24.0253 13
      vertex -16.3496 -24.1007 17
      vertex -16.3496 -24.1007 13
    endloop
  endfacet
  facet normal -0.514496 -0.857493 0
    outer loop
      vertex -15.1993 -22.9504 13
      vertex -15.1278 -22.9933 17
      vertex -15.1993 -22.9504 17
    endloop
  endfacet
  facet normal -0.514496 -0.857493 -0
    outer loop
      vertex -15.1278 -22.9933 17
      vertex -15.1993 -22.9504 13
      vertex -15.1278 -22.9933 13
    endloop
  endfacet
  facet normal -0.594998 0.803727 0
    outer loop
      vertex -15.0608 -24.3571 13
      vertex -15.1278 -24.4067 17
      vertex -15.0608 -24.3571 17
    endloop
  endfacet
  facet normal -0.594998 0.803727 0
    outer loop
      vertex -15.1278 -24.4067 17
      vertex -15.0608 -24.3571 13
      vertex -15.1278 -24.4067 13
    endloop
  endfacet
  facet normal 0.998791 0.0491602 0
    outer loop
      vertex -16.4459 -23.7833 17
      vertex -16.45 -23.7 13
      vertex -16.45 -23.7 17
    endloop
  endfacet
  facet normal 0.998791 0.0491602 0
    outer loop
      vertex -16.45 -23.7 13
      vertex -16.4459 -23.7833 17
      vertex -16.4459 -23.7833 13
    endloop
  endfacet
  facet normal -0.594998 -0.803727 0
    outer loop
      vertex -15.1278 -22.9933 13
      vertex -15.0608 -23.0429 17
      vertex -15.1278 -22.9933 17
    endloop
  endfacet
  facet normal -0.594998 -0.803727 -0
    outer loop
      vertex -15.0608 -23.0429 17
      vertex -15.1278 -22.9933 13
      vertex -15.0608 -23.0429 13
    endloop
  endfacet
  facet normal -0.969931 0.243382 0
    outer loop
      vertex -14.7866 -23.9467 13
      vertex -14.7663 -23.8658 17
      vertex -14.7663 -23.8658 13
    endloop
  endfacet
  facet normal -0.969931 0.243382 0
    outer loop
      vertex -14.7663 -23.8658 17
      vertex -14.7866 -23.9467 13
      vertex -14.7866 -23.9467 17
    endloop
  endfacet
  facet normal 0.514496 -0.857493 0
    outer loop
      vertex -16.0722 -22.9933 13
      vertex -16.0007 -22.9504 17
      vertex -16.0722 -22.9933 17
    endloop
  endfacet
  facet normal 0.514496 -0.857493 0
    outer loop
      vertex -16.0007 -22.9504 17
      vertex -16.0722 -22.9933 13
      vertex -16.0007 -22.9504 13
    endloop
  endfacet
  facet normal 0.941633 0.33664 0
    outer loop
      vertex -16.3853 -24.0253 17
      vertex -16.4134 -23.9467 13
      vertex -16.4134 -23.9467 17
    endloop
  endfacet
  facet normal 0.941633 0.33664 0
    outer loop
      vertex -16.4134 -23.9467 13
      vertex -16.3853 -24.0253 17
      vertex -16.3853 -24.0253 13
    endloop
  endfacet
  facet normal -0.243382 -0.969931 0
    outer loop
      vertex -15.4342 -22.8663 13
      vertex -15.3533 -22.8866 17
      vertex -15.4342 -22.8663 17
    endloop
  endfacet
  facet normal -0.243382 -0.969931 -0
    outer loop
      vertex -15.3533 -22.8866 17
      vertex -15.4342 -22.8663 13
      vertex -15.3533 -22.8866 13
    endloop
  endfacet
  facet normal 0.740428 -0.672136 0
    outer loop
      vertex -16.2571 -23.1608 17
      vertex -16.201 -23.099 13
      vertex -16.201 -23.099 17
    endloop
  endfacet
  facet normal 0.740428 -0.672136 0
    outer loop
      vertex -16.201 -23.099 13
      vertex -16.2571 -23.1608 17
      vertex -16.2571 -23.1608 13
    endloop
  endfacet
  facet normal -0.0491602 0.998791 0
    outer loop
      vertex -15.5167 -24.5459 13
      vertex -15.6 -24.55 17
      vertex -15.5167 -24.5459 17
    endloop
  endfacet
  facet normal -0.0491602 0.998791 0
    outer loop
      vertex -15.6 -24.55 17
      vertex -15.5167 -24.5459 13
      vertex -15.6 -24.55 13
    endloop
  endfacet
  facet normal -0.803727 -0.594998 0
    outer loop
      vertex -14.8933 -23.2278 13
      vertex -14.9429 -23.1608 17
      vertex -14.9429 -23.1608 13
    endloop
  endfacet
  facet normal -0.803727 -0.594998 0
    outer loop
      vertex -14.9429 -23.1608 17
      vertex -14.8933 -23.2278 13
      vertex -14.8933 -23.2278 17
    endloop
  endfacet
  facet normal 0.969931 0.243382 0
    outer loop
      vertex -16.4134 -23.9467 17
      vertex -16.4337 -23.8658 13
      vertex -16.4337 -23.8658 17
    endloop
  endfacet
  facet normal 0.969931 0.243382 0
    outer loop
      vertex -16.4337 -23.8658 13
      vertex -16.4134 -23.9467 17
      vertex -16.4134 -23.9467 13
    endloop
  endfacet
  facet normal -0.989242 0.146288 0
    outer loop
      vertex -14.7663 -23.8658 13
      vertex -14.7541 -23.7833 17
      vertex -14.7541 -23.7833 13
    endloop
  endfacet
  facet normal -0.989242 0.146288 0
    outer loop
      vertex -14.7541 -23.7833 17
      vertex -14.7663 -23.8658 13
      vertex -14.7663 -23.8658 17
    endloop
  endfacet
  facet normal -0.514496 0.857493 0
    outer loop
      vertex -15.1278 -24.4067 13
      vertex -15.1993 -24.4496 17
      vertex -15.1278 -24.4067 17
    endloop
  endfacet
  facet normal -0.514496 0.857493 0
    outer loop
      vertex -15.1993 -24.4496 17
      vertex -15.1278 -24.4067 13
      vertex -15.1993 -24.4496 13
    endloop
  endfacet
  facet normal 0.941633 -0.33664 0
    outer loop
      vertex -16.4134 -23.4533 17
      vertex -16.3853 -23.3747 13
      vertex -16.3853 -23.3747 17
    endloop
  endfacet
  facet normal 0.941633 -0.33664 0
    outer loop
      vertex -16.3853 -23.3747 13
      vertex -16.4134 -23.4533 17
      vertex -16.4134 -23.4533 13
    endloop
  endfacet
  facet normal -0.672136 -0.740428 0
    outer loop
      vertex -15.0608 -23.0429 13
      vertex -14.999 -23.099 17
      vertex -15.0608 -23.0429 17
    endloop
  endfacet
  facet normal -0.672136 -0.740428 -0
    outer loop
      vertex -14.999 -23.099 17
      vertex -15.0608 -23.0429 13
      vertex -14.999 -23.099 13
    endloop
  endfacet
  facet normal 0.989242 -0.146288 0
    outer loop
      vertex -16.4459 -23.6167 17
      vertex -16.4337 -23.5342 13
      vertex -16.4337 -23.5342 17
    endloop
  endfacet
  facet normal 0.989242 -0.146288 0
    outer loop
      vertex -16.4337 -23.5342 13
      vertex -16.4459 -23.6167 17
      vertex -16.4459 -23.6167 13
    endloop
  endfacet
  facet normal -0.903811 0.427932 0
    outer loop
      vertex -14.8504 -24.1007 13
      vertex -14.8147 -24.0253 17
      vertex -14.8147 -24.0253 13
    endloop
  endfacet
  facet normal -0.903811 0.427932 0
    outer loop
      vertex -14.8147 -24.0253 17
      vertex -14.8504 -24.1007 13
      vertex -14.8504 -24.1007 17
    endloop
  endfacet
  facet normal -0.998791 0.0491602 0
    outer loop
      vertex -14.7541 -23.7833 13
      vertex -14.75 -23.7 17
      vertex -14.75 -23.7 13
    endloop
  endfacet
  facet normal -0.998791 0.0491602 0
    outer loop
      vertex -14.75 -23.7 17
      vertex -14.7541 -23.7833 13
      vertex -14.7541 -23.7833 17
    endloop
  endfacet
  facet normal -0.146288 0.989242 0
    outer loop
      vertex -15.4342 -24.5337 13
      vertex -15.5167 -24.5459 17
      vertex -15.4342 -24.5337 17
    endloop
  endfacet
  facet normal -0.146288 0.989242 0
    outer loop
      vertex -15.5167 -24.5459 17
      vertex -15.4342 -24.5337 13
      vertex -15.5167 -24.5459 13
    endloop
  endfacet
  facet normal -0.941633 -0.33664 0
    outer loop
      vertex -14.7866 -23.4533 13
      vertex -14.8147 -23.3747 17
      vertex -14.8147 -23.3747 13
    endloop
  endfacet
  facet normal -0.941633 -0.33664 0
    outer loop
      vertex -14.8147 -23.3747 17
      vertex -14.7866 -23.4533 13
      vertex -14.7866 -23.4533 17
    endloop
  endfacet
  facet normal -0.803727 0.594998 0
    outer loop
      vertex -14.9429 -24.2392 13
      vertex -14.8933 -24.1722 17
      vertex -14.8933 -24.1722 13
    endloop
  endfacet
  facet normal -0.803727 0.594998 0
    outer loop
      vertex -14.8933 -24.1722 17
      vertex -14.9429 -24.2392 13
      vertex -14.9429 -24.2392 17
    endloop
  endfacet
  facet normal -0.857493 0.514496 0
    outer loop
      vertex -14.8933 -24.1722 13
      vertex -14.8504 -24.1007 17
      vertex -14.8504 -24.1007 13
    endloop
  endfacet
  facet normal -0.857493 0.514496 0
    outer loop
      vertex -14.8504 -24.1007 17
      vertex -14.8933 -24.1722 13
      vertex -14.8933 -24.1722 17
    endloop
  endfacet
  facet normal 0.243382 -0.969931 0
    outer loop
      vertex -15.8467 -22.8866 13
      vertex -15.7658 -22.8663 17
      vertex -15.8467 -22.8866 17
    endloop
  endfacet
  facet normal 0.243382 -0.969931 0
    outer loop
      vertex -15.7658 -22.8663 17
      vertex -15.8467 -22.8866 13
      vertex -15.7658 -22.8663 13
    endloop
  endfacet
  facet normal -0.941633 0.33664 0
    outer loop
      vertex -14.8147 -24.0253 13
      vertex -14.7866 -23.9467 17
      vertex -14.7866 -23.9467 13
    endloop
  endfacet
  facet normal -0.941633 0.33664 0
    outer loop
      vertex -14.7866 -23.9467 17
      vertex -14.8147 -24.0253 13
      vertex -14.8147 -24.0253 17
    endloop
  endfacet
  facet normal -0.0491602 -0.998791 0
    outer loop
      vertex -15.6 -22.85 13
      vertex -15.5167 -22.8541 17
      vertex -15.6 -22.85 17
    endloop
  endfacet
  facet normal -0.0491602 -0.998791 -0
    outer loop
      vertex -15.5167 -22.8541 17
      vertex -15.6 -22.85 13
      vertex -15.5167 -22.8541 13
    endloop
  endfacet
  facet normal -0.903811 -0.427932 0
    outer loop
      vertex -14.8147 -23.3747 13
      vertex -14.8504 -23.2993 17
      vertex -14.8504 -23.2993 13
    endloop
  endfacet
  facet normal -0.903811 -0.427932 0
    outer loop
      vertex -14.8504 -23.2993 17
      vertex -14.8147 -23.3747 13
      vertex -14.8147 -23.3747 17
    endloop
  endfacet
  facet normal -0.146288 -0.989242 0
    outer loop
      vertex -15.5167 -22.8541 13
      vertex -15.4342 -22.8663 17
      vertex -15.5167 -22.8541 17
    endloop
  endfacet
  facet normal -0.146288 -0.989242 -0
    outer loop
      vertex -15.4342 -22.8663 17
      vertex -15.5167 -22.8541 13
      vertex -15.4342 -22.8663 13
    endloop
  endfacet
  facet normal 0.243382 0.969931 -0
    outer loop
      vertex -15.7658 -24.5337 13
      vertex -15.8467 -24.5134 17
      vertex -15.7658 -24.5337 17
    endloop
  endfacet
  facet normal 0.243382 0.969931 0
    outer loop
      vertex -15.8467 -24.5134 17
      vertex -15.7658 -24.5337 13
      vertex -15.8467 -24.5134 13
    endloop
  endfacet
  facet normal 0.857493 0.514496 0
    outer loop
      vertex -16.3067 -24.1722 17
      vertex -16.3496 -24.1007 13
      vertex -16.3496 -24.1007 17
    endloop
  endfacet
  facet normal 0.857493 0.514496 0
    outer loop
      vertex -16.3496 -24.1007 13
      vertex -16.3067 -24.1722 17
      vertex -16.3067 -24.1722 13
    endloop
  endfacet
  facet normal -0.857493 -0.514496 0
    outer loop
      vertex -14.8504 -23.2993 13
      vertex -14.8933 -23.2278 17
      vertex -14.8933 -23.2278 13
    endloop
  endfacet
  facet normal -0.857493 -0.514496 0
    outer loop
      vertex -14.8933 -23.2278 17
      vertex -14.8504 -23.2993 13
      vertex -14.8504 -23.2993 17
    endloop
  endfacet
  facet normal 0.33664 -0.941633 0
    outer loop
      vertex -15.9253 -22.9147 13
      vertex -15.8467 -22.8866 17
      vertex -15.9253 -22.9147 17
    endloop
  endfacet
  facet normal 0.33664 -0.941633 0
    outer loop
      vertex -15.8467 -22.8866 17
      vertex -15.9253 -22.9147 13
      vertex -15.8467 -22.8866 13
    endloop
  endfacet
  facet normal 0.740428 0.672136 0
    outer loop
      vertex -16.201 -24.301 17
      vertex -16.2571 -24.2392 13
      vertex -16.2571 -24.2392 17
    endloop
  endfacet
  facet normal 0.740428 0.672136 0
    outer loop
      vertex -16.2571 -24.2392 13
      vertex -16.201 -24.301 17
      vertex -16.201 -24.301 13
    endloop
  endfacet
  facet normal 0.672136 -0.740428 0
    outer loop
      vertex -16.201 -23.099 13
      vertex -16.1392 -23.0429 17
      vertex -16.201 -23.099 17
    endloop
  endfacet
  facet normal 0.672136 -0.740428 0
    outer loop
      vertex -16.1392 -23.0429 17
      vertex -16.201 -23.099 13
      vertex -16.1392 -23.0429 13
    endloop
  endfacet
  facet normal -0.33664 -0.941633 0
    outer loop
      vertex -15.3533 -22.8866 13
      vertex -15.2747 -22.9147 17
      vertex -15.3533 -22.8866 17
    endloop
  endfacet
  facet normal -0.33664 -0.941633 -0
    outer loop
      vertex -15.2747 -22.9147 17
      vertex -15.3533 -22.8866 13
      vertex -15.2747 -22.9147 13
    endloop
  endfacet
  facet normal 0.514496 0.857493 -0
    outer loop
      vertex -16.0007 -24.4496 13
      vertex -16.0722 -24.4067 17
      vertex -16.0007 -24.4496 17
    endloop
  endfacet
  facet normal 0.514496 0.857493 0
    outer loop
      vertex -16.0722 -24.4067 17
      vertex -16.0007 -24.4496 13
      vertex -16.0722 -24.4067 13
    endloop
  endfacet
  facet normal 0.969931 -0.243382 0
    outer loop
      vertex -16.4337 -23.5342 17
      vertex -16.4134 -23.4533 13
      vertex -16.4134 -23.4533 17
    endloop
  endfacet
  facet normal 0.969931 -0.243382 0
    outer loop
      vertex -16.4134 -23.4533 13
      vertex -16.4337 -23.5342 17
      vertex -16.4337 -23.5342 13
    endloop
  endfacet
  facet normal 0.803727 0.594998 0
    outer loop
      vertex -16.2571 -24.2392 17
      vertex -16.3067 -24.1722 13
      vertex -16.3067 -24.1722 17
    endloop
  endfacet
  facet normal 0.803727 0.594998 0
    outer loop
      vertex -16.3067 -24.1722 13
      vertex -16.2571 -24.2392 17
      vertex -16.2571 -24.2392 13
    endloop
  endfacet
  facet normal 0.989242 0.146288 0
    outer loop
      vertex -16.4337 -23.8658 17
      vertex -16.4459 -23.7833 13
      vertex -16.4459 -23.7833 17
    endloop
  endfacet
  facet normal 0.989242 0.146288 0
    outer loop
      vertex -16.4459 -23.7833 13
      vertex -16.4337 -23.8658 17
      vertex -16.4337 -23.8658 13
    endloop
  endfacet
  facet normal 0.672136 0.740428 -0
    outer loop
      vertex -16.1392 -24.3571 13
      vertex -16.201 -24.301 17
      vertex -16.1392 -24.3571 17
    endloop
  endfacet
  facet normal 0.672136 0.740428 0
    outer loop
      vertex -16.201 -24.301 17
      vertex -16.1392 -24.3571 13
      vertex -16.201 -24.301 13
    endloop
  endfacet
  facet normal 0.803727 -0.594998 0
    outer loop
      vertex -16.3067 -23.2278 17
      vertex -16.2571 -23.1608 13
      vertex -16.2571 -23.1608 17
    endloop
  endfacet
  facet normal 0.803727 -0.594998 0
    outer loop
      vertex -16.2571 -23.1608 13
      vertex -16.3067 -23.2278 17
      vertex -16.3067 -23.2278 13
    endloop
  endfacet
  facet normal 0.857493 -0.514496 0
    outer loop
      vertex -16.3496 -23.2993 17
      vertex -16.3067 -23.2278 13
      vertex -16.3067 -23.2278 17
    endloop
  endfacet
  facet normal 0.857493 -0.514496 0
    outer loop
      vertex -16.3067 -23.2278 13
      vertex -16.3496 -23.2993 17
      vertex -16.3496 -23.2993 13
    endloop
  endfacet
  facet normal 0.0491602 0.998791 -0
    outer loop
      vertex -15.6 -24.55 13
      vertex -15.6833 -24.5459 17
      vertex -15.6 -24.55 17
    endloop
  endfacet
  facet normal 0.0491602 0.998791 0
    outer loop
      vertex -15.6833 -24.5459 17
      vertex -15.6 -24.55 13
      vertex -15.6833 -24.5459 13
    endloop
  endfacet
  facet normal 0.998791 -0.0491602 0
    outer loop
      vertex -16.45 -23.7 17
      vertex -16.4459 -23.6167 13
      vertex -16.4459 -23.6167 17
    endloop
  endfacet
  facet normal 0.998791 -0.0491602 0
    outer loop
      vertex -16.4459 -23.6167 13
      vertex -16.45 -23.7 17
      vertex -16.45 -23.7 13
    endloop
  endfacet
  facet normal 0.33664 0.941633 -0
    outer loop
      vertex -15.8467 -24.5134 13
      vertex -15.9253 -24.4853 17
      vertex -15.8467 -24.5134 17
    endloop
  endfacet
  facet normal 0.33664 0.941633 0
    outer loop
      vertex -15.9253 -24.4853 17
      vertex -15.8467 -24.5134 13
      vertex -15.9253 -24.4853 13
    endloop
  endfacet
  facet normal -0.740428 0.672136 0
    outer loop
      vertex -14.999 -24.301 13
      vertex -14.9429 -24.2392 17
      vertex -14.9429 -24.2392 13
    endloop
  endfacet
  facet normal -0.740428 0.672136 0
    outer loop
      vertex -14.9429 -24.2392 17
      vertex -14.999 -24.301 13
      vertex -14.999 -24.301 17
    endloop
  endfacet
  facet normal -0.672136 0.740428 0
    outer loop
      vertex -14.999 -24.301 13
      vertex -15.0608 -24.3571 17
      vertex -14.999 -24.301 17
    endloop
  endfacet
  facet normal -0.672136 0.740428 0
    outer loop
      vertex -15.0608 -24.3571 17
      vertex -14.999 -24.301 13
      vertex -15.0608 -24.3571 13
    endloop
  endfacet
  facet normal 0.857745 -0.514076 0
    outer loop
      vertex -13.5213 -13.6889 17
      vertex -13.3952 -13.4785 13
      vertex -13.3952 -13.4785 17
    endloop
  endfacet
  facet normal 0.857745 -0.514076 0
    outer loop
      vertex -13.3952 -13.4785 13
      vertex -13.5213 -13.6889 17
      vertex -13.5213 -13.6889 13
    endloop
  endfacet
  facet normal 0.989177 0.146726 0
    outer loop
      vertex -13.112 -12.055 17
      vertex -13.148 -11.8123 13
      vertex -13.148 -11.8123 17
    endloop
  endfacet
  facet normal 0.989177 0.146726 0
    outer loop
      vertex -13.148 -11.8123 13
      vertex -13.112 -12.055 17
      vertex -13.112 -12.055 13
    endloop
  endfacet
  facet normal 0.998803 0.0489209 0
    outer loop
      vertex -13.1 -12.3 17
      vertex -13.112 -12.055 13
      vertex -13.112 -12.055 17
    endloop
  endfacet
  facet normal 0.998803 0.0489209 0
    outer loop
      vertex -13.112 -12.055 13
      vertex -13.1 -12.3 17
      vertex -13.1 -12.3 13
    endloop
  endfacet
  facet normal 0.96995 0.243303 0
    outer loop
      vertex -13.148 -11.8123 17
      vertex -13.2077 -11.5743 13
      vertex -13.2077 -11.5743 17
    endloop
  endfacet
  facet normal 0.96995 0.243303 0
    outer loop
      vertex -13.2077 -11.5743 13
      vertex -13.148 -11.8123 17
      vertex -13.148 -11.8123 13
    endloop
  endfacet
  facet normal 0.857745 0.514076 0
    outer loop
      vertex -13.3952 -11.1215 17
      vertex -13.5213 -10.9111 13
      vertex -13.5213 -10.9111 17
    endloop
  endfacet
  facet normal 0.857745 0.514076 0
    outer loop
      vertex -13.5213 -10.9111 13
      vertex -13.3952 -11.1215 17
      vertex -13.3952 -11.1215 13
    endloop
  endfacet
  facet normal -0.96995 -0.243303 0
    outer loop
      vertex -17.9923 -13.0257 13
      vertex -18.052 -12.7877 17
      vertex -18.052 -12.7877 13
    endloop
  endfacet
  facet normal -0.96995 -0.243303 0
    outer loop
      vertex -18.052 -12.7877 17
      vertex -17.9923 -13.0257 13
      vertex -17.9923 -13.0257 17
    endloop
  endfacet
  facet normal 0.941613 -0.336698 0
    outer loop
      vertex -13.2903 -13.2567 17
      vertex -13.2077 -13.0257 13
      vertex -13.2077 -13.0257 17
    endloop
  endfacet
  facet normal 0.941613 -0.336698 0
    outer loop
      vertex -13.2077 -13.0257 13
      vertex -13.2903 -13.2567 17
      vertex -13.2903 -13.2567 13
    endloop
  endfacet
  facet normal 0.803167 -0.595754 0
    outer loop
      vertex -13.6675 -13.886 17
      vertex -13.5213 -13.6889 13
      vertex -13.5213 -13.6889 17
    endloop
  endfacet
  facet normal 0.803167 -0.595754 0
    outer loop
      vertex -13.5213 -13.6889 13
      vertex -13.6675 -13.886 17
      vertex -13.6675 -13.886 13
    endloop
  endfacet
  facet normal -0.941613 0.336698 0
    outer loop
      vertex -17.9923 -11.5743 13
      vertex -17.9097 -11.3433 17
      vertex -17.9097 -11.3433 13
    endloop
  endfacet
  facet normal -0.941613 0.336698 0
    outer loop
      vertex -17.9097 -11.3433 17
      vertex -17.9923 -11.5743 13
      vertex -17.9923 -11.5743 17
    endloop
  endfacet
  facet normal 0.671394 0.741101 -0
    outer loop
      vertex -13.8322 -10.5322 13
      vertex -14.014 -10.3675 17
      vertex -13.8322 -10.5322 17
    endloop
  endfacet
  facet normal 0.671394 0.741101 0
    outer loop
      vertex -14.014 -10.3675 17
      vertex -13.8322 -10.5322 13
      vertex -14.014 -10.3675 13
    endloop
  endfacet
  facet normal 0.741101 0.671394 0
    outer loop
      vertex -13.6675 -10.714 17
      vertex -13.8322 -10.5322 13
      vertex -13.8322 -10.5322 17
    endloop
  endfacet
  facet normal 0.741101 0.671394 0
    outer loop
      vertex -13.8322 -10.5322 13
      vertex -13.6675 -10.714 17
      vertex -13.6675 -10.714 13
    endloop
  endfacet
  facet normal -0.671394 0.741101 0
    outer loop
      vertex -17.186 -10.3675 13
      vertex -17.3678 -10.5322 17
      vertex -17.186 -10.3675 17
    endloop
  endfacet
  facet normal -0.671394 0.741101 0
    outer loop
      vertex -17.3678 -10.5322 17
      vertex -17.186 -10.3675 13
      vertex -17.3678 -10.5322 13
    endloop
  endfacet
  facet normal 0.514076 0.857745 -0
    outer loop
      vertex -14.2111 -10.2213 13
      vertex -14.4215 -10.0952 17
      vertex -14.2111 -10.2213 17
    endloop
  endfacet
  facet normal 0.514076 0.857745 0
    outer loop
      vertex -14.4215 -10.0952 17
      vertex -14.2111 -10.2213 13
      vertex -14.4215 -10.0952 13
    endloop
  endfacet
  facet normal 0.595754 0.803167 -0
    outer loop
      vertex -14.014 -10.3675 13
      vertex -14.2111 -10.2213 17
      vertex -14.014 -10.3675 17
    endloop
  endfacet
  facet normal 0.595754 0.803167 0
    outer loop
      vertex -14.2111 -10.2213 17
      vertex -14.014 -10.3675 13
      vertex -14.2111 -10.2213 13
    endloop
  endfacet
  facet normal 0.337059 -0.941483 0
    outer loop
      vertex -14.8743 -14.6924 13
      vertex -14.6433 -14.6097 17
      vertex -14.8743 -14.6924 17
    endloop
  endfacet
  facet normal 0.337059 -0.941483 0
    outer loop
      vertex -14.6433 -14.6097 17
      vertex -14.8743 -14.6924 13
      vertex -14.6433 -14.6097 13
    endloop
  endfacet
  facet normal -0.146726 -0.989177 0
    outer loop
      vertex -16.0877 -14.752 13
      vertex -15.845 -14.788 17
      vertex -16.0877 -14.752 17
    endloop
  endfacet
  facet normal -0.146726 -0.989177 -0
    outer loop
      vertex -15.845 -14.788 17
      vertex -16.0877 -14.752 13
      vertex -15.845 -14.788 13
    endloop
  endfacet
  facet normal 0.0490836 0.998795 -0
    outer loop
      vertex -15.355 -9.81204 13
      vertex -15.6 -9.8 17
      vertex -15.355 -9.81204 17
    endloop
  endfacet
  facet normal 0.0490836 0.998795 0
    outer loop
      vertex -15.6 -9.8 17
      vertex -15.355 -9.81204 13
      vertex -15.6 -9.8 13
    endloop
  endfacet
  facet normal -0.857745 0.514076 0
    outer loop
      vertex -17.8048 -11.1215 13
      vertex -17.6787 -10.9111 17
      vertex -17.6787 -10.9111 13
    endloop
  endfacet
  facet normal -0.857745 0.514076 0
    outer loop
      vertex -17.6787 -10.9111 17
      vertex -17.8048 -11.1215 13
      vertex -17.8048 -11.1215 17
    endloop
  endfacet
  facet normal -0.0489209 -0.998803 0
    outer loop
      vertex -15.845 -14.788 13
      vertex -15.6 -14.8 17
      vertex -15.845 -14.788 17
    endloop
  endfacet
  facet normal -0.0489209 -0.998803 -0
    outer loop
      vertex -15.6 -14.8 17
      vertex -15.845 -14.788 13
      vertex -15.6 -14.8 13
    endloop
  endfacet
  facet normal -0.989177 0.146726 0
    outer loop
      vertex -18.088 -12.055 13
      vertex -18.052 -11.8123 17
      vertex -18.052 -11.8123 13
    endloop
  endfacet
  facet normal -0.989177 0.146726 0
    outer loop
      vertex -18.052 -11.8123 17
      vertex -18.088 -12.055 13
      vertex -18.088 -12.055 17
    endloop
  endfacet
  facet normal 0.998803 -0.0489209 0
    outer loop
      vertex -13.112 -12.545 17
      vertex -13.1 -12.3 13
      vertex -13.1 -12.3 17
    endloop
  endfacet
  facet normal 0.998803 -0.0489209 0
    outer loop
      vertex -13.1 -12.3 13
      vertex -13.112 -12.545 17
      vertex -13.112 -12.545 13
    endloop
  endfacet
  facet normal -0.903995 -0.427543 0
    outer loop
      vertex -17.8048 -13.4785 13
      vertex -17.9097 -13.2567 17
      vertex -17.9097 -13.2567 13
    endloop
  endfacet
  facet normal -0.903995 -0.427543 0
    outer loop
      vertex -17.9097 -13.2567 17
      vertex -17.8048 -13.4785 13
      vertex -17.8048 -13.4785 17
    endloop
  endfacet
  facet normal -0.998803 -0.0489209 0
    outer loop
      vertex -18.088 -12.545 13
      vertex -18.1 -12.3 17
      vertex -18.1 -12.3 13
    endloop
  endfacet
  facet normal -0.998803 -0.0489209 0
    outer loop
      vertex -18.1 -12.3 17
      vertex -18.088 -12.545 13
      vertex -18.088 -12.545 17
    endloop
  endfacet
  facet normal 0.514076 -0.857745 0
    outer loop
      vertex -14.4215 -14.5048 13
      vertex -14.2111 -14.3787 17
      vertex -14.4215 -14.5048 17
    endloop
  endfacet
  facet normal 0.514076 -0.857745 0
    outer loop
      vertex -14.2111 -14.3787 17
      vertex -14.4215 -14.5048 13
      vertex -14.2111 -14.3787 13
    endloop
  endfacet
  facet normal -0.427543 -0.903995 0
    outer loop
      vertex -16.7785 -14.5048 13
      vertex -16.5567 -14.6097 17
      vertex -16.7785 -14.5048 17
    endloop
  endfacet
  facet normal -0.427543 -0.903995 -0
    outer loop
      vertex -16.5567 -14.6097 17
      vertex -16.7785 -14.5048 13
      vertex -16.5567 -14.6097 13
    endloop
  endfacet
  facet normal 0.903995 0.427543 0
    outer loop
      vertex -13.2903 -11.3433 17
      vertex -13.3952 -11.1215 13
      vertex -13.3952 -11.1215 17
    endloop
  endfacet
  facet normal 0.903995 0.427543 0
    outer loop
      vertex -13.3952 -11.1215 13
      vertex -13.2903 -11.3433 17
      vertex -13.2903 -11.3433 13
    endloop
  endfacet
  facet normal -0.427543 0.903995 0
    outer loop
      vertex -16.5567 -9.9903 13
      vertex -16.7785 -10.0952 17
      vertex -16.5567 -9.9903 17
    endloop
  endfacet
  facet normal -0.427543 0.903995 0
    outer loop
      vertex -16.7785 -10.0952 17
      vertex -16.5567 -9.9903 13
      vertex -16.7785 -10.0952 13
    endloop
  endfacet
  facet normal -0.242958 0.970037 0
    outer loop
      vertex -16.0877 -9.84804 13
      vertex -16.3257 -9.90765 17
      vertex -16.0877 -9.84804 17
    endloop
  endfacet
  facet normal -0.242958 0.970037 0
    outer loop
      vertex -16.3257 -9.90765 17
      vertex -16.0877 -9.84804 13
      vertex -16.3257 -9.90765 13
    endloop
  endfacet
  facet normal -0.595754 0.803167 0
    outer loop
      vertex -16.9889 -10.2213 13
      vertex -17.186 -10.3675 17
      vertex -16.9889 -10.2213 17
    endloop
  endfacet
  facet normal -0.595754 0.803167 0
    outer loop
      vertex -17.186 -10.3675 17
      vertex -16.9889 -10.2213 13
      vertex -17.186 -10.3675 13
    endloop
  endfacet
  facet normal 0.146726 -0.989177 0
    outer loop
      vertex -15.355 -14.788 13
      vertex -15.1123 -14.752 17
      vertex -15.355 -14.788 17
    endloop
  endfacet
  facet normal 0.146726 -0.989177 0
    outer loop
      vertex -15.1123 -14.752 17
      vertex -15.355 -14.788 13
      vertex -15.1123 -14.752 13
    endloop
  endfacet
  facet normal -0.941613 -0.336698 0
    outer loop
      vertex -17.9097 -13.2567 13
      vertex -17.9923 -13.0257 17
      vertex -17.9923 -13.0257 13
    endloop
  endfacet
  facet normal -0.941613 -0.336698 0
    outer loop
      vertex -17.9923 -13.0257 17
      vertex -17.9097 -13.2567 13
      vertex -17.9097 -13.2567 17
    endloop
  endfacet
  facet normal 0.741101 -0.671394 0
    outer loop
      vertex -13.8322 -14.0678 17
      vertex -13.6675 -13.886 13
      vertex -13.6675 -13.886 17
    endloop
  endfacet
  facet normal 0.741101 -0.671394 0
    outer loop
      vertex -13.6675 -13.886 13
      vertex -13.8322 -14.0678 17
      vertex -13.8322 -14.0678 13
    endloop
  endfacet
  facet normal 0.989143 -0.146958 0
    outer loop
      vertex -13.112 -12.545 17
      vertex -13.1276 -12.65 13
      vertex -13.112 -12.545 13
    endloop
  endfacet
  facet normal 0.989177 -0.146726 -6.23585e-06
    outer loop
      vertex -13.148 -12.7877 17
      vertex -13.1276 -12.65 13
      vertex -13.112 -12.545 17
    endloop
  endfacet
  facet normal 0.989203 -0.146549 0
    outer loop
      vertex -13.1276 -12.65 13
      vertex -13.148 -12.7877 17
      vertex -13.148 -12.7877 13
    endloop
  endfacet
  facet normal 0.427543 -0.903995 0
    outer loop
      vertex -14.6433 -14.6097 13
      vertex -14.4215 -14.5048 17
      vertex -14.6433 -14.6097 17
    endloop
  endfacet
  facet normal 0.427543 -0.903995 0
    outer loop
      vertex -14.4215 -14.5048 17
      vertex -14.6433 -14.6097 13
      vertex -14.4215 -14.5048 13
    endloop
  endfacet
  facet normal -0.337059 -0.941483 0
    outer loop
      vertex -16.5567 -14.6097 13
      vertex -16.3257 -14.6924 17
      vertex -16.5567 -14.6097 17
    endloop
  endfacet
  facet normal -0.337059 -0.941483 -0
    outer loop
      vertex -16.3257 -14.6924 17
      vertex -16.5567 -14.6097 13
      vertex -16.3257 -14.6924 13
    endloop
  endfacet
  facet normal -0.336879 0.941548 0
    outer loop
      vertex -16.3257 -9.90765 13
      vertex -16.5567 -9.9903 17
      vertex -16.3257 -9.90765 17
    endloop
  endfacet
  facet normal -0.336879 0.941548 0
    outer loop
      vertex -16.5567 -9.9903 17
      vertex -16.3257 -9.90765 13
      vertex -16.5567 -9.9903 13
    endloop
  endfacet
  facet normal 0.803167 0.595754 0
    outer loop
      vertex -13.5213 -10.9111 17
      vertex -13.6675 -10.714 13
      vertex -13.6675 -10.714 17
    endloop
  endfacet
  facet normal 0.803167 0.595754 0
    outer loop
      vertex -13.6675 -10.714 13
      vertex -13.5213 -10.9111 17
      vertex -13.5213 -10.9111 13
    endloop
  endfacet
  facet normal -0.595754 -0.803167 0
    outer loop
      vertex -17.186 -14.2325 13
      vertex -16.9889 -14.3787 17
      vertex -17.186 -14.2325 17
    endloop
  endfacet
  facet normal -0.595754 -0.803167 -0
    outer loop
      vertex -16.9889 -14.3787 17
      vertex -17.186 -14.2325 13
      vertex -16.9889 -14.3787 13
    endloop
  endfacet
  facet normal -0.96995 0.243303 0
    outer loop
      vertex -18.052 -11.8123 13
      vertex -17.9923 -11.5743 17
      vertex -17.9923 -11.5743 13
    endloop
  endfacet
  facet normal -0.96995 0.243303 0
    outer loop
      vertex -17.9923 -11.5743 17
      vertex -18.052 -11.8123 13
      vertex -18.052 -11.8123 17
    endloop
  endfacet
  facet normal 0.0489209 -0.998803 0
    outer loop
      vertex -15.6 -14.8 13
      vertex -15.355 -14.788 17
      vertex -15.6 -14.8 17
    endloop
  endfacet
  facet normal 0.0489209 -0.998803 0
    outer loop
      vertex -15.355 -14.788 17
      vertex -15.6 -14.8 13
      vertex -15.355 -14.788 13
    endloop
  endfacet
  facet normal 0.242958 0.970037 -0
    outer loop
      vertex -14.8743 -9.90765 13
      vertex -15.1123 -9.84804 17
      vertex -14.8743 -9.90765 17
    endloop
  endfacet
  facet normal 0.242958 0.970037 0
    outer loop
      vertex -15.1123 -9.84804 17
      vertex -14.8743 -9.90765 13
      vertex -15.1123 -9.84804 13
    endloop
  endfacet
  facet normal 0.146726 0.989177 -0
    outer loop
      vertex -15.1123 -9.84804 13
      vertex -15.355 -9.81204 17
      vertex -15.1123 -9.84804 17
    endloop
  endfacet
  facet normal 0.146726 0.989177 0
    outer loop
      vertex -15.355 -9.81204 17
      vertex -15.1123 -9.84804 13
      vertex -15.355 -9.81204 13
    endloop
  endfacet
  facet normal 0.427543 0.903995 -0
    outer loop
      vertex -14.4215 -10.0952 13
      vertex -14.6433 -9.9903 17
      vertex -14.4215 -10.0952 17
    endloop
  endfacet
  facet normal 0.427543 0.903995 0
    outer loop
      vertex -14.6433 -9.9903 17
      vertex -14.4215 -10.0952 13
      vertex -14.6433 -9.9903 13
    endloop
  endfacet
  facet normal -0.803167 0.595754 0
    outer loop
      vertex -17.6787 -10.9111 13
      vertex -17.5325 -10.714 17
      vertex -17.5325 -10.714 13
    endloop
  endfacet
  facet normal -0.803167 0.595754 0
    outer loop
      vertex -17.5325 -10.714 17
      vertex -17.6787 -10.9111 13
      vertex -17.6787 -10.9111 17
    endloop
  endfacet
  facet normal 0.903995 -0.427543 0
    outer loop
      vertex -13.3952 -13.4785 17
      vertex -13.2903 -13.2567 13
      vertex -13.2903 -13.2567 17
    endloop
  endfacet
  facet normal 0.903995 -0.427543 0
    outer loop
      vertex -13.2903 -13.2567 13
      vertex -13.3952 -13.4785 17
      vertex -13.3952 -13.4785 13
    endloop
  endfacet
  facet normal 0.941613 0.336698 0
    outer loop
      vertex -13.2077 -11.5743 17
      vertex -13.2903 -11.3433 13
      vertex -13.2903 -11.3433 17
    endloop
  endfacet
  facet normal 0.941613 0.336698 0
    outer loop
      vertex -13.2903 -11.3433 13
      vertex -13.2077 -11.5743 17
      vertex -13.2077 -11.5743 13
    endloop
  endfacet
  facet normal -0.803167 -0.595754 0
    outer loop
      vertex -17.5325 -13.886 13
      vertex -17.6787 -13.6889 17
      vertex -17.6787 -13.6889 13
    endloop
  endfacet
  facet normal -0.803167 -0.595754 0
    outer loop
      vertex -17.6787 -13.6889 17
      vertex -17.5325 -13.886 13
      vertex -17.5325 -13.886 17
    endloop
  endfacet
  facet normal -0.514076 0.857745 0
    outer loop
      vertex -16.7785 -10.0952 13
      vertex -16.9889 -10.2213 17
      vertex -16.7785 -10.0952 17
    endloop
  endfacet
  facet normal -0.514076 0.857745 0
    outer loop
      vertex -16.9889 -10.2213 17
      vertex -16.7785 -10.0952 13
      vertex -16.9889 -10.2213 13
    endloop
  endfacet
  facet normal 0.595754 -0.803167 0
    outer loop
      vertex -14.2111 -14.3787 13
      vertex -14.014 -14.2325 17
      vertex -14.2111 -14.3787 17
    endloop
  endfacet
  facet normal 0.595754 -0.803167 0
    outer loop
      vertex -14.014 -14.2325 17
      vertex -14.2111 -14.3787 13
      vertex -14.014 -14.2325 13
    endloop
  endfacet
  facet normal -0.0490836 0.998795 0
    outer loop
      vertex -15.6 -9.8 13
      vertex -15.845 -9.81204 17
      vertex -15.6 -9.8 17
    endloop
  endfacet
  facet normal -0.0490836 0.998795 0
    outer loop
      vertex -15.845 -9.81204 17
      vertex -15.6 -9.8 13
      vertex -15.845 -9.81204 13
    endloop
  endfacet
  facet normal 0.336879 0.941548 -0
    outer loop
      vertex -14.6433 -9.9903 13
      vertex -14.8743 -9.90765 17
      vertex -14.6433 -9.9903 17
    endloop
  endfacet
  facet normal 0.336879 0.941548 0
    outer loop
      vertex -14.8743 -9.90765 17
      vertex -14.6433 -9.9903 13
      vertex -14.8743 -9.90765 13
    endloop
  endfacet
  facet normal -0.998803 0.0489209 0
    outer loop
      vertex -18.1 -12.3 13
      vertex -18.088 -12.055 17
      vertex -18.088 -12.055 13
    endloop
  endfacet
  facet normal -0.998803 0.0489209 0
    outer loop
      vertex -18.088 -12.055 17
      vertex -18.1 -12.3 13
      vertex -18.1 -12.3 17
    endloop
  endfacet
  facet normal -0.146726 0.989177 0
    outer loop
      vertex -15.845 -9.81204 13
      vertex -16.0877 -9.84804 17
      vertex -15.845 -9.81204 17
    endloop
  endfacet
  facet normal -0.146726 0.989177 0
    outer loop
      vertex -16.0877 -9.84804 17
      vertex -15.845 -9.81204 13
      vertex -16.0877 -9.84804 13
    endloop
  endfacet
  facet normal -0.989143 -0.146958 0
    outer loop
      vertex -18.0724 -12.65 13
      vertex -18.088 -12.545 17
      vertex -18.088 -12.545 13
    endloop
  endfacet
  facet normal -0.989203 -0.146549 -0
    outer loop
      vertex -18.052 -12.7877 17
      vertex -18.0724 -12.65 13
      vertex -18.052 -12.7877 13
    endloop
  endfacet
  facet normal -0.989177 -0.146726 -6.23585e-06
    outer loop
      vertex -18.0724 -12.65 13
      vertex -18.052 -12.7877 17
      vertex -18.088 -12.545 17
    endloop
  endfacet
  facet normal -0.903995 0.427543 0
    outer loop
      vertex -17.9097 -11.3433 13
      vertex -17.8048 -11.1215 17
      vertex -17.8048 -11.1215 13
    endloop
  endfacet
  facet normal -0.903995 0.427543 0
    outer loop
      vertex -17.8048 -11.1215 17
      vertex -17.9097 -11.3433 13
      vertex -17.9097 -11.3433 17
    endloop
  endfacet
  facet normal 0.242919 -0.970047 0
    outer loop
      vertex -15.1123 -14.752 13
      vertex -14.8743 -14.6924 17
      vertex -15.1123 -14.752 17
    endloop
  endfacet
  facet normal 0.242919 -0.970047 0
    outer loop
      vertex -14.8743 -14.6924 17
      vertex -15.1123 -14.752 13
      vertex -14.8743 -14.6924 13
    endloop
  endfacet
  facet normal -0.741101 -0.671394 0
    outer loop
      vertex -17.3678 -14.0678 13
      vertex -17.5325 -13.886 17
      vertex -17.5325 -13.886 13
    endloop
  endfacet
  facet normal -0.741101 -0.671394 0
    outer loop
      vertex -17.5325 -13.886 17
      vertex -17.3678 -14.0678 13
      vertex -17.3678 -14.0678 17
    endloop
  endfacet
  facet normal 0.96995 -0.243303 0
    outer loop
      vertex -13.2077 -13.0257 17
      vertex -13.148 -12.7877 13
      vertex -13.148 -12.7877 17
    endloop
  endfacet
  facet normal 0.96995 -0.243303 0
    outer loop
      vertex -13.148 -12.7877 13
      vertex -13.2077 -13.0257 17
      vertex -13.2077 -13.0257 13
    endloop
  endfacet
  facet normal -0.671394 -0.741101 0
    outer loop
      vertex -17.3678 -14.0678 13
      vertex -17.186 -14.2325 17
      vertex -17.3678 -14.0678 17
    endloop
  endfacet
  facet normal -0.671394 -0.741101 -0
    outer loop
      vertex -17.186 -14.2325 17
      vertex -17.3678 -14.0678 13
      vertex -17.186 -14.2325 13
    endloop
  endfacet
  facet normal -0.741101 0.671394 0
    outer loop
      vertex -17.5325 -10.714 13
      vertex -17.3678 -10.5322 17
      vertex -17.3678 -10.5322 13
    endloop
  endfacet
  facet normal -0.741101 0.671394 0
    outer loop
      vertex -17.3678 -10.5322 17
      vertex -17.5325 -10.714 13
      vertex -17.5325 -10.714 17
    endloop
  endfacet
  facet normal -0.514076 -0.857745 0
    outer loop
      vertex -16.9889 -14.3787 13
      vertex -16.7785 -14.5048 17
      vertex -16.9889 -14.3787 17
    endloop
  endfacet
  facet normal -0.514076 -0.857745 -0
    outer loop
      vertex -16.7785 -14.5048 17
      vertex -16.9889 -14.3787 13
      vertex -16.7785 -14.5048 13
    endloop
  endfacet
  facet normal -0.242919 -0.970047 0
    outer loop
      vertex -16.3257 -14.6924 13
      vertex -16.0877 -14.752 17
      vertex -16.3257 -14.6924 17
    endloop
  endfacet
  facet normal -0.242919 -0.970047 -0
    outer loop
      vertex -16.0877 -14.752 17
      vertex -16.3257 -14.6924 13
      vertex -16.0877 -14.752 13
    endloop
  endfacet
  facet normal -0.857745 -0.514076 0
    outer loop
      vertex -17.6787 -13.6889 13
      vertex -17.8048 -13.4785 17
      vertex -17.8048 -13.4785 13
    endloop
  endfacet
  facet normal -0.857745 -0.514076 0
    outer loop
      vertex -17.8048 -13.4785 17
      vertex -17.6787 -13.6889 13
      vertex -17.6787 -13.6889 17
    endloop
  endfacet
  facet normal 0.671394 -0.741101 0
    outer loop
      vertex -14.014 -14.2325 13
      vertex -13.8322 -14.0678 17
      vertex -14.014 -14.2325 17
    endloop
  endfacet
  facet normal 0.671394 -0.741101 0
    outer loop
      vertex -13.8322 -14.0678 17
      vertex -14.014 -14.2325 13
      vertex -13.8322 -14.0678 13
    endloop
  endfacet
  facet normal 0 0 1
    outer loop
      vertex -14.75 -12.3 17
      vertex -13.1 -12.3 17
      vertex -13.112 -12.055 17
    endloop
  endfacet
  facet normal 0 0 1
    outer loop
      vertex -14.7541 -12.2167 17
      vertex -13.112 -12.055 17
      vertex -13.148 -11.8123 17
    endloop
  endfacet
  facet normal 0 0 1
    outer loop
      vertex -13.1 -12.3 17
      vertex -14.75 -12.3 17
      vertex -13.112 -12.545 17
    endloop
  endfacet
  facet normal 0 0 1
    outer loop
      vertex -14.7663 -12.1342 17
      vertex -13.148 -11.8123 17
      vertex -13.2077 -11.5743 17
    endloop
  endfacet
  facet normal -0 0 1
    outer loop
      vertex -14.7541 -12.3833 17
      vertex -13.112 -12.545 17
      vertex -14.75 -12.3 17
    endloop
  endfacet
  facet normal 0 0 1
    outer loop
      vertex -14.7866 -12.0533 17
      vertex -13.2077 -11.5743 17
      vertex -13.2903 -11.3433 17
    endloop
  endfacet
  facet normal 0 0 1
    outer loop
      vertex -13.112 -12.545 17
      vertex -14.7541 -12.3833 17
      vertex -13.148 -12.7877 17
    endloop
  endfacet
  facet normal 0 0 1
    outer loop
      vertex -14.8147 -11.9747 17
      vertex -13.2903 -11.3433 17
      vertex -13.3952 -11.1215 17
    endloop
  endfacet
  facet normal -0 0 1
    outer loop
      vertex -14.7663 -12.4658 17
      vertex -13.148 -12.7877 17
      vertex -14.7541 -12.3833 17
    endloop
  endfacet
  facet normal 0 0 1
    outer loop
      vertex -14.8504 -11.8993 17
      vertex -13.3952 -11.1215 17
      vertex -13.5213 -10.9111 17
    endloop
  endfacet
  facet normal 0 0 1
    outer loop
      vertex -13.148 -12.7877 17
      vertex -14.7663 -12.4658 17
      vertex -13.2077 -13.0257 17
    endloop
  endfacet
  facet normal 0 0 1
    outer loop
      vertex -14.8933 -11.8278 17
      vertex -13.5213 -10.9111 17
      vertex -13.6675 -10.714 17
    endloop
  endfacet
  facet normal -0 0 1
    outer loop
      vertex -14.7866 -12.5467 17
      vertex -13.2077 -13.0257 17
      vertex -14.7663 -12.4658 17
    endloop
  endfacet
  facet normal 0 0 1
    outer loop
      vertex -14.9429 -11.7608 17
      vertex -13.6675 -10.714 17
      vertex -13.8322 -10.5322 17
    endloop
  endfacet
  facet normal 0 0 1
    outer loop
      vertex -13.2077 -13.0257 17
      vertex -14.7866 -12.5467 17
      vertex -13.2903 -13.2567 17
    endloop
  endfacet
  facet normal 0 0 1
    outer loop
      vertex -14.999 -11.699 17
      vertex -13.8322 -10.5322 17
      vertex -14.014 -10.3675 17
    endloop
  endfacet
  facet normal -0 0 1
    outer loop
      vertex -14.8147 -12.6253 17
      vertex -13.2903 -13.2567 17
      vertex -14.7866 -12.5467 17
    endloop
  endfacet
  facet normal 0 0 1
    outer loop
      vertex -15.0608 -11.6429 17
      vertex -14.014 -10.3675 17
      vertex -14.2111 -10.2213 17
    endloop
  endfacet
  facet normal 0 0 1
    outer loop
      vertex -13.2903 -13.2567 17
      vertex -14.8147 -12.6253 17
      vertex -13.3952 -13.4785 17
    endloop
  endfacet
  facet normal 0 0 1
    outer loop
      vertex -15.1278 -11.5933 17
      vertex -14.2111 -10.2213 17
      vertex -14.4215 -10.0952 17
    endloop
  endfacet
  facet normal -0 0 1
    outer loop
      vertex -14.8504 -12.7007 17
      vertex -13.3952 -13.4785 17
      vertex -14.8147 -12.6253 17
    endloop
  endfacet
  facet normal 0 0 1
    outer loop
      vertex -15.1993 -11.5504 17
      vertex -14.4215 -10.0952 17
      vertex -14.6433 -9.9903 17
    endloop
  endfacet
  facet normal 0 0 1
    outer loop
      vertex -13.3952 -13.4785 17
      vertex -14.8504 -12.7007 17
      vertex -13.5213 -13.6889 17
    endloop
  endfacet
  facet normal -0 0 1
    outer loop
      vertex -14.8933 -12.7722 17
      vertex -13.5213 -13.6889 17
      vertex -14.8504 -12.7007 17
    endloop
  endfacet
  facet normal 0 0 1
    outer loop
      vertex -13.112 -12.055 17
      vertex -14.7541 -12.2167 17
      vertex -14.75 -12.3 17
    endloop
  endfacet
  facet normal 0 0 1
    outer loop
      vertex -13.148 -11.8123 17
      vertex -14.7663 -12.1342 17
      vertex -14.7541 -12.2167 17
    endloop
  endfacet
  facet normal 0 0 1
    outer loop
      vertex -13.2077 -11.5743 17
      vertex -14.7866 -12.0533 17
      vertex -14.7663 -12.1342 17
    endloop
  endfacet
  facet normal 0 0 1
    outer loop
      vertex -13.2903 -11.3433 17
      vertex -14.8147 -11.9747 17
      vertex -14.7866 -12.0533 17
    endloop
  endfacet
  facet normal 0 0 1
    outer loop
      vertex -13.3952 -11.1215 17
      vertex -14.8504 -11.8993 17
      vertex -14.8147 -11.9747 17
    endloop
  endfacet
  facet normal 0 0 1
    outer loop
      vertex -15.2747 -11.5147 17
      vertex -14.6433 -9.9903 17
      vertex -14.8743 -9.90765 17
    endloop
  endfacet
  facet normal 0 0 1
    outer loop
      vertex -13.5213 -10.9111 17
      vertex -14.8933 -11.8278 17
      vertex -14.8504 -11.8993 17
    endloop
  endfacet
  facet normal 0 0 1
    outer loop
      vertex -13.6675 -10.714 17
      vertex -14.9429 -11.7608 17
      vertex -14.8933 -11.8278 17
    endloop
  endfacet
  facet normal 0 0 1
    outer loop
      vertex -13.8322 -10.5322 17
      vertex -14.999 -11.699 17
      vertex -14.9429 -11.7608 17
    endloop
  endfacet
  facet normal 0 0 1
    outer loop
      vertex -14.014 -10.3675 17
      vertex -15.0608 -11.6429 17
      vertex -14.999 -11.699 17
    endloop
  endfacet
  facet normal 0 0 1
    outer loop
      vertex -15.3533 -11.4866 17
      vertex -14.8743 -9.90765 17
      vertex -15.1123 -9.84804 17
    endloop
  endfacet
  facet normal 0 0 1
    outer loop
      vertex -14.2111 -10.2213 17
      vertex -15.1278 -11.5933 17
      vertex -15.0608 -11.6429 17
    endloop
  endfacet
  facet normal 0 0 1
    outer loop
      vertex -14.4215 -10.0952 17
      vertex -15.1993 -11.5504 17
      vertex -15.1278 -11.5933 17
    endloop
  endfacet
  facet normal 0 0 1
    outer loop
      vertex -14.6433 -9.9903 17
      vertex -15.2747 -11.5147 17
      vertex -15.1993 -11.5504 17
    endloop
  endfacet
  facet normal 0 0 1
    outer loop
      vertex -14.8743 -9.90765 17
      vertex -15.3533 -11.4866 17
      vertex -15.2747 -11.5147 17
    endloop
  endfacet
  facet normal 0 0 1
    outer loop
      vertex -15.4342 -11.4663 17
      vertex -15.1123 -9.84804 17
      vertex -15.355 -9.81204 17
    endloop
  endfacet
  facet normal 0 0 1
    outer loop
      vertex -15.1123 -9.84804 17
      vertex -15.4342 -11.4663 17
      vertex -15.3533 -11.4866 17
    endloop
  endfacet
  facet normal 0 0 1
    outer loop
      vertex -15.355 -9.81204 17
      vertex -15.5167 -11.4541 17
      vertex -15.4342 -11.4663 17
    endloop
  endfacet
  facet normal 0 0 1
    outer loop
      vertex -15.6 -9.8 17
      vertex -15.5167 -11.4541 17
      vertex -15.355 -9.81204 17
    endloop
  endfacet
  facet normal 0 0 1
    outer loop
      vertex -15.6 -9.8 17
      vertex -15.6 -11.45 17
      vertex -15.5167 -11.4541 17
    endloop
  endfacet
  facet normal 0 0 1
    outer loop
      vertex -15.6 -9.8 17
      vertex -15.6833 -11.4541 17
      vertex -15.6 -11.45 17
    endloop
  endfacet
  facet normal -0 0 1
    outer loop
      vertex -15.845 -9.81204 17
      vertex -15.6833 -11.4541 17
      vertex -15.6 -9.8 17
    endloop
  endfacet
  facet normal 0 0 1
    outer loop
      vertex -15.6833 -11.4541 17
      vertex -15.845 -9.81204 17
      vertex -15.7658 -11.4663 17
    endloop
  endfacet
  facet normal -0 0 1
    outer loop
      vertex -16.0877 -9.84804 17
      vertex -15.7658 -11.4663 17
      vertex -15.845 -9.81204 17
    endloop
  endfacet
  facet normal 0 0 1
    outer loop
      vertex -15.7658 -11.4663 17
      vertex -16.0877 -9.84804 17
      vertex -15.8467 -11.4866 17
    endloop
  endfacet
  facet normal -0 0 1
    outer loop
      vertex -16.3257 -9.90765 17
      vertex -15.8467 -11.4866 17
      vertex -16.0877 -9.84804 17
    endloop
  endfacet
  facet normal 0 0 1
    outer loop
      vertex -15.8467 -11.4866 17
      vertex -16.3257 -9.90765 17
      vertex -15.9253 -11.5147 17
    endloop
  endfacet
  facet normal -0 0 1
    outer loop
      vertex -16.5567 -9.9903 17
      vertex -15.9253 -11.5147 17
      vertex -16.3257 -9.90765 17
    endloop
  endfacet
  facet normal 0 0 1
    outer loop
      vertex -15.9253 -11.5147 17
      vertex -16.5567 -9.9903 17
      vertex -16.0007 -11.5504 17
    endloop
  endfacet
  facet normal -0 0 1
    outer loop
      vertex -16.7785 -10.0952 17
      vertex -16.0007 -11.5504 17
      vertex -16.5567 -9.9903 17
    endloop
  endfacet
  facet normal 0 0 1
    outer loop
      vertex -16.0007 -11.5504 17
      vertex -16.7785 -10.0952 17
      vertex -16.0722 -11.5933 17
    endloop
  endfacet
  facet normal -0 0 1
    outer loop
      vertex -16.9889 -10.2213 17
      vertex -16.0722 -11.5933 17
      vertex -16.7785 -10.0952 17
    endloop
  endfacet
  facet normal 0 0 1
    outer loop
      vertex -16.0722 -11.5933 17
      vertex -16.9889 -10.2213 17
      vertex -16.1392 -11.6429 17
    endloop
  endfacet
  facet normal -0 0 1
    outer loop
      vertex -17.186 -10.3675 17
      vertex -16.1392 -11.6429 17
      vertex -16.9889 -10.2213 17
    endloop
  endfacet
  facet normal 0 0 1
    outer loop
      vertex -16.1392 -11.6429 17
      vertex -17.186 -10.3675 17
      vertex -16.201 -11.699 17
    endloop
  endfacet
  facet normal -0 0 1
    outer loop
      vertex -17.3678 -10.5322 17
      vertex -16.201 -11.699 17
      vertex -17.186 -10.3675 17
    endloop
  endfacet
  facet normal 0 0 1
    outer loop
      vertex -16.201 -11.699 17
      vertex -17.3678 -10.5322 17
      vertex -16.2571 -11.7608 17
    endloop
  endfacet
  facet normal -0 0 1
    outer loop
      vertex -17.5325 -10.714 17
      vertex -16.2571 -11.7608 17
      vertex -17.3678 -10.5322 17
    endloop
  endfacet
  facet normal -0 0 1
    outer loop
      vertex -17.6787 -10.9111 17
      vertex -16.3067 -11.8278 17
      vertex -17.5325 -10.714 17
    endloop
  endfacet
  facet normal 0 0 1
    outer loop
      vertex -16.2571 -11.7608 17
      vertex -17.5325 -10.714 17
      vertex -16.3067 -11.8278 17
    endloop
  endfacet
  facet normal 0 0 1
    outer loop
      vertex -13.5213 -13.6889 17
      vertex -14.8933 -12.7722 17
      vertex -13.6675 -13.886 17
    endloop
  endfacet
  facet normal -0 0 1
    outer loop
      vertex -14.9429 -12.8392 17
      vertex -13.6675 -13.886 17
      vertex -14.8933 -12.7722 17
    endloop
  endfacet
  facet normal 0 0 1
    outer loop
      vertex -13.6675 -13.886 17
      vertex -14.9429 -12.8392 17
      vertex -13.8322 -14.0678 17
    endloop
  endfacet
  facet normal -0 0 1
    outer loop
      vertex -14.999 -12.901 17
      vertex -13.8322 -14.0678 17
      vertex -14.9429 -12.8392 17
    endloop
  endfacet
  facet normal 0 0 1
    outer loop
      vertex -13.8322 -14.0678 17
      vertex -14.999 -12.901 17
      vertex -14.014 -14.2325 17
    endloop
  endfacet
  facet normal -0 0 1
    outer loop
      vertex -15.0608 -12.9571 17
      vertex -14.014 -14.2325 17
      vertex -14.999 -12.901 17
    endloop
  endfacet
  facet normal 0 0 1
    outer loop
      vertex -14.014 -14.2325 17
      vertex -15.0608 -12.9571 17
      vertex -14.2111 -14.3787 17
    endloop
  endfacet
  facet normal -0 0 1
    outer loop
      vertex -15.1278 -13.0067 17
      vertex -14.2111 -14.3787 17
      vertex -15.0608 -12.9571 17
    endloop
  endfacet
  facet normal 0 0 1
    outer loop
      vertex -14.2111 -14.3787 17
      vertex -15.1278 -13.0067 17
      vertex -14.4215 -14.5048 17
    endloop
  endfacet
  facet normal -0 0 1
    outer loop
      vertex -15.1993 -13.0496 17
      vertex -14.4215 -14.5048 17
      vertex -15.1278 -13.0067 17
    endloop
  endfacet
  facet normal 0 0 1
    outer loop
      vertex -14.4215 -14.5048 17
      vertex -15.1993 -13.0496 17
      vertex -14.6433 -14.6097 17
    endloop
  endfacet
  facet normal -0 0 1
    outer loop
      vertex -15.2747 -13.0853 17
      vertex -14.6433 -14.6097 17
      vertex -15.1993 -13.0496 17
    endloop
  endfacet
  facet normal 0 0 1
    outer loop
      vertex -14.6433 -14.6097 17
      vertex -15.2747 -13.0853 17
      vertex -14.8743 -14.6924 17
    endloop
  endfacet
  facet normal -0 0 1
    outer loop
      vertex -15.3533 -13.1134 17
      vertex -14.8743 -14.6924 17
      vertex -15.2747 -13.0853 17
    endloop
  endfacet
  facet normal 0 0 1
    outer loop
      vertex -14.8743 -14.6924 17
      vertex -15.3533 -13.1134 17
      vertex -15.1123 -14.752 17
    endloop
  endfacet
  facet normal -0 0 1
    outer loop
      vertex -15.4342 -13.1337 17
      vertex -15.1123 -14.752 17
      vertex -15.3533 -13.1134 17
    endloop
  endfacet
  facet normal 0 0 1
    outer loop
      vertex -15.1123 -14.752 17
      vertex -15.4342 -13.1337 17
      vertex -15.355 -14.788 17
    endloop
  endfacet
  facet normal -0 0 1
    outer loop
      vertex -15.5167 -13.1459 17
      vertex -15.355 -14.788 17
      vertex -15.4342 -13.1337 17
    endloop
  endfacet
  facet normal -0 0 1
    outer loop
      vertex -15.6 -13.15 17
      vertex -15.355 -14.788 17
      vertex -15.5167 -13.1459 17
    endloop
  endfacet
  facet normal 0 0 1
    outer loop
      vertex -15.6 -13.15 17
      vertex -15.6 -14.8 17
      vertex -15.355 -14.788 17
    endloop
  endfacet
  facet normal 0 0 1
    outer loop
      vertex -15.6833 -13.1459 17
      vertex -15.6 -14.8 17
      vertex -15.6 -13.15 17
    endloop
  endfacet
  facet normal 0 0 1
    outer loop
      vertex -15.845 -14.788 17
      vertex -15.6833 -13.1459 17
      vertex -15.7658 -13.1337 17
    endloop
  endfacet
  facet normal 0 0 1
    outer loop
      vertex -15.6833 -13.1459 17
      vertex -15.845 -14.788 17
      vertex -15.6 -14.8 17
    endloop
  endfacet
  facet normal 0 0 1
    outer loop
      vertex -16.0877 -14.752 17
      vertex -15.7658 -13.1337 17
      vertex -15.8467 -13.1134 17
    endloop
  endfacet
  facet normal 0 0 1
    outer loop
      vertex -16.3257 -14.6924 17
      vertex -15.8467 -13.1134 17
      vertex -15.9253 -13.0853 17
    endloop
  endfacet
  facet normal 0 0 1
    outer loop
      vertex -16.5567 -14.6097 17
      vertex -15.9253 -13.0853 17
      vertex -16.0007 -13.0496 17
    endloop
  endfacet
  facet normal 0 0 1
    outer loop
      vertex -16.7785 -14.5048 17
      vertex -16.0007 -13.0496 17
      vertex -16.0722 -13.0067 17
    endloop
  endfacet
  facet normal 0 0 1
    outer loop
      vertex -15.7658 -13.1337 17
      vertex -16.0877 -14.752 17
      vertex -15.845 -14.788 17
    endloop
  endfacet
  facet normal 0 0 1
    outer loop
      vertex -16.9889 -14.3787 17
      vertex -16.0722 -13.0067 17
      vertex -16.1392 -12.9571 17
    endloop
  endfacet
  facet normal 0 0 1
    outer loop
      vertex -17.186 -14.2325 17
      vertex -16.1392 -12.9571 17
      vertex -16.201 -12.901 17
    endloop
  endfacet
  facet normal 0 0 1
    outer loop
      vertex -17.3678 -14.0678 17
      vertex -16.201 -12.901 17
      vertex -16.2571 -12.8392 17
    endloop
  endfacet
  facet normal 0 0 1
    outer loop
      vertex -17.5325 -13.886 17
      vertex -16.2571 -12.8392 17
      vertex -16.3067 -12.7722 17
    endloop
  endfacet
  facet normal 0 0 1
    outer loop
      vertex -15.8467 -13.1134 17
      vertex -16.3257 -14.6924 17
      vertex -16.0877 -14.752 17
    endloop
  endfacet
  facet normal 0 0 1
    outer loop
      vertex -17.6787 -13.6889 17
      vertex -16.3067 -12.7722 17
      vertex -16.3496 -12.7007 17
    endloop
  endfacet
  facet normal 0 0 1
    outer loop
      vertex -17.8048 -13.4785 17
      vertex -16.3496 -12.7007 17
      vertex -16.3853 -12.6253 17
    endloop
  endfacet
  facet normal 0 0 1
    outer loop
      vertex -17.9097 -13.2567 17
      vertex -16.3853 -12.6253 17
      vertex -16.4134 -12.5467 17
    endloop
  endfacet
  facet normal 0 0 1
    outer loop
      vertex -17.9923 -13.0257 17
      vertex -16.4134 -12.5467 17
      vertex -16.4337 -12.4658 17
    endloop
  endfacet
  facet normal 0 0 1
    outer loop
      vertex -18.052 -12.7877 17
      vertex -16.4337 -12.4658 17
      vertex -16.4459 -12.3833 17
    endloop
  endfacet
  facet normal 0 0 1
    outer loop
      vertex -15.9253 -13.0853 17
      vertex -16.5567 -14.6097 17
      vertex -16.3257 -14.6924 17
    endloop
  endfacet
  facet normal 0 0 1
    outer loop
      vertex -18.088 -12.545 17
      vertex -16.4459 -12.3833 17
      vertex -16.45 -12.3 17
    endloop
  endfacet
  facet normal 0 0 1
    outer loop
      vertex -16.3067 -11.8278 17
      vertex -17.6787 -10.9111 17
      vertex -16.3496 -11.8993 17
    endloop
  endfacet
  facet normal -0 0 1
    outer loop
      vertex -17.8048 -11.1215 17
      vertex -16.3496 -11.8993 17
      vertex -17.6787 -10.9111 17
    endloop
  endfacet
  facet normal 0 0 1
    outer loop
      vertex -16.0007 -13.0496 17
      vertex -16.7785 -14.5048 17
      vertex -16.5567 -14.6097 17
    endloop
  endfacet
  facet normal 0 0 1
    outer loop
      vertex -16.3496 -11.8993 17
      vertex -17.8048 -11.1215 17
      vertex -16.3853 -11.9747 17
    endloop
  endfacet
  facet normal 0 0 1
    outer loop
      vertex -16.0722 -13.0067 17
      vertex -16.9889 -14.3787 17
      vertex -16.7785 -14.5048 17
    endloop
  endfacet
  facet normal -0 0 1
    outer loop
      vertex -17.9097 -11.3433 17
      vertex -16.3853 -11.9747 17
      vertex -17.8048 -11.1215 17
    endloop
  endfacet
  facet normal 0 0 1
    outer loop
      vertex -16.1392 -12.9571 17
      vertex -17.186 -14.2325 17
      vertex -16.9889 -14.3787 17
    endloop
  endfacet
  facet normal 0 0 1
    outer loop
      vertex -16.3853 -11.9747 17
      vertex -17.9097 -11.3433 17
      vertex -16.4134 -12.0533 17
    endloop
  endfacet
  facet normal 0 0 1
    outer loop
      vertex -16.201 -12.901 17
      vertex -17.3678 -14.0678 17
      vertex -17.186 -14.2325 17
    endloop
  endfacet
  facet normal -0 0 1
    outer loop
      vertex -17.9923 -11.5743 17
      vertex -16.4134 -12.0533 17
      vertex -17.9097 -11.3433 17
    endloop
  endfacet
  facet normal 0 0 1
    outer loop
      vertex -16.2571 -12.8392 17
      vertex -17.5325 -13.886 17
      vertex -17.3678 -14.0678 17
    endloop
  endfacet
  facet normal 0 0 1
    outer loop
      vertex -16.4134 -12.0533 17
      vertex -17.9923 -11.5743 17
      vertex -16.4337 -12.1342 17
    endloop
  endfacet
  facet normal 0 0 1
    outer loop
      vertex -16.3067 -12.7722 17
      vertex -17.6787 -13.6889 17
      vertex -17.5325 -13.886 17
    endloop
  endfacet
  facet normal -0 0 1
    outer loop
      vertex -18.052 -11.8123 17
      vertex -16.4337 -12.1342 17
      vertex -17.9923 -11.5743 17
    endloop
  endfacet
  facet normal 0 0 1
    outer loop
      vertex -16.3496 -12.7007 17
      vertex -17.8048 -13.4785 17
      vertex -17.6787 -13.6889 17
    endloop
  endfacet
  facet normal 0 0 1
    outer loop
      vertex -16.4337 -12.1342 17
      vertex -18.052 -11.8123 17
      vertex -16.4459 -12.2167 17
    endloop
  endfacet
  facet normal 0 0 1
    outer loop
      vertex -16.3853 -12.6253 17
      vertex -17.9097 -13.2567 17
      vertex -17.8048 -13.4785 17
    endloop
  endfacet
  facet normal -0 0 1
    outer loop
      vertex -18.088 -12.055 17
      vertex -16.4459 -12.2167 17
      vertex -18.052 -11.8123 17
    endloop
  endfacet
  facet normal 0 0 1
    outer loop
      vertex -16.4134 -12.5467 17
      vertex -17.9923 -13.0257 17
      vertex -17.9097 -13.2567 17
    endloop
  endfacet
  facet normal 0 0 1
    outer loop
      vertex -16.4459 -12.2167 17
      vertex -18.088 -12.055 17
      vertex -16.45 -12.3 17
    endloop
  endfacet
  facet normal 0 0 1
    outer loop
      vertex -16.4337 -12.4658 17
      vertex -18.052 -12.7877 17
      vertex -17.9923 -13.0257 17
    endloop
  endfacet
  facet normal 0 0 1
    outer loop
      vertex -18.1 -12.3 17
      vertex -16.45 -12.3 17
      vertex -18.088 -12.055 17
    endloop
  endfacet
  facet normal 0 0 1
    outer loop
      vertex -16.4459 -12.3833 17
      vertex -18.088 -12.545 17
      vertex -18.052 -12.7877 17
    endloop
  endfacet
  facet normal 0 0 1
    outer loop
      vertex -16.45 -12.3 17
      vertex -18.1 -12.3 17
      vertex -18.088 -12.545 17
    endloop
  endfacet
  facet normal -0.989242 -0.146288 0
    outer loop
      vertex -14.7541 -12.2167 13
      vertex -14.7663 -12.1342 17
      vertex -14.7663 -12.1342 13
    endloop
  endfacet
  facet normal -0.989242 -0.146288 0
    outer loop
      vertex -14.7663 -12.1342 17
      vertex -14.7541 -12.2167 13
      vertex -14.7541 -12.2167 17
    endloop
  endfacet
  facet normal -0.998791 -0.0491602 0
    outer loop
      vertex -14.75 -12.3 13
      vertex -14.7541 -12.2167 17
      vertex -14.7541 -12.2167 13
    endloop
  endfacet
  facet normal -0.998791 -0.0491602 0
    outer loop
      vertex -14.7541 -12.2167 17
      vertex -14.75 -12.3 13
      vertex -14.75 -12.3 17
    endloop
  endfacet
  facet normal -0.969931 -0.243382 0
    outer loop
      vertex -14.7663 -12.1342 13
      vertex -14.7866 -12.0533 17
      vertex -14.7866 -12.0533 13
    endloop
  endfacet
  facet normal -0.969931 -0.243382 0
    outer loop
      vertex -14.7866 -12.0533 17
      vertex -14.7663 -12.1342 13
      vertex -14.7663 -12.1342 17
    endloop
  endfacet
  facet normal -0.427932 0.903811 0
    outer loop
      vertex -15.1993 -13.0496 13
      vertex -15.2747 -13.0853 17
      vertex -15.1993 -13.0496 17
    endloop
  endfacet
  facet normal -0.427932 0.903811 0
    outer loop
      vertex -15.2747 -13.0853 17
      vertex -15.1993 -13.0496 13
      vertex -15.2747 -13.0853 13
    endloop
  endfacet
  facet normal 0.0491602 -0.998791 0
    outer loop
      vertex -15.6833 -11.4541 13
      vertex -15.6 -11.45 17
      vertex -15.6833 -11.4541 17
    endloop
  endfacet
  facet normal 0.0491602 -0.998791 0
    outer loop
      vertex -15.6 -11.45 17
      vertex -15.6833 -11.4541 13
      vertex -15.6 -11.45 13
    endloop
  endfacet
  facet normal 0.427932 -0.903811 0
    outer loop
      vertex -16.0007 -11.5504 13
      vertex -15.9253 -11.5147 17
      vertex -16.0007 -11.5504 17
    endloop
  endfacet
  facet normal 0.427932 -0.903811 0
    outer loop
      vertex -15.9253 -11.5147 17
      vertex -16.0007 -11.5504 13
      vertex -15.9253 -11.5147 13
    endloop
  endfacet
  facet normal -0.740428 -0.672136 0
    outer loop
      vertex -14.9429 -11.7608 13
      vertex -14.999 -11.699 17
      vertex -14.999 -11.699 13
    endloop
  endfacet
  facet normal -0.740428 -0.672136 0
    outer loop
      vertex -14.999 -11.699 17
      vertex -14.9429 -11.7608 13
      vertex -14.9429 -11.7608 17
    endloop
  endfacet
  facet normal 0.146288 0.989242 -0
    outer loop
      vertex -15.6833 -13.1459 13
      vertex -15.7658 -13.1337 17
      vertex -15.6833 -13.1459 17
    endloop
  endfacet
  facet normal 0.146288 0.989242 0
    outer loop
      vertex -15.7658 -13.1337 17
      vertex -15.6833 -13.1459 13
      vertex -15.7658 -13.1337 13
    endloop
  endfacet
  facet normal -0.427932 -0.903811 0
    outer loop
      vertex -15.2747 -11.5147 13
      vertex -15.1993 -11.5504 17
      vertex -15.2747 -11.5147 17
    endloop
  endfacet
  facet normal -0.427932 -0.903811 -0
    outer loop
      vertex -15.1993 -11.5504 17
      vertex -15.2747 -11.5147 13
      vertex -15.1993 -11.5504 13
    endloop
  endfacet
  facet normal 0.146288 -0.989242 0
    outer loop
      vertex -15.7658 -11.4663 13
      vertex -15.6833 -11.4541 17
      vertex -15.7658 -11.4663 17
    endloop
  endfacet
  facet normal 0.146288 -0.989242 0
    outer loop
      vertex -15.6833 -11.4541 17
      vertex -15.7658 -11.4663 13
      vertex -15.6833 -11.4541 13
    endloop
  endfacet
  facet normal -0.243382 0.969931 0
    outer loop
      vertex -15.3533 -13.1134 13
      vertex -15.4342 -13.1337 17
      vertex -15.3533 -13.1134 17
    endloop
  endfacet
  facet normal -0.243382 0.969931 0
    outer loop
      vertex -15.4342 -13.1337 17
      vertex -15.3533 -13.1134 13
      vertex -15.4342 -13.1337 13
    endloop
  endfacet
  facet normal 0.594998 -0.803727 0
    outer loop
      vertex -16.1392 -11.6429 13
      vertex -16.0722 -11.5933 17
      vertex -16.1392 -11.6429 17
    endloop
  endfacet
  facet normal 0.594998 -0.803727 0
    outer loop
      vertex -16.0722 -11.5933 17
      vertex -16.1392 -11.6429 13
      vertex -16.0722 -11.5933 13
    endloop
  endfacet
  facet normal 0.903811 -0.427932 0
    outer loop
      vertex -16.3853 -11.9747 17
      vertex -16.3496 -11.8993 13
      vertex -16.3496 -11.8993 17
    endloop
  endfacet
  facet normal 0.903811 -0.427932 0
    outer loop
      vertex -16.3496 -11.8993 13
      vertex -16.3853 -11.9747 17
      vertex -16.3853 -11.9747 13
    endloop
  endfacet
  facet normal 0.427932 0.903811 -0
    outer loop
      vertex -15.9253 -13.0853 13
      vertex -16.0007 -13.0496 17
      vertex -15.9253 -13.0853 17
    endloop
  endfacet
  facet normal 0.427932 0.903811 0
    outer loop
      vertex -16.0007 -13.0496 17
      vertex -15.9253 -13.0853 13
      vertex -16.0007 -13.0496 13
    endloop
  endfacet
  facet normal -0.33664 0.941633 0
    outer loop
      vertex -15.2747 -13.0853 13
      vertex -15.3533 -13.1134 17
      vertex -15.2747 -13.0853 17
    endloop
  endfacet
  facet normal -0.33664 0.941633 0
    outer loop
      vertex -15.3533 -13.1134 17
      vertex -15.2747 -13.0853 13
      vertex -15.3533 -13.1134 13
    endloop
  endfacet
  facet normal 0.594998 0.803727 -0
    outer loop
      vertex -16.0722 -13.0067 13
      vertex -16.1392 -12.9571 17
      vertex -16.0722 -13.0067 17
    endloop
  endfacet
  facet normal 0.594998 0.803727 0
    outer loop
      vertex -16.1392 -12.9571 17
      vertex -16.0722 -13.0067 13
      vertex -16.1392 -12.9571 13
    endloop
  endfacet
  facet normal 0.903738 0.428086 0
    outer loop
      vertex -16.3853 -12.6253 17
      vertex -16.3736 -12.65 13
      vertex -16.3853 -12.6253 13
    endloop
  endfacet
  facet normal 0.903811 0.427932 1.16872e-06
    outer loop
      vertex -16.3496 -12.7007 17
      vertex -16.3736 -12.65 13
      vertex -16.3853 -12.6253 17
    endloop
  endfacet
  facet normal 0.903847 0.427856 0
    outer loop
      vertex -16.3736 -12.65 13
      vertex -16.3496 -12.7007 17
      vertex -16.3496 -12.7007 13
    endloop
  endfacet
  facet normal -0.514496 -0.857493 0
    outer loop
      vertex -15.1993 -11.5504 13
      vertex -15.1278 -11.5933 17
      vertex -15.1993 -11.5504 17
    endloop
  endfacet
  facet normal -0.514496 -0.857493 -0
    outer loop
      vertex -15.1278 -11.5933 17
      vertex -15.1993 -11.5504 13
      vertex -15.1278 -11.5933 13
    endloop
  endfacet
  facet normal -0.594998 0.803727 0
    outer loop
      vertex -15.0608 -12.9571 13
      vertex -15.1278 -13.0067 17
      vertex -15.0608 -12.9571 17
    endloop
  endfacet
  facet normal -0.594998 0.803727 0
    outer loop
      vertex -15.1278 -13.0067 17
      vertex -15.0608 -12.9571 13
      vertex -15.1278 -13.0067 13
    endloop
  endfacet
  facet normal 0.998791 0.0491602 0
    outer loop
      vertex -16.4459 -12.3833 17
      vertex -16.45 -12.3 13
      vertex -16.45 -12.3 17
    endloop
  endfacet
  facet normal 0.998791 0.0491602 0
    outer loop
      vertex -16.45 -12.3 13
      vertex -16.4459 -12.3833 17
      vertex -16.4459 -12.3833 13
    endloop
  endfacet
  facet normal -0.594998 -0.803727 0
    outer loop
      vertex -15.1278 -11.5933 13
      vertex -15.0608 -11.6429 17
      vertex -15.1278 -11.5933 17
    endloop
  endfacet
  facet normal -0.594998 -0.803727 -0
    outer loop
      vertex -15.0608 -11.6429 17
      vertex -15.1278 -11.5933 13
      vertex -15.0608 -11.6429 13
    endloop
  endfacet
  facet normal -0.969931 0.243382 0
    outer loop
      vertex -14.7866 -12.5467 13
      vertex -14.7663 -12.4658 17
      vertex -14.7663 -12.4658 13
    endloop
  endfacet
  facet normal -0.969931 0.243382 0
    outer loop
      vertex -14.7663 -12.4658 17
      vertex -14.7866 -12.5467 13
      vertex -14.7866 -12.5467 17
    endloop
  endfacet
  facet normal 0.514496 -0.857493 0
    outer loop
      vertex -16.0722 -11.5933 13
      vertex -16.0007 -11.5504 17
      vertex -16.0722 -11.5933 17
    endloop
  endfacet
  facet normal 0.514496 -0.857493 0
    outer loop
      vertex -16.0007 -11.5504 17
      vertex -16.0722 -11.5933 13
      vertex -16.0007 -11.5504 13
    endloop
  endfacet
  facet normal 0.941633 0.33664 0
    outer loop
      vertex -16.3853 -12.6253 17
      vertex -16.4134 -12.5467 13
      vertex -16.4134 -12.5467 17
    endloop
  endfacet
  facet normal 0.941633 0.33664 0
    outer loop
      vertex -16.4134 -12.5467 13
      vertex -16.3853 -12.6253 17
      vertex -16.3853 -12.6253 13
    endloop
  endfacet
  facet normal -0.243382 -0.969931 0
    outer loop
      vertex -15.4342 -11.4663 13
      vertex -15.3533 -11.4866 17
      vertex -15.4342 -11.4663 17
    endloop
  endfacet
  facet normal -0.243382 -0.969931 -0
    outer loop
      vertex -15.3533 -11.4866 17
      vertex -15.4342 -11.4663 13
      vertex -15.3533 -11.4866 13
    endloop
  endfacet
  facet normal 0.740428 -0.672136 0
    outer loop
      vertex -16.2571 -11.7608 17
      vertex -16.201 -11.699 13
      vertex -16.201 -11.699 17
    endloop
  endfacet
  facet normal 0.740428 -0.672136 0
    outer loop
      vertex -16.201 -11.699 13
      vertex -16.2571 -11.7608 17
      vertex -16.2571 -11.7608 13
    endloop
  endfacet
  facet normal -0.0491602 0.998791 0
    outer loop
      vertex -15.5167 -13.1459 13
      vertex -15.6 -13.15 17
      vertex -15.5167 -13.1459 17
    endloop
  endfacet
  facet normal -0.0491602 0.998791 0
    outer loop
      vertex -15.6 -13.15 17
      vertex -15.5167 -13.1459 13
      vertex -15.6 -13.15 13
    endloop
  endfacet
  facet normal -0.803727 -0.594998 0
    outer loop
      vertex -14.8933 -11.8278 13
      vertex -14.9429 -11.7608 17
      vertex -14.9429 -11.7608 13
    endloop
  endfacet
  facet normal -0.803727 -0.594998 0
    outer loop
      vertex -14.9429 -11.7608 17
      vertex -14.8933 -11.8278 13
      vertex -14.8933 -11.8278 17
    endloop
  endfacet
  facet normal 0.969931 0.243382 0
    outer loop
      vertex -16.4134 -12.5467 17
      vertex -16.4337 -12.4658 13
      vertex -16.4337 -12.4658 17
    endloop
  endfacet
  facet normal 0.969931 0.243382 0
    outer loop
      vertex -16.4337 -12.4658 13
      vertex -16.4134 -12.5467 17
      vertex -16.4134 -12.5467 13
    endloop
  endfacet
  facet normal -0.989242 0.146288 0
    outer loop
      vertex -14.7663 -12.4658 13
      vertex -14.7541 -12.3833 17
      vertex -14.7541 -12.3833 13
    endloop
  endfacet
  facet normal -0.989242 0.146288 0
    outer loop
      vertex -14.7541 -12.3833 17
      vertex -14.7663 -12.4658 13
      vertex -14.7663 -12.4658 17
    endloop
  endfacet
  facet normal -0.514496 0.857493 0
    outer loop
      vertex -15.1278 -13.0067 13
      vertex -15.1993 -13.0496 17
      vertex -15.1278 -13.0067 17
    endloop
  endfacet
  facet normal -0.514496 0.857493 0
    outer loop
      vertex -15.1993 -13.0496 17
      vertex -15.1278 -13.0067 13
      vertex -15.1993 -13.0496 13
    endloop
  endfacet
  facet normal 0.941633 -0.33664 0
    outer loop
      vertex -16.4134 -12.0533 17
      vertex -16.3853 -11.9747 13
      vertex -16.3853 -11.9747 17
    endloop
  endfacet
  facet normal 0.941633 -0.33664 0
    outer loop
      vertex -16.3853 -11.9747 13
      vertex -16.4134 -12.0533 17
      vertex -16.4134 -12.0533 13
    endloop
  endfacet
  facet normal -0.672136 -0.740428 0
    outer loop
      vertex -15.0608 -11.6429 13
      vertex -14.999 -11.699 17
      vertex -15.0608 -11.6429 17
    endloop
  endfacet
  facet normal -0.672136 -0.740428 -0
    outer loop
      vertex -14.999 -11.699 17
      vertex -15.0608 -11.6429 13
      vertex -14.999 -11.699 13
    endloop
  endfacet
  facet normal 0.989242 -0.146288 0
    outer loop
      vertex -16.4459 -12.2167 17
      vertex -16.4337 -12.1342 13
      vertex -16.4337 -12.1342 17
    endloop
  endfacet
  facet normal 0.989242 -0.146288 0
    outer loop
      vertex -16.4337 -12.1342 13
      vertex -16.4459 -12.2167 17
      vertex -16.4459 -12.2167 13
    endloop
  endfacet
  facet normal -0.903738 0.428086 0
    outer loop
      vertex -14.8264 -12.65 13
      vertex -14.8147 -12.6253 17
      vertex -14.8147 -12.6253 13
    endloop
  endfacet
  facet normal -0.903847 0.427856 1.73817e-06
    outer loop
      vertex -14.8504 -12.7007 13
      vertex -14.8147 -12.6253 17
      vertex -14.8264 -12.65 13
    endloop
  endfacet
  facet normal -0.903811 0.427932 0
    outer loop
      vertex -14.8147 -12.6253 17
      vertex -14.8504 -12.7007 13
      vertex -14.8504 -12.7007 17
    endloop
  endfacet
  facet normal -0.998791 0.0491602 0
    outer loop
      vertex -14.7541 -12.3833 13
      vertex -14.75 -12.3 17
      vertex -14.75 -12.3 13
    endloop
  endfacet
  facet normal -0.998791 0.0491602 0
    outer loop
      vertex -14.75 -12.3 17
      vertex -14.7541 -12.3833 13
      vertex -14.7541 -12.3833 17
    endloop
  endfacet
  facet normal -0.146288 0.989242 0
    outer loop
      vertex -15.4342 -13.1337 13
      vertex -15.5167 -13.1459 17
      vertex -15.4342 -13.1337 17
    endloop
  endfacet
  facet normal -0.146288 0.989242 0
    outer loop
      vertex -15.5167 -13.1459 17
      vertex -15.4342 -13.1337 13
      vertex -15.5167 -13.1459 13
    endloop
  endfacet
  facet normal -0.941633 -0.33664 0
    outer loop
      vertex -14.7866 -12.0533 13
      vertex -14.8147 -11.9747 17
      vertex -14.8147 -11.9747 13
    endloop
  endfacet
  facet normal -0.941633 -0.33664 0
    outer loop
      vertex -14.8147 -11.9747 17
      vertex -14.7866 -12.0533 13
      vertex -14.7866 -12.0533 17
    endloop
  endfacet
  facet normal -0.803727 0.594998 0
    outer loop
      vertex -14.9429 -12.8392 13
      vertex -14.8933 -12.7722 17
      vertex -14.8933 -12.7722 13
    endloop
  endfacet
  facet normal -0.803727 0.594998 0
    outer loop
      vertex -14.8933 -12.7722 17
      vertex -14.9429 -12.8392 13
      vertex -14.9429 -12.8392 17
    endloop
  endfacet
  facet normal -0.857493 0.514496 0
    outer loop
      vertex -14.8933 -12.7722 13
      vertex -14.8504 -12.7007 17
      vertex -14.8504 -12.7007 13
    endloop
  endfacet
  facet normal -0.857493 0.514496 0
    outer loop
      vertex -14.8504 -12.7007 17
      vertex -14.8933 -12.7722 13
      vertex -14.8933 -12.7722 17
    endloop
  endfacet
  facet normal 0.243382 -0.969931 0
    outer loop
      vertex -15.8467 -11.4866 13
      vertex -15.7658 -11.4663 17
      vertex -15.8467 -11.4866 17
    endloop
  endfacet
  facet normal 0.243382 -0.969931 0
    outer loop
      vertex -15.7658 -11.4663 17
      vertex -15.8467 -11.4866 13
      vertex -15.7658 -11.4663 13
    endloop
  endfacet
  facet normal -0.941633 0.33664 0
    outer loop
      vertex -14.8147 -12.6253 13
      vertex -14.7866 -12.5467 17
      vertex -14.7866 -12.5467 13
    endloop
  endfacet
  facet normal -0.941633 0.33664 0
    outer loop
      vertex -14.7866 -12.5467 17
      vertex -14.8147 -12.6253 13
      vertex -14.8147 -12.6253 17
    endloop
  endfacet
  facet normal -0.0491602 -0.998791 0
    outer loop
      vertex -15.6 -11.45 13
      vertex -15.5167 -11.4541 17
      vertex -15.6 -11.45 17
    endloop
  endfacet
  facet normal -0.0491602 -0.998791 -0
    outer loop
      vertex -15.5167 -11.4541 17
      vertex -15.6 -11.45 13
      vertex -15.5167 -11.4541 13
    endloop
  endfacet
  facet normal -0.903811 -0.427932 0
    outer loop
      vertex -14.8147 -11.9747 13
      vertex -14.8504 -11.8993 17
      vertex -14.8504 -11.8993 13
    endloop
  endfacet
  facet normal -0.903811 -0.427932 0
    outer loop
      vertex -14.8504 -11.8993 17
      vertex -14.8147 -11.9747 13
      vertex -14.8147 -11.9747 17
    endloop
  endfacet
  facet normal -0.146288 -0.989242 0
    outer loop
      vertex -15.5167 -11.4541 13
      vertex -15.4342 -11.4663 17
      vertex -15.5167 -11.4541 17
    endloop
  endfacet
  facet normal -0.146288 -0.989242 -0
    outer loop
      vertex -15.4342 -11.4663 17
      vertex -15.5167 -11.4541 13
      vertex -15.4342 -11.4663 13
    endloop
  endfacet
  facet normal 0.243382 0.969931 -0
    outer loop
      vertex -15.7658 -13.1337 13
      vertex -15.8467 -13.1134 17
      vertex -15.7658 -13.1337 17
    endloop
  endfacet
  facet normal 0.243382 0.969931 0
    outer loop
      vertex -15.8467 -13.1134 17
      vertex -15.7658 -13.1337 13
      vertex -15.8467 -13.1134 13
    endloop
  endfacet
  facet normal 0.857493 0.514496 0
    outer loop
      vertex -16.3067 -12.7722 17
      vertex -16.3496 -12.7007 13
      vertex -16.3496 -12.7007 17
    endloop
  endfacet
  facet normal 0.857493 0.514496 0
    outer loop
      vertex -16.3496 -12.7007 13
      vertex -16.3067 -12.7722 17
      vertex -16.3067 -12.7722 13
    endloop
  endfacet
  facet normal -0.857493 -0.514496 0
    outer loop
      vertex -14.8504 -11.8993 13
      vertex -14.8933 -11.8278 17
      vertex -14.8933 -11.8278 13
    endloop
  endfacet
  facet normal -0.857493 -0.514496 0
    outer loop
      vertex -14.8933 -11.8278 17
      vertex -14.8504 -11.8993 13
      vertex -14.8504 -11.8993 17
    endloop
  endfacet
  facet normal 0.33664 -0.941633 0
    outer loop
      vertex -15.9253 -11.5147 13
      vertex -15.8467 -11.4866 17
      vertex -15.9253 -11.5147 17
    endloop
  endfacet
  facet normal 0.33664 -0.941633 0
    outer loop
      vertex -15.8467 -11.4866 17
      vertex -15.9253 -11.5147 13
      vertex -15.8467 -11.4866 13
    endloop
  endfacet
  facet normal 0.740428 0.672136 0
    outer loop
      vertex -16.201 -12.901 17
      vertex -16.2571 -12.8392 13
      vertex -16.2571 -12.8392 17
    endloop
  endfacet
  facet normal 0.740428 0.672136 0
    outer loop
      vertex -16.2571 -12.8392 13
      vertex -16.201 -12.901 17
      vertex -16.201 -12.901 13
    endloop
  endfacet
  facet normal 0.672136 -0.740428 0
    outer loop
      vertex -16.201 -11.699 13
      vertex -16.1392 -11.6429 17
      vertex -16.201 -11.699 17
    endloop
  endfacet
  facet normal 0.672136 -0.740428 0
    outer loop
      vertex -16.1392 -11.6429 17
      vertex -16.201 -11.699 13
      vertex -16.1392 -11.6429 13
    endloop
  endfacet
  facet normal -0.33664 -0.941633 0
    outer loop
      vertex -15.3533 -11.4866 13
      vertex -15.2747 -11.5147 17
      vertex -15.3533 -11.4866 17
    endloop
  endfacet
  facet normal -0.33664 -0.941633 -0
    outer loop
      vertex -15.2747 -11.5147 17
      vertex -15.3533 -11.4866 13
      vertex -15.2747 -11.5147 13
    endloop
  endfacet
  facet normal 0.514496 0.857493 -0
    outer loop
      vertex -16.0007 -13.0496 13
      vertex -16.0722 -13.0067 17
      vertex -16.0007 -13.0496 17
    endloop
  endfacet
  facet normal 0.514496 0.857493 0
    outer loop
      vertex -16.0722 -13.0067 17
      vertex -16.0007 -13.0496 13
      vertex -16.0722 -13.0067 13
    endloop
  endfacet
  facet normal 0.969931 -0.243382 0
    outer loop
      vertex -16.4337 -12.1342 17
      vertex -16.4134 -12.0533 13
      vertex -16.4134 -12.0533 17
    endloop
  endfacet
  facet normal 0.969931 -0.243382 0
    outer loop
      vertex -16.4134 -12.0533 13
      vertex -16.4337 -12.1342 17
      vertex -16.4337 -12.1342 13
    endloop
  endfacet
  facet normal 0.803727 0.594998 0
    outer loop
      vertex -16.2571 -12.8392 17
      vertex -16.3067 -12.7722 13
      vertex -16.3067 -12.7722 17
    endloop
  endfacet
  facet normal 0.803727 0.594998 0
    outer loop
      vertex -16.3067 -12.7722 13
      vertex -16.2571 -12.8392 17
      vertex -16.2571 -12.8392 13
    endloop
  endfacet
  facet normal 0.989242 0.146288 0
    outer loop
      vertex -16.4337 -12.4658 17
      vertex -16.4459 -12.3833 13
      vertex -16.4459 -12.3833 17
    endloop
  endfacet
  facet normal 0.989242 0.146288 0
    outer loop
      vertex -16.4459 -12.3833 13
      vertex -16.4337 -12.4658 17
      vertex -16.4337 -12.4658 13
    endloop
  endfacet
  facet normal 0.672136 0.740428 -0
    outer loop
      vertex -16.1392 -12.9571 13
      vertex -16.201 -12.901 17
      vertex -16.1392 -12.9571 17
    endloop
  endfacet
  facet normal 0.672136 0.740428 0
    outer loop
      vertex -16.201 -12.901 17
      vertex -16.1392 -12.9571 13
      vertex -16.201 -12.901 13
    endloop
  endfacet
  facet normal 0.803727 -0.594998 0
    outer loop
      vertex -16.3067 -11.8278 17
      vertex -16.2571 -11.7608 13
      vertex -16.2571 -11.7608 17
    endloop
  endfacet
  facet normal 0.803727 -0.594998 0
    outer loop
      vertex -16.2571 -11.7608 13
      vertex -16.3067 -11.8278 17
      vertex -16.3067 -11.8278 13
    endloop
  endfacet
  facet normal 0.857493 -0.514496 0
    outer loop
      vertex -16.3496 -11.8993 17
      vertex -16.3067 -11.8278 13
      vertex -16.3067 -11.8278 17
    endloop
  endfacet
  facet normal 0.857493 -0.514496 0
    outer loop
      vertex -16.3067 -11.8278 13
      vertex -16.3496 -11.8993 17
      vertex -16.3496 -11.8993 13
    endloop
  endfacet
  facet normal 0.0491602 0.998791 -0
    outer loop
      vertex -15.6 -13.15 13
      vertex -15.6833 -13.1459 17
      vertex -15.6 -13.15 17
    endloop
  endfacet
  facet normal 0.0491602 0.998791 0
    outer loop
      vertex -15.6833 -13.1459 17
      vertex -15.6 -13.15 13
      vertex -15.6833 -13.1459 13
    endloop
  endfacet
  facet normal 0.998791 -0.0491602 0
    outer loop
      vertex -16.45 -12.3 17
      vertex -16.4459 -12.2167 13
      vertex -16.4459 -12.2167 17
    endloop
  endfacet
  facet normal 0.998791 -0.0491602 0
    outer loop
      vertex -16.4459 -12.2167 13
      vertex -16.45 -12.3 17
      vertex -16.45 -12.3 13
    endloop
  endfacet
  facet normal 0.33664 0.941633 -0
    outer loop
      vertex -15.8467 -13.1134 13
      vertex -15.9253 -13.0853 17
      vertex -15.8467 -13.1134 17
    endloop
  endfacet
  facet normal 0.33664 0.941633 0
    outer loop
      vertex -15.9253 -13.0853 17
      vertex -15.8467 -13.1134 13
      vertex -15.9253 -13.0853 13
    endloop
  endfacet
  facet normal -0.740428 0.672136 0
    outer loop
      vertex -14.999 -12.901 13
      vertex -14.9429 -12.8392 17
      vertex -14.9429 -12.8392 13
    endloop
  endfacet
  facet normal -0.740428 0.672136 0
    outer loop
      vertex -14.9429 -12.8392 17
      vertex -14.999 -12.901 13
      vertex -14.999 -12.901 17
    endloop
  endfacet
  facet normal -0.672136 0.740428 0
    outer loop
      vertex -14.999 -12.901 13
      vertex -15.0608 -12.9571 17
      vertex -14.999 -12.901 17
    endloop
  endfacet
  facet normal -0.672136 0.740428 0
    outer loop
      vertex -15.0608 -12.9571 17
      vertex -14.999 -12.901 13
      vertex -15.0608 -12.9571 13
    endloop
  endfacet
  facet normal 1 -0 0
    outer loop
      vertex -8.6 2 36.5
      vertex -8.6 4 6.5
      vertex -8.6 4 36.5
    endloop
  endfacet
  facet normal 1 0 0
    outer loop
      vertex -8.6 4 6.5
      vertex -8.6 2 36.5
      vertex -8.6 2 6.5
    endloop
  endfacet
  facet normal -0 0 1
    outer loop
      vertex -69.6 4 36.5
      vertex -8.6 2 36.5
      vertex -8.6 4 36.5
    endloop
  endfacet
  facet normal 0 0 1
    outer loop
      vertex -8.6 2 36.5
      vertex -69.6 4 36.5
      vertex -69.6 2 36.5
    endloop
  endfacet
  facet normal 0 0 -1
    outer loop
      vertex -22.9 2 6.5
      vertex -8.6 4 6.5
      vertex -8.6 2 6.5
    endloop
  endfacet
  facet normal -0 0 -1
    outer loop
      vertex -8.6 4 6.5
      vertex -22.9 2 6.5
      vertex -22.9 4 6.5
    endloop
  endfacet
  facet normal 0 1 0
    outer loop
      vertex -8.6 4 36.5
      vertex -22.9 4 13
      vertex -69.6 4 36.5
    endloop
  endfacet
  facet normal 0 1 -0
    outer loop
      vertex -8.6 4 6.5
      vertex -22.9 4 13
      vertex -8.6 4 36.5
    endloop
  endfacet
  facet normal 0 1 0
    outer loop
      vertex -22.9 4 13
      vertex -8.6 4 6.5
      vertex -22.9 4 6.5
    endloop
  endfacet
  facet normal 0 1 0
    outer loop
      vertex -69.6 4 36.5
      vertex -22.9 4 13
      vertex -69.6 4 13
    endloop
  endfacet
  facet normal 0 -1 0
    outer loop
      vertex -22.9 2 13
      vertex -69.6 2 36.5
      vertex -69.6 2 13
    endloop
  endfacet
  facet normal 0 -1 0
    outer loop
      vertex -69.6 2 36.5
      vertex -22.9 2 13
      vertex -8.6 2 36.5
    endloop
  endfacet
  facet normal 0 -1 0
    outer loop
      vertex -8.6 2 6.5
      vertex -22.9 2 13
      vertex -22.9 2 6.5
    endloop
  endfacet
  facet normal 0 -1 0
    outer loop
      vertex -22.9 2 13
      vertex -8.6 2 6.5
      vertex -8.6 2 36.5
    endloop
  endfacet
endsolid OpenSCAD_Model
