solid OpenSCAD_Model
  facet normal 0.0491626 -0.998791 0
    outer loop
      vertex 21 -23 0
      vertex 21.3921 -22.9807 6
      vertex 21 -23 6
    endloop
  endfacet
  facet normal 0.0491626 -0.998791 0
    outer loop
      vertex 21.3921 -22.9807 6
      vertex 21 -23 0
      vertex 21.3921 -22.9807 0
    endloop
  endfacet
  facet normal 0 -1 0
    outer loop
      vertex -21 -23 0
      vertex 21 -23 6
      vertex -21 -23 6
    endloop
  endfacet
  facet normal 0 -1 -0
    outer loop
      vertex 21 -23 6
      vertex -21 -23 0
      vertex 21 -23 0
    endloop
  endfacet
  facet normal 0 1 -0
    outer loop
      vertex 21 23 0
      vertex -21 23 6
      vertex 21 23 6
    endloop
  endfacet
  facet normal 0 1 0
    outer loop
      vertex -21 23 6
      vertex 21 23 0
      vertex -21 23 0
    endloop
  endfacet
  facet normal -0.242835 -0.970068 0
    outer loop
      vertex -22.1611 -22.8278 0
      vertex -21.7804 -22.9231 6
      vertex -22.1611 -22.8278 6
    endloop
  endfacet
  facet normal -0.242835 -0.970068 -0
    outer loop
      vertex -21.7804 -22.9231 6
      vertex -22.1611 -22.8278 0
      vertex -21.7804 -22.9231 0
    endloop
  endfacet
  facet normal 0.595794 0.803137 -0
    outer loop
      vertex 23.5376 22.092 0
      vertex 23.2223 22.3259 6
      vertex 23.5376 22.092 6
    endloop
  endfacet
  facet normal 0.595794 0.803137 0
    outer loop
      vertex 23.2223 22.3259 6
      vertex 23.5376 22.092 0
      vertex 23.2223 22.3259 0
    endloop
  endfacet
  facet normal 0.514084 -0.85774 0
    outer loop
      vertex 22.8856 -22.5277 0
      vertex 23.2223 -22.3259 6
      vertex 22.8856 -22.5277 6
    endloop
  endfacet
  facet normal 0.514084 -0.85774 0
    outer loop
      vertex 23.2223 -22.3259 6
      vertex 22.8856 -22.5277 0
      vertex 23.2223 -22.3259 0
    endloop
  endfacet
  facet normal -0.803137 0.595794 0
    outer loop
      vertex -24.3259 21.2223 0
      vertex -24.092 21.5376 6
      vertex -24.092 21.5376 0
    endloop
  endfacet
  facet normal -0.803137 0.595794 0
    outer loop
      vertex -24.092 21.5376 6
      vertex -24.3259 21.2223 0
      vertex -24.3259 21.2223 6
    endloop
  endfacet
  facet normal 0.740908 -0.671607 0
    outer loop
      vertex 23.8284 -21.8284 6
      vertex 24.092 -21.5376 0
      vertex 24.092 -21.5376 6
    endloop
  endfacet
  facet normal 0.740908 -0.671607 0
    outer loop
      vertex 24.092 -21.5376 0
      vertex 23.8284 -21.8284 6
      vertex 23.8284 -21.8284 0
    endloop
  endfacet
  facet normal -0.42744 -0.904044 0
    outer loop
      vertex -22.8856 -22.5277 0
      vertex -22.5307 -22.6955 6
      vertex -22.8856 -22.5277 6
    endloop
  endfacet
  facet normal -0.42744 -0.904044 -0
    outer loop
      vertex -22.5307 -22.6955 6
      vertex -22.8856 -22.5277 0
      vertex -22.5307 -22.6955 0
    endloop
  endfacet
  facet normal -0.970068 -0.242835 0
    outer loop
      vertex -24.8278 -20.1611 0
      vertex -24.9231 -19.7804 6
      vertex -24.9231 -19.7804 0
    endloop
  endfacet
  facet normal -0.970068 -0.242835 0
    outer loop
      vertex -24.9231 -19.7804 6
      vertex -24.8278 -20.1611 0
      vertex -24.8278 -20.1611 6
    endloop
  endfacet
  facet normal -0.337014 -0.9415 0
    outer loop
      vertex -22.5307 -22.6955 0
      vertex -22.1611 -22.8278 6
      vertex -22.5307 -22.6955 6
    endloop
  endfacet
  facet normal -0.337014 -0.9415 -0
    outer loop
      vertex -22.1611 -22.8278 6
      vertex -22.5307 -22.6955 0
      vertex -22.1611 -22.8278 0
    endloop
  endfacet
  facet normal -0.989176 0.146733 0
    outer loop
      vertex -24.9807 19.3921 0
      vertex -24.9231 19.7804 6
      vertex -24.9231 19.7804 0
    endloop
  endfacet
  facet normal -0.989176 0.146733 0
    outer loop
      vertex -24.9231 19.7804 6
      vertex -24.9807 19.3921 0
      vertex -24.9807 19.3921 6
    endloop
  endfacet
  facet normal -0.0491626 -0.998791 0
    outer loop
      vertex -21.3921 -22.9807 0
      vertex -21 -23 6
      vertex -21.3921 -22.9807 6
    endloop
  endfacet
  facet normal -0.0491626 -0.998791 -0
    outer loop
      vertex -21 -23 6
      vertex -21.3921 -22.9807 0
      vertex -21 -23 0
    endloop
  endfacet
  facet normal -0.146733 0.989176 0
    outer loop
      vertex -21.3921 22.9807 0
      vertex -21.7804 22.9231 6
      vertex -21.3921 22.9807 6
    endloop
  endfacet
  facet normal -0.146733 0.989176 0
    outer loop
      vertex -21.7804 22.9231 6
      vertex -21.3921 22.9807 0
      vertex -21.7804 22.9231 0
    endloop
  endfacet
  facet normal 0.970068 0.242835 0
    outer loop
      vertex 24.9231 19.7804 6
      vertex 24.8278 20.1611 0
      vertex 24.8278 20.1611 6
    endloop
  endfacet
  facet normal 0.970068 0.242835 0
    outer loop
      vertex 24.8278 20.1611 0
      vertex 24.9231 19.7804 6
      vertex 24.9231 19.7804 0
    endloop
  endfacet
  facet normal 1 -0 0
    outer loop
      vertex 25 -19 6
      vertex 25 19 0
      vertex 25 19 6
    endloop
  endfacet
  facet normal 1 0 0
    outer loop
      vertex 25 19 0
      vertex 25 -19 6
      vertex 25 -19 0
    endloop
  endfacet
  facet normal -0.904044 -0.42744 0
    outer loop
      vertex -24.5277 -20.8856 0
      vertex -24.6955 -20.5307 6
      vertex -24.6955 -20.5307 0
    endloop
  endfacet
  facet normal -0.904044 -0.42744 0
    outer loop
      vertex -24.6955 -20.5307 6
      vertex -24.5277 -20.8856 0
      vertex -24.5277 -20.8856 6
    endloop
  endfacet
  facet normal 0.671607 -0.740908 0
    outer loop
      vertex 23.5376 -22.092 0
      vertex 23.8284 -21.8284 6
      vertex 23.5376 -22.092 6
    endloop
  endfacet
  facet normal 0.671607 -0.740908 0
    outer loop
      vertex 23.8284 -21.8284 6
      vertex 23.5376 -22.092 0
      vertex 23.8284 -21.8284 0
    endloop
  endfacet
  facet normal -0.671607 -0.740908 0
    outer loop
      vertex -23.8284 -21.8284 0
      vertex -23.5376 -22.092 6
      vertex -23.8284 -21.8284 6
    endloop
  endfacet
  facet normal -0.671607 -0.740908 -0
    outer loop
      vertex -23.5376 -22.092 6
      vertex -23.8284 -21.8284 0
      vertex -23.5376 -22.092 0
    endloop
  endfacet
  facet normal 0.740908 0.671607 0
    outer loop
      vertex 24.092 21.5376 6
      vertex 23.8284 21.8284 0
      vertex 23.8284 21.8284 6
    endloop
  endfacet
  facet normal 0.740908 0.671607 0
    outer loop
      vertex 23.8284 21.8284 0
      vertex 24.092 21.5376 6
      vertex 24.092 21.5376 0
    endloop
  endfacet
  facet normal -0.0491626 0.998791 0
    outer loop
      vertex -21 23 0
      vertex -21.3921 22.9807 6
      vertex -21 23 6
    endloop
  endfacet
  facet normal -0.0491626 0.998791 0
    outer loop
      vertex -21.3921 22.9807 6
      vertex -21 23 0
      vertex -21.3921 22.9807 0
    endloop
  endfacet
  facet normal -0.998791 -0.0491626 0
    outer loop
      vertex -24.9807 -19.3921 0
      vertex -25 -19 6
      vertex -25 -19 0
    endloop
  endfacet
  facet normal -0.998791 -0.0491626 0
    outer loop
      vertex -25 -19 6
      vertex -24.9807 -19.3921 0
      vertex -24.9807 -19.3921 6
    endloop
  endfacet
  facet normal -0.514084 0.85774 0
    outer loop
      vertex -22.8856 22.5277 0
      vertex -23.2223 22.3259 6
      vertex -22.8856 22.5277 6
    endloop
  endfacet
  facet normal -0.514084 0.85774 0
    outer loop
      vertex -23.2223 22.3259 6
      vertex -22.8856 22.5277 0
      vertex -23.2223 22.3259 0
    endloop
  endfacet
  facet normal -0.146733 -0.989176 0
    outer loop
      vertex -21.7804 -22.9231 0
      vertex -21.3921 -22.9807 6
      vertex -21.7804 -22.9231 6
    endloop
  endfacet
  facet normal -0.146733 -0.989176 -0
    outer loop
      vertex -21.3921 -22.9807 6
      vertex -21.7804 -22.9231 0
      vertex -21.3921 -22.9807 0
    endloop
  endfacet
  facet normal -0.803137 -0.595794 0
    outer loop
      vertex -24.092 -21.5376 0
      vertex -24.3259 -21.2223 6
      vertex -24.3259 -21.2223 0
    endloop
  endfacet
  facet normal -0.803137 -0.595794 0
    outer loop
      vertex -24.3259 -21.2223 6
      vertex -24.092 -21.5376 0
      vertex -24.092 -21.5376 6
    endloop
  endfacet
  facet normal 0.242835 -0.970068 0
    outer loop
      vertex 21.7804 -22.9231 0
      vertex 22.1611 -22.8278 6
      vertex 21.7804 -22.9231 6
    endloop
  endfacet
  facet normal 0.242835 -0.970068 0
    outer loop
      vertex 22.1611 -22.8278 6
      vertex 21.7804 -22.9231 0
      vertex 22.1611 -22.8278 0
    endloop
  endfacet
  facet normal -0.740908 -0.671607 0
    outer loop
      vertex -23.8284 -21.8284 0
      vertex -24.092 -21.5376 6
      vertex -24.092 -21.5376 0
    endloop
  endfacet
  facet normal -0.740908 -0.671607 0
    outer loop
      vertex -24.092 -21.5376 6
      vertex -23.8284 -21.8284 0
      vertex -23.8284 -21.8284 6
    endloop
  endfacet
  facet normal -0.595794 -0.803137 0
    outer loop
      vertex -23.5376 -22.092 0
      vertex -23.2223 -22.3259 6
      vertex -23.5376 -22.092 6
    endloop
  endfacet
  facet normal -0.595794 -0.803137 -0
    outer loop
      vertex -23.2223 -22.3259 6
      vertex -23.5376 -22.092 0
      vertex -23.2223 -22.3259 0
    endloop
  endfacet
  facet normal 0.85774 0.514084 0
    outer loop
      vertex 24.5277 20.8856 6
      vertex 24.3259 21.2223 0
      vertex 24.3259 21.2223 6
    endloop
  endfacet
  facet normal 0.85774 0.514084 0
    outer loop
      vertex 24.3259 21.2223 0
      vertex 24.5277 20.8856 6
      vertex 24.5277 20.8856 0
    endloop
  endfacet
  facet normal -0.85774 0.514084 0
    outer loop
      vertex -24.5277 20.8856 0
      vertex -24.3259 21.2223 6
      vertex -24.3259 21.2223 0
    endloop
  endfacet
  facet normal -0.85774 0.514084 0
    outer loop
      vertex -24.3259 21.2223 6
      vertex -24.5277 20.8856 0
      vertex -24.5277 20.8856 6
    endloop
  endfacet
  facet normal 0.0491626 0.998791 -0
    outer loop
      vertex 21.3921 22.9807 0
      vertex 21 23 6
      vertex 21.3921 22.9807 6
    endloop
  endfacet
  facet normal 0.0491626 0.998791 0
    outer loop
      vertex 21 23 6
      vertex 21.3921 22.9807 0
      vertex 21 23 0
    endloop
  endfacet
  facet normal -0.85774 -0.514084 0
    outer loop
      vertex -24.3259 -21.2223 0
      vertex -24.5277 -20.8856 6
      vertex -24.5277 -20.8856 0
    endloop
  endfacet
  facet normal -0.85774 -0.514084 0
    outer loop
      vertex -24.5277 -20.8856 6
      vertex -24.3259 -21.2223 0
      vertex -24.3259 -21.2223 6
    endloop
  endfacet
  facet normal -0.740908 0.671607 0
    outer loop
      vertex -24.092 21.5376 0
      vertex -23.8284 21.8284 6
      vertex -23.8284 21.8284 0
    endloop
  endfacet
  facet normal -0.740908 0.671607 0
    outer loop
      vertex -23.8284 21.8284 6
      vertex -24.092 21.5376 0
      vertex -24.092 21.5376 6
    endloop
  endfacet
  facet normal -0.9415 -0.337014 0
    outer loop
      vertex -24.6955 -20.5307 0
      vertex -24.8278 -20.1611 6
      vertex -24.8278 -20.1611 0
    endloop
  endfacet
  facet normal -0.9415 -0.337014 0
    outer loop
      vertex -24.8278 -20.1611 6
      vertex -24.6955 -20.5307 0
      vertex -24.6955 -20.5307 6
    endloop
  endfacet
  facet normal -0.595794 0.803137 0
    outer loop
      vertex -23.2223 22.3259 0
      vertex -23.5376 22.092 6
      vertex -23.2223 22.3259 6
    endloop
  endfacet
  facet normal -0.595794 0.803137 0
    outer loop
      vertex -23.5376 22.092 6
      vertex -23.2223 22.3259 0
      vertex -23.5376 22.092 0
    endloop
  endfacet
  facet normal 0.998791 0.0491626 0
    outer loop
      vertex 25 19 6
      vertex 24.9807 19.3921 0
      vertex 24.9807 19.3921 6
    endloop
  endfacet
  facet normal 0.998791 0.0491626 0
    outer loop
      vertex 24.9807 19.3921 0
      vertex 25 19 6
      vertex 25 19 0
    endloop
  endfacet
  facet normal -0.904044 0.42744 0
    outer loop
      vertex -24.6955 20.5307 0
      vertex -24.5277 20.8856 6
      vertex -24.5277 20.8856 0
    endloop
  endfacet
  facet normal -0.904044 0.42744 0
    outer loop
      vertex -24.5277 20.8856 6
      vertex -24.6955 20.5307 0
      vertex -24.6955 20.5307 6
    endloop
  endfacet
  facet normal 0.42744 0.904044 -0
    outer loop
      vertex 22.8856 22.5277 0
      vertex 22.5307 22.6955 6
      vertex 22.8856 22.5277 6
    endloop
  endfacet
  facet normal 0.42744 0.904044 0
    outer loop
      vertex 22.5307 22.6955 6
      vertex 22.8856 22.5277 0
      vertex 22.5307 22.6955 0
    endloop
  endfacet
  facet normal -0.514084 -0.85774 0
    outer loop
      vertex -23.2223 -22.3259 0
      vertex -22.8856 -22.5277 6
      vertex -23.2223 -22.3259 6
    endloop
  endfacet
  facet normal -0.514084 -0.85774 -0
    outer loop
      vertex -22.8856 -22.5277 6
      vertex -23.2223 -22.3259 0
      vertex -22.8856 -22.5277 0
    endloop
  endfacet
  facet normal -0.9415 0.337014 0
    outer loop
      vertex -24.8278 20.1611 0
      vertex -24.6955 20.5307 6
      vertex -24.6955 20.5307 0
    endloop
  endfacet
  facet normal -0.9415 0.337014 0
    outer loop
      vertex -24.6955 20.5307 6
      vertex -24.8278 20.1611 0
      vertex -24.8278 20.1611 6
    endloop
  endfacet
  facet normal 0.671607 0.740908 -0
    outer loop
      vertex 23.8284 21.8284 0
      vertex 23.5376 22.092 6
      vertex 23.8284 21.8284 6
    endloop
  endfacet
  facet normal 0.671607 0.740908 0
    outer loop
      vertex 23.5376 22.092 6
      vertex 23.8284 21.8284 0
      vertex 23.5376 22.092 0
    endloop
  endfacet
  facet normal 0.514084 0.85774 -0
    outer loop
      vertex 23.2223 22.3259 0
      vertex 22.8856 22.5277 6
      vertex 23.2223 22.3259 6
    endloop
  endfacet
  facet normal 0.514084 0.85774 0
    outer loop
      vertex 22.8856 22.5277 6
      vertex 23.2223 22.3259 0
      vertex 22.8856 22.5277 0
    endloop
  endfacet
  facet normal 0.146733 -0.989176 0
    outer loop
      vertex 21.3921 -22.9807 0
      vertex 21.7804 -22.9231 6
      vertex 21.3921 -22.9807 6
    endloop
  endfacet
  facet normal 0.146733 -0.989176 0
    outer loop
      vertex 21.7804 -22.9231 6
      vertex 21.3921 -22.9807 0
      vertex 21.7804 -22.9231 0
    endloop
  endfacet
  facet normal 0.242835 0.970068 -0
    outer loop
      vertex 22.1611 22.8278 0
      vertex 21.7804 22.9231 6
      vertex 22.1611 22.8278 6
    endloop
  endfacet
  facet normal 0.242835 0.970068 0
    outer loop
      vertex 21.7804 22.9231 6
      vertex 22.1611 22.8278 0
      vertex 21.7804 22.9231 0
    endloop
  endfacet
  facet normal 0.85774 -0.514084 0
    outer loop
      vertex 24.3259 -21.2223 6
      vertex 24.5277 -20.8856 0
      vertex 24.5277 -20.8856 6
    endloop
  endfacet
  facet normal 0.85774 -0.514084 0
    outer loop
      vertex 24.5277 -20.8856 0
      vertex 24.3259 -21.2223 6
      vertex 24.3259 -21.2223 0
    endloop
  endfacet
  facet normal -0.242835 0.970068 0
    outer loop
      vertex -21.7804 22.9231 0
      vertex -22.1611 22.8278 6
      vertex -21.7804 22.9231 6
    endloop
  endfacet
  facet normal -0.242835 0.970068 0
    outer loop
      vertex -22.1611 22.8278 6
      vertex -21.7804 22.9231 0
      vertex -22.1611 22.8278 0
    endloop
  endfacet
  facet normal 0.904044 0.42744 0
    outer loop
      vertex 24.6955 20.5307 6
      vertex 24.5277 20.8856 0
      vertex 24.5277 20.8856 6
    endloop
  endfacet
  facet normal 0.904044 0.42744 0
    outer loop
      vertex 24.5277 20.8856 0
      vertex 24.6955 20.5307 6
      vertex 24.6955 20.5307 0
    endloop
  endfacet
  facet normal -1 0 0
    outer loop
      vertex -25 -19 0
      vertex -25 19 6
      vertex -25 19 0
    endloop
  endfacet
  facet normal -1 -0 0
    outer loop
      vertex -25 19 6
      vertex -25 -19 0
      vertex -25 -19 6
    endloop
  endfacet
  facet normal 0.337014 -0.9415 0
    outer loop
      vertex 22.1611 -22.8278 0
      vertex 22.5307 -22.6955 6
      vertex 22.1611 -22.8278 6
    endloop
  endfacet
  facet normal 0.337014 -0.9415 0
    outer loop
      vertex 22.5307 -22.6955 6
      vertex 22.1611 -22.8278 0
      vertex 22.5307 -22.6955 0
    endloop
  endfacet
  facet normal -0.989176 -0.146733 0
    outer loop
      vertex -24.9231 -19.7804 0
      vertex -24.9807 -19.3921 6
      vertex -24.9807 -19.3921 0
    endloop
  endfacet
  facet normal -0.989176 -0.146733 0
    outer loop
      vertex -24.9807 -19.3921 6
      vertex -24.9231 -19.7804 0
      vertex -24.9231 -19.7804 6
    endloop
  endfacet
  facet normal -0.998791 0.0491626 0
    outer loop
      vertex -25 19 0
      vertex -24.9807 19.3921 6
      vertex -24.9807 19.3921 0
    endloop
  endfacet
  facet normal -0.998791 0.0491626 0
    outer loop
      vertex -24.9807 19.3921 6
      vertex -25 19 0
      vertex -25 19 6
    endloop
  endfacet
  facet normal 0.9415 0.337014 0
    outer loop
      vertex 24.8278 20.1611 6
      vertex 24.6955 20.5307 0
      vertex 24.6955 20.5307 6
    endloop
  endfacet
  facet normal 0.9415 0.337014 0
    outer loop
      vertex 24.6955 20.5307 0
      vertex 24.8278 20.1611 6
      vertex 24.8278 20.1611 0
    endloop
  endfacet
  facet normal 0.42744 -0.904044 0
    outer loop
      vertex 22.5307 -22.6955 0
      vertex 22.8856 -22.5277 6
      vertex 22.5307 -22.6955 6
    endloop
  endfacet
  facet normal 0.42744 -0.904044 0
    outer loop
      vertex 22.8856 -22.5277 6
      vertex 22.5307 -22.6955 0
      vertex 22.8856 -22.5277 0
    endloop
  endfacet
  facet normal -0.42744 0.904044 0
    outer loop
      vertex -22.5307 22.6955 0
      vertex -22.8856 22.5277 6
      vertex -22.5307 22.6955 6
    endloop
  endfacet
  facet normal -0.42744 0.904044 0
    outer loop
      vertex -22.8856 22.5277 6
      vertex -22.5307 22.6955 0
      vertex -22.8856 22.5277 0
    endloop
  endfacet
  facet normal -0.970068 0.242835 0
    outer loop
      vertex -24.9231 19.7804 0
      vertex -24.8278 20.1611 6
      vertex -24.8278 20.1611 0
    endloop
  endfacet
  facet normal -0.970068 0.242835 0
    outer loop
      vertex -24.8278 20.1611 6
      vertex -24.9231 19.7804 0
      vertex -24.9231 19.7804 6
    endloop
  endfacet
  facet normal 0.146733 0.989176 -0
    outer loop
      vertex 21.7804 22.9231 0
      vertex 21.3921 22.9807 6
      vertex 21.7804 22.9231 6
    endloop
  endfacet
  facet normal 0.146733 0.989176 0
    outer loop
      vertex 21.3921 22.9807 6
      vertex 21.7804 22.9231 0
      vertex 21.3921 22.9807 0
    endloop
  endfacet
  facet normal 0.595794 -0.803137 0
    outer loop
      vertex 23.2223 -22.3259 0
      vertex 23.5376 -22.092 6
      vertex 23.2223 -22.3259 6
    endloop
  endfacet
  facet normal 0.595794 -0.803137 0
    outer loop
      vertex 23.5376 -22.092 6
      vertex 23.2223 -22.3259 0
      vertex 23.5376 -22.092 0
    endloop
  endfacet
  facet normal 0.989176 0.146733 0
    outer loop
      vertex 24.9807 19.3921 6
      vertex 24.9231 19.7804 0
      vertex 24.9231 19.7804 6
    endloop
  endfacet
  facet normal 0.989176 0.146733 0
    outer loop
      vertex 24.9231 19.7804 0
      vertex 24.9807 19.3921 6
      vertex 24.9807 19.3921 0
    endloop
  endfacet
  facet normal -0.337014 0.9415 0
    outer loop
      vertex -22.1611 22.8278 0
      vertex -22.5307 22.6955 6
      vertex -22.1611 22.8278 6
    endloop
  endfacet
  facet normal -0.337014 0.9415 0
    outer loop
      vertex -22.5307 22.6955 6
      vertex -22.1611 22.8278 0
      vertex -22.5307 22.6955 0
    endloop
  endfacet
  facet normal 0.337014 0.9415 -0
    outer loop
      vertex 22.5307 22.6955 0
      vertex 22.1611 22.8278 6
      vertex 22.5307 22.6955 6
    endloop
  endfacet
  facet normal 0.337014 0.9415 0
    outer loop
      vertex 22.1611 22.8278 6
      vertex 22.5307 22.6955 0
      vertex 22.1611 22.8278 0
    endloop
  endfacet
  facet normal 0.803137 0.595794 0
    outer loop
      vertex 24.3259 21.2223 6
      vertex 24.092 21.5376 0
      vertex 24.092 21.5376 6
    endloop
  endfacet
  facet normal 0.803137 0.595794 0
    outer loop
      vertex 24.092 21.5376 0
      vertex 24.3259 21.2223 6
      vertex 24.3259 21.2223 0
    endloop
  endfacet
  facet normal 0.998791 -0.0491626 0
    outer loop
      vertex 24.9807 -19.3921 6
      vertex 25 -19 0
      vertex 25 -19 6
    endloop
  endfacet
  facet normal 0.998791 -0.0491626 0
    outer loop
      vertex 25 -19 0
      vertex 24.9807 -19.3921 6
      vertex 24.9807 -19.3921 0
    endloop
  endfacet
  facet normal -0.671607 0.740908 0
    outer loop
      vertex -23.5376 22.092 0
      vertex -23.8284 21.8284 6
      vertex -23.5376 22.092 6
    endloop
  endfacet
  facet normal -0.671607 0.740908 0
    outer loop
      vertex -23.8284 21.8284 6
      vertex -23.5376 22.092 0
      vertex -23.8284 21.8284 0
    endloop
  endfacet
  facet normal 0.9415 -0.337014 0
    outer loop
      vertex 24.6955 -20.5307 6
      vertex 24.8278 -20.1611 0
      vertex 24.8278 -20.1611 6
    endloop
  endfacet
  facet normal 0.9415 -0.337014 0
    outer loop
      vertex 24.8278 -20.1611 0
      vertex 24.6955 -20.5307 6
      vertex 24.6955 -20.5307 0
    endloop
  endfacet
  facet normal -0 0 1
    outer loop
      vertex -15.1111 8.66965 6
      vertex -15 -8.75204 6
      vertex -15 8.75204 6
    endloop
  endfacet
  facet normal 0 0 1
    outer loop
      vertex -15.1111 8.66965 6
      vertex -15.1111 -8.66965 6
      vertex -15 -8.75204 6
    endloop
  endfacet
  facet normal -0 0 1
    outer loop
      vertex -15.2458 8.58893 6
      vertex -15.1111 -8.66965 6
      vertex -15.1111 8.66965 6
    endloop
  endfacet
  facet normal 0 0 1
    outer loop
      vertex -15.2458 8.58893 6
      vertex -15.2458 -8.58893 6
      vertex -15.1111 -8.66965 6
    endloop
  endfacet
  facet normal -0 0 1
    outer loop
      vertex -15.3877 8.52179 6
      vertex -15.2458 -8.58893 6
      vertex -15.2458 8.58893 6
    endloop
  endfacet
  facet normal 0 0 1
    outer loop
      vertex -15.3877 8.52179 6
      vertex -15.3877 -8.52179 6
      vertex -15.2458 -8.58893 6
    endloop
  endfacet
  facet normal -0 0 1
    outer loop
      vertex -15.5355 8.46889 6
      vertex -15.3877 -8.52179 6
      vertex -15.3877 8.52179 6
    endloop
  endfacet
  facet normal 0 0 1
    outer loop
      vertex -15.5355 8.46889 6
      vertex -15.5355 -8.46889 6
      vertex -15.3877 -8.52179 6
    endloop
  endfacet
  facet normal -0 0 1
    outer loop
      vertex -15.6879 8.43074 6
      vertex -15.5355 -8.46889 6
      vertex -15.5355 8.46889 6
    endloop
  endfacet
  facet normal 0 0 1
    outer loop
      vertex -15.6879 8.43074 6
      vertex -15.6879 -8.43074 6
      vertex -15.5355 -8.46889 6
    endloop
  endfacet
  facet normal -0 0 1
    outer loop
      vertex -15.8432 8.4077 6
      vertex -15.6879 -8.43074 6
      vertex -15.6879 8.43074 6
    endloop
  endfacet
  facet normal 0 0 1
    outer loop
      vertex -15.8432 8.4077 6
      vertex -15.8432 -8.4077 6
      vertex -15.6879 -8.43074 6
    endloop
  endfacet
  facet normal -0 0 1
    outer loop
      vertex -16 8.4 6
      vertex -15.8432 -8.4077 6
      vertex -15.8432 8.4077 6
    endloop
  endfacet
  facet normal 0 0 1
    outer loop
      vertex -16 8.4 6
      vertex -16 -8.4 6
      vertex -15.8432 -8.4077 6
    endloop
  endfacet
  facet normal 0 0 1
    outer loop
      vertex -16.1568 8.4077 6
      vertex -16 -8.4 6
      vertex -16 8.4 6
    endloop
  endfacet
  facet normal 0 0 1
    outer loop
      vertex -16.1568 8.4077 6
      vertex -16.1568 -8.4077 6
      vertex -16 -8.4 6
    endloop
  endfacet
  facet normal 0 0 1
    outer loop
      vertex -16.3121 8.43074 6
      vertex -16.1568 -8.4077 6
      vertex -16.1568 8.4077 6
    endloop
  endfacet
  facet normal 0 0 1
    outer loop
      vertex -16.3121 8.43074 6
      vertex -16.3121 -8.43074 6
      vertex -16.1568 -8.4077 6
    endloop
  endfacet
  facet normal 0 0 1
    outer loop
      vertex -16.4645 8.46889 6
      vertex -16.3121 -8.43074 6
      vertex -16.3121 8.43074 6
    endloop
  endfacet
  facet normal 0 0 1
    outer loop
      vertex -16.4645 8.46889 6
      vertex -16.4645 -8.46889 6
      vertex -16.3121 -8.43074 6
    endloop
  endfacet
  facet normal 0 0 1
    outer loop
      vertex -16.6123 8.52179 6
      vertex -16.4645 -8.46889 6
      vertex -16.4645 8.46889 6
    endloop
  endfacet
  facet normal 0 0 1
    outer loop
      vertex -16.6123 8.52179 6
      vertex -16.6123 -8.52179 6
      vertex -16.4645 -8.46889 6
    endloop
  endfacet
  facet normal 0 0 1
    outer loop
      vertex -16.7542 8.58893 6
      vertex -16.6123 -8.52179 6
      vertex -16.6123 8.52179 6
    endloop
  endfacet
  facet normal 0 0 1
    outer loop
      vertex -16.7542 8.58893 6
      vertex -16.7542 -8.58893 6
      vertex -16.6123 -8.52179 6
    endloop
  endfacet
  facet normal 0 0 1
    outer loop
      vertex -16.8889 8.66965 6
      vertex -16.7542 -8.58893 6
      vertex -16.7542 8.58893 6
    endloop
  endfacet
  facet normal 0 0 1
    outer loop
      vertex -16.8889 8.66965 6
      vertex -16.8889 -8.66965 6
      vertex -16.7542 -8.58893 6
    endloop
  endfacet
  facet normal 0 0 1
    outer loop
      vertex -17.015 8.76318 6
      vertex -16.8889 -8.66965 6
      vertex -16.8889 8.66965 6
    endloop
  endfacet
  facet normal 0 0 1
    outer loop
      vertex -17.015 8.76318 6
      vertex -17.015 -8.76318 6
      vertex -16.8889 -8.66965 6
    endloop
  endfacet
  facet normal 0 0 1
    outer loop
      vertex -17.1314 8.86863 6
      vertex -17.015 -8.76318 6
      vertex -17.015 8.76318 6
    endloop
  endfacet
  facet normal 0 0 1
    outer loop
      vertex -17.1314 8.86863 6
      vertex -17.1314 -8.86863 6
      vertex -17.015 -8.76318 6
    endloop
  endfacet
  facet normal 0 0 1
    outer loop
      vertex -17.2368 8.98497 6
      vertex -17.1314 -8.86863 6
      vertex -17.1314 8.86863 6
    endloop
  endfacet
  facet normal 0 0 1
    outer loop
      vertex -17.2368 8.98497 6
      vertex -17.2368 -8.98497 6
      vertex -17.1314 -8.86863 6
    endloop
  endfacet
  facet normal 0 0 1
    outer loop
      vertex -17.3304 9.11109 6
      vertex -17.2368 -8.98497 6
      vertex -17.2368 8.98497 6
    endloop
  endfacet
  facet normal 0 0 1
    outer loop
      vertex -17.3304 9.11109 6
      vertex -17.3304 -9.11109 6
      vertex -17.2368 -8.98497 6
    endloop
  endfacet
  facet normal 0 0 1
    outer loop
      vertex -17.4111 9.24576 6
      vertex -17.3304 -9.11109 6
      vertex -17.3304 9.11109 6
    endloop
  endfacet
  facet normal 0 0 1
    outer loop
      vertex -17.4111 9.24576 6
      vertex -17.4111 -9.24576 6
      vertex -17.3304 -9.11109 6
    endloop
  endfacet
  facet normal 0 0 1
    outer loop
      vertex -17.4782 9.38771 6
      vertex -17.4111 -9.24576 6
      vertex -17.4111 9.24576 6
    endloop
  endfacet
  facet normal 0 0 1
    outer loop
      vertex -17.4782 9.38771 6
      vertex -17.4782 -9.38771 6
      vertex -17.4111 -9.24576 6
    endloop
  endfacet
  facet normal 0 0 1
    outer loop
      vertex -25 19 6
      vertex -17.4782 9.38771 6
      vertex -17.5311 9.53554 6
    endloop
  endfacet
  facet normal 0 0 1
    outer loop
      vertex -17.4782 9.38771 6
      vertex -25 19 6
      vertex -17.4782 -9.38771 6
    endloop
  endfacet
  facet normal 0 0 1
    outer loop
      vertex -25 19 6
      vertex -17.5311 9.53554 6
      vertex -17.5693 9.68785 6
    endloop
  endfacet
  facet normal 0 0 1
    outer loop
      vertex -25 -19 6
      vertex -17.4782 -9.38771 6
      vertex -25 19 6
    endloop
  endfacet
  facet normal 0 0 1
    outer loop
      vertex -25 19 6
      vertex -17.5693 9.68785 6
      vertex -17.5923 9.84317 6
    endloop
  endfacet
  facet normal 0 0 1
    outer loop
      vertex -17.4782 -9.38771 6
      vertex -25 -19 6
      vertex -17.5311 -9.53554 6
    endloop
  endfacet
  facet normal 0 0 1
    outer loop
      vertex -25 19 6
      vertex -17.5923 9.84317 6
      vertex -17.6 10 6
    endloop
  endfacet
  facet normal 0 0 1
    outer loop
      vertex -17.5311 -9.53554 6
      vertex -25 -19 6
      vertex -17.5693 -9.68785 6
    endloop
  endfacet
  facet normal 0 0 1
    outer loop
      vertex -15 -11.248 6
      vertex -15.1111 -11.3304 6
      vertex -15 -12 6
    endloop
  endfacet
  facet normal 0 0 1
    outer loop
      vertex 12 -15 6
      vertex 1.24398 -19.8775 6
      vertex 1.25 -20 6
    endloop
  endfacet
  facet normal 0 0 1
    outer loop
      vertex 12 -15 6
      vertex 1.22598 -19.7561 6
      vertex 1.24398 -19.8775 6
    endloop
  endfacet
  facet normal 0 0 1
    outer loop
      vertex 12 -15 6
      vertex 1.19617 -19.6371 6
      vertex 1.22598 -19.7561 6
    endloop
  endfacet
  facet normal 0 0 1
    outer loop
      vertex 12 -15 6
      vertex 1.15485 -19.5216 6
      vertex 1.19617 -19.6371 6
    endloop
  endfacet
  facet normal 0 0 1
    outer loop
      vertex 12 -15 6
      vertex 1.1024 -19.4108 6
      vertex 1.15485 -19.5216 6
    endloop
  endfacet
  facet normal 0 0 1
    outer loop
      vertex 12 -15 6
      vertex 1.03934 -19.3055 6
      vertex 1.1024 -19.4108 6
    endloop
  endfacet
  facet normal 0 0 1
    outer loop
      vertex 12 -15 6
      vertex 0.966263 -19.207 6
      vertex 1.03934 -19.3055 6
    endloop
  endfacet
  facet normal 0 0 1
    outer loop
      vertex 12 -15 6
      vertex 0.883883 -19.1161 6
      vertex 0.966263 -19.207 6
    endloop
  endfacet
  facet normal 0 0 1
    outer loop
      vertex 12 -15 6
      vertex 0.792991 -19.0337 6
      vertex 0.883883 -19.1161 6
    endloop
  endfacet
  facet normal 0 0 1
    outer loop
      vertex 12 -15 6
      vertex 0.694463 -18.9607 6
      vertex 0.792991 -19.0337 6
    endloop
  endfacet
  facet normal 0 0 1
    outer loop
      vertex 12 -15 6
      vertex 0.589246 -18.8976 6
      vertex 0.694463 -18.9607 6
    endloop
  endfacet
  facet normal 0 0 1
    outer loop
      vertex 12 -15 6
      vertex 0.478354 -18.8451 6
      vertex 0.589246 -18.8976 6
    endloop
  endfacet
  facet normal 0 0 1
    outer loop
      vertex 12 -15 6
      vertex 0.362855 -18.8038 6
      vertex 0.478354 -18.8451 6
    endloop
  endfacet
  facet normal 0 0 1
    outer loop
      vertex 12 -15 6
      vertex 0.243862 -18.774 6
      vertex 0.362855 -18.8038 6
    endloop
  endfacet
  facet normal 0 0 1
    outer loop
      vertex 12 -15 6
      vertex 0.122521 -18.756 6
      vertex 0.243862 -18.774 6
    endloop
  endfacet
  facet normal 0 0 1
    outer loop
      vertex 12 -15 6
      vertex 0 -18.75 6
      vertex 0.122521 -18.756 6
    endloop
  endfacet
  facet normal -0 0 1
    outer loop
      vertex -12 -15 6
      vertex 0 -18.75 6
      vertex 12 -15 6
    endloop
  endfacet
  facet normal 0 0 1
    outer loop
      vertex 0 -18.75 6
      vertex -12 -15 6
      vertex -0.122521 -18.756 6
    endloop
  endfacet
  facet normal 0 0 1
    outer loop
      vertex -0.122521 -18.756 6
      vertex -12 -15 6
      vertex -0.243862 -18.774 6
    endloop
  endfacet
  facet normal 0 0 1
    outer loop
      vertex -1.24398 -19.8775 6
      vertex -12 -15 6
      vertex -1.25 -20 6
    endloop
  endfacet
  facet normal 0 0 1
    outer loop
      vertex -1.22598 -19.7561 6
      vertex -12 -15 6
      vertex -1.24398 -19.8775 6
    endloop
  endfacet
  facet normal 0 0 1
    outer loop
      vertex -1.19617 -19.6371 6
      vertex -12 -15 6
      vertex -1.22598 -19.7561 6
    endloop
  endfacet
  facet normal 0 0 1
    outer loop
      vertex -1.15485 -19.5216 6
      vertex -12 -15 6
      vertex -1.19617 -19.6371 6
    endloop
  endfacet
  facet normal 0 0 1
    outer loop
      vertex -1.1024 -19.4108 6
      vertex -12 -15 6
      vertex -1.15485 -19.5216 6
    endloop
  endfacet
  facet normal 0 0 1
    outer loop
      vertex -1.03934 -19.3055 6
      vertex -12 -15 6
      vertex -1.1024 -19.4108 6
    endloop
  endfacet
  facet normal 0 0 1
    outer loop
      vertex -0.966263 -19.207 6
      vertex -12 -15 6
      vertex -1.03934 -19.3055 6
    endloop
  endfacet
  facet normal 0 0 1
    outer loop
      vertex -0.883883 -19.1161 6
      vertex -12 -15 6
      vertex -0.966263 -19.207 6
    endloop
  endfacet
  facet normal 0 0 1
    outer loop
      vertex -0.792991 -19.0337 6
      vertex -12 -15 6
      vertex -0.883883 -19.1161 6
    endloop
  endfacet
  facet normal 0 0 1
    outer loop
      vertex -0.694463 -18.9607 6
      vertex -12 -15 6
      vertex -0.792991 -19.0337 6
    endloop
  endfacet
  facet normal 0 0 1
    outer loop
      vertex -0.589246 -18.8976 6
      vertex -12 -15 6
      vertex -0.694463 -18.9607 6
    endloop
  endfacet
  facet normal 0 0 1
    outer loop
      vertex -0.478354 -18.8451 6
      vertex -12 -15 6
      vertex -0.589246 -18.8976 6
    endloop
  endfacet
  facet normal 0 0 1
    outer loop
      vertex -0.362855 -18.8038 6
      vertex -12 -15 6
      vertex -0.478354 -18.8451 6
    endloop
  endfacet
  facet normal 0 0 1
    outer loop
      vertex -0.243862 -18.774 6
      vertex -12 -15 6
      vertex -0.362855 -18.8038 6
    endloop
  endfacet
  facet normal 0 0 1
    outer loop
      vertex 17.5311 9.53554 6
      vertex 25 19 6
      vertex 17.5693 9.68785 6
    endloop
  endfacet
  facet normal 0 0 1
    outer loop
      vertex 25 -19 6
      vertex 17.5923 -9.84317 6
      vertex 17.6 -10 6
    endloop
  endfacet
  facet normal 0 0 1
    outer loop
      vertex 17.4782 9.38771 6
      vertex 25 19 6
      vertex 17.5311 9.53554 6
    endloop
  endfacet
  facet normal 0 0 1
    outer loop
      vertex 25 -19 6
      vertex 17.5693 -9.68785 6
      vertex 17.5923 -9.84317 6
    endloop
  endfacet
  facet normal 0 0 1
    outer loop
      vertex 25 19 6
      vertex 17.4782 9.38771 6
      vertex 25 -19 6
    endloop
  endfacet
  facet normal 0 0 1
    outer loop
      vertex 25 -19 6
      vertex 17.5311 -9.53554 6
      vertex 17.5693 -9.68785 6
    endloop
  endfacet
  facet normal -0 0 1
    outer loop
      vertex 17.4782 -9.38771 6
      vertex 25 -19 6
      vertex 17.4782 9.38771 6
    endloop
  endfacet
  facet normal 0 0 1
    outer loop
      vertex 25 -19 6
      vertex 17.4782 -9.38771 6
      vertex 17.5311 -9.53554 6
    endloop
  endfacet
  facet normal -0 0 1
    outer loop
      vertex 17.4111 9.24576 6
      vertex 17.4782 -9.38771 6
      vertex 17.4782 9.38771 6
    endloop
  endfacet
  facet normal 0 0 1
    outer loop
      vertex 17.4111 9.24576 6
      vertex 17.4111 -9.24576 6
      vertex 17.4782 -9.38771 6
    endloop
  endfacet
  facet normal -0 0 1
    outer loop
      vertex 17.3304 9.11109 6
      vertex 17.4111 -9.24576 6
      vertex 17.4111 9.24576 6
    endloop
  endfacet
  facet normal 0 0 1
    outer loop
      vertex 17.3304 9.11109 6
      vertex 17.3304 -9.11109 6
      vertex 17.4111 -9.24576 6
    endloop
  endfacet
  facet normal -0 0 1
    outer loop
      vertex 17.2368 8.98497 6
      vertex 17.3304 -9.11109 6
      vertex 17.3304 9.11109 6
    endloop
  endfacet
  facet normal 0 0 1
    outer loop
      vertex 17.2368 8.98497 6
      vertex 17.2368 -8.98497 6
      vertex 17.3304 -9.11109 6
    endloop
  endfacet
  facet normal -0 0 1
    outer loop
      vertex 17.1314 8.86863 6
      vertex 17.2368 -8.98497 6
      vertex 17.2368 8.98497 6
    endloop
  endfacet
  facet normal 0 0 1
    outer loop
      vertex 17.1314 8.86863 6
      vertex 17.1314 -8.86863 6
      vertex 17.2368 -8.98497 6
    endloop
  endfacet
  facet normal -0 0 1
    outer loop
      vertex 17.015 8.76318 6
      vertex 17.1314 -8.86863 6
      vertex 17.1314 8.86863 6
    endloop
  endfacet
  facet normal 0 0 1
    outer loop
      vertex 17.015 8.76318 6
      vertex 17.015 -8.76318 6
      vertex 17.1314 -8.86863 6
    endloop
  endfacet
  facet normal -0 0 1
    outer loop
      vertex 16.8889 8.66965 6
      vertex 17.015 -8.76318 6
      vertex 17.015 8.76318 6
    endloop
  endfacet
  facet normal 0 0 1
    outer loop
      vertex 16.8889 8.66965 6
      vertex 16.8889 -8.66965 6
      vertex 17.015 -8.76318 6
    endloop
  endfacet
  facet normal -0 0 1
    outer loop
      vertex 16.7542 8.58893 6
      vertex 16.8889 -8.66965 6
      vertex 16.8889 8.66965 6
    endloop
  endfacet
  facet normal 0 0 1
    outer loop
      vertex 16.7542 8.58893 6
      vertex 16.7542 -8.58893 6
      vertex 16.8889 -8.66965 6
    endloop
  endfacet
  facet normal -0 0 1
    outer loop
      vertex 16.6123 8.52179 6
      vertex 16.7542 -8.58893 6
      vertex 16.7542 8.58893 6
    endloop
  endfacet
  facet normal 0 0 1
    outer loop
      vertex 16.6123 8.52179 6
      vertex 16.6123 -8.52179 6
      vertex 16.7542 -8.58893 6
    endloop
  endfacet
  facet normal -0 0 1
    outer loop
      vertex 16.4645 8.46889 6
      vertex 16.6123 -8.52179 6
      vertex 16.6123 8.52179 6
    endloop
  endfacet
  facet normal 0 0 1
    outer loop
      vertex 16.4645 8.46889 6
      vertex 16.4645 -8.46889 6
      vertex 16.6123 -8.52179 6
    endloop
  endfacet
  facet normal -0 0 1
    outer loop
      vertex 16.3121 8.43074 6
      vertex 16.4645 -8.46889 6
      vertex 16.4645 8.46889 6
    endloop
  endfacet
  facet normal 0 0 1
    outer loop
      vertex 16.3121 8.43074 6
      vertex 16.3121 -8.43074 6
      vertex 16.4645 -8.46889 6
    endloop
  endfacet
  facet normal -0 0 1
    outer loop
      vertex 16.1568 8.4077 6
      vertex 16.3121 -8.43074 6
      vertex 16.3121 8.43074 6
    endloop
  endfacet
  facet normal 0 0 1
    outer loop
      vertex 16.1568 8.4077 6
      vertex 16.1568 -8.4077 6
      vertex 16.3121 -8.43074 6
    endloop
  endfacet
  facet normal -0 0 1
    outer loop
      vertex 16 8.4 6
      vertex 16.1568 -8.4077 6
      vertex 16.1568 8.4077 6
    endloop
  endfacet
  facet normal 0 0 1
    outer loop
      vertex 16 8.4 6
      vertex 16 -8.4 6
      vertex 16.1568 -8.4077 6
    endloop
  endfacet
  facet normal 0 0 1
    outer loop
      vertex 15.8432 8.4077 6
      vertex 16 -8.4 6
      vertex 16 8.4 6
    endloop
  endfacet
  facet normal 0 0 1
    outer loop
      vertex 15.8432 8.4077 6
      vertex 15.8432 -8.4077 6
      vertex 16 -8.4 6
    endloop
  endfacet
  facet normal 0 0 1
    outer loop
      vertex 15.6879 8.43074 6
      vertex 15.8432 -8.4077 6
      vertex 15.8432 8.4077 6
    endloop
  endfacet
  facet normal 0 0 1
    outer loop
      vertex 15.6879 8.43074 6
      vertex 15.6879 -8.43074 6
      vertex 15.8432 -8.4077 6
    endloop
  endfacet
  facet normal 0 0 1
    outer loop
      vertex 15.5355 8.46889 6
      vertex 15.6879 -8.43074 6
      vertex 15.6879 8.43074 6
    endloop
  endfacet
  facet normal 0 0 1
    outer loop
      vertex 15.5355 8.46889 6
      vertex 15.5355 -8.46889 6
      vertex 15.6879 -8.43074 6
    endloop
  endfacet
  facet normal 0 0 1
    outer loop
      vertex 15.3877 8.52179 6
      vertex 15.5355 -8.46889 6
      vertex 15.5355 8.46889 6
    endloop
  endfacet
  facet normal 0 0 1
    outer loop
      vertex 15.3877 8.52179 6
      vertex 15.3877 -8.52179 6
      vertex 15.5355 -8.46889 6
    endloop
  endfacet
  facet normal 0 0 1
    outer loop
      vertex 15.2458 8.58893 6
      vertex 15.3877 -8.52179 6
      vertex 15.3877 8.52179 6
    endloop
  endfacet
  facet normal 0 0 1
    outer loop
      vertex 15.2458 8.58893 6
      vertex 15.2458 -8.58893 6
      vertex 15.3877 -8.52179 6
    endloop
  endfacet
  facet normal 0 0 1
    outer loop
      vertex 15.1111 8.66965 6
      vertex 15.2458 -8.58893 6
      vertex 15.2458 8.58893 6
    endloop
  endfacet
  facet normal 0 0 1
    outer loop
      vertex 15.1111 8.66965 6
      vertex 15.1111 -8.66965 6
      vertex 15.2458 -8.58893 6
    endloop
  endfacet
  facet normal 0 0 1
    outer loop
      vertex 15 8.75204 6
      vertex 15.1111 -8.66965 6
      vertex 15.1111 8.66965 6
    endloop
  endfacet
  facet normal 0 0 1
    outer loop
      vertex 15.1111 -8.66965 6
      vertex 15 8.75204 6
      vertex 15 -8.75204 6
    endloop
  endfacet
  facet normal 0 0 1
    outer loop
      vertex 21 23 6
      vertex 25 19 6
      vertex 24.9807 19.3921 6
    endloop
  endfacet
  facet normal 0 0 1
    outer loop
      vertex 17.5923 9.84317 6
      vertex 25 19 6
      vertex 17.6 10 6
    endloop
  endfacet
  facet normal 0 0 1
    outer loop
      vertex 21 23 6
      vertex 24.9807 19.3921 6
      vertex 24.9231 19.7804 6
    endloop
  endfacet
  facet normal 0 0 1
    outer loop
      vertex 17.5693 9.68785 6
      vertex 25 19 6
      vertex 17.5923 9.84317 6
    endloop
  endfacet
  facet normal 0 0 1
    outer loop
      vertex 21 23 6
      vertex 24.9231 19.7804 6
      vertex 24.8278 20.1611 6
    endloop
  endfacet
  facet normal -0 0 1
    outer loop
      vertex 17.5923 -10.1568 6
      vertex 25 -19 6
      vertex 17.6 -10 6
    endloop
  endfacet
  facet normal 0 0 1
    outer loop
      vertex 21 23 6
      vertex 24.8278 20.1611 6
      vertex 24.6955 20.5307 6
    endloop
  endfacet
  facet normal -0 0 1
    outer loop
      vertex 17.5693 -10.3121 6
      vertex 25 -19 6
      vertex 17.5923 -10.1568 6
    endloop
  endfacet
  facet normal 0 0 1
    outer loop
      vertex 21 23 6
      vertex 24.6955 20.5307 6
      vertex 24.5277 20.8856 6
    endloop
  endfacet
  facet normal -0 0 1
    outer loop
      vertex 17.5311 -10.4645 6
      vertex 25 -19 6
      vertex 17.5693 -10.3121 6
    endloop
  endfacet
  facet normal 0 0 1
    outer loop
      vertex 21 23 6
      vertex 24.5277 20.8856 6
      vertex 24.3259 21.2223 6
    endloop
  endfacet
  facet normal -0 0 1
    outer loop
      vertex 17.4782 -10.6123 6
      vertex 25 -19 6
      vertex 17.5311 -10.4645 6
    endloop
  endfacet
  facet normal 0 0 1
    outer loop
      vertex 21 23 6
      vertex 24.3259 21.2223 6
      vertex 24.092 21.5376 6
    endloop
  endfacet
  facet normal -0 0 1
    outer loop
      vertex 17.4111 -10.7542 6
      vertex 25 -19 6
      vertex 17.4782 -10.6123 6
    endloop
  endfacet
  facet normal 0 0 1
    outer loop
      vertex 21 23 6
      vertex 24.092 21.5376 6
      vertex 23.8284 21.8284 6
    endloop
  endfacet
  facet normal -0 0 1
    outer loop
      vertex 17.3304 -10.8889 6
      vertex 25 -19 6
      vertex 17.4111 -10.7542 6
    endloop
  endfacet
  facet normal 0 0 1
    outer loop
      vertex 21 23 6
      vertex 23.8284 21.8284 6
      vertex 23.5376 22.092 6
    endloop
  endfacet
  facet normal -0 0 1
    outer loop
      vertex 17.2368 -11.015 6
      vertex 25 -19 6
      vertex 17.3304 -10.8889 6
    endloop
  endfacet
  facet normal 0 0 1
    outer loop
      vertex 21 23 6
      vertex 23.5376 22.092 6
      vertex 23.2223 22.3259 6
    endloop
  endfacet
  facet normal -0 0 1
    outer loop
      vertex 17.1314 -11.1314 6
      vertex 25 -19 6
      vertex 17.2368 -11.015 6
    endloop
  endfacet
  facet normal 0 0 1
    outer loop
      vertex 21 23 6
      vertex 23.2223 22.3259 6
      vertex 22.8856 22.5277 6
    endloop
  endfacet
  facet normal -0 0 1
    outer loop
      vertex 17.015 -11.2368 6
      vertex 25 -19 6
      vertex 17.1314 -11.1314 6
    endloop
  endfacet
  facet normal 0 0 1
    outer loop
      vertex 21 23 6
      vertex 22.8856 22.5277 6
      vertex 22.5307 22.6955 6
    endloop
  endfacet
  facet normal -0 0 1
    outer loop
      vertex 16.8889 -11.3304 6
      vertex 25 -19 6
      vertex 17.015 -11.2368 6
    endloop
  endfacet
  facet normal 0 0 1
    outer loop
      vertex 21 23 6
      vertex 22.5307 22.6955 6
      vertex 22.1611 22.8278 6
    endloop
  endfacet
  facet normal -0 0 1
    outer loop
      vertex 16.7542 -11.4111 6
      vertex 25 -19 6
      vertex 16.8889 -11.3304 6
    endloop
  endfacet
  facet normal 0 0 1
    outer loop
      vertex 21 23 6
      vertex 22.1611 22.8278 6
      vertex 21.7804 22.9231 6
    endloop
  endfacet
  facet normal -0 0 1
    outer loop
      vertex 14.58 -13.7179 6
      vertex 25 -19 6
      vertex 16.7542 -11.4111 6
    endloop
  endfacet
  facet normal 0 0 1
    outer loop
      vertex 21 23 6
      vertex 21.7804 22.9231 6
      vertex 21.3921 22.9807 6
    endloop
  endfacet
  facet normal -0 0 1
    outer loop
      vertex 14.474 -13.8946 6
      vertex 25 -19 6
      vertex 14.58 -13.7179 6
    endloop
  endfacet
  facet normal 0 0 1
    outer loop
      vertex 25 19 6
      vertex 21 23 6
      vertex 14.474 13.8946 6
    endloop
  endfacet
  facet normal 0 -0 1
    outer loop
      vertex 21 -23 6
      vertex 25 -19 6
      vertex 14.474 -13.8946 6
    endloop
  endfacet
  facet normal 0 0 1
    outer loop
      vertex 25 -19 6
      vertex 21 -23 6
      vertex 24.9807 -19.3921 6
    endloop
  endfacet
  facet normal 0 0 1
    outer loop
      vertex 25 19 6
      vertex 17.5923 10.1568 6
      vertex 17.6 10 6
    endloop
  endfacet
  facet normal 0 0 1
    outer loop
      vertex 25 19 6
      vertex 17.5693 10.3121 6
      vertex 17.5923 10.1568 6
    endloop
  endfacet
  facet normal 0 0 1
    outer loop
      vertex 25 19 6
      vertex 17.5311 10.4645 6
      vertex 17.5693 10.3121 6
    endloop
  endfacet
  facet normal 0 0 1
    outer loop
      vertex 25 19 6
      vertex 17.4782 10.6123 6
      vertex 17.5311 10.4645 6
    endloop
  endfacet
  facet normal 0 0 1
    outer loop
      vertex 25 19 6
      vertex 17.4111 10.7542 6
      vertex 17.4782 10.6123 6
    endloop
  endfacet
  facet normal 0 0 1
    outer loop
      vertex 25 19 6
      vertex 17.3304 10.8889 6
      vertex 17.4111 10.7542 6
    endloop
  endfacet
  facet normal 0 0 1
    outer loop
      vertex 25 19 6
      vertex 17.2368 11.015 6
      vertex 17.3304 10.8889 6
    endloop
  endfacet
  facet normal 0 0 1
    outer loop
      vertex 25 19 6
      vertex 17.1314 11.1314 6
      vertex 17.2368 11.015 6
    endloop
  endfacet
  facet normal 0 0 1
    outer loop
      vertex 25 19 6
      vertex 17.015 11.2368 6
      vertex 17.1314 11.1314 6
    endloop
  endfacet
  facet normal 0 0 1
    outer loop
      vertex 25 19 6
      vertex 16.8889 11.3304 6
      vertex 17.015 11.2368 6
    endloop
  endfacet
  facet normal 0 0 1
    outer loop
      vertex 25 19 6
      vertex 16.7542 11.4111 6
      vertex 16.8889 11.3304 6
    endloop
  endfacet
  facet normal 0 0 1
    outer loop
      vertex 25 19 6
      vertex 14.58 13.7179 6
      vertex 16.7542 11.4111 6
    endloop
  endfacet
  facet normal -0 -0 1
    outer loop
      vertex 14.6681 13.5316 6
      vertex 16.7542 11.4111 6
      vertex 14.58 13.7179 6
    endloop
  endfacet
  facet normal 0 0 1
    outer loop
      vertex 16.7542 11.4111 6
      vertex 14.6681 13.5316 6
      vertex 16.6123 11.4782 6
    endloop
  endfacet
  facet normal -0 -0 1
    outer loop
      vertex 14.7375 13.3375 6
      vertex 16.6123 11.4782 6
      vertex 14.6681 13.5316 6
    endloop
  endfacet
  facet normal -0 -0 1
    outer loop
      vertex 14.7876 13.1376 6
      vertex 16.4645 11.5311 6
      vertex 14.7375 13.3375 6
    endloop
  endfacet
  facet normal 0 0 1
    outer loop
      vertex 16.4645 11.5311 6
      vertex 14.7876 13.1376 6
      vertex 16.3121 11.5693 6
    endloop
  endfacet
  facet normal -0 -0 1
    outer loop
      vertex 14.8708 12.8708 6
      vertex 16.3121 11.5693 6
      vertex 14.7876 13.1376 6
    endloop
  endfacet
  facet normal -0 -0 1
    outer loop
      vertex 14.9424 12.5853 6
      vertex 16.1568 11.5923 6
      vertex 14.8708 12.8708 6
    endloop
  endfacet
  facet normal 0 0 1
    outer loop
      vertex 16.1568 11.5923 6
      vertex 14.9424 12.5853 6
      vertex 16 11.6 6
    endloop
  endfacet
  facet normal 0 0 1
    outer loop
      vertex 15.8432 11.5923 6
      vertex 14.9855 12.2941 6
      vertex 15.6879 11.5693 6
    endloop
  endfacet
  facet normal 0 0 1
    outer loop
      vertex 15.6879 11.5693 6
      vertex 15 12 6
      vertex 15.5355 11.5311 6
    endloop
  endfacet
  facet normal 0 0 1
    outer loop
      vertex 15.3877 11.4782 6
      vertex 15 12 6
      vertex 15.2458 11.4111 6
    endloop
  endfacet
  facet normal 0 0 1
    outer loop
      vertex 15.2458 11.4111 6
      vertex 15 12 6
      vertex 15.1111 11.3304 6
    endloop
  endfacet
  facet normal 0 0 1
    outer loop
      vertex 15.5355 11.5311 6
      vertex 15 12 6
      vertex 15.3877 11.4782 6
    endloop
  endfacet
  facet normal -0 -0 1
    outer loop
      vertex 15 12 6
      vertex 15.6879 11.5693 6
      vertex 14.9855 12.2941 6
    endloop
  endfacet
  facet normal 0 0 1
    outer loop
      vertex 16 11.6 6
      vertex 14.9855 12.2941 6
      vertex 15.8432 11.5923 6
    endloop
  endfacet
  facet normal 0 0 1
    outer loop
      vertex 14.8708 12.8708 6
      vertex 14.7876 13.1376 6
      vertex 14.7962 13.0794 6
    endloop
  endfacet
  facet normal -0 -0 1
    outer loop
      vertex 14.9855 12.2941 6
      vertex 16 11.6 6
      vertex 14.9424 12.5853 6
    endloop
  endfacet
  facet normal 0 0 1
    outer loop
      vertex 16.3121 11.5693 6
      vertex 14.8708 12.8708 6
      vertex 16.1568 11.5923 6
    endloop
  endfacet
  facet normal 0 0 1
    outer loop
      vertex 16.6123 11.4782 6
      vertex 14.7375 13.3375 6
      vertex 16.4645 11.5311 6
    endloop
  endfacet
  facet normal 0 0 1
    outer loop
      vertex 25 19 6
      vertex 14.474 13.8946 6
      vertex 14.58 13.7179 6
    endloop
  endfacet
  facet normal 0 0 1
    outer loop
      vertex 21 23 6
      vertex 14.3512 14.0601 6
      vertex 14.474 13.8946 6
    endloop
  endfacet
  facet normal 0 0 1
    outer loop
      vertex 21 23 6
      vertex 14.2128 14.2128 6
      vertex 14.3512 14.0601 6
    endloop
  endfacet
  facet normal 0 0 1
    outer loop
      vertex 21 23 6
      vertex 14.0601 14.3512 6
      vertex 14.2128 14.2128 6
    endloop
  endfacet
  facet normal 0 0 1
    outer loop
      vertex 21 23 6
      vertex 13.8946 14.474 6
      vertex 14.0601 14.3512 6
    endloop
  endfacet
  facet normal 0 0 1
    outer loop
      vertex 21 23 6
      vertex 13.7179 14.58 6
      vertex 13.8946 14.474 6
    endloop
  endfacet
  facet normal 0 0 1
    outer loop
      vertex 21 23 6
      vertex 13.5316 14.6681 6
      vertex 13.7179 14.58 6
    endloop
  endfacet
  facet normal 0 0 1
    outer loop
      vertex 21 23 6
      vertex 13.3375 14.7375 6
      vertex 13.5316 14.6681 6
    endloop
  endfacet
  facet normal -0 0 1
    outer loop
      vertex 12.8708 14.8708 6
      vertex 13.3375 14.7375 6
      vertex 21 23 6
    endloop
  endfacet
  facet normal 0 0 1
    outer loop
      vertex 13.3375 14.7375 6
      vertex 12.8708 14.8708 6
      vertex 13.1376 14.7876 6
    endloop
  endfacet
  facet normal 0 0 1
    outer loop
      vertex 13.1376 14.7876 6
      vertex 12.8708 14.8708 6
      vertex 13.0794 14.7962 6
    endloop
  endfacet
  facet normal 0 0 1
    outer loop
      vertex 21 23 6
      vertex 12.5853 14.9424 6
      vertex 12.8708 14.8708 6
    endloop
  endfacet
  facet normal 0 0 1
    outer loop
      vertex 21 23 6
      vertex 12.2941 14.9855 6
      vertex 12.5853 14.9424 6
    endloop
  endfacet
  facet normal 0 0 1
    outer loop
      vertex 21 23 6
      vertex 12 15 6
      vertex 12.2941 14.9855 6
    endloop
  endfacet
  facet normal -0 0 1
    outer loop
      vertex 1.1024 20.5892 6
      vertex 12 15 6
      vertex 21 23 6
    endloop
  endfacet
  facet normal 0 0 1
    outer loop
      vertex 12 15 6
      vertex 1.24398 20.1225 6
      vertex 1.25 20 6
    endloop
  endfacet
  facet normal 0 0 1
    outer loop
      vertex 12 15 6
      vertex 1.22598 20.2439 6
      vertex 1.24398 20.1225 6
    endloop
  endfacet
  facet normal 0 0 1
    outer loop
      vertex 12 15 6
      vertex 1.19617 20.3629 6
      vertex 1.22598 20.2439 6
    endloop
  endfacet
  facet normal 0 0 1
    outer loop
      vertex 12 15 6
      vertex 1.15485 20.4784 6
      vertex 1.19617 20.3629 6
    endloop
  endfacet
  facet normal 0 0 1
    outer loop
      vertex 12 15 6
      vertex 1.1024 20.5892 6
      vertex 1.15485 20.4784 6
    endloop
  endfacet
  facet normal 0 0 1
    outer loop
      vertex 21 23 6
      vertex 1.03934 20.6945 6
      vertex 1.1024 20.5892 6
    endloop
  endfacet
  facet normal 0 0 1
    outer loop
      vertex 21 23 6
      vertex 0.966263 20.793 6
      vertex 1.03934 20.6945 6
    endloop
  endfacet
  facet normal 0 0 1
    outer loop
      vertex 21 23 6
      vertex 0.883883 20.8839 6
      vertex 0.966263 20.793 6
    endloop
  endfacet
  facet normal 0 0 1
    outer loop
      vertex 21 23 6
      vertex 0.792991 20.9663 6
      vertex 0.883883 20.8839 6
    endloop
  endfacet
  facet normal 0 0 1
    outer loop
      vertex 21 23 6
      vertex 0.694463 21.0393 6
      vertex 0.792991 20.9663 6
    endloop
  endfacet
  facet normal 0 0 1
    outer loop
      vertex 21 23 6
      vertex 0.589246 21.1024 6
      vertex 0.694463 21.0393 6
    endloop
  endfacet
  facet normal 0 0 1
    outer loop
      vertex 21 23 6
      vertex 0.478354 21.1549 6
      vertex 0.589246 21.1024 6
    endloop
  endfacet
  facet normal 0 0 1
    outer loop
      vertex 21 23 6
      vertex 0.362855 21.1962 6
      vertex 0.478354 21.1549 6
    endloop
  endfacet
  facet normal 0 0 1
    outer loop
      vertex 21 23 6
      vertex 0.243862 21.226 6
      vertex 0.362855 21.1962 6
    endloop
  endfacet
  facet normal 0 0 1
    outer loop
      vertex 21 23 6
      vertex 0.122521 21.244 6
      vertex 0.243862 21.226 6
    endloop
  endfacet
  facet normal 0 0 1
    outer loop
      vertex 21 23 6
      vertex 0 21.25 6
      vertex 0.122521 21.244 6
    endloop
  endfacet
  facet normal -0 0 1
    outer loop
      vertex -21 23 6
      vertex 0 21.25 6
      vertex 21 23 6
    endloop
  endfacet
  facet normal 0 0 1
    outer loop
      vertex -1.24398 20.1225 6
      vertex -12 15 6
      vertex -1.25 20 6
    endloop
  endfacet
  facet normal 0 0 1
    outer loop
      vertex -1.22598 20.2439 6
      vertex -12 15 6
      vertex -1.24398 20.1225 6
    endloop
  endfacet
  facet normal 0 0 1
    outer loop
      vertex -1.19617 20.3629 6
      vertex -12 15 6
      vertex -1.22598 20.2439 6
    endloop
  endfacet
  facet normal 0 0 1
    outer loop
      vertex -1.15485 20.4784 6
      vertex -12 15 6
      vertex -1.19617 20.3629 6
    endloop
  endfacet
  facet normal 0 0 1
    outer loop
      vertex -1.1024 20.5892 6
      vertex -12 15 6
      vertex -1.15485 20.4784 6
    endloop
  endfacet
  facet normal 0 0 1
    outer loop
      vertex -21 23 6
      vertex -1.1024 20.5892 6
      vertex -1.03934 20.6945 6
    endloop
  endfacet
  facet normal 0 0 1
    outer loop
      vertex -21 23 6
      vertex -1.03934 20.6945 6
      vertex -0.966263 20.793 6
    endloop
  endfacet
  facet normal 0 0 1
    outer loop
      vertex -21 23 6
      vertex -0.966263 20.793 6
      vertex -0.883883 20.8839 6
    endloop
  endfacet
  facet normal 0 0 1
    outer loop
      vertex -21 23 6
      vertex -0.883883 20.8839 6
      vertex -0.792991 20.9663 6
    endloop
  endfacet
  facet normal 0 0 1
    outer loop
      vertex -21 23 6
      vertex -0.792991 20.9663 6
      vertex -0.694463 21.0393 6
    endloop
  endfacet
  facet normal 0 0 1
    outer loop
      vertex -21 23 6
      vertex -0.694463 21.0393 6
      vertex -0.589246 21.1024 6
    endloop
  endfacet
  facet normal 0 0 1
    outer loop
      vertex -1.1024 20.5892 6
      vertex -21 23 6
      vertex -12 15 6
    endloop
  endfacet
  facet normal 0 0 1
    outer loop
      vertex -12 15 6
      vertex -21 23 6
      vertex -12.2941 14.9855 6
    endloop
  endfacet
  facet normal 0 0 1
    outer loop
      vertex -12.2941 14.9855 6
      vertex -21 23 6
      vertex -12.5853 14.9424 6
    endloop
  endfacet
  facet normal 0 0 1
    outer loop
      vertex -12.5853 14.9424 6
      vertex -21 23 6
      vertex -12.8708 14.8708 6
    endloop
  endfacet
  facet normal 0 -0 1
    outer loop
      vertex -13.3375 14.7375 6
      vertex -12.8708 14.8708 6
      vertex -21 23 6
    endloop
  endfacet
  facet normal 0 0 1
    outer loop
      vertex -12.8708 14.8708 6
      vertex -13.1376 14.7876 6
      vertex -13.0794 14.7962 6
    endloop
  endfacet
  facet normal 0 0 1
    outer loop
      vertex -12.8708 14.8708 6
      vertex -13.3375 14.7375 6
      vertex -13.1376 14.7876 6
    endloop
  endfacet
  facet normal 0 0 1
    outer loop
      vertex -13.3375 14.7375 6
      vertex -21 23 6
      vertex -13.5316 14.6681 6
    endloop
  endfacet
  facet normal 0 0 1
    outer loop
      vertex -14.7876 13.1376 6
      vertex -14.8708 12.8708 6
      vertex -14.7962 13.0794 6
    endloop
  endfacet
  facet normal 0 0 1
    outer loop
      vertex -16.4645 11.5311 6
      vertex -14.7876 13.1376 6
      vertex -14.7375 13.3375 6
    endloop
  endfacet
  facet normal 0 0 1
    outer loop
      vertex -15 12 6
      vertex -15.1111 11.3304 6
      vertex -15 11.248 6
    endloop
  endfacet
  facet normal 0 0 1
    outer loop
      vertex -15.6879 11.5693 6
      vertex -15 12 6
      vertex -14.9855 12.2941 6
    endloop
  endfacet
  facet normal 0 0 1
    outer loop
      vertex -15 12 6
      vertex -15.2458 11.4111 6
      vertex -15.1111 11.3304 6
    endloop
  endfacet
  facet normal 0 0 1
    outer loop
      vertex -16 11.6 6
      vertex -14.9855 12.2941 6
      vertex -14.9424 12.5853 6
    endloop
  endfacet
  facet normal 0 0 1
    outer loop
      vertex -16.1568 11.5923 6
      vertex -14.9424 12.5853 6
      vertex -14.8708 12.8708 6
    endloop
  endfacet
  facet normal 0 0 1
    outer loop
      vertex -15 12 6
      vertex -15.3877 11.4782 6
      vertex -15.2458 11.4111 6
    endloop
  endfacet
  facet normal 0 0 1
    outer loop
      vertex -14.7876 13.1376 6
      vertex -16.3121 11.5693 6
      vertex -14.8708 12.8708 6
    endloop
  endfacet
  facet normal 0 0 1
    outer loop
      vertex -15 12 6
      vertex -15.5355 11.5311 6
      vertex -15.3877 11.4782 6
    endloop
  endfacet
  facet normal 0 0 1
    outer loop
      vertex -16.6123 11.4782 6
      vertex -14.7375 13.3375 6
      vertex -14.6681 13.5316 6
    endloop
  endfacet
  facet normal 0 0 1
    outer loop
      vertex -15 12 6
      vertex -15.6879 11.5693 6
      vertex -15.5355 11.5311 6
    endloop
  endfacet
  facet normal 0 0 1
    outer loop
      vertex -16.7542 11.4111 6
      vertex -14.6681 13.5316 6
      vertex -14.58 13.7179 6
    endloop
  endfacet
  facet normal 0 0 1
    outer loop
      vertex -14.9855 12.2941 6
      vertex -15.8432 11.5923 6
      vertex -15.6879 11.5693 6
    endloop
  endfacet
  facet normal 0 0 1
    outer loop
      vertex -14.9855 12.2941 6
      vertex -16 11.6 6
      vertex -15.8432 11.5923 6
    endloop
  endfacet
  facet normal 0 0 1
    outer loop
      vertex -25 19 6
      vertex -14.58 13.7179 6
      vertex -14.474 13.8946 6
    endloop
  endfacet
  facet normal 0 0 1
    outer loop
      vertex -14.9424 12.5853 6
      vertex -16.1568 11.5923 6
      vertex -16 11.6 6
    endloop
  endfacet
  facet normal 0 0 1
    outer loop
      vertex -14.8708 12.8708 6
      vertex -16.3121 11.5693 6
      vertex -16.1568 11.5923 6
    endloop
  endfacet
  facet normal 0 0 1
    outer loop
      vertex -21 23 6
      vertex -14.474 13.8946 6
      vertex -14.3512 14.0601 6
    endloop
  endfacet
  facet normal 0 0 1
    outer loop
      vertex -14.7876 13.1376 6
      vertex -16.4645 11.5311 6
      vertex -16.3121 11.5693 6
    endloop
  endfacet
  facet normal 0 0 1
    outer loop
      vertex -14.7375 13.3375 6
      vertex -16.6123 11.4782 6
      vertex -16.4645 11.5311 6
    endloop
  endfacet
  facet normal 0 0 1
    outer loop
      vertex -14.6681 13.5316 6
      vertex -16.7542 11.4111 6
      vertex -16.6123 11.4782 6
    endloop
  endfacet
  facet normal 0 0 1
    outer loop
      vertex -21 23 6
      vertex -14.3512 14.0601 6
      vertex -14.2128 14.2128 6
    endloop
  endfacet
  facet normal 0 0 1
    outer loop
      vertex -14.58 13.7179 6
      vertex -25 19 6
      vertex -16.7542 11.4111 6
    endloop
  endfacet
  facet normal 0 0 1
    outer loop
      vertex -16.7542 11.4111 6
      vertex -25 19 6
      vertex -16.8889 11.3304 6
    endloop
  endfacet
  facet normal 0 0 1
    outer loop
      vertex -16.8889 11.3304 6
      vertex -25 19 6
      vertex -17.015 11.2368 6
    endloop
  endfacet
  facet normal 0 0 1
    outer loop
      vertex -17.5923 10.1568 6
      vertex -25 19 6
      vertex -17.6 10 6
    endloop
  endfacet
  facet normal 0 0 1
    outer loop
      vertex -17.5693 10.3121 6
      vertex -25 19 6
      vertex -17.5923 10.1568 6
    endloop
  endfacet
  facet normal 0 0 1
    outer loop
      vertex -17.5311 10.4645 6
      vertex -25 19 6
      vertex -17.5693 10.3121 6
    endloop
  endfacet
  facet normal 0 0 1
    outer loop
      vertex -17.4782 10.6123 6
      vertex -25 19 6
      vertex -17.5311 10.4645 6
    endloop
  endfacet
  facet normal 0 0 1
    outer loop
      vertex -17.4111 10.7542 6
      vertex -25 19 6
      vertex -17.4782 10.6123 6
    endloop
  endfacet
  facet normal 0 0 1
    outer loop
      vertex -17.3304 10.8889 6
      vertex -25 19 6
      vertex -17.4111 10.7542 6
    endloop
  endfacet
  facet normal 0 0 1
    outer loop
      vertex -17.2368 11.015 6
      vertex -25 19 6
      vertex -17.3304 10.8889 6
    endloop
  endfacet
  facet normal 0 0 1
    outer loop
      vertex -17.1314 11.1314 6
      vertex -25 19 6
      vertex -17.2368 11.015 6
    endloop
  endfacet
  facet normal 0 0 1
    outer loop
      vertex -17.015 11.2368 6
      vertex -25 19 6
      vertex -17.1314 11.1314 6
    endloop
  endfacet
  facet normal 0 0 1
    outer loop
      vertex -14.474 13.8946 6
      vertex -21 23 6
      vertex -25 19 6
    endloop
  endfacet
  facet normal 0 0 1
    outer loop
      vertex -14.0601 14.3512 6
      vertex -21 23 6
      vertex -14.2128 14.2128 6
    endloop
  endfacet
  facet normal 0 0 1
    outer loop
      vertex -13.8946 14.474 6
      vertex -21 23 6
      vertex -14.0601 14.3512 6
    endloop
  endfacet
  facet normal 0 0 1
    outer loop
      vertex -13.7179 14.58 6
      vertex -21 23 6
      vertex -13.8946 14.474 6
    endloop
  endfacet
  facet normal 0 0 1
    outer loop
      vertex -13.5316 14.6681 6
      vertex -21 23 6
      vertex -13.7179 14.58 6
    endloop
  endfacet
  facet normal 0 0 1
    outer loop
      vertex -0.478354 21.1549 6
      vertex -21 23 6
      vertex -0.589246 21.1024 6
    endloop
  endfacet
  facet normal 0 0 1
    outer loop
      vertex -0.362855 21.1962 6
      vertex -21 23 6
      vertex -0.478354 21.1549 6
    endloop
  endfacet
  facet normal 0 0 1
    outer loop
      vertex -0.243862 21.226 6
      vertex -21 23 6
      vertex -0.362855 21.1962 6
    endloop
  endfacet
  facet normal 0 0 1
    outer loop
      vertex -0.122521 21.244 6
      vertex -21 23 6
      vertex -0.243862 21.226 6
    endloop
  endfacet
  facet normal 0 0 1
    outer loop
      vertex 0 21.25 6
      vertex -21 23 6
      vertex -0.122521 21.244 6
    endloop
  endfacet
  facet normal 0 0 1
    outer loop
      vertex 24.9807 -19.3921 6
      vertex 21 -23 6
      vertex 24.9231 -19.7804 6
    endloop
  endfacet
  facet normal 0 0 1
    outer loop
      vertex 24.9231 -19.7804 6
      vertex 21 -23 6
      vertex 24.8278 -20.1611 6
    endloop
  endfacet
  facet normal 0 0 1
    outer loop
      vertex 24.6955 -20.5307 6
      vertex 21 -23 6
      vertex 24.5277 -20.8856 6
    endloop
  endfacet
  facet normal 0 0 1
    outer loop
      vertex 24.092 -21.5376 6
      vertex 21 -23 6
      vertex 23.8284 -21.8284 6
    endloop
  endfacet
  facet normal 0 0 1
    outer loop
      vertex 23.8284 -21.8284 6
      vertex 21 -23 6
      vertex 23.5376 -22.092 6
    endloop
  endfacet
  facet normal 0 0 1
    outer loop
      vertex 23.5376 -22.092 6
      vertex 21 -23 6
      vertex 23.2223 -22.3259 6
    endloop
  endfacet
  facet normal 0 0 1
    outer loop
      vertex 23.2223 -22.3259 6
      vertex 21 -23 6
      vertex 22.8856 -22.5277 6
    endloop
  endfacet
  facet normal 0 0 1
    outer loop
      vertex 22.8856 -22.5277 6
      vertex 21 -23 6
      vertex 22.5307 -22.6955 6
    endloop
  endfacet
  facet normal 0 0 1
    outer loop
      vertex 22.5307 -22.6955 6
      vertex 21 -23 6
      vertex 22.1611 -22.8278 6
    endloop
  endfacet
  facet normal 0 0 1
    outer loop
      vertex 21.7804 -22.9231 6
      vertex 21 -23 6
      vertex 21.3921 -22.9807 6
    endloop
  endfacet
  facet normal 0 0 1
    outer loop
      vertex 22.1611 -22.8278 6
      vertex 21 -23 6
      vertex 21.7804 -22.9231 6
    endloop
  endfacet
  facet normal 0 0 1
    outer loop
      vertex 24.5277 -20.8856 6
      vertex 21 -23 6
      vertex 24.3259 -21.2223 6
    endloop
  endfacet
  facet normal 0 0 1
    outer loop
      vertex 14.6681 -13.5316 6
      vertex 16.7542 -11.4111 6
      vertex 16.6123 -11.4782 6
    endloop
  endfacet
  facet normal 0 0 1
    outer loop
      vertex 14.7375 -13.3375 6
      vertex 16.6123 -11.4782 6
      vertex 16.4645 -11.5311 6
    endloop
  endfacet
  facet normal 0 0 1
    outer loop
      vertex 14.7876 -13.1376 6
      vertex 16.4645 -11.5311 6
      vertex 16.3121 -11.5693 6
    endloop
  endfacet
  facet normal 0 0 1
    outer loop
      vertex 14.8708 -12.8708 6
      vertex 16.3121 -11.5693 6
      vertex 16.1568 -11.5923 6
    endloop
  endfacet
  facet normal 0 0 1
    outer loop
      vertex 14.9424 -12.5853 6
      vertex 16.1568 -11.5923 6
      vertex 16 -11.6 6
    endloop
  endfacet
  facet normal 0 0 1
    outer loop
      vertex 14.9855 -12.2941 6
      vertex 16 -11.6 6
      vertex 15.8432 -11.5923 6
    endloop
  endfacet
  facet normal 0 0 1
    outer loop
      vertex 14.9855 -12.2941 6
      vertex 15.8432 -11.5923 6
      vertex 15.6879 -11.5693 6
    endloop
  endfacet
  facet normal 0 0 1
    outer loop
      vertex 15 -12 6
      vertex 15.6879 -11.5693 6
      vertex 15.5355 -11.5311 6
    endloop
  endfacet
  facet normal 0 0 1
    outer loop
      vertex 15 -12 6
      vertex 15.5355 -11.5311 6
      vertex 15.3877 -11.4782 6
    endloop
  endfacet
  facet normal 0 0 1
    outer loop
      vertex 15 -12 6
      vertex 15.3877 -11.4782 6
      vertex 15.2458 -11.4111 6
    endloop
  endfacet
  facet normal 0 0 1
    outer loop
      vertex 15 -12 6
      vertex 15.2458 -11.4111 6
      vertex 15.1111 -11.3304 6
    endloop
  endfacet
  facet normal 0 0 1
    outer loop
      vertex 15 -12 6
      vertex 15.1111 -11.3304 6
      vertex 15 -11.248 6
    endloop
  endfacet
  facet normal 0 0 1
    outer loop
      vertex 15.6879 -11.5693 6
      vertex 15 -12 6
      vertex 14.9855 -12.2941 6
    endloop
  endfacet
  facet normal 0 0 1
    outer loop
      vertex 16 -11.6 6
      vertex 14.9855 -12.2941 6
      vertex 14.9424 -12.5853 6
    endloop
  endfacet
  facet normal 0 0 1
    outer loop
      vertex 16.1568 -11.5923 6
      vertex 14.9424 -12.5853 6
      vertex 14.8708 -12.8708 6
    endloop
  endfacet
  facet normal 0 0 1
    outer loop
      vertex 16.3121 -11.5693 6
      vertex 14.8708 -12.8708 6
      vertex 14.7876 -13.1376 6
    endloop
  endfacet
  facet normal 0 0 1
    outer loop
      vertex 14.7876 -13.1376 6
      vertex 14.8708 -12.8708 6
      vertex 14.7962 -13.0794 6
    endloop
  endfacet
  facet normal 0 0 1
    outer loop
      vertex 16.4645 -11.5311 6
      vertex 14.7876 -13.1376 6
      vertex 14.7375 -13.3375 6
    endloop
  endfacet
  facet normal 0 0 1
    outer loop
      vertex 16.6123 -11.4782 6
      vertex 14.7375 -13.3375 6
      vertex 14.6681 -13.5316 6
    endloop
  endfacet
  facet normal 0 0 1
    outer loop
      vertex 16.7542 -11.4111 6
      vertex 14.6681 -13.5316 6
      vertex 14.58 -13.7179 6
    endloop
  endfacet
  facet normal 0 0 1
    outer loop
      vertex 24.3259 -21.2223 6
      vertex 21 -23 6
      vertex 24.092 -21.5376 6
    endloop
  endfacet
  facet normal 0 0 1
    outer loop
      vertex 24.8278 -20.1611 6
      vertex 21 -23 6
      vertex 24.6955 -20.5307 6
    endloop
  endfacet
  facet normal -0 0 1
    outer loop
      vertex 14.3512 -14.0601 6
      vertex 21 -23 6
      vertex 14.474 -13.8946 6
    endloop
  endfacet
  facet normal -0 0 1
    outer loop
      vertex 14.2128 -14.2128 6
      vertex 21 -23 6
      vertex 14.3512 -14.0601 6
    endloop
  endfacet
  facet normal -0 0 1
    outer loop
      vertex 14.0601 -14.3512 6
      vertex 21 -23 6
      vertex 14.2128 -14.2128 6
    endloop
  endfacet
  facet normal -0 0 1
    outer loop
      vertex 13.8946 -14.474 6
      vertex 21 -23 6
      vertex 14.0601 -14.3512 6
    endloop
  endfacet
  facet normal -0 0 1
    outer loop
      vertex 13.7179 -14.58 6
      vertex 21 -23 6
      vertex 13.8946 -14.474 6
    endloop
  endfacet
  facet normal -0 0 1
    outer loop
      vertex 13.5316 -14.6681 6
      vertex 21 -23 6
      vertex 13.7179 -14.58 6
    endloop
  endfacet
  facet normal -0 0 1
    outer loop
      vertex 13.3375 -14.7375 6
      vertex 21 -23 6
      vertex 13.5316 -14.6681 6
    endloop
  endfacet
  facet normal 0 0 1
    outer loop
      vertex 12.8708 -14.8708 6
      vertex 13.3375 -14.7375 6
      vertex 13.1376 -14.7876 6
    endloop
  endfacet
  facet normal 0 0 1
    outer loop
      vertex 12.8708 -14.8708 6
      vertex 13.1376 -14.7876 6
      vertex 13.0794 -14.7962 6
    endloop
  endfacet
  facet normal 0 0 1
    outer loop
      vertex 13.3375 -14.7375 6
      vertex 12.8708 -14.8708 6
      vertex 21 -23 6
    endloop
  endfacet
  facet normal -0 0 1
    outer loop
      vertex 12.5853 -14.9424 6
      vertex 21 -23 6
      vertex 12.8708 -14.8708 6
    endloop
  endfacet
  facet normal -0 0 1
    outer loop
      vertex 12.2941 -14.9855 6
      vertex 21 -23 6
      vertex 12.5853 -14.9424 6
    endloop
  endfacet
  facet normal -0 0 1
    outer loop
      vertex 12 -15 6
      vertex 21 -23 6
      vertex 12.2941 -14.9855 6
    endloop
  endfacet
  facet normal 0 0 1
    outer loop
      vertex 1.24398 -20.1225 6
      vertex 12 -15 6
      vertex 1.25 -20 6
    endloop
  endfacet
  facet normal 0 0 1
    outer loop
      vertex 1.22598 -20.2439 6
      vertex 12 -15 6
      vertex 1.24398 -20.1225 6
    endloop
  endfacet
  facet normal 0 0 1
    outer loop
      vertex 1.19617 -20.3629 6
      vertex 12 -15 6
      vertex 1.22598 -20.2439 6
    endloop
  endfacet
  facet normal 0 0 1
    outer loop
      vertex 1.15485 -20.4784 6
      vertex 12 -15 6
      vertex 1.19617 -20.3629 6
    endloop
  endfacet
  facet normal 0 0 1
    outer loop
      vertex 1.1024 -20.5892 6
      vertex 12 -15 6
      vertex 1.15485 -20.4784 6
    endloop
  endfacet
  facet normal 0 0 1
    outer loop
      vertex 12 -15 6
      vertex 1.1024 -20.5892 6
      vertex 21 -23 6
    endloop
  endfacet
  facet normal -0 0 1
    outer loop
      vertex 1.03934 -20.6945 6
      vertex 21 -23 6
      vertex 1.1024 -20.5892 6
    endloop
  endfacet
  facet normal -0 0 1
    outer loop
      vertex 0.966263 -20.793 6
      vertex 21 -23 6
      vertex 1.03934 -20.6945 6
    endloop
  endfacet
  facet normal -0 0 1
    outer loop
      vertex 0.883883 -20.8839 6
      vertex 21 -23 6
      vertex 0.966263 -20.793 6
    endloop
  endfacet
  facet normal -0 0 1
    outer loop
      vertex 0.792991 -20.9663 6
      vertex 21 -23 6
      vertex 0.883883 -20.8839 6
    endloop
  endfacet
  facet normal -0 0 1
    outer loop
      vertex 0.694463 -21.0393 6
      vertex 21 -23 6
      vertex 0.792991 -20.9663 6
    endloop
  endfacet
  facet normal -0 0 1
    outer loop
      vertex 0.589246 -21.1024 6
      vertex 21 -23 6
      vertex 0.694463 -21.0393 6
    endloop
  endfacet
  facet normal -0 0 1
    outer loop
      vertex 0.478354 -21.1549 6
      vertex 21 -23 6
      vertex 0.589246 -21.1024 6
    endloop
  endfacet
  facet normal -0 0 1
    outer loop
      vertex 0.362855 -21.1962 6
      vertex 21 -23 6
      vertex 0.478354 -21.1549 6
    endloop
  endfacet
  facet normal -0 0 1
    outer loop
      vertex 0.243862 -21.226 6
      vertex 21 -23 6
      vertex 0.362855 -21.1962 6
    endloop
  endfacet
  facet normal -0 0 1
    outer loop
      vertex 0.122521 -21.244 6
      vertex 21 -23 6
      vertex 0.243862 -21.226 6
    endloop
  endfacet
  facet normal -0 0 1
    outer loop
      vertex 0 -21.25 6
      vertex 21 -23 6
      vertex 0.122521 -21.244 6
    endloop
  endfacet
  facet normal 0 0 1
    outer loop
      vertex -21 -23 6
      vertex 0 -21.25 6
      vertex -0.122521 -21.244 6
    endloop
  endfacet
  facet normal 0 0 1
    outer loop
      vertex -12 -15 6
      vertex -1.24398 -20.1225 6
      vertex -1.25 -20 6
    endloop
  endfacet
  facet normal 0 0 1
    outer loop
      vertex -12 -15 6
      vertex -1.22598 -20.2439 6
      vertex -1.24398 -20.1225 6
    endloop
  endfacet
  facet normal 0 0 1
    outer loop
      vertex -12 -15 6
      vertex -1.19617 -20.3629 6
      vertex -1.22598 -20.2439 6
    endloop
  endfacet
  facet normal 0 0 1
    outer loop
      vertex -12 -15 6
      vertex -1.15485 -20.4784 6
      vertex -1.19617 -20.3629 6
    endloop
  endfacet
  facet normal 0 0 1
    outer loop
      vertex -12 -15 6
      vertex -1.1024 -20.5892 6
      vertex -1.15485 -20.4784 6
    endloop
  endfacet
  facet normal 0 0 1
    outer loop
      vertex -21 -23 6
      vertex -1.1024 -20.5892 6
      vertex -12 -15 6
    endloop
  endfacet
  facet normal 0 0 1
    outer loop
      vertex -1.1024 -20.5892 6
      vertex -21 -23 6
      vertex -1.03934 -20.6945 6
    endloop
  endfacet
  facet normal 0 0 1
    outer loop
      vertex -1.03934 -20.6945 6
      vertex -21 -23 6
      vertex -0.966263 -20.793 6
    endloop
  endfacet
  facet normal 0 0 1
    outer loop
      vertex -0.966263 -20.793 6
      vertex -21 -23 6
      vertex -0.883883 -20.8839 6
    endloop
  endfacet
  facet normal 0 0 1
    outer loop
      vertex -0.883883 -20.8839 6
      vertex -21 -23 6
      vertex -0.792991 -20.9663 6
    endloop
  endfacet
  facet normal 0 0 1
    outer loop
      vertex -0.792991 -20.9663 6
      vertex -21 -23 6
      vertex -0.694463 -21.0393 6
    endloop
  endfacet
  facet normal 0 0 1
    outer loop
      vertex -21 -23 6
      vertex -12 -15 6
      vertex -12.2941 -14.9855 6
    endloop
  endfacet
  facet normal 0 0 1
    outer loop
      vertex -21 -23 6
      vertex -12.2941 -14.9855 6
      vertex -12.5853 -14.9424 6
    endloop
  endfacet
  facet normal 0 0 1
    outer loop
      vertex -21 -23 6
      vertex -12.5853 -14.9424 6
      vertex -12.8708 -14.8708 6
    endloop
  endfacet
  facet normal 0 0 1
    outer loop
      vertex -13.1376 -14.7876 6
      vertex -12.8708 -14.8708 6
      vertex -13.0794 -14.7962 6
    endloop
  endfacet
  facet normal 0 0 1
    outer loop
      vertex -13.3375 -14.7375 6
      vertex -12.8708 -14.8708 6
      vertex -13.1376 -14.7876 6
    endloop
  endfacet
  facet normal 0 0 1
    outer loop
      vertex -12.8708 -14.8708 6
      vertex -13.3375 -14.7375 6
      vertex -21 -23 6
    endloop
  endfacet
  facet normal 0 0 1
    outer loop
      vertex -21 -23 6
      vertex -13.3375 -14.7375 6
      vertex -13.5316 -14.6681 6
    endloop
  endfacet
  facet normal 0 0 1
    outer loop
      vertex -21 -23 6
      vertex -13.5316 -14.6681 6
      vertex -13.7179 -14.58 6
    endloop
  endfacet
  facet normal 0 0 1
    outer loop
      vertex -14.8708 -12.8708 6
      vertex -14.7876 -13.1376 6
      vertex -14.7962 -13.0794 6
    endloop
  endfacet
  facet normal 0 0 1
    outer loop
      vertex -16.3121 -11.5693 6
      vertex -14.7876 -13.1376 6
      vertex -14.8708 -12.8708 6
    endloop
  endfacet
  facet normal -0 0 1
    outer loop
      vertex -15.2458 -11.4111 6
      vertex -15 -12 6
      vertex -15.1111 -11.3304 6
    endloop
  endfacet
  facet normal -0 0 1
    outer loop
      vertex -15.3877 -11.4782 6
      vertex -15 -12 6
      vertex -15.2458 -11.4111 6
    endloop
  endfacet
  facet normal -0 0 1
    outer loop
      vertex -15.5355 -11.5311 6
      vertex -15 -12 6
      vertex -15.3877 -11.4782 6
    endloop
  endfacet
  facet normal -0 0 1
    outer loop
      vertex -15.6879 -11.5693 6
      vertex -15 -12 6
      vertex -15.5355 -11.5311 6
    endloop
  endfacet
  facet normal 0 0 1
    outer loop
      vertex -15 -12 6
      vertex -15.6879 -11.5693 6
      vertex -14.9855 -12.2941 6
    endloop
  endfacet
  facet normal -0 0 1
    outer loop
      vertex -15.8432 -11.5923 6
      vertex -14.9855 -12.2941 6
      vertex -15.6879 -11.5693 6
    endloop
  endfacet
  facet normal -0 0 1
    outer loop
      vertex -16 -11.6 6
      vertex -14.9855 -12.2941 6
      vertex -15.8432 -11.5923 6
    endloop
  endfacet
  facet normal 0 0 1
    outer loop
      vertex -14.9855 -12.2941 6
      vertex -16 -11.6 6
      vertex -14.9424 -12.5853 6
    endloop
  endfacet
  facet normal 0 0 1
    outer loop
      vertex -16.1568 -11.5923 6
      vertex -14.9424 -12.5853 6
      vertex -16 -11.6 6
    endloop
  endfacet
  facet normal 0 0 1
    outer loop
      vertex -14.9424 -12.5853 6
      vertex -16.1568 -11.5923 6
      vertex -14.8708 -12.8708 6
    endloop
  endfacet
  facet normal 0 0 1
    outer loop
      vertex -16.3121 -11.5693 6
      vertex -14.8708 -12.8708 6
      vertex -16.1568 -11.5923 6
    endloop
  endfacet
  facet normal 0 0 1
    outer loop
      vertex -16.4645 -11.5311 6
      vertex -14.7876 -13.1376 6
      vertex -16.3121 -11.5693 6
    endloop
  endfacet
  facet normal 0 0 1
    outer loop
      vertex -14.7876 -13.1376 6
      vertex -16.4645 -11.5311 6
      vertex -14.7375 -13.3375 6
    endloop
  endfacet
  facet normal 0 0 1
    outer loop
      vertex -16.6123 -11.4782 6
      vertex -14.7375 -13.3375 6
      vertex -16.4645 -11.5311 6
    endloop
  endfacet
  facet normal 0 0 1
    outer loop
      vertex -14.7375 -13.3375 6
      vertex -16.6123 -11.4782 6
      vertex -14.6681 -13.5316 6
    endloop
  endfacet
  facet normal 0 0 1
    outer loop
      vertex -16.7542 -11.4111 6
      vertex -14.6681 -13.5316 6
      vertex -16.6123 -11.4782 6
    endloop
  endfacet
  facet normal 0 0 1
    outer loop
      vertex -14.6681 -13.5316 6
      vertex -16.7542 -11.4111 6
      vertex -14.58 -13.7179 6
    endloop
  endfacet
  facet normal 0 0 1
    outer loop
      vertex -25 -19 6
      vertex -14.58 -13.7179 6
      vertex -16.7542 -11.4111 6
    endloop
  endfacet
  facet normal 0 0 1
    outer loop
      vertex -14.58 -13.7179 6
      vertex -25 -19 6
      vertex -14.474 -13.8946 6
    endloop
  endfacet
  facet normal 0 -0 1
    outer loop
      vertex -21 -23 6
      vertex -14.474 -13.8946 6
      vertex -25 -19 6
    endloop
  endfacet
  facet normal 0 0 1
    outer loop
      vertex -25 -19 6
      vertex -16.7542 -11.4111 6
      vertex -16.8889 -11.3304 6
    endloop
  endfacet
  facet normal 0 0 1
    outer loop
      vertex -25 -19 6
      vertex -16.8889 -11.3304 6
      vertex -17.015 -11.2368 6
    endloop
  endfacet
  facet normal 0 0 1
    outer loop
      vertex -25 -19 6
      vertex -17.015 -11.2368 6
      vertex -17.1314 -11.1314 6
    endloop
  endfacet
  facet normal 0 0 1
    outer loop
      vertex -17.5693 -9.68785 6
      vertex -25 -19 6
      vertex -17.5923 -9.84317 6
    endloop
  endfacet
  facet normal 0 0 1
    outer loop
      vertex 0 -21.25 6
      vertex -21 -23 6
      vertex 21 -23 6
    endloop
  endfacet
  facet normal 0 0 1
    outer loop
      vertex -0.243862 -21.226 6
      vertex -21 -23 6
      vertex -0.122521 -21.244 6
    endloop
  endfacet
  facet normal 0 0 1
    outer loop
      vertex -0.362855 -21.1962 6
      vertex -21 -23 6
      vertex -0.243862 -21.226 6
    endloop
  endfacet
  facet normal 0 0 1
    outer loop
      vertex -0.478354 -21.1549 6
      vertex -21 -23 6
      vertex -0.362855 -21.1962 6
    endloop
  endfacet
  facet normal 0 0 1
    outer loop
      vertex -0.589246 -21.1024 6
      vertex -21 -23 6
      vertex -0.478354 -21.1549 6
    endloop
  endfacet
  facet normal 0 0 1
    outer loop
      vertex -0.694463 -21.0393 6
      vertex -21 -23 6
      vertex -0.589246 -21.1024 6
    endloop
  endfacet
  facet normal 0 0 1
    outer loop
      vertex -13.8946 -14.474 6
      vertex -21 -23 6
      vertex -13.7179 -14.58 6
    endloop
  endfacet
  facet normal 0 0 1
    outer loop
      vertex -14.0601 -14.3512 6
      vertex -21 -23 6
      vertex -13.8946 -14.474 6
    endloop
  endfacet
  facet normal 0 0 1
    outer loop
      vertex -14.2128 -14.2128 6
      vertex -21 -23 6
      vertex -14.0601 -14.3512 6
    endloop
  endfacet
  facet normal 0 0 1
    outer loop
      vertex -14.474 -13.8946 6
      vertex -21 -23 6
      vertex -14.3512 -14.0601 6
    endloop
  endfacet
  facet normal 0 0 1
    outer loop
      vertex -25 -19 6
      vertex -17.1314 -11.1314 6
      vertex -17.2368 -11.015 6
    endloop
  endfacet
  facet normal 0 0 1
    outer loop
      vertex -25 -19 6
      vertex -17.2368 -11.015 6
      vertex -17.3304 -10.8889 6
    endloop
  endfacet
  facet normal 0 0 1
    outer loop
      vertex -25 -19 6
      vertex -17.3304 -10.8889 6
      vertex -17.4111 -10.7542 6
    endloop
  endfacet
  facet normal 0 0 1
    outer loop
      vertex -25 -19 6
      vertex -17.4111 -10.7542 6
      vertex -17.4782 -10.6123 6
    endloop
  endfacet
  facet normal 0 0 1
    outer loop
      vertex -25 -19 6
      vertex -17.4782 -10.6123 6
      vertex -17.5311 -10.4645 6
    endloop
  endfacet
  facet normal 0 0 1
    outer loop
      vertex -25 -19 6
      vertex -17.5311 -10.4645 6
      vertex -17.5693 -10.3121 6
    endloop
  endfacet
  facet normal 0 0 1
    outer loop
      vertex -25 -19 6
      vertex -17.5693 -10.3121 6
      vertex -17.5923 -10.1568 6
    endloop
  endfacet
  facet normal 0 0 1
    outer loop
      vertex -17.5923 -9.84317 6
      vertex -25 -19 6
      vertex -17.6 -10 6
    endloop
  endfacet
  facet normal 0 0 1
    outer loop
      vertex -25 19 6
      vertex -21 23 6
      vertex -21.3921 22.9807 6
    endloop
  endfacet
  facet normal 0 0 1
    outer loop
      vertex -17.6 -10 6
      vertex -25 -19 6
      vertex -17.5923 -10.1568 6
    endloop
  endfacet
  facet normal 0 0 1
    outer loop
      vertex -25 19 6
      vertex -21.3921 22.9807 6
      vertex -21.7804 22.9231 6
    endloop
  endfacet
  facet normal 0 0 1
    outer loop
      vertex -14.3512 -14.0601 6
      vertex -21 -23 6
      vertex -14.2128 -14.2128 6
    endloop
  endfacet
  facet normal 0 0 1
    outer loop
      vertex -25 19 6
      vertex -21.7804 22.9231 6
      vertex -22.1611 22.8278 6
    endloop
  endfacet
  facet normal 0 0 1
    outer loop
      vertex -21 -23 6
      vertex -25 -19 6
      vertex -21.3921 -22.9807 6
    endloop
  endfacet
  facet normal 0 0 1
    outer loop
      vertex -25 19 6
      vertex -22.1611 22.8278 6
      vertex -22.5307 22.6955 6
    endloop
  endfacet
  facet normal 0 0 1
    outer loop
      vertex -21.3921 -22.9807 6
      vertex -25 -19 6
      vertex -21.7804 -22.9231 6
    endloop
  endfacet
  facet normal 0 0 1
    outer loop
      vertex -25 19 6
      vertex -22.5307 22.6955 6
      vertex -22.8856 22.5277 6
    endloop
  endfacet
  facet normal 0 0 1
    outer loop
      vertex -21.7804 -22.9231 6
      vertex -25 -19 6
      vertex -22.1611 -22.8278 6
    endloop
  endfacet
  facet normal 0 0 1
    outer loop
      vertex -25 19 6
      vertex -22.8856 22.5277 6
      vertex -23.2223 22.3259 6
    endloop
  endfacet
  facet normal 0 0 1
    outer loop
      vertex -22.1611 -22.8278 6
      vertex -25 -19 6
      vertex -22.5307 -22.6955 6
    endloop
  endfacet
  facet normal 0 0 1
    outer loop
      vertex -25 19 6
      vertex -23.2223 22.3259 6
      vertex -23.5376 22.092 6
    endloop
  endfacet
  facet normal 0 0 1
    outer loop
      vertex -22.5307 -22.6955 6
      vertex -25 -19 6
      vertex -22.8856 -22.5277 6
    endloop
  endfacet
  facet normal 0 0 1
    outer loop
      vertex -25 19 6
      vertex -23.5376 22.092 6
      vertex -23.8284 21.8284 6
    endloop
  endfacet
  facet normal 0 0 1
    outer loop
      vertex -22.8856 -22.5277 6
      vertex -25 -19 6
      vertex -23.2223 -22.3259 6
    endloop
  endfacet
  facet normal 0 0 1
    outer loop
      vertex -25 19 6
      vertex -23.8284 21.8284 6
      vertex -24.092 21.5376 6
    endloop
  endfacet
  facet normal 0 0 1
    outer loop
      vertex -23.2223 -22.3259 6
      vertex -25 -19 6
      vertex -23.5376 -22.092 6
    endloop
  endfacet
  facet normal 0 0 1
    outer loop
      vertex -25 19 6
      vertex -24.092 21.5376 6
      vertex -24.3259 21.2223 6
    endloop
  endfacet
  facet normal 0 0 1
    outer loop
      vertex -23.5376 -22.092 6
      vertex -25 -19 6
      vertex -23.8284 -21.8284 6
    endloop
  endfacet
  facet normal 0 0 1
    outer loop
      vertex -25 19 6
      vertex -24.3259 21.2223 6
      vertex -24.5277 20.8856 6
    endloop
  endfacet
  facet normal 0 0 1
    outer loop
      vertex -23.8284 -21.8284 6
      vertex -25 -19 6
      vertex -24.092 -21.5376 6
    endloop
  endfacet
  facet normal 0 0 1
    outer loop
      vertex -25 19 6
      vertex -24.5277 20.8856 6
      vertex -24.6955 20.5307 6
    endloop
  endfacet
  facet normal 0 0 1
    outer loop
      vertex -24.092 -21.5376 6
      vertex -25 -19 6
      vertex -24.3259 -21.2223 6
    endloop
  endfacet
  facet normal 0 0 1
    outer loop
      vertex -25 19 6
      vertex -24.6955 20.5307 6
      vertex -24.8278 20.1611 6
    endloop
  endfacet
  facet normal 0 0 1
    outer loop
      vertex -24.3259 -21.2223 6
      vertex -25 -19 6
      vertex -24.5277 -20.8856 6
    endloop
  endfacet
  facet normal 0 0 1
    outer loop
      vertex -25 19 6
      vertex -24.8278 20.1611 6
      vertex -24.9231 19.7804 6
    endloop
  endfacet
  facet normal 0 0 1
    outer loop
      vertex -24.5277 -20.8856 6
      vertex -25 -19 6
      vertex -24.6955 -20.5307 6
    endloop
  endfacet
  facet normal 0 0 1
    outer loop
      vertex -25 19 6
      vertex -24.9231 19.7804 6
      vertex -24.9807 19.3921 6
    endloop
  endfacet
  facet normal 0 0 1
    outer loop
      vertex -24.6955 -20.5307 6
      vertex -25 -19 6
      vertex -24.8278 -20.1611 6
    endloop
  endfacet
  facet normal 0 0 1
    outer loop
      vertex -24.8278 -20.1611 6
      vertex -25 -19 6
      vertex -24.9231 -19.7804 6
    endloop
  endfacet
  facet normal 0 0 1
    outer loop
      vertex -24.9231 -19.7804 6
      vertex -25 -19 6
      vertex -24.9807 -19.3921 6
    endloop
  endfacet
  facet normal 0 0 1
    outer loop
      vertex 15.1111 11.3304 6
      vertex 15 12 6
      vertex 15 11.248 6
    endloop
  endfacet
  facet normal -0 0 1
    outer loop
      vertex 1.24398 19.8775 6
      vertex 12 15 6
      vertex 1.25 20 6
    endloop
  endfacet
  facet normal -0 0 1
    outer loop
      vertex 1.22598 19.7561 6
      vertex 12 15 6
      vertex 1.24398 19.8775 6
    endloop
  endfacet
  facet normal -0 0 1
    outer loop
      vertex 1.19617 19.6371 6
      vertex 12 15 6
      vertex 1.22598 19.7561 6
    endloop
  endfacet
  facet normal -0 0 1
    outer loop
      vertex 1.15485 19.5216 6
      vertex 12 15 6
      vertex 1.19617 19.6371 6
    endloop
  endfacet
  facet normal -0 0 1
    outer loop
      vertex 1.1024 19.4108 6
      vertex 12 15 6
      vertex 1.15485 19.5216 6
    endloop
  endfacet
  facet normal -0 0 1
    outer loop
      vertex 1.03934 19.3055 6
      vertex 12 15 6
      vertex 1.1024 19.4108 6
    endloop
  endfacet
  facet normal -0 0 1
    outer loop
      vertex 0.966263 19.207 6
      vertex 12 15 6
      vertex 1.03934 19.3055 6
    endloop
  endfacet
  facet normal -0 0 1
    outer loop
      vertex 0.883883 19.1161 6
      vertex 12 15 6
      vertex 0.966263 19.207 6
    endloop
  endfacet
  facet normal -0 0 1
    outer loop
      vertex 0.792991 19.0337 6
      vertex 12 15 6
      vertex 0.883883 19.1161 6
    endloop
  endfacet
  facet normal -0 0 1
    outer loop
      vertex 0.694463 18.9607 6
      vertex 12 15 6
      vertex 0.792991 19.0337 6
    endloop
  endfacet
  facet normal -0 0 1
    outer loop
      vertex 0.589246 18.8976 6
      vertex 12 15 6
      vertex 0.694463 18.9607 6
    endloop
  endfacet
  facet normal -0 0 1
    outer loop
      vertex 0.478354 18.8451 6
      vertex 12 15 6
      vertex 0.589246 18.8976 6
    endloop
  endfacet
  facet normal -0 0 1
    outer loop
      vertex 0.362855 18.8038 6
      vertex 12 15 6
      vertex 0.478354 18.8451 6
    endloop
  endfacet
  facet normal -0 0 1
    outer loop
      vertex 0.243862 18.774 6
      vertex 12 15 6
      vertex 0.362855 18.8038 6
    endloop
  endfacet
  facet normal -0 0 1
    outer loop
      vertex 0.122521 18.756 6
      vertex 12 15 6
      vertex 0.243862 18.774 6
    endloop
  endfacet
  facet normal -0 0 1
    outer loop
      vertex 0 18.75 6
      vertex 12 15 6
      vertex 0.122521 18.756 6
    endloop
  endfacet
  facet normal 0 0 1
    outer loop
      vertex -12 15 6
      vertex 0 18.75 6
      vertex -0.122521 18.756 6
    endloop
  endfacet
  facet normal 0 0 1
    outer loop
      vertex -12 15 6
      vertex -0.122521 18.756 6
      vertex -0.243862 18.774 6
    endloop
  endfacet
  facet normal 0 0 1
    outer loop
      vertex -12 15 6
      vertex -0.243862 18.774 6
      vertex -0.362855 18.8038 6
    endloop
  endfacet
  facet normal 0 0 1
    outer loop
      vertex 0 18.75 6
      vertex -12 15 6
      vertex 12 15 6
    endloop
  endfacet
  facet normal 0 0 1
    outer loop
      vertex -0.478354 18.8451 6
      vertex -12 15 6
      vertex -0.362855 18.8038 6
    endloop
  endfacet
  facet normal 0 0 1
    outer loop
      vertex -0.589246 18.8976 6
      vertex -12 15 6
      vertex -0.478354 18.8451 6
    endloop
  endfacet
  facet normal 0 0 1
    outer loop
      vertex -0.694463 18.9607 6
      vertex -12 15 6
      vertex -0.589246 18.8976 6
    endloop
  endfacet
  facet normal 0 0 1
    outer loop
      vertex -0.792991 19.0337 6
      vertex -12 15 6
      vertex -0.694463 18.9607 6
    endloop
  endfacet
  facet normal 0 0 1
    outer loop
      vertex -0.883883 19.1161 6
      vertex -12 15 6
      vertex -0.792991 19.0337 6
    endloop
  endfacet
  facet normal 0 0 1
    outer loop
      vertex -0.966263 19.207 6
      vertex -12 15 6
      vertex -0.883883 19.1161 6
    endloop
  endfacet
  facet normal 0 0 1
    outer loop
      vertex -1.03934 19.3055 6
      vertex -12 15 6
      vertex -0.966263 19.207 6
    endloop
  endfacet
  facet normal 0 0 1
    outer loop
      vertex -1.1024 19.4108 6
      vertex -12 15 6
      vertex -1.03934 19.3055 6
    endloop
  endfacet
  facet normal 0 0 1
    outer loop
      vertex -1.15485 19.5216 6
      vertex -12 15 6
      vertex -1.1024 19.4108 6
    endloop
  endfacet
  facet normal 0 0 1
    outer loop
      vertex -1.19617 19.6371 6
      vertex -12 15 6
      vertex -1.15485 19.5216 6
    endloop
  endfacet
  facet normal 0 0 1
    outer loop
      vertex -1.22598 19.7561 6
      vertex -12 15 6
      vertex -1.19617 19.6371 6
    endloop
  endfacet
  facet normal 0 0 1
    outer loop
      vertex -1.24398 19.8775 6
      vertex -12 15 6
      vertex -1.22598 19.7561 6
    endloop
  endfacet
  facet normal 0 0 1
    outer loop
      vertex -12 15 6
      vertex -1.24398 19.8775 6
      vertex -1.25 20 6
    endloop
  endfacet
  facet normal 0.989176 -0.146733 0
    outer loop
      vertex 24.9231 -19.7804 6
      vertex 24.9807 -19.3921 0
      vertex 24.9807 -19.3921 6
    endloop
  endfacet
  facet normal 0.989176 -0.146733 0
    outer loop
      vertex 24.9807 -19.3921 0
      vertex 24.9231 -19.7804 6
      vertex 24.9231 -19.7804 0
    endloop
  endfacet
  facet normal 0.904044 -0.42744 0
    outer loop
      vertex 24.5277 -20.8856 6
      vertex 24.6955 -20.5307 0
      vertex 24.6955 -20.5307 6
    endloop
  endfacet
  facet normal 0.904044 -0.42744 0
    outer loop
      vertex 24.6955 -20.5307 0
      vertex 24.5277 -20.8856 6
      vertex 24.5277 -20.8856 0
    endloop
  endfacet
  facet normal 0 0 -1
    outer loop
      vertex 14.6696 9.11109 0
      vertex -14.4 10 0
      vertex 14.5889 9.24576 0
    endloop
  endfacet
  facet normal 0 0 -1
    outer loop
      vertex 14.6696 9.11109 0
      vertex -14.4077 9.84317 0
      vertex -14.4 10 0
    endloop
  endfacet
  facet normal 0 0 -1
    outer loop
      vertex -14.5889 -9.24576 0
      vertex 14.5889 -9.24576 0
      vertex -14.5218 -9.38771 0
    endloop
  endfacet
  facet normal 0 0 -1
    outer loop
      vertex 14.6696 9.11109 0
      vertex -14.4307 9.68785 0
      vertex -14.4077 9.84317 0
    endloop
  endfacet
  facet normal 0 0 -1
    outer loop
      vertex 14.5889 -9.24576 0
      vertex -14.5889 -9.24576 0
      vertex 14.6696 -9.11109 0
    endloop
  endfacet
  facet normal 0 0 -1
    outer loop
      vertex 14.6696 9.11109 0
      vertex -14.4689 9.53554 0
      vertex -14.4307 9.68785 0
    endloop
  endfacet
  facet normal 0 0 -1
    outer loop
      vertex -14.6696 -9.11109 0
      vertex 14.6696 -9.11109 0
      vertex -14.5889 -9.24576 0
    endloop
  endfacet
  facet normal 0 0 -1
    outer loop
      vertex 14.6696 9.11109 0
      vertex -14.5218 9.38771 0
      vertex -14.4689 9.53554 0
    endloop
  endfacet
  facet normal 0 0 -1
    outer loop
      vertex 14.6696 -9.11109 0
      vertex -14.6696 -9.11109 0
      vertex 14.6696 9.11109 0
    endloop
  endfacet
  facet normal 0 0 -1
    outer loop
      vertex 14.6696 9.11109 0
      vertex -14.5889 9.24576 0
      vertex -14.5218 9.38771 0
    endloop
  endfacet
  facet normal 0 0 -1
    outer loop
      vertex -14.6696 9.11109 0
      vertex 14.6696 9.11109 0
      vertex -14.6696 -9.11109 0
    endloop
  endfacet
  facet normal 0 0 -1
    outer loop
      vertex 14.6696 9.11109 0
      vertex -14.6696 9.11109 0
      vertex -14.5889 9.24576 0
    endloop
  endfacet
  facet normal 0 0 -1
    outer loop
      vertex -14.7632 -8.98497 0
      vertex -14.6696 9.11109 0
      vertex -14.6696 -9.11109 0
    endloop
  endfacet
  facet normal 0 0 -1
    outer loop
      vertex -14.7632 -8.98497 0
      vertex -14.7632 8.98497 0
      vertex -14.6696 9.11109 0
    endloop
  endfacet
  facet normal 0 0 -1
    outer loop
      vertex -14.8686 -8.86863 0
      vertex -14.7632 8.98497 0
      vertex -14.7632 -8.98497 0
    endloop
  endfacet
  facet normal 0 0 -1
    outer loop
      vertex -14.8686 -8.86863 0
      vertex -14.8686 8.86863 0
      vertex -14.7632 8.98497 0
    endloop
  endfacet
  facet normal 0 0 -1
    outer loop
      vertex -14.985 -8.76318 0
      vertex -14.8686 8.86863 0
      vertex -14.8686 -8.86863 0
    endloop
  endfacet
  facet normal 0 0 -1
    outer loop
      vertex -14.985 -8.76318 0
      vertex -14.985 8.76318 0
      vertex -14.8686 8.86863 0
    endloop
  endfacet
  facet normal 0 0 -1
    outer loop
      vertex -15.1111 -8.66965 0
      vertex -14.985 8.76318 0
      vertex -14.985 -8.76318 0
    endloop
  endfacet
  facet normal 0 0 -1
    outer loop
      vertex -15.1111 -8.66965 0
      vertex -15.1111 8.66965 0
      vertex -14.985 8.76318 0
    endloop
  endfacet
  facet normal 0 0 -1
    outer loop
      vertex -15.2458 -8.58893 0
      vertex -15.1111 8.66965 0
      vertex -15.1111 -8.66965 0
    endloop
  endfacet
  facet normal 0 0 -1
    outer loop
      vertex -15.2458 -8.58893 0
      vertex -15.2458 8.58893 0
      vertex -15.1111 8.66965 0
    endloop
  endfacet
  facet normal 0 0 -1
    outer loop
      vertex -15.3877 -8.52179 0
      vertex -15.2458 8.58893 0
      vertex -15.2458 -8.58893 0
    endloop
  endfacet
  facet normal 0 0 -1
    outer loop
      vertex -15.3877 -8.52179 0
      vertex -15.3877 8.52179 0
      vertex -15.2458 8.58893 0
    endloop
  endfacet
  facet normal 0 0 -1
    outer loop
      vertex -15.5355 -8.46889 0
      vertex -15.3877 8.52179 0
      vertex -15.3877 -8.52179 0
    endloop
  endfacet
  facet normal 0 0 -1
    outer loop
      vertex -15.5355 -8.46889 0
      vertex -15.5355 8.46889 0
      vertex -15.3877 8.52179 0
    endloop
  endfacet
  facet normal 0 0 -1
    outer loop
      vertex -15.6879 -8.43074 0
      vertex -15.5355 8.46889 0
      vertex -15.5355 -8.46889 0
    endloop
  endfacet
  facet normal 0 0 -1
    outer loop
      vertex -15.6879 -8.43074 0
      vertex -15.6879 8.43074 0
      vertex -15.5355 8.46889 0
    endloop
  endfacet
  facet normal 0 0 -1
    outer loop
      vertex -15.8432 -8.4077 0
      vertex -15.6879 8.43074 0
      vertex -15.6879 -8.43074 0
    endloop
  endfacet
  facet normal 0 0 -1
    outer loop
      vertex -15.8432 -8.4077 0
      vertex -15.8432 8.4077 0
      vertex -15.6879 8.43074 0
    endloop
  endfacet
  facet normal 0 0 -1
    outer loop
      vertex -16 -8.4 0
      vertex -15.8432 8.4077 0
      vertex -15.8432 -8.4077 0
    endloop
  endfacet
  facet normal 0 0 -1
    outer loop
      vertex -16 -8.4 0
      vertex -16 8.4 0
      vertex -15.8432 8.4077 0
    endloop
  endfacet
  facet normal 0 0 -1
    outer loop
      vertex -16.1568 -8.4077 0
      vertex -16 8.4 0
      vertex -16 -8.4 0
    endloop
  endfacet
  facet normal 0 0 -1
    outer loop
      vertex -16.1568 -8.4077 0
      vertex -16.1568 8.4077 0
      vertex -16 8.4 0
    endloop
  endfacet
  facet normal 0 0 -1
    outer loop
      vertex -16.3121 -8.43074 0
      vertex -16.1568 8.4077 0
      vertex -16.1568 -8.4077 0
    endloop
  endfacet
  facet normal 0 0 -1
    outer loop
      vertex -16.3121 -8.43074 0
      vertex -16.3121 8.43074 0
      vertex -16.1568 8.4077 0
    endloop
  endfacet
  facet normal 0 0 -1
    outer loop
      vertex -16.4645 -8.46889 0
      vertex -16.3121 8.43074 0
      vertex -16.3121 -8.43074 0
    endloop
  endfacet
  facet normal 0 0 -1
    outer loop
      vertex -16.4645 -8.46889 0
      vertex -16.4645 8.46889 0
      vertex -16.3121 8.43074 0
    endloop
  endfacet
  facet normal 0 0 -1
    outer loop
      vertex -16.6123 -8.52179 0
      vertex -16.4645 8.46889 0
      vertex -16.4645 -8.46889 0
    endloop
  endfacet
  facet normal 0 0 -1
    outer loop
      vertex -16.6123 -8.52179 0
      vertex -16.6123 8.52179 0
      vertex -16.4645 8.46889 0
    endloop
  endfacet
  facet normal 0 0 -1
    outer loop
      vertex -16.7542 -8.58893 0
      vertex -16.6123 8.52179 0
      vertex -16.6123 -8.52179 0
    endloop
  endfacet
  facet normal 0 0 -1
    outer loop
      vertex -16.7542 -8.58893 0
      vertex -16.7542 8.58893 0
      vertex -16.6123 8.52179 0
    endloop
  endfacet
  facet normal 0 0 -1
    outer loop
      vertex -16.8889 -8.66965 0
      vertex -16.7542 8.58893 0
      vertex -16.7542 -8.58893 0
    endloop
  endfacet
  facet normal 0 0 -1
    outer loop
      vertex -16.8889 -8.66965 0
      vertex -16.8889 8.66965 0
      vertex -16.7542 8.58893 0
    endloop
  endfacet
  facet normal 0 0 -1
    outer loop
      vertex -17.015 -8.76318 0
      vertex -16.8889 8.66965 0
      vertex -16.8889 -8.66965 0
    endloop
  endfacet
  facet normal 0 0 -1
    outer loop
      vertex -17.015 -8.76318 0
      vertex -17.015 8.76318 0
      vertex -16.8889 8.66965 0
    endloop
  endfacet
  facet normal 0 0 -1
    outer loop
      vertex -17.1314 -8.86863 0
      vertex -17.015 8.76318 0
      vertex -17.015 -8.76318 0
    endloop
  endfacet
  facet normal 0 0 -1
    outer loop
      vertex -17.1314 -8.86863 0
      vertex -17.1314 8.86863 0
      vertex -17.015 8.76318 0
    endloop
  endfacet
  facet normal 0 0 -1
    outer loop
      vertex -17.2368 -8.98497 0
      vertex -17.1314 8.86863 0
      vertex -17.1314 -8.86863 0
    endloop
  endfacet
  facet normal 0 0 -1
    outer loop
      vertex -17.2368 -8.98497 0
      vertex -17.2368 8.98497 0
      vertex -17.1314 8.86863 0
    endloop
  endfacet
  facet normal 0 0 -1
    outer loop
      vertex -17.3304 -9.11109 0
      vertex -17.2368 8.98497 0
      vertex -17.2368 -8.98497 0
    endloop
  endfacet
  facet normal 0 0 -1
    outer loop
      vertex -17.3304 -9.11109 0
      vertex -17.3304 9.11109 0
      vertex -17.2368 8.98497 0
    endloop
  endfacet
  facet normal 0 0 -1
    outer loop
      vertex -17.4111 -9.24576 0
      vertex -17.3304 9.11109 0
      vertex -17.3304 -9.11109 0
    endloop
  endfacet
  facet normal 0 0 -1
    outer loop
      vertex -17.4111 -9.24576 0
      vertex -17.4111 9.24576 0
      vertex -17.3304 9.11109 0
    endloop
  endfacet
  facet normal 0 0 -1
    outer loop
      vertex -17.4782 -9.38771 0
      vertex -17.4111 9.24576 0
      vertex -17.4111 -9.24576 0
    endloop
  endfacet
  facet normal 0 0 -1
    outer loop
      vertex -17.4782 -9.38771 0
      vertex -17.4782 9.38771 0
      vertex -17.4111 9.24576 0
    endloop
  endfacet
  facet normal 0 0 -1
    outer loop
      vertex -25 -19 0
      vertex -17.4782 -9.38771 0
      vertex -17.5311 -9.53554 0
    endloop
  endfacet
  facet normal -0 0 -1
    outer loop
      vertex -17.4782 -9.38771 0
      vertex -25 -19 0
      vertex -17.4782 9.38771 0
    endloop
  endfacet
  facet normal 0 0 -1
    outer loop
      vertex -25 -19 0
      vertex -17.5311 -9.53554 0
      vertex -17.5693 -9.68785 0
    endloop
  endfacet
  facet normal 0 0 -1
    outer loop
      vertex -25 19 0
      vertex -17.4782 9.38771 0
      vertex -25 -19 0
    endloop
  endfacet
  facet normal 0 0 -1
    outer loop
      vertex -25 -19 0
      vertex -17.5693 -9.68785 0
      vertex -17.5923 -9.84317 0
    endloop
  endfacet
  facet normal 0 0 -1
    outer loop
      vertex -17.4782 9.38771 0
      vertex -25 19 0
      vertex -17.5311 9.53554 0
    endloop
  endfacet
  facet normal 0 0 -1
    outer loop
      vertex -25 -19 0
      vertex -17.5923 -9.84317 0
      vertex -17.6 -10 0
    endloop
  endfacet
  facet normal 0 0 -1
    outer loop
      vertex -17.5311 9.53554 0
      vertex -25 19 0
      vertex -17.5693 9.68785 0
    endloop
  endfacet
  facet normal 0 0 -1
    outer loop
      vertex 0.694463 -18.9607 0
      vertex 14.4307 -10.3121 0
      vertex 0.792991 -19.0337 0
    endloop
  endfacet
  facet normal 0 0 -1
    outer loop
      vertex 14.5889 9.24576 0
      vertex 1.24398 19.8775 0
      vertex 1.25 20 0
    endloop
  endfacet
  facet normal -0 0 -1
    outer loop
      vertex 14.4307 -10.3121 0
      vertex 0.694463 -18.9607 0
      vertex 14.4077 -10.1568 0
    endloop
  endfacet
  facet normal 0 0 -1
    outer loop
      vertex 14.5889 9.24576 0
      vertex 1.22598 19.7561 0
      vertex 1.24398 19.8775 0
    endloop
  endfacet
  facet normal 0 0 -1
    outer loop
      vertex 0.589246 -18.8976 0
      vertex 14.4077 -10.1568 0
      vertex 0.694463 -18.9607 0
    endloop
  endfacet
  facet normal 0 0 -1
    outer loop
      vertex 14.5889 9.24576 0
      vertex 1.19617 19.6371 0
      vertex 1.22598 19.7561 0
    endloop
  endfacet
  facet normal -0 0 -1
    outer loop
      vertex 14.4077 -10.1568 0
      vertex 0.589246 -18.8976 0
      vertex 14.4 -10 0
    endloop
  endfacet
  facet normal 0 0 -1
    outer loop
      vertex 14.5889 9.24576 0
      vertex 1.15485 19.5216 0
      vertex 1.19617 19.6371 0
    endloop
  endfacet
  facet normal 0 0 -1
    outer loop
      vertex 0.478354 -18.8451 0
      vertex 14.4 -10 0
      vertex 0.589246 -18.8976 0
    endloop
  endfacet
  facet normal 0 0 -1
    outer loop
      vertex 14.5889 9.24576 0
      vertex 1.1024 19.4108 0
      vertex 1.15485 19.5216 0
    endloop
  endfacet
  facet normal -0 0 -1
    outer loop
      vertex 14.4 -10 0
      vertex 0.478354 -18.8451 0
      vertex 14.4077 -9.84317 0
    endloop
  endfacet
  facet normal 0 0 -1
    outer loop
      vertex 14.5889 9.24576 0
      vertex 1.03934 19.3055 0
      vertex 1.1024 19.4108 0
    endloop
  endfacet
  facet normal 0 0 -1
    outer loop
      vertex 0.362855 -18.8038 0
      vertex 14.4077 -9.84317 0
      vertex 0.478354 -18.8451 0
    endloop
  endfacet
  facet normal 0 0 -1
    outer loop
      vertex 14.5889 9.24576 0
      vertex 0.966263 19.207 0
      vertex 1.03934 19.3055 0
    endloop
  endfacet
  facet normal -0 0 -1
    outer loop
      vertex 14.4077 -9.84317 0
      vertex 0.362855 -18.8038 0
      vertex 14.4307 -9.68785 0
    endloop
  endfacet
  facet normal 0 0 -1
    outer loop
      vertex 14.5889 9.24576 0
      vertex 0.883883 19.1161 0
      vertex 0.966263 19.207 0
    endloop
  endfacet
  facet normal 0 0 -1
    outer loop
      vertex 0.243862 -18.774 0
      vertex 14.4307 -9.68785 0
      vertex 0.362855 -18.8038 0
    endloop
  endfacet
  facet normal 0 0 -1
    outer loop
      vertex 14.5889 9.24576 0
      vertex 0.792991 19.0337 0
      vertex 0.883883 19.1161 0
    endloop
  endfacet
  facet normal -0 0 -1
    outer loop
      vertex 14.4307 -9.68785 0
      vertex 0.243862 -18.774 0
      vertex 14.4689 -9.53554 0
    endloop
  endfacet
  facet normal 0 0 -1
    outer loop
      vertex 14.5889 9.24576 0
      vertex 0.694463 18.9607 0
      vertex 0.792991 19.0337 0
    endloop
  endfacet
  facet normal 0 0 -1
    outer loop
      vertex 0.122521 -18.756 0
      vertex 14.4689 -9.53554 0
      vertex 0.243862 -18.774 0
    endloop
  endfacet
  facet normal 0 0 -1
    outer loop
      vertex 14.5889 9.24576 0
      vertex 0.589246 18.8976 0
      vertex 0.694463 18.9607 0
    endloop
  endfacet
  facet normal -0 0 -1
    outer loop
      vertex 14.4689 -9.53554 0
      vertex 0.122521 -18.756 0
      vertex 14.5218 -9.38771 0
    endloop
  endfacet
  facet normal 0 0 -1
    outer loop
      vertex 14.5889 9.24576 0
      vertex 0.478354 18.8451 0
      vertex 0.589246 18.8976 0
    endloop
  endfacet
  facet normal 0 0 -1
    outer loop
      vertex 0 -18.75 0
      vertex 14.5218 -9.38771 0
      vertex 0.122521 -18.756 0
    endloop
  endfacet
  facet normal 0 0 -1
    outer loop
      vertex 14.5889 9.24576 0
      vertex 0.362855 18.8038 0
      vertex 0.478354 18.8451 0
    endloop
  endfacet
  facet normal 0 0 -1
    outer loop
      vertex -14.4689 -9.53554 0
      vertex -0.243862 -18.774 0
      vertex -14.4307 -9.68785 0
    endloop
  endfacet
  facet normal 0 0 -1
    outer loop
      vertex 14.5889 9.24576 0
      vertex 0.243862 18.774 0
      vertex 0.362855 18.8038 0
    endloop
  endfacet
  facet normal 0 0 -1
    outer loop
      vertex -0.243862 -18.774 0
      vertex -14.4689 -9.53554 0
      vertex -0.122521 -18.756 0
    endloop
  endfacet
  facet normal 0 0 -1
    outer loop
      vertex 14.5889 9.24576 0
      vertex 0.122521 18.756 0
      vertex 0.243862 18.774 0
    endloop
  endfacet
  facet normal 0 0 -1
    outer loop
      vertex -14.5218 -9.38771 0
      vertex -0.122521 -18.756 0
      vertex -14.4689 -9.53554 0
    endloop
  endfacet
  facet normal 0 0 -1
    outer loop
      vertex 14.5218 -9.38771 0
      vertex -14.5218 -9.38771 0
      vertex 14.5889 -9.24576 0
    endloop
  endfacet
  facet normal 0 0 -1
    outer loop
      vertex -0.362855 -18.8038 0
      vertex -14.4307 -9.68785 0
      vertex -0.243862 -18.774 0
    endloop
  endfacet
  facet normal 0 -0 -1
    outer loop
      vertex 0 18.75 0
      vertex 14.5889 9.24576 0
      vertex -14.4 10 0
    endloop
  endfacet
  facet normal 0 0 -1
    outer loop
      vertex -14.4307 -9.68785 0
      vertex -0.362855 -18.8038 0
      vertex -14.4077 -9.84317 0
    endloop
  endfacet
  facet normal 0 0 -1
    outer loop
      vertex 14.5889 9.24576 0
      vertex 0 18.75 0
      vertex 0.122521 18.756 0
    endloop
  endfacet
  facet normal 0 0 -1
    outer loop
      vertex -0.478354 -18.8451 0
      vertex -14.4077 -9.84317 0
      vertex -0.362855 -18.8038 0
    endloop
  endfacet
  facet normal -0 0 -1
    outer loop
      vertex 0 18.75 0
      vertex -14.4 10 0
      vertex -0.122521 18.756 0
    endloop
  endfacet
  facet normal 0 0 -1
    outer loop
      vertex -14.4077 -9.84317 0
      vertex -0.478354 -18.8451 0
      vertex -14.4 -10 0
    endloop
  endfacet
  facet normal -0 0 -1
    outer loop
      vertex -0.122521 18.756 0
      vertex -14.4 10 0
      vertex -0.243862 18.774 0
    endloop
  endfacet
  facet normal 0 0 -1
    outer loop
      vertex -14.4 -10 0
      vertex -0.478354 -18.8451 0
      vertex -0.589246 -18.8976 0
    endloop
  endfacet
  facet normal -0 0 -1
    outer loop
      vertex -0.243862 18.774 0
      vertex -14.4 10 0
      vertex -0.362855 18.8038 0
    endloop
  endfacet
  facet normal 0 0 -1
    outer loop
      vertex -14.4077 -10.1568 0
      vertex -0.589246 -18.8976 0
      vertex -0.694463 -18.9607 0
    endloop
  endfacet
  facet normal -0 0 -1
    outer loop
      vertex -0.362855 18.8038 0
      vertex -14.4 10 0
      vertex -0.478354 18.8451 0
    endloop
  endfacet
  facet normal 0 0 -1
    outer loop
      vertex -14.4307 -10.3121 0
      vertex -0.694463 -18.9607 0
      vertex -0.792991 -19.0337 0
    endloop
  endfacet
  facet normal -0 0 -1
    outer loop
      vertex -0.478354 18.8451 0
      vertex -14.4 10 0
      vertex -0.589246 18.8976 0
    endloop
  endfacet
  facet normal 0 0 -1
    outer loop
      vertex -14.4689 -10.4645 0
      vertex -0.792991 -19.0337 0
      vertex -0.883883 -19.1161 0
    endloop
  endfacet
  facet normal 0 0 -1
    outer loop
      vertex -14.4077 10.1568 0
      vertex -0.589246 18.8976 0
      vertex -14.4 10 0
    endloop
  endfacet
  facet normal 0 0 -1
    outer loop
      vertex -14.5218 -10.6123 0
      vertex -0.883883 -19.1161 0
      vertex -0.966263 -19.207 0
    endloop
  endfacet
  facet normal -0 0 -1
    outer loop
      vertex -0.589246 18.8976 0
      vertex -14.4077 10.1568 0
      vertex -0.694463 18.9607 0
    endloop
  endfacet
  facet normal 0 0 -1
    outer loop
      vertex -14.5889 -10.7542 0
      vertex -0.966263 -19.207 0
      vertex -1.03934 -19.3055 0
    endloop
  endfacet
  facet normal 0 0 -1
    outer loop
      vertex -14.4307 10.3121 0
      vertex -0.694463 18.9607 0
      vertex -14.4077 10.1568 0
    endloop
  endfacet
  facet normal 0 0 -1
    outer loop
      vertex -14.6696 -10.8889 0
      vertex -1.03934 -19.3055 0
      vertex -1.1024 -19.4108 0
    endloop
  endfacet
  facet normal -0 0 -1
    outer loop
      vertex -0.694463 18.9607 0
      vertex -14.4307 10.3121 0
      vertex -0.792991 19.0337 0
    endloop
  endfacet
  facet normal 0 0 -1
    outer loop
      vertex -14.7632 -11.015 0
      vertex -1.1024 -19.4108 0
      vertex -1.15485 -19.5216 0
    endloop
  endfacet
  facet normal 0 0 -1
    outer loop
      vertex -14.4689 10.4645 0
      vertex -0.792991 19.0337 0
      vertex -14.4307 10.3121 0
    endloop
  endfacet
  facet normal 0 0 -1
    outer loop
      vertex -14.8686 -11.1314 0
      vertex -1.15485 -19.5216 0
      vertex -1.19617 -19.6371 0
    endloop
  endfacet
  facet normal -0 0 -1
    outer loop
      vertex -0.792991 19.0337 0
      vertex -14.4689 10.4645 0
      vertex -0.883883 19.1161 0
    endloop
  endfacet
  facet normal 0 0 -1
    outer loop
      vertex -14.985 -11.2368 0
      vertex -1.19617 -19.6371 0
      vertex -1.22598 -19.7561 0
    endloop
  endfacet
  facet normal 0 0 -1
    outer loop
      vertex -14.5218 10.6123 0
      vertex -0.883883 19.1161 0
      vertex -14.4689 10.4645 0
    endloop
  endfacet
  facet normal 0 0 -1
    outer loop
      vertex -15.1111 -11.3304 0
      vertex -1.22598 -19.7561 0
      vertex -1.24398 -19.8775 0
    endloop
  endfacet
  facet normal -0 0 -1
    outer loop
      vertex -0.883883 19.1161 0
      vertex -14.5218 10.6123 0
      vertex -0.966263 19.207 0
    endloop
  endfacet
  facet normal 0 0 -1
    outer loop
      vertex -15.2458 -11.4111 0
      vertex -1.24398 -19.8775 0
      vertex -1.25 -20 0
    endloop
  endfacet
  facet normal 0 0 -1
    outer loop
      vertex -14.5889 10.7542 0
      vertex -0.966263 19.207 0
      vertex -14.5218 10.6123 0
    endloop
  endfacet
  facet normal 0 0 -1
    outer loop
      vertex 17.5311 -9.53554 0
      vertex 25 -19 0
      vertex 17.5693 -9.68785 0
    endloop
  endfacet
  facet normal 0 0 -1
    outer loop
      vertex 25 19 0
      vertex 17.5923 9.84317 0
      vertex 17.6 10 0
    endloop
  endfacet
  facet normal 0 0 -1
    outer loop
      vertex 17.4782 -9.38771 0
      vertex 25 -19 0
      vertex 17.5311 -9.53554 0
    endloop
  endfacet
  facet normal 0 0 -1
    outer loop
      vertex 25 19 0
      vertex 17.5693 9.68785 0
      vertex 17.5923 9.84317 0
    endloop
  endfacet
  facet normal 0 0 -1
    outer loop
      vertex 25 -19 0
      vertex 17.4782 -9.38771 0
      vertex 25 19 0
    endloop
  endfacet
  facet normal 0 0 -1
    outer loop
      vertex 25 19 0
      vertex 17.5311 9.53554 0
      vertex 17.5693 9.68785 0
    endloop
  endfacet
  facet normal 0 0 -1
    outer loop
      vertex 17.4782 9.38771 0
      vertex 25 19 0
      vertex 17.4782 -9.38771 0
    endloop
  endfacet
  facet normal 0 0 -1
    outer loop
      vertex 25 19 0
      vertex 17.4782 9.38771 0
      vertex 17.5311 9.53554 0
    endloop
  endfacet
  facet normal 0 0 -1
    outer loop
      vertex 17.4111 -9.24576 0
      vertex 17.4782 9.38771 0
      vertex 17.4782 -9.38771 0
    endloop
  endfacet
  facet normal 0 0 -1
    outer loop
      vertex 17.4111 -9.24576 0
      vertex 17.4111 9.24576 0
      vertex 17.4782 9.38771 0
    endloop
  endfacet
  facet normal 0 0 -1
    outer loop
      vertex 17.3304 -9.11109 0
      vertex 17.4111 9.24576 0
      vertex 17.4111 -9.24576 0
    endloop
  endfacet
  facet normal 0 0 -1
    outer loop
      vertex 17.3304 -9.11109 0
      vertex 17.3304 9.11109 0
      vertex 17.4111 9.24576 0
    endloop
  endfacet
  facet normal 0 0 -1
    outer loop
      vertex 17.2368 -8.98497 0
      vertex 17.3304 9.11109 0
      vertex 17.3304 -9.11109 0
    endloop
  endfacet
  facet normal 0 0 -1
    outer loop
      vertex 17.2368 -8.98497 0
      vertex 17.2368 8.98497 0
      vertex 17.3304 9.11109 0
    endloop
  endfacet
  facet normal 0 0 -1
    outer loop
      vertex 17.1314 -8.86863 0
      vertex 17.2368 8.98497 0
      vertex 17.2368 -8.98497 0
    endloop
  endfacet
  facet normal 0 0 -1
    outer loop
      vertex 17.1314 -8.86863 0
      vertex 17.1314 8.86863 0
      vertex 17.2368 8.98497 0
    endloop
  endfacet
  facet normal 0 0 -1
    outer loop
      vertex 17.015 -8.76318 0
      vertex 17.1314 8.86863 0
      vertex 17.1314 -8.86863 0
    endloop
  endfacet
  facet normal 0 0 -1
    outer loop
      vertex 17.015 -8.76318 0
      vertex 17.015 8.76318 0
      vertex 17.1314 8.86863 0
    endloop
  endfacet
  facet normal 0 0 -1
    outer loop
      vertex 16.8889 -8.66965 0
      vertex 17.015 8.76318 0
      vertex 17.015 -8.76318 0
    endloop
  endfacet
  facet normal 0 0 -1
    outer loop
      vertex 16.8889 -8.66965 0
      vertex 16.8889 8.66965 0
      vertex 17.015 8.76318 0
    endloop
  endfacet
  facet normal 0 0 -1
    outer loop
      vertex 16.7542 -8.58893 0
      vertex 16.8889 8.66965 0
      vertex 16.8889 -8.66965 0
    endloop
  endfacet
  facet normal 0 0 -1
    outer loop
      vertex 16.7542 -8.58893 0
      vertex 16.7542 8.58893 0
      vertex 16.8889 8.66965 0
    endloop
  endfacet
  facet normal 0 0 -1
    outer loop
      vertex 16.6123 -8.52179 0
      vertex 16.7542 8.58893 0
      vertex 16.7542 -8.58893 0
    endloop
  endfacet
  facet normal 0 0 -1
    outer loop
      vertex 16.6123 -8.52179 0
      vertex 16.6123 8.52179 0
      vertex 16.7542 8.58893 0
    endloop
  endfacet
  facet normal 0 0 -1
    outer loop
      vertex 16.4645 -8.46889 0
      vertex 16.6123 8.52179 0
      vertex 16.6123 -8.52179 0
    endloop
  endfacet
  facet normal 0 0 -1
    outer loop
      vertex 16.4645 -8.46889 0
      vertex 16.4645 8.46889 0
      vertex 16.6123 8.52179 0
    endloop
  endfacet
  facet normal 0 0 -1
    outer loop
      vertex 16.3121 -8.43074 0
      vertex 16.4645 8.46889 0
      vertex 16.4645 -8.46889 0
    endloop
  endfacet
  facet normal 0 0 -1
    outer loop
      vertex 16.3121 -8.43074 0
      vertex 16.3121 8.43074 0
      vertex 16.4645 8.46889 0
    endloop
  endfacet
  facet normal 0 0 -1
    outer loop
      vertex 16.1568 -8.4077 0
      vertex 16.3121 8.43074 0
      vertex 16.3121 -8.43074 0
    endloop
  endfacet
  facet normal 0 0 -1
    outer loop
      vertex 16.1568 -8.4077 0
      vertex 16.1568 8.4077 0
      vertex 16.3121 8.43074 0
    endloop
  endfacet
  facet normal 0 0 -1
    outer loop
      vertex 16 -8.4 0
      vertex 16.1568 8.4077 0
      vertex 16.1568 -8.4077 0
    endloop
  endfacet
  facet normal 0 0 -1
    outer loop
      vertex 16 -8.4 0
      vertex 16 8.4 0
      vertex 16.1568 8.4077 0
    endloop
  endfacet
  facet normal 0 0 -1
    outer loop
      vertex 15.8432 -8.4077 0
      vertex 16 8.4 0
      vertex 16 -8.4 0
    endloop
  endfacet
  facet normal 0 0 -1
    outer loop
      vertex 15.8432 -8.4077 0
      vertex 15.8432 8.4077 0
      vertex 16 8.4 0
    endloop
  endfacet
  facet normal 0 0 -1
    outer loop
      vertex 15.6879 -8.43074 0
      vertex 15.8432 8.4077 0
      vertex 15.8432 -8.4077 0
    endloop
  endfacet
  facet normal 0 0 -1
    outer loop
      vertex 15.6879 -8.43074 0
      vertex 15.6879 8.43074 0
      vertex 15.8432 8.4077 0
    endloop
  endfacet
  facet normal 0 0 -1
    outer loop
      vertex 15.5355 -8.46889 0
      vertex 15.6879 8.43074 0
      vertex 15.6879 -8.43074 0
    endloop
  endfacet
  facet normal 0 0 -1
    outer loop
      vertex 15.5355 -8.46889 0
      vertex 15.5355 8.46889 0
      vertex 15.6879 8.43074 0
    endloop
  endfacet
  facet normal 0 0 -1
    outer loop
      vertex 15.3877 -8.52179 0
      vertex 15.5355 8.46889 0
      vertex 15.5355 -8.46889 0
    endloop
  endfacet
  facet normal 0 0 -1
    outer loop
      vertex 15.3877 -8.52179 0
      vertex 15.3877 8.52179 0
      vertex 15.5355 8.46889 0
    endloop
  endfacet
  facet normal 0 0 -1
    outer loop
      vertex 15.2458 -8.58893 0
      vertex 15.3877 8.52179 0
      vertex 15.3877 -8.52179 0
    endloop
  endfacet
  facet normal 0 0 -1
    outer loop
      vertex 15.2458 -8.58893 0
      vertex 15.2458 8.58893 0
      vertex 15.3877 8.52179 0
    endloop
  endfacet
  facet normal 0 0 -1
    outer loop
      vertex 15.1111 -8.66965 0
      vertex 15.2458 8.58893 0
      vertex 15.2458 -8.58893 0
    endloop
  endfacet
  facet normal 0 0 -1
    outer loop
      vertex 15.1111 -8.66965 0
      vertex 15.1111 8.66965 0
      vertex 15.2458 8.58893 0
    endloop
  endfacet
  facet normal 0 0 -1
    outer loop
      vertex 14.985 -8.76318 0
      vertex 15.1111 8.66965 0
      vertex 15.1111 -8.66965 0
    endloop
  endfacet
  facet normal 0 0 -1
    outer loop
      vertex 14.985 -8.76318 0
      vertex 14.985 8.76318 0
      vertex 15.1111 8.66965 0
    endloop
  endfacet
  facet normal 0 0 -1
    outer loop
      vertex 14.8686 -8.86863 0
      vertex 14.985 8.76318 0
      vertex 14.985 -8.76318 0
    endloop
  endfacet
  facet normal 0 0 -1
    outer loop
      vertex 14.8686 -8.86863 0
      vertex 14.8686 8.86863 0
      vertex 14.985 8.76318 0
    endloop
  endfacet
  facet normal 0 0 -1
    outer loop
      vertex 14.7632 -8.98497 0
      vertex 14.8686 8.86863 0
      vertex 14.8686 -8.86863 0
    endloop
  endfacet
  facet normal 0 0 -1
    outer loop
      vertex 14.7632 -8.98497 0
      vertex 14.7632 8.98497 0
      vertex 14.8686 8.86863 0
    endloop
  endfacet
  facet normal 0 0 -1
    outer loop
      vertex 14.6696 -9.11109 0
      vertex 14.7632 8.98497 0
      vertex 14.7632 -8.98497 0
    endloop
  endfacet
  facet normal 0 0 -1
    outer loop
      vertex 14.6696 -9.11109 0
      vertex 14.6696 9.11109 0
      vertex 14.7632 8.98497 0
    endloop
  endfacet
  facet normal 0 0 -1
    outer loop
      vertex -0.122521 -18.756 0
      vertex -14.5218 -9.38771 0
      vertex 0 -18.75 0
    endloop
  endfacet
  facet normal 0 0 -1
    outer loop
      vertex 0 -18.75 0
      vertex -14.5218 -9.38771 0
      vertex 14.5218 -9.38771 0
    endloop
  endfacet
  facet normal -0 0 -1
    outer loop
      vertex 14.5218 -10.6123 0
      vertex 0.883883 -19.1161 0
      vertex 14.4689 -10.4645 0
    endloop
  endfacet
  facet normal 0 0 -1
    outer loop
      vertex 0.792991 -19.0337 0
      vertex 14.4689 -10.4645 0
      vertex 0.883883 -19.1161 0
    endloop
  endfacet
  facet normal 0 0 -1
    outer loop
      vertex 0.883883 -19.1161 0
      vertex 14.5218 -10.6123 0
      vertex 0.966263 -19.207 0
    endloop
  endfacet
  facet normal -0 0 -1
    outer loop
      vertex 14.4689 -10.4645 0
      vertex 0.792991 -19.0337 0
      vertex 14.4307 -10.3121 0
    endloop
  endfacet
  facet normal -0 0 -1
    outer loop
      vertex 14.5889 -10.7542 0
      vertex 0.966263 -19.207 0
      vertex 14.5218 -10.6123 0
    endloop
  endfacet
  facet normal 0 0 -1
    outer loop
      vertex 14.5889 9.24576 0
      vertex 1.25 20 0
      vertex 14.5218 9.38771 0
    endloop
  endfacet
  facet normal 0 0 -1
    outer loop
      vertex 0.966263 -19.207 0
      vertex 14.5889 -10.7542 0
      vertex 1.03934 -19.3055 0
    endloop
  endfacet
  facet normal 0 0 -1
    outer loop
      vertex 14.5218 9.38771 0
      vertex 1.25 20 0
      vertex 14.4689 9.53554 0
    endloop
  endfacet
  facet normal -0 0 -1
    outer loop
      vertex 14.6696 -10.8889 0
      vertex 1.03934 -19.3055 0
      vertex 14.5889 -10.7542 0
    endloop
  endfacet
  facet normal 0 0 -1
    outer loop
      vertex 14.4689 9.53554 0
      vertex 1.25 20 0
      vertex 14.4307 9.68785 0
    endloop
  endfacet
  facet normal 0 0 -1
    outer loop
      vertex 21 -23 0
      vertex 25 -19 0
      vertex 24.9807 -19.3921 0
    endloop
  endfacet
  facet normal 0 0 -1
    outer loop
      vertex 17.5923 -9.84317 0
      vertex 25 -19 0
      vertex 17.6 -10 0
    endloop
  endfacet
  facet normal 0 0 -1
    outer loop
      vertex 21 -23 0
      vertex 24.9807 -19.3921 0
      vertex 24.9231 -19.7804 0
    endloop
  endfacet
  facet normal 0 0 -1
    outer loop
      vertex 17.5693 -9.68785 0
      vertex 25 -19 0
      vertex 17.5923 -9.84317 0
    endloop
  endfacet
  facet normal 0 0 -1
    outer loop
      vertex 21 -23 0
      vertex 24.9231 -19.7804 0
      vertex 24.8278 -20.1611 0
    endloop
  endfacet
  facet normal 0 0 -1
    outer loop
      vertex 17.5923 10.1568 0
      vertex 25 19 0
      vertex 17.6 10 0
    endloop
  endfacet
  facet normal 0 0 -1
    outer loop
      vertex 21 -23 0
      vertex 24.8278 -20.1611 0
      vertex 24.6955 -20.5307 0
    endloop
  endfacet
  facet normal 0 0 -1
    outer loop
      vertex 17.5693 10.3121 0
      vertex 25 19 0
      vertex 17.5923 10.1568 0
    endloop
  endfacet
  facet normal 0 0 -1
    outer loop
      vertex 21 -23 0
      vertex 24.6955 -20.5307 0
      vertex 24.5277 -20.8856 0
    endloop
  endfacet
  facet normal 0 0 -1
    outer loop
      vertex 17.5311 10.4645 0
      vertex 25 19 0
      vertex 17.5693 10.3121 0
    endloop
  endfacet
  facet normal 0 0 -1
    outer loop
      vertex 21 -23 0
      vertex 24.5277 -20.8856 0
      vertex 24.3259 -21.2223 0
    endloop
  endfacet
  facet normal 0 0 -1
    outer loop
      vertex 17.4782 10.6123 0
      vertex 25 19 0
      vertex 17.5311 10.4645 0
    endloop
  endfacet
  facet normal 0 0 -1
    outer loop
      vertex 21 -23 0
      vertex 24.3259 -21.2223 0
      vertex 24.092 -21.5376 0
    endloop
  endfacet
  facet normal 0 0 -1
    outer loop
      vertex 17.4111 10.7542 0
      vertex 25 19 0
      vertex 17.4782 10.6123 0
    endloop
  endfacet
  facet normal 0 0 -1
    outer loop
      vertex 21 -23 0
      vertex 24.092 -21.5376 0
      vertex 23.8284 -21.8284 0
    endloop
  endfacet
  facet normal 0 0 -1
    outer loop
      vertex 17.3304 10.8889 0
      vertex 25 19 0
      vertex 17.4111 10.7542 0
    endloop
  endfacet
  facet normal 0 0 -1
    outer loop
      vertex 21 -23 0
      vertex 23.8284 -21.8284 0
      vertex 23.5376 -22.092 0
    endloop
  endfacet
  facet normal 0 0 -1
    outer loop
      vertex 17.2368 11.015 0
      vertex 25 19 0
      vertex 17.3304 10.8889 0
    endloop
  endfacet
  facet normal 0 0 -1
    outer loop
      vertex 21 -23 0
      vertex 23.5376 -22.092 0
      vertex 23.2223 -22.3259 0
    endloop
  endfacet
  facet normal 0 0 -1
    outer loop
      vertex 17.1314 11.1314 0
      vertex 25 19 0
      vertex 17.2368 11.015 0
    endloop
  endfacet
  facet normal 0 0 -1
    outer loop
      vertex 21 -23 0
      vertex 23.2223 -22.3259 0
      vertex 22.8856 -22.5277 0
    endloop
  endfacet
  facet normal 0 0 -1
    outer loop
      vertex 17.015 11.2368 0
      vertex 25 19 0
      vertex 17.1314 11.1314 0
    endloop
  endfacet
  facet normal 0 0 -1
    outer loop
      vertex 21 -23 0
      vertex 22.8856 -22.5277 0
      vertex 22.5307 -22.6955 0
    endloop
  endfacet
  facet normal 0 0 -1
    outer loop
      vertex 16.8889 11.3304 0
      vertex 25 19 0
      vertex 17.015 11.2368 0
    endloop
  endfacet
  facet normal 0 0 -1
    outer loop
      vertex 21 -23 0
      vertex 22.5307 -22.6955 0
      vertex 22.1611 -22.8278 0
    endloop
  endfacet
  facet normal 0 0 -1
    outer loop
      vertex 16.7542 11.4111 0
      vertex 25 19 0
      vertex 16.8889 11.3304 0
    endloop
  endfacet
  facet normal 0 0 -1
    outer loop
      vertex 21 -23 0
      vertex 22.1611 -22.8278 0
      vertex 21.7804 -22.9231 0
    endloop
  endfacet
  facet normal 0 0 -1
    outer loop
      vertex 16.6123 11.4782 0
      vertex 25 19 0
      vertex 16.7542 11.4111 0
    endloop
  endfacet
  facet normal 0 0 -1
    outer loop
      vertex 21 -23 0
      vertex 21.7804 -22.9231 0
      vertex 21.3921 -22.9807 0
    endloop
  endfacet
  facet normal 0 -0 -1
    outer loop
      vertex 21 23 0
      vertex 25 19 0
      vertex 16.6123 11.4782 0
    endloop
  endfacet
  facet normal -0 0 -1
    outer loop
      vertex 25 -19 0
      vertex 21 -23 0
      vertex 16.6123 -11.4782 0
    endloop
  endfacet
  facet normal 0 0 -1
    outer loop
      vertex 24.9807 19.3921 0
      vertex 21 23 0
      vertex 24.9231 19.7804 0
    endloop
  endfacet
  facet normal 0 0 -1
    outer loop
      vertex 24.9231 19.7804 0
      vertex 21 23 0
      vertex 24.8278 20.1611 0
    endloop
  endfacet
  facet normal 0 0 -1
    outer loop
      vertex 25 -19 0
      vertex 17.5923 -10.1568 0
      vertex 17.6 -10 0
    endloop
  endfacet
  facet normal 0 0 -1
    outer loop
      vertex 25 -19 0
      vertex 17.5693 -10.3121 0
      vertex 17.5923 -10.1568 0
    endloop
  endfacet
  facet normal 0 0 -1
    outer loop
      vertex 25 -19 0
      vertex 17.5311 -10.4645 0
      vertex 17.5693 -10.3121 0
    endloop
  endfacet
  facet normal 0 0 -1
    outer loop
      vertex 25 -19 0
      vertex 17.4782 -10.6123 0
      vertex 17.5311 -10.4645 0
    endloop
  endfacet
  facet normal 0 0 -1
    outer loop
      vertex 25 -19 0
      vertex 17.4111 -10.7542 0
      vertex 17.4782 -10.6123 0
    endloop
  endfacet
  facet normal 0 0 -1
    outer loop
      vertex 25 -19 0
      vertex 17.3304 -10.8889 0
      vertex 17.4111 -10.7542 0
    endloop
  endfacet
  facet normal 0 0 -1
    outer loop
      vertex 25 -19 0
      vertex 17.2368 -11.015 0
      vertex 17.3304 -10.8889 0
    endloop
  endfacet
  facet normal 0 0 -1
    outer loop
      vertex 25 -19 0
      vertex 17.1314 -11.1314 0
      vertex 17.2368 -11.015 0
    endloop
  endfacet
  facet normal 0 0 -1
    outer loop
      vertex 25 -19 0
      vertex 17.015 -11.2368 0
      vertex 17.1314 -11.1314 0
    endloop
  endfacet
  facet normal 0 0 -1
    outer loop
      vertex 25 -19 0
      vertex 16.8889 -11.3304 0
      vertex 17.015 -11.2368 0
    endloop
  endfacet
  facet normal 0 0 -1
    outer loop
      vertex 25 -19 0
      vertex 16.7542 -11.4111 0
      vertex 16.8889 -11.3304 0
    endloop
  endfacet
  facet normal 0 0 -1
    outer loop
      vertex 25 -19 0
      vertex 16.6123 -11.4782 0
      vertex 16.7542 -11.4111 0
    endloop
  endfacet
  facet normal 0 0 -1
    outer loop
      vertex 21 -23 0
      vertex 16.4645 -11.5311 0
      vertex 16.6123 -11.4782 0
    endloop
  endfacet
  facet normal 0 0 -1
    outer loop
      vertex 21 -23 0
      vertex 16.3121 -11.5693 0
      vertex 16.4645 -11.5311 0
    endloop
  endfacet
  facet normal 0 0 -1
    outer loop
      vertex 21 -23 0
      vertex 16.1568 -11.5923 0
      vertex 16.3121 -11.5693 0
    endloop
  endfacet
  facet normal 0 0 -1
    outer loop
      vertex 21 -23 0
      vertex 16 -11.6 0
      vertex 16.1568 -11.5923 0
    endloop
  endfacet
  facet normal 0 0 -1
    outer loop
      vertex 21 -23 0
      vertex 15.8432 -11.5923 0
      vertex 16 -11.6 0
    endloop
  endfacet
  facet normal 0 0 -1
    outer loop
      vertex 21 -23 0
      vertex 15.6879 -11.5693 0
      vertex 15.8432 -11.5923 0
    endloop
  endfacet
  facet normal 0 0 -1
    outer loop
      vertex 21 -23 0
      vertex 15.5355 -11.5311 0
      vertex 15.6879 -11.5693 0
    endloop
  endfacet
  facet normal 0 0 -1
    outer loop
      vertex 21 -23 0
      vertex 15.3877 -11.4782 0
      vertex 15.5355 -11.5311 0
    endloop
  endfacet
  facet normal 0 0 -1
    outer loop
      vertex 1.25 -20 0
      vertex 15.3877 -11.4782 0
      vertex 21 -23 0
    endloop
  endfacet
  facet normal -0 0 -1
    outer loop
      vertex 15.3877 -11.4782 0
      vertex 1.25 -20 0
      vertex 15.2458 -11.4111 0
    endloop
  endfacet
  facet normal 0 0 -1
    outer loop
      vertex 1.24398 -19.8775 0
      vertex 15.2458 -11.4111 0
      vertex 1.25 -20 0
    endloop
  endfacet
  facet normal -0 0 -1
    outer loop
      vertex 15.2458 -11.4111 0
      vertex 1.24398 -19.8775 0
      vertex 15.1111 -11.3304 0
    endloop
  endfacet
  facet normal 0 0 -1
    outer loop
      vertex 1.22598 -19.7561 0
      vertex 15.1111 -11.3304 0
      vertex 1.24398 -19.8775 0
    endloop
  endfacet
  facet normal -0 0 -1
    outer loop
      vertex 15.1111 -11.3304 0
      vertex 1.22598 -19.7561 0
      vertex 14.985 -11.2368 0
    endloop
  endfacet
  facet normal 0 0 -1
    outer loop
      vertex 1.19617 -19.6371 0
      vertex 14.985 -11.2368 0
      vertex 1.22598 -19.7561 0
    endloop
  endfacet
  facet normal 0 0 -1
    outer loop
      vertex 14.4307 9.68785 0
      vertex 1.25 20 0
      vertex 14.4077 9.84317 0
    endloop
  endfacet
  facet normal 0 0 -1
    outer loop
      vertex 1.03934 -19.3055 0
      vertex 14.6696 -10.8889 0
      vertex 1.1024 -19.4108 0
    endloop
  endfacet
  facet normal -0 0 -1
    outer loop
      vertex 14.7632 -11.015 0
      vertex 1.1024 -19.4108 0
      vertex 14.6696 -10.8889 0
    endloop
  endfacet
  facet normal 0 0 -1
    outer loop
      vertex 1.1024 -19.4108 0
      vertex 14.7632 -11.015 0
      vertex 1.15485 -19.5216 0
    endloop
  endfacet
  facet normal -0 0 -1
    outer loop
      vertex 14.8686 -11.1314 0
      vertex 1.15485 -19.5216 0
      vertex 14.7632 -11.015 0
    endloop
  endfacet
  facet normal 0 0 -1
    outer loop
      vertex 1.15485 -19.5216 0
      vertex 14.8686 -11.1314 0
      vertex 1.19617 -19.6371 0
    endloop
  endfacet
  facet normal -0 0 -1
    outer loop
      vertex 14.985 -11.2368 0
      vertex 1.19617 -19.6371 0
      vertex 14.8686 -11.1314 0
    endloop
  endfacet
  facet normal 0 0 -1
    outer loop
      vertex 21 -23 0
      vertex 1.24398 -20.1225 0
      vertex 1.25 -20 0
    endloop
  endfacet
  facet normal 0 0 -1
    outer loop
      vertex 21 -23 0
      vertex 1.22598 -20.2439 0
      vertex 1.24398 -20.1225 0
    endloop
  endfacet
  facet normal 0 0 -1
    outer loop
      vertex 21 -23 0
      vertex 1.19617 -20.3629 0
      vertex 1.22598 -20.2439 0
    endloop
  endfacet
  facet normal 0 0 -1
    outer loop
      vertex 21 -23 0
      vertex 1.15485 -20.4784 0
      vertex 1.19617 -20.3629 0
    endloop
  endfacet
  facet normal 0 0 -1
    outer loop
      vertex 21 -23 0
      vertex 1.1024 -20.5892 0
      vertex 1.15485 -20.4784 0
    endloop
  endfacet
  facet normal 0 0 -1
    outer loop
      vertex 21 -23 0
      vertex 1.03934 -20.6945 0
      vertex 1.1024 -20.5892 0
    endloop
  endfacet
  facet normal 0 0 -1
    outer loop
      vertex 21 -23 0
      vertex 0.966263 -20.793 0
      vertex 1.03934 -20.6945 0
    endloop
  endfacet
  facet normal 0 0 -1
    outer loop
      vertex 21 -23 0
      vertex 0.883883 -20.8839 0
      vertex 0.966263 -20.793 0
    endloop
  endfacet
  facet normal 0 0 -1
    outer loop
      vertex 21 -23 0
      vertex 0.792991 -20.9663 0
      vertex 0.883883 -20.8839 0
    endloop
  endfacet
  facet normal 0 0 -1
    outer loop
      vertex 21 -23 0
      vertex 0.694463 -21.0393 0
      vertex 0.792991 -20.9663 0
    endloop
  endfacet
  facet normal 0 0 -1
    outer loop
      vertex 21 -23 0
      vertex 0.589246 -21.1024 0
      vertex 0.694463 -21.0393 0
    endloop
  endfacet
  facet normal 0 0 -1
    outer loop
      vertex 21 -23 0
      vertex 0.478354 -21.1549 0
      vertex 0.589246 -21.1024 0
    endloop
  endfacet
  facet normal 0 0 -1
    outer loop
      vertex 21 -23 0
      vertex 0.362855 -21.1962 0
      vertex 0.478354 -21.1549 0
    endloop
  endfacet
  facet normal 0 0 -1
    outer loop
      vertex 21 -23 0
      vertex 0.243862 -21.226 0
      vertex 0.362855 -21.1962 0
    endloop
  endfacet
  facet normal 0 0 -1
    outer loop
      vertex 21 -23 0
      vertex 0.122521 -21.244 0
      vertex 0.243862 -21.226 0
    endloop
  endfacet
  facet normal 0 0 -1
    outer loop
      vertex 21 -23 0
      vertex 0 -21.25 0
      vertex 0.122521 -21.244 0
    endloop
  endfacet
  facet normal 0 0 -1
    outer loop
      vertex -21 -23 0
      vertex 0 -21.25 0
      vertex 21 -23 0
    endloop
  endfacet
  facet normal -0 0 -1
    outer loop
      vertex -0.966263 19.207 0
      vertex -14.5889 10.7542 0
      vertex -1.03934 19.3055 0
    endloop
  endfacet
  facet normal 0 0 -1
    outer loop
      vertex -15.3877 -11.4782 0
      vertex -1.25 -20 0
      vertex -1.24398 -20.1225 0
    endloop
  endfacet
  facet normal 0 0 -1
    outer loop
      vertex -21 -23 0
      vertex -1.24398 -20.1225 0
      vertex -1.22598 -20.2439 0
    endloop
  endfacet
  facet normal 0 0 -1
    outer loop
      vertex -21 -23 0
      vertex -1.22598 -20.2439 0
      vertex -1.19617 -20.3629 0
    endloop
  endfacet
  facet normal 0 0 -1
    outer loop
      vertex -21 -23 0
      vertex -1.19617 -20.3629 0
      vertex -1.15485 -20.4784 0
    endloop
  endfacet
  facet normal 0 0 -1
    outer loop
      vertex -21 -23 0
      vertex -1.15485 -20.4784 0
      vertex -1.1024 -20.5892 0
    endloop
  endfacet
  facet normal 0 0 -1
    outer loop
      vertex -21 -23 0
      vertex -1.1024 -20.5892 0
      vertex -1.03934 -20.6945 0
    endloop
  endfacet
  facet normal 0 0 -1
    outer loop
      vertex -21 -23 0
      vertex -1.03934 -20.6945 0
      vertex -0.966263 -20.793 0
    endloop
  endfacet
  facet normal 0 0 -1
    outer loop
      vertex -21 -23 0
      vertex -0.966263 -20.793 0
      vertex -0.883883 -20.8839 0
    endloop
  endfacet
  facet normal 0 0 -1
    outer loop
      vertex -21 -23 0
      vertex -0.883883 -20.8839 0
      vertex -0.792991 -20.9663 0
    endloop
  endfacet
  facet normal 0 0 -1
    outer loop
      vertex -0.589246 -18.8976 0
      vertex -14.4077 -10.1568 0
      vertex -14.4 -10 0
    endloop
  endfacet
  facet normal 0 0 -1
    outer loop
      vertex -0.694463 -18.9607 0
      vertex -14.4307 -10.3121 0
      vertex -14.4077 -10.1568 0
    endloop
  endfacet
  facet normal 0 0 -1
    outer loop
      vertex -0.792991 -19.0337 0
      vertex -14.4689 -10.4645 0
      vertex -14.4307 -10.3121 0
    endloop
  endfacet
  facet normal 0 0 -1
    outer loop
      vertex -0.883883 -19.1161 0
      vertex -14.5218 -10.6123 0
      vertex -14.4689 -10.4645 0
    endloop
  endfacet
  facet normal 0 0 -1
    outer loop
      vertex -0.966263 -19.207 0
      vertex -14.5889 -10.7542 0
      vertex -14.5218 -10.6123 0
    endloop
  endfacet
  facet normal 0 0 -1
    outer loop
      vertex -21 -23 0
      vertex -0.792991 -20.9663 0
      vertex -0.694463 -21.0393 0
    endloop
  endfacet
  facet normal 0 0 -1
    outer loop
      vertex -1.03934 -19.3055 0
      vertex -14.6696 -10.8889 0
      vertex -14.5889 -10.7542 0
    endloop
  endfacet
  facet normal 0 0 -1
    outer loop
      vertex -1.1024 -19.4108 0
      vertex -14.7632 -11.015 0
      vertex -14.6696 -10.8889 0
    endloop
  endfacet
  facet normal 0 0 -1
    outer loop
      vertex -1.15485 -19.5216 0
      vertex -14.8686 -11.1314 0
      vertex -14.7632 -11.015 0
    endloop
  endfacet
  facet normal 0 0 -1
    outer loop
      vertex -1.19617 -19.6371 0
      vertex -14.985 -11.2368 0
      vertex -14.8686 -11.1314 0
    endloop
  endfacet
  facet normal 0 0 -1
    outer loop
      vertex -1.22598 -19.7561 0
      vertex -15.1111 -11.3304 0
      vertex -14.985 -11.2368 0
    endloop
  endfacet
  facet normal 0 0 -1
    outer loop
      vertex -1.24398 -19.8775 0
      vertex -15.2458 -11.4111 0
      vertex -15.1111 -11.3304 0
    endloop
  endfacet
  facet normal 0 0 -1
    outer loop
      vertex -1.25 -20 0
      vertex -15.3877 -11.4782 0
      vertex -15.2458 -11.4111 0
    endloop
  endfacet
  facet normal -0 0 -1
    outer loop
      vertex -1.24398 -20.1225 0
      vertex -21 -23 0
      vertex -15.3877 -11.4782 0
    endloop
  endfacet
  facet normal 0 0 -1
    outer loop
      vertex -15.3877 -11.4782 0
      vertex -21 -23 0
      vertex -15.5355 -11.5311 0
    endloop
  endfacet
  facet normal 0 0 -1
    outer loop
      vertex -15.5355 -11.5311 0
      vertex -21 -23 0
      vertex -15.6879 -11.5693 0
    endloop
  endfacet
  facet normal 0 0 -1
    outer loop
      vertex -15.6879 -11.5693 0
      vertex -21 -23 0
      vertex -15.8432 -11.5923 0
    endloop
  endfacet
  facet normal 0 0 -1
    outer loop
      vertex -15.8432 -11.5923 0
      vertex -21 -23 0
      vertex -16 -11.6 0
    endloop
  endfacet
  facet normal -0 0 -1
    outer loop
      vertex -16 -11.6 0
      vertex -21 -23 0
      vertex -16.1568 -11.5923 0
    endloop
  endfacet
  facet normal -0 0 -1
    outer loop
      vertex -16.1568 -11.5923 0
      vertex -21 -23 0
      vertex -16.3121 -11.5693 0
    endloop
  endfacet
  facet normal -0 0 -1
    outer loop
      vertex -16.3121 -11.5693 0
      vertex -21 -23 0
      vertex -16.4645 -11.5311 0
    endloop
  endfacet
  facet normal -0 0 -1
    outer loop
      vertex -16.4645 -11.5311 0
      vertex -21 -23 0
      vertex -16.6123 -11.4782 0
    endloop
  endfacet
  facet normal 0 0 -1
    outer loop
      vertex -25 -19 0
      vertex -16.6123 -11.4782 0
      vertex -21 -23 0
    endloop
  endfacet
  facet normal -0 0 -1
    outer loop
      vertex -17.5923 -10.1568 0
      vertex -25 -19 0
      vertex -17.6 -10 0
    endloop
  endfacet
  facet normal -0 0 -1
    outer loop
      vertex -17.5693 -10.3121 0
      vertex -25 -19 0
      vertex -17.5923 -10.1568 0
    endloop
  endfacet
  facet normal -0 0 -1
    outer loop
      vertex -17.5311 -10.4645 0
      vertex -25 -19 0
      vertex -17.5693 -10.3121 0
    endloop
  endfacet
  facet normal -0 0 -1
    outer loop
      vertex -17.4782 -10.6123 0
      vertex -25 -19 0
      vertex -17.5311 -10.4645 0
    endloop
  endfacet
  facet normal -0 0 -1
    outer loop
      vertex -17.4111 -10.7542 0
      vertex -25 -19 0
      vertex -17.4782 -10.6123 0
    endloop
  endfacet
  facet normal -0 0 -1
    outer loop
      vertex -17.3304 -10.8889 0
      vertex -25 -19 0
      vertex -17.4111 -10.7542 0
    endloop
  endfacet
  facet normal -0 0 -1
    outer loop
      vertex -17.2368 -11.015 0
      vertex -25 -19 0
      vertex -17.3304 -10.8889 0
    endloop
  endfacet
  facet normal -0 0 -1
    outer loop
      vertex -17.1314 -11.1314 0
      vertex -25 -19 0
      vertex -17.2368 -11.015 0
    endloop
  endfacet
  facet normal -0 0 -1
    outer loop
      vertex -17.015 -11.2368 0
      vertex -25 -19 0
      vertex -17.1314 -11.1314 0
    endloop
  endfacet
  facet normal -0 0 -1
    outer loop
      vertex -16.8889 -11.3304 0
      vertex -25 -19 0
      vertex -17.015 -11.2368 0
    endloop
  endfacet
  facet normal -0 0 -1
    outer loop
      vertex -16.7542 -11.4111 0
      vertex -25 -19 0
      vertex -16.8889 -11.3304 0
    endloop
  endfacet
  facet normal -0 0 -1
    outer loop
      vertex -16.6123 -11.4782 0
      vertex -25 -19 0
      vertex -16.7542 -11.4111 0
    endloop
  endfacet
  facet normal -0 0 -1
    outer loop
      vertex -0.589246 -21.1024 0
      vertex -21 -23 0
      vertex -0.694463 -21.0393 0
    endloop
  endfacet
  facet normal -0 0 -1
    outer loop
      vertex -0.478354 -21.1549 0
      vertex -21 -23 0
      vertex -0.589246 -21.1024 0
    endloop
  endfacet
  facet normal -0 0 -1
    outer loop
      vertex -0.362855 -21.1962 0
      vertex -21 -23 0
      vertex -0.478354 -21.1549 0
    endloop
  endfacet
  facet normal -0 0 -1
    outer loop
      vertex -0.243862 -21.226 0
      vertex -21 -23 0
      vertex -0.362855 -21.1962 0
    endloop
  endfacet
  facet normal -0 0 -1
    outer loop
      vertex -0.122521 -21.244 0
      vertex -21 -23 0
      vertex -0.243862 -21.226 0
    endloop
  endfacet
  facet normal -0 0 -1
    outer loop
      vertex 0 -21.25 0
      vertex -21 -23 0
      vertex -0.122521 -21.244 0
    endloop
  endfacet
  facet normal 0 0 -1
    outer loop
      vertex 24.8278 20.1611 0
      vertex 21 23 0
      vertex 24.6955 20.5307 0
    endloop
  endfacet
  facet normal 0 0 -1
    outer loop
      vertex 24.6955 20.5307 0
      vertex 21 23 0
      vertex 24.5277 20.8856 0
    endloop
  endfacet
  facet normal 0 0 -1
    outer loop
      vertex 24.5277 20.8856 0
      vertex 21 23 0
      vertex 24.3259 21.2223 0
    endloop
  endfacet
  facet normal 0 0 -1
    outer loop
      vertex 24.092 21.5376 0
      vertex 21 23 0
      vertex 23.8284 21.8284 0
    endloop
  endfacet
  facet normal 0 0 -1
    outer loop
      vertex 23.8284 21.8284 0
      vertex 21 23 0
      vertex 23.5376 22.092 0
    endloop
  endfacet
  facet normal 0 0 -1
    outer loop
      vertex 23.5376 22.092 0
      vertex 21 23 0
      vertex 23.2223 22.3259 0
    endloop
  endfacet
  facet normal 0 0 -1
    outer loop
      vertex 23.2223 22.3259 0
      vertex 21 23 0
      vertex 22.8856 22.5277 0
    endloop
  endfacet
  facet normal 0 0 -1
    outer loop
      vertex 22.8856 22.5277 0
      vertex 21 23 0
      vertex 22.5307 22.6955 0
    endloop
  endfacet
  facet normal 0 0 -1
    outer loop
      vertex 22.5307 22.6955 0
      vertex 21 23 0
      vertex 22.1611 22.8278 0
    endloop
  endfacet
  facet normal 0 0 -1
    outer loop
      vertex 21.7804 22.9231 0
      vertex 21 23 0
      vertex 21.3921 22.9807 0
    endloop
  endfacet
  facet normal 0 0 -1
    outer loop
      vertex 22.1611 22.8278 0
      vertex 21 23 0
      vertex 21.7804 22.9231 0
    endloop
  endfacet
  facet normal 0 0 -1
    outer loop
      vertex 24.3259 21.2223 0
      vertex 21 23 0
      vertex 24.092 21.5376 0
    endloop
  endfacet
  facet normal 0 0 -1
    outer loop
      vertex 25 19 0
      vertex 21 23 0
      vertex 24.9807 19.3921 0
    endloop
  endfacet
  facet normal 0 0 -1
    outer loop
      vertex 16.4645 11.5311 0
      vertex 21 23 0
      vertex 16.6123 11.4782 0
    endloop
  endfacet
  facet normal 0 0 -1
    outer loop
      vertex 16.3121 11.5693 0
      vertex 21 23 0
      vertex 16.4645 11.5311 0
    endloop
  endfacet
  facet normal 0 0 -1
    outer loop
      vertex 16.1568 11.5923 0
      vertex 21 23 0
      vertex 16.3121 11.5693 0
    endloop
  endfacet
  facet normal 0 0 -1
    outer loop
      vertex 16 11.6 0
      vertex 21 23 0
      vertex 16.1568 11.5923 0
    endloop
  endfacet
  facet normal 0 0 -1
    outer loop
      vertex 15.8432 11.5923 0
      vertex 21 23 0
      vertex 16 11.6 0
    endloop
  endfacet
  facet normal 0 0 -1
    outer loop
      vertex 15.6879 11.5693 0
      vertex 21 23 0
      vertex 15.8432 11.5923 0
    endloop
  endfacet
  facet normal 0 0 -1
    outer loop
      vertex 15.5355 11.5311 0
      vertex 21 23 0
      vertex 15.6879 11.5693 0
    endloop
  endfacet
  facet normal 0 0 -1
    outer loop
      vertex 15.3877 11.4782 0
      vertex 21 23 0
      vertex 15.5355 11.5311 0
    endloop
  endfacet
  facet normal 0 0 -1
    outer loop
      vertex 1.25 20 0
      vertex 15.3877 11.4782 0
      vertex 15.2458 11.4111 0
    endloop
  endfacet
  facet normal 0 0 -1
    outer loop
      vertex 1.25 20 0
      vertex 15.2458 11.4111 0
      vertex 15.1111 11.3304 0
    endloop
  endfacet
  facet normal 0 0 -1
    outer loop
      vertex 1.25 20 0
      vertex 15.1111 11.3304 0
      vertex 14.985 11.2368 0
    endloop
  endfacet
  facet normal 0 0 -1
    outer loop
      vertex 1.25 20 0
      vertex 14.985 11.2368 0
      vertex 14.8686 11.1314 0
    endloop
  endfacet
  facet normal 0 0 -1
    outer loop
      vertex 1.25 20 0
      vertex 14.8686 11.1314 0
      vertex 14.7632 11.015 0
    endloop
  endfacet
  facet normal 0 0 -1
    outer loop
      vertex 1.25 20 0
      vertex 14.7632 11.015 0
      vertex 14.6696 10.8889 0
    endloop
  endfacet
  facet normal 0 0 -1
    outer loop
      vertex 1.25 20 0
      vertex 14.6696 10.8889 0
      vertex 14.5889 10.7542 0
    endloop
  endfacet
  facet normal 0 0 -1
    outer loop
      vertex 14.4077 9.84317 0
      vertex 1.25 20 0
      vertex 14.4 10 0
    endloop
  endfacet
  facet normal 0 0 -1
    outer loop
      vertex 14.4 10 0
      vertex 1.25 20 0
      vertex 14.4077 10.1568 0
    endloop
  endfacet
  facet normal 0 0 -1
    outer loop
      vertex 14.4077 10.1568 0
      vertex 1.25 20 0
      vertex 14.4307 10.3121 0
    endloop
  endfacet
  facet normal 0 0 -1
    outer loop
      vertex 14.4307 10.3121 0
      vertex 1.25 20 0
      vertex 14.4689 10.4645 0
    endloop
  endfacet
  facet normal 0 0 -1
    outer loop
      vertex 14.4689 10.4645 0
      vertex 1.25 20 0
      vertex 14.5218 10.6123 0
    endloop
  endfacet
  facet normal 0 0 -1
    outer loop
      vertex 1.25 20 0
      vertex 14.5889 10.7542 0
      vertex 14.5218 10.6123 0
    endloop
  endfacet
  facet normal 0 0 -1
    outer loop
      vertex 15.3877 11.4782 0
      vertex 1.25 20 0
      vertex 21 23 0
    endloop
  endfacet
  facet normal 0 0 -1
    outer loop
      vertex 1.24398 20.1225 0
      vertex 21 23 0
      vertex 1.25 20 0
    endloop
  endfacet
  facet normal 0 0 -1
    outer loop
      vertex 1.22598 20.2439 0
      vertex 21 23 0
      vertex 1.24398 20.1225 0
    endloop
  endfacet
  facet normal 0 0 -1
    outer loop
      vertex 1.19617 20.3629 0
      vertex 21 23 0
      vertex 1.22598 20.2439 0
    endloop
  endfacet
  facet normal 0 0 -1
    outer loop
      vertex 1.15485 20.4784 0
      vertex 21 23 0
      vertex 1.19617 20.3629 0
    endloop
  endfacet
  facet normal 0 0 -1
    outer loop
      vertex 1.1024 20.5892 0
      vertex 21 23 0
      vertex 1.15485 20.4784 0
    endloop
  endfacet
  facet normal 0 0 -1
    outer loop
      vertex 1.03934 20.6945 0
      vertex 21 23 0
      vertex 1.1024 20.5892 0
    endloop
  endfacet
  facet normal 0 0 -1
    outer loop
      vertex 0.966263 20.793 0
      vertex 21 23 0
      vertex 1.03934 20.6945 0
    endloop
  endfacet
  facet normal 0 0 -1
    outer loop
      vertex 0.883883 20.8839 0
      vertex 21 23 0
      vertex 0.966263 20.793 0
    endloop
  endfacet
  facet normal 0 0 -1
    outer loop
      vertex 0.792991 20.9663 0
      vertex 21 23 0
      vertex 0.883883 20.8839 0
    endloop
  endfacet
  facet normal 0 0 -1
    outer loop
      vertex 0.694463 21.0393 0
      vertex 21 23 0
      vertex 0.792991 20.9663 0
    endloop
  endfacet
  facet normal 0 0 -1
    outer loop
      vertex 0.589246 21.1024 0
      vertex 21 23 0
      vertex 0.694463 21.0393 0
    endloop
  endfacet
  facet normal 0 0 -1
    outer loop
      vertex 0.478354 21.1549 0
      vertex 21 23 0
      vertex 0.589246 21.1024 0
    endloop
  endfacet
  facet normal 0 0 -1
    outer loop
      vertex 0.362855 21.1962 0
      vertex 21 23 0
      vertex 0.478354 21.1549 0
    endloop
  endfacet
  facet normal 0 0 -1
    outer loop
      vertex 0.243862 21.226 0
      vertex 21 23 0
      vertex 0.362855 21.1962 0
    endloop
  endfacet
  facet normal 0 0 -1
    outer loop
      vertex 0.122521 21.244 0
      vertex 21 23 0
      vertex 0.243862 21.226 0
    endloop
  endfacet
  facet normal 0 0 -1
    outer loop
      vertex 0 21.25 0
      vertex 21 23 0
      vertex 0.122521 21.244 0
    endloop
  endfacet
  facet normal 0 0 -1
    outer loop
      vertex -21 23 0
      vertex 0 21.25 0
      vertex -0.122521 21.244 0
    endloop
  endfacet
  facet normal 0 0 -1
    outer loop
      vertex -14.6696 10.8889 0
      vertex -1.03934 19.3055 0
      vertex -14.5889 10.7542 0
    endloop
  endfacet
  facet normal -0 0 -1
    outer loop
      vertex -1.03934 19.3055 0
      vertex -14.6696 10.8889 0
      vertex -1.1024 19.4108 0
    endloop
  endfacet
  facet normal 0 0 -1
    outer loop
      vertex -14.7632 11.015 0
      vertex -1.1024 19.4108 0
      vertex -14.6696 10.8889 0
    endloop
  endfacet
  facet normal -0 0 -1
    outer loop
      vertex -1.1024 19.4108 0
      vertex -14.7632 11.015 0
      vertex -1.15485 19.5216 0
    endloop
  endfacet
  facet normal 0 0 -1
    outer loop
      vertex -14.8686 11.1314 0
      vertex -1.15485 19.5216 0
      vertex -14.7632 11.015 0
    endloop
  endfacet
  facet normal -0 0 -1
    outer loop
      vertex -1.15485 19.5216 0
      vertex -14.8686 11.1314 0
      vertex -1.19617 19.6371 0
    endloop
  endfacet
  facet normal 0 0 -1
    outer loop
      vertex -14.985 11.2368 0
      vertex -1.19617 19.6371 0
      vertex -14.8686 11.1314 0
    endloop
  endfacet
  facet normal -0 0 -1
    outer loop
      vertex -1.19617 19.6371 0
      vertex -14.985 11.2368 0
      vertex -1.22598 19.7561 0
    endloop
  endfacet
  facet normal 0 0 -1
    outer loop
      vertex -15.1111 11.3304 0
      vertex -1.22598 19.7561 0
      vertex -14.985 11.2368 0
    endloop
  endfacet
  facet normal -0 0 -1
    outer loop
      vertex -1.22598 19.7561 0
      vertex -15.1111 11.3304 0
      vertex -1.24398 19.8775 0
    endloop
  endfacet
  facet normal 0 0 -1
    outer loop
      vertex -15.2458 11.4111 0
      vertex -1.24398 19.8775 0
      vertex -15.1111 11.3304 0
    endloop
  endfacet
  facet normal -0 0 -1
    outer loop
      vertex -1.24398 19.8775 0
      vertex -15.2458 11.4111 0
      vertex -1.25 20 0
    endloop
  endfacet
  facet normal 0 0 -1
    outer loop
      vertex -15.3877 11.4782 0
      vertex -1.25 20 0
      vertex -15.2458 11.4111 0
    endloop
  endfacet
  facet normal -0 0 -1
    outer loop
      vertex -1.25 20 0
      vertex -15.3877 11.4782 0
      vertex -1.24398 20.1225 0
    endloop
  endfacet
  facet normal 0 0 -1
    outer loop
      vertex -21 23 0
      vertex -1.24398 20.1225 0
      vertex -15.3877 11.4782 0
    endloop
  endfacet
  facet normal 0 0 -1
    outer loop
      vertex -1.24398 20.1225 0
      vertex -21 23 0
      vertex -1.22598 20.2439 0
    endloop
  endfacet
  facet normal 0 0 -1
    outer loop
      vertex -1.22598 20.2439 0
      vertex -21 23 0
      vertex -1.19617 20.3629 0
    endloop
  endfacet
  facet normal 0 0 -1
    outer loop
      vertex -1.19617 20.3629 0
      vertex -21 23 0
      vertex -1.15485 20.4784 0
    endloop
  endfacet
  facet normal 0 0 -1
    outer loop
      vertex -1.15485 20.4784 0
      vertex -21 23 0
      vertex -1.1024 20.5892 0
    endloop
  endfacet
  facet normal 0 0 -1
    outer loop
      vertex -1.1024 20.5892 0
      vertex -21 23 0
      vertex -1.03934 20.6945 0
    endloop
  endfacet
  facet normal 0 0 -1
    outer loop
      vertex -1.03934 20.6945 0
      vertex -21 23 0
      vertex -0.966263 20.793 0
    endloop
  endfacet
  facet normal 0 0 -1
    outer loop
      vertex -0.966263 20.793 0
      vertex -21 23 0
      vertex -0.883883 20.8839 0
    endloop
  endfacet
  facet normal 0 0 -1
    outer loop
      vertex -0.883883 20.8839 0
      vertex -21 23 0
      vertex -0.792991 20.9663 0
    endloop
  endfacet
  facet normal 0 0 -1
    outer loop
      vertex -21 23 0
      vertex -15.3877 11.4782 0
      vertex -15.5355 11.5311 0
    endloop
  endfacet
  facet normal 0 0 -1
    outer loop
      vertex -21 23 0
      vertex -15.5355 11.5311 0
      vertex -15.6879 11.5693 0
    endloop
  endfacet
  facet normal 0 0 -1
    outer loop
      vertex -21 23 0
      vertex -15.6879 11.5693 0
      vertex -15.8432 11.5923 0
    endloop
  endfacet
  facet normal 0 0 -1
    outer loop
      vertex -21 23 0
      vertex -15.8432 11.5923 0
      vertex -16 11.6 0
    endloop
  endfacet
  facet normal 0 0 -1
    outer loop
      vertex -21 23 0
      vertex -16 11.6 0
      vertex -16.1568 11.5923 0
    endloop
  endfacet
  facet normal 0 0 -1
    outer loop
      vertex -21 23 0
      vertex -16.1568 11.5923 0
      vertex -16.3121 11.5693 0
    endloop
  endfacet
  facet normal 0 0 -1
    outer loop
      vertex -21 23 0
      vertex -16.3121 11.5693 0
      vertex -16.4645 11.5311 0
    endloop
  endfacet
  facet normal 0 0 -1
    outer loop
      vertex -21 23 0
      vertex -16.4645 11.5311 0
      vertex -16.6123 11.4782 0
    endloop
  endfacet
  facet normal 0 0 -1
    outer loop
      vertex -25 19 0
      vertex -16.6123 11.4782 0
      vertex -16.7542 11.4111 0
    endloop
  endfacet
  facet normal 0 0 -1
    outer loop
      vertex -25 19 0
      vertex -16.7542 11.4111 0
      vertex -16.8889 11.3304 0
    endloop
  endfacet
  facet normal 0 0 -1
    outer loop
      vertex -17.5693 9.68785 0
      vertex -25 19 0
      vertex -17.5923 9.84317 0
    endloop
  endfacet
  facet normal 0 0 -1
    outer loop
      vertex 0 21.25 0
      vertex -21 23 0
      vertex 21 23 0
    endloop
  endfacet
  facet normal 0 0 -1
    outer loop
      vertex -0.243862 21.226 0
      vertex -21 23 0
      vertex -0.122521 21.244 0
    endloop
  endfacet
  facet normal 0 0 -1
    outer loop
      vertex -0.362855 21.1962 0
      vertex -21 23 0
      vertex -0.243862 21.226 0
    endloop
  endfacet
  facet normal 0 0 -1
    outer loop
      vertex -0.478354 21.1549 0
      vertex -21 23 0
      vertex -0.362855 21.1962 0
    endloop
  endfacet
  facet normal 0 0 -1
    outer loop
      vertex -0.589246 21.1024 0
      vertex -21 23 0
      vertex -0.478354 21.1549 0
    endloop
  endfacet
  facet normal 0 0 -1
    outer loop
      vertex -0.694463 21.0393 0
      vertex -21 23 0
      vertex -0.589246 21.1024 0
    endloop
  endfacet
  facet normal 0 0 -1
    outer loop
      vertex -0.792991 20.9663 0
      vertex -21 23 0
      vertex -0.694463 21.0393 0
    endloop
  endfacet
  facet normal 0 0 -1
    outer loop
      vertex -25 19 0
      vertex -16.8889 11.3304 0
      vertex -17.015 11.2368 0
    endloop
  endfacet
  facet normal 0 0 -1
    outer loop
      vertex -25 19 0
      vertex -17.015 11.2368 0
      vertex -17.1314 11.1314 0
    endloop
  endfacet
  facet normal 0 0 -1
    outer loop
      vertex -25 19 0
      vertex -17.1314 11.1314 0
      vertex -17.2368 11.015 0
    endloop
  endfacet
  facet normal 0 0 -1
    outer loop
      vertex -25 19 0
      vertex -17.2368 11.015 0
      vertex -17.3304 10.8889 0
    endloop
  endfacet
  facet normal 0 0 -1
    outer loop
      vertex -25 19 0
      vertex -17.3304 10.8889 0
      vertex -17.4111 10.7542 0
    endloop
  endfacet
  facet normal 0 0 -1
    outer loop
      vertex -25 19 0
      vertex -17.4111 10.7542 0
      vertex -17.4782 10.6123 0
    endloop
  endfacet
  facet normal 0 0 -1
    outer loop
      vertex -25 19 0
      vertex -17.4782 10.6123 0
      vertex -17.5311 10.4645 0
    endloop
  endfacet
  facet normal 0 0 -1
    outer loop
      vertex -25 19 0
      vertex -17.5311 10.4645 0
      vertex -17.5693 10.3121 0
    endloop
  endfacet
  facet normal 0 0 -1
    outer loop
      vertex -25 19 0
      vertex -17.5693 10.3121 0
      vertex -17.5923 10.1568 0
    endloop
  endfacet
  facet normal 0 0 -1
    outer loop
      vertex -17.5923 9.84317 0
      vertex -25 19 0
      vertex -17.6 10 0
    endloop
  endfacet
  facet normal 0 0 -1
    outer loop
      vertex -25 -19 0
      vertex -21 -23 0
      vertex -21.3921 -22.9807 0
    endloop
  endfacet
  facet normal 0 0 -1
    outer loop
      vertex -17.6 10 0
      vertex -25 19 0
      vertex -17.5923 10.1568 0
    endloop
  endfacet
  facet normal 0 0 -1
    outer loop
      vertex -25 -19 0
      vertex -21.3921 -22.9807 0
      vertex -21.7804 -22.9231 0
    endloop
  endfacet
  facet normal 0 0 -1
    outer loop
      vertex -16.6123 11.4782 0
      vertex -25 19 0
      vertex -21 23 0
    endloop
  endfacet
  facet normal 0 0 -1
    outer loop
      vertex -25 -19 0
      vertex -21.7804 -22.9231 0
      vertex -22.1611 -22.8278 0
    endloop
  endfacet
  facet normal 0 0 -1
    outer loop
      vertex -21 23 0
      vertex -25 19 0
      vertex -21.3921 22.9807 0
    endloop
  endfacet
  facet normal 0 0 -1
    outer loop
      vertex -25 -19 0
      vertex -22.1611 -22.8278 0
      vertex -22.5307 -22.6955 0
    endloop
  endfacet
  facet normal 0 0 -1
    outer loop
      vertex -21.3921 22.9807 0
      vertex -25 19 0
      vertex -21.7804 22.9231 0
    endloop
  endfacet
  facet normal 0 0 -1
    outer loop
      vertex -25 -19 0
      vertex -22.5307 -22.6955 0
      vertex -22.8856 -22.5277 0
    endloop
  endfacet
  facet normal 0 0 -1
    outer loop
      vertex -21.7804 22.9231 0
      vertex -25 19 0
      vertex -22.1611 22.8278 0
    endloop
  endfacet
  facet normal 0 0 -1
    outer loop
      vertex -25 -19 0
      vertex -22.8856 -22.5277 0
      vertex -23.2223 -22.3259 0
    endloop
  endfacet
  facet normal 0 0 -1
    outer loop
      vertex -22.1611 22.8278 0
      vertex -25 19 0
      vertex -22.5307 22.6955 0
    endloop
  endfacet
  facet normal 0 0 -1
    outer loop
      vertex -25 -19 0
      vertex -23.2223 -22.3259 0
      vertex -23.5376 -22.092 0
    endloop
  endfacet
  facet normal 0 0 -1
    outer loop
      vertex -22.5307 22.6955 0
      vertex -25 19 0
      vertex -22.8856 22.5277 0
    endloop
  endfacet
  facet normal 0 0 -1
    outer loop
      vertex -25 -19 0
      vertex -23.5376 -22.092 0
      vertex -23.8284 -21.8284 0
    endloop
  endfacet
  facet normal 0 0 -1
    outer loop
      vertex -22.8856 22.5277 0
      vertex -25 19 0
      vertex -23.2223 22.3259 0
    endloop
  endfacet
  facet normal 0 0 -1
    outer loop
      vertex -25 -19 0
      vertex -23.8284 -21.8284 0
      vertex -24.092 -21.5376 0
    endloop
  endfacet
  facet normal 0 0 -1
    outer loop
      vertex -23.2223 22.3259 0
      vertex -25 19 0
      vertex -23.5376 22.092 0
    endloop
  endfacet
  facet normal 0 0 -1
    outer loop
      vertex -25 -19 0
      vertex -24.092 -21.5376 0
      vertex -24.3259 -21.2223 0
    endloop
  endfacet
  facet normal 0 0 -1
    outer loop
      vertex -23.5376 22.092 0
      vertex -25 19 0
      vertex -23.8284 21.8284 0
    endloop
  endfacet
  facet normal 0 0 -1
    outer loop
      vertex -25 -19 0
      vertex -24.3259 -21.2223 0
      vertex -24.5277 -20.8856 0
    endloop
  endfacet
  facet normal 0 0 -1
    outer loop
      vertex -23.8284 21.8284 0
      vertex -25 19 0
      vertex -24.092 21.5376 0
    endloop
  endfacet
  facet normal 0 0 -1
    outer loop
      vertex -25 -19 0
      vertex -24.5277 -20.8856 0
      vertex -24.6955 -20.5307 0
    endloop
  endfacet
  facet normal 0 0 -1
    outer loop
      vertex -24.092 21.5376 0
      vertex -25 19 0
      vertex -24.3259 21.2223 0
    endloop
  endfacet
  facet normal 0 0 -1
    outer loop
      vertex -25 -19 0
      vertex -24.6955 -20.5307 0
      vertex -24.8278 -20.1611 0
    endloop
  endfacet
  facet normal 0 0 -1
    outer loop
      vertex -24.3259 21.2223 0
      vertex -25 19 0
      vertex -24.5277 20.8856 0
    endloop
  endfacet
  facet normal 0 0 -1
    outer loop
      vertex -25 -19 0
      vertex -24.8278 -20.1611 0
      vertex -24.9231 -19.7804 0
    endloop
  endfacet
  facet normal 0 0 -1
    outer loop
      vertex -24.5277 20.8856 0
      vertex -25 19 0
      vertex -24.6955 20.5307 0
    endloop
  endfacet
  facet normal 0 0 -1
    outer loop
      vertex -25 -19 0
      vertex -24.9231 -19.7804 0
      vertex -24.9807 -19.3921 0
    endloop
  endfacet
  facet normal 0 0 -1
    outer loop
      vertex -24.6955 20.5307 0
      vertex -25 19 0
      vertex -24.8278 20.1611 0
    endloop
  endfacet
  facet normal 0 0 -1
    outer loop
      vertex -24.8278 20.1611 0
      vertex -25 19 0
      vertex -24.9231 19.7804 0
    endloop
  endfacet
  facet normal 0 0 -1
    outer loop
      vertex -24.9231 19.7804 0
      vertex -25 19 0
      vertex -24.9807 19.3921 0
    endloop
  endfacet
  facet normal 0.970068 -0.242835 0
    outer loop
      vertex 24.8278 -20.1611 6
      vertex 24.9231 -19.7804 0
      vertex 24.9231 -19.7804 6
    endloop
  endfacet
  facet normal 0.970068 -0.242835 0
    outer loop
      vertex 24.9231 -19.7804 0
      vertex 24.8278 -20.1611 6
      vertex 24.8278 -20.1611 0
    endloop
  endfacet
  facet normal 0.803137 -0.595794 0
    outer loop
      vertex 24.092 -21.5376 6
      vertex 24.3259 -21.2223 0
      vertex 24.3259 -21.2223 6
    endloop
  endfacet
  facet normal 0.803137 -0.595794 0
    outer loop
      vertex 24.3259 -21.2223 0
      vertex 24.092 -21.5376 6
      vertex 24.092 -21.5376 0
    endloop
  endfacet
  facet normal 0.0492431 0.998787 -0
    outer loop
      vertex 12.2941 14.9855 6
      vertex 12 15 12
      vertex 12.2941 14.9855 12
    endloop
  endfacet
  facet normal 0.0492431 0.998787 0
    outer loop
      vertex 12 15 12
      vertex 12.2941 14.9855 6
      vertex 12 15 6
    endloop
  endfacet
  facet normal 0.336737 -0.941599 0
    outer loop
      vertex 12.8708 -14.8708 6
      vertex 13.0794 -14.7962 12
      vertex 12.8708 -14.8708 12
    endloop
  endfacet
  facet normal 0.336737 -0.941599 0
    outer loop
      vertex 13.0794 -14.7962 12
      vertex 12.8708 -14.8708 6
      vertex 13.0794 -14.7962 6
    endloop
  endfacet
  facet normal 0.941599 0.336737 0
    outer loop
      vertex 14.8708 12.8708 12
      vertex 14.7962 13.0794 6
      vertex 14.7962 13.0794 12
    endloop
  endfacet
  facet normal 0.941599 0.336737 0
    outer loop
      vertex 14.7962 13.0794 6
      vertex 14.8708 12.8708 12
      vertex 14.8708 12.8708 6
    endloop
  endfacet
  facet normal 0.243255 0.969962 -0
    outer loop
      vertex 12.8708 14.8708 6
      vertex 12.5853 14.9424 12
      vertex 12.8708 14.8708 12
    endloop
  endfacet
  facet normal 0.243255 0.969962 0
    outer loop
      vertex 12.5853 14.9424 12
      vertex 12.8708 14.8708 6
      vertex 12.5853 14.9424 6
    endloop
  endfacet
  facet normal -0.146413 -0.989224 0
    outer loop
      vertex -12.5853 -14.9424 6
      vertex -12.2941 -14.9855 12
      vertex -12.5853 -14.9424 12
    endloop
  endfacet
  facet normal -0.146413 -0.989224 -0
    outer loop
      vertex -12.2941 -14.9855 12
      vertex -12.5853 -14.9424 6
      vertex -12.2941 -14.9855 6
    endloop
  endfacet
  facet normal 0.969962 0.243255 0
    outer loop
      vertex 14.9424 12.5853 12
      vertex 14.8708 12.8708 6
      vertex 14.8708 12.8708 12
    endloop
  endfacet
  facet normal 0.969962 0.243255 0
    outer loop
      vertex 14.8708 12.8708 6
      vertex 14.9424 12.5853 12
      vertex 14.9424 12.5853 6
    endloop
  endfacet
  facet normal -0.0492431 0.998787 0
    outer loop
      vertex -12 15 6
      vertex -12.2941 14.9855 12
      vertex -12 15 12
    endloop
  endfacet
  facet normal -0.0492431 0.998787 0
    outer loop
      vertex -12.2941 14.9855 12
      vertex -12 15 6
      vertex -12.2941 14.9855 6
    endloop
  endfacet
  facet normal -1 0 0
    outer loop
      vertex -15 11.248 6
      vertex -15 12 12
      vertex -15 12 6
    endloop
  endfacet
  facet normal -1 -0 0
    outer loop
      vertex -15 12 12
      vertex -15 11.248 6
      vertex -15 11.248 12
    endloop
  endfacet
  facet normal -1 0 0
    outer loop
      vertex -15 -12 6
      vertex -15 -11.248 12
      vertex -15 -11.248 6
    endloop
  endfacet
  facet normal -1 -0 0
    outer loop
      vertex -15 -11.248 12
      vertex -15 -12 6
      vertex -15 -12 12
    endloop
  endfacet
  facet normal -1 0 0
    outer loop
      vertex -15 -8.75204 6
      vertex -15 8.75204 12
      vertex -15 8.75204 6
    endloop
  endfacet
  facet normal -1 -0 0
    outer loop
      vertex -15 8.75204 12
      vertex -15 -8.75204 6
      vertex -15 -8.75204 12
    endloop
  endfacet
  facet normal 0 -1 0
    outer loop
      vertex -12 -15 6
      vertex 12 -15 12
      vertex -12 -15 12
    endloop
  endfacet
  facet normal 0 -1 -0
    outer loop
      vertex 12 -15 12
      vertex -12 -15 6
      vertex 12 -15 6
    endloop
  endfacet
  facet normal -0.969962 0.243255 0
    outer loop
      vertex -14.9424 12.5853 6
      vertex -14.8708 12.8708 12
      vertex -14.8708 12.8708 6
    endloop
  endfacet
  facet normal -0.969962 0.243255 0
    outer loop
      vertex -14.8708 12.8708 12
      vertex -14.9424 12.5853 6
      vertex -14.9424 12.5853 12
    endloop
  endfacet
  facet normal 1 -0 0
    outer loop
      vertex 15 11.248 12
      vertex 15 12 6
      vertex 15 12 12
    endloop
  endfacet
  facet normal 1 0 0
    outer loop
      vertex 15 12 6
      vertex 15 11.248 12
      vertex 15 11.248 6
    endloop
  endfacet
  facet normal 1 -0 0
    outer loop
      vertex 15 -12 12
      vertex 15 -11.248 6
      vertex 15 -11.248 12
    endloop
  endfacet
  facet normal 1 0 0
    outer loop
      vertex 15 -11.248 6
      vertex 15 -12 12
      vertex 15 -12 6
    endloop
  endfacet
  facet normal 1 -0 0
    outer loop
      vertex 15 -8.75204 12
      vertex 15 8.75204 6
      vertex 15 8.75204 12
    endloop
  endfacet
  facet normal 1 0 0
    outer loop
      vertex 15 8.75204 6
      vertex 15 -8.75204 12
      vertex 15 -8.75204 6
    endloop
  endfacet
  facet normal 0.243255 -0.969962 0
    outer loop
      vertex 12.5853 -14.9424 6
      vertex 12.8708 -14.8708 12
      vertex 12.5853 -14.9424 12
    endloop
  endfacet
  facet normal 0.243255 -0.969962 0
    outer loop
      vertex 12.8708 -14.8708 12
      vertex 12.5853 -14.9424 6
      vertex 12.8708 -14.8708 6
    endloop
  endfacet
  facet normal 0.146413 -0.989224 0
    outer loop
      vertex 12.2941 -14.9855 6
      vertex 12.5853 -14.9424 12
      vertex 12.2941 -14.9855 12
    endloop
  endfacet
  facet normal 0.146413 -0.989224 0
    outer loop
      vertex 12.5853 -14.9424 12
      vertex 12.2941 -14.9855 6
      vertex 12.5853 -14.9424 6
    endloop
  endfacet
  facet normal 0.0492431 -0.998787 0
    outer loop
      vertex 12 -15 6
      vertex 12.2941 -14.9855 12
      vertex 12 -15 12
    endloop
  endfacet
  facet normal 0.0492431 -0.998787 0
    outer loop
      vertex 12.2941 -14.9855 12
      vertex 12 -15 6
      vertex 12.2941 -14.9855 6
    endloop
  endfacet
  facet normal 0 1 -0
    outer loop
      vertex 12 15 6
      vertex -12 15 12
      vertex 12 15 12
    endloop
  endfacet
  facet normal 0 1 0
    outer loop
      vertex -12 15 12
      vertex 12 15 6
      vertex -12 15 6
    endloop
  endfacet
  facet normal -0.998787 0.0492431 0
    outer loop
      vertex -15 12 6
      vertex -14.9855 12.2941 12
      vertex -14.9855 12.2941 6
    endloop
  endfacet
  facet normal -0.998787 0.0492431 0
    outer loop
      vertex -14.9855 12.2941 12
      vertex -15 12 6
      vertex -15 12 12
    endloop
  endfacet
  facet normal -0.243255 -0.969962 0
    outer loop
      vertex -12.8708 -14.8708 6
      vertex -12.5853 -14.9424 12
      vertex -12.8708 -14.8708 12
    endloop
  endfacet
  facet normal -0.243255 -0.969962 -0
    outer loop
      vertex -12.5853 -14.9424 12
      vertex -12.8708 -14.8708 6
      vertex -12.5853 -14.9424 6
    endloop
  endfacet
  facet normal -0.998787 -0.0492431 0
    outer loop
      vertex -14.9855 -12.2941 6
      vertex -15 -12 12
      vertex -15 -12 6
    endloop
  endfacet
  facet normal -0.998787 -0.0492431 0
    outer loop
      vertex -15 -12 12
      vertex -14.9855 -12.2941 6
      vertex -14.9855 -12.2941 12
    endloop
  endfacet
  facet normal -0.146413 0.989224 0
    outer loop
      vertex -12.2941 14.9855 6
      vertex -12.5853 14.9424 12
      vertex -12.2941 14.9855 12
    endloop
  endfacet
  facet normal -0.146413 0.989224 0
    outer loop
      vertex -12.5853 14.9424 12
      vertex -12.2941 14.9855 6
      vertex -12.5853 14.9424 6
    endloop
  endfacet
  facet normal -0.941599 0.336737 0
    outer loop
      vertex -14.8708 12.8708 6
      vertex -14.7962 13.0794 12
      vertex -14.7962 13.0794 6
    endloop
  endfacet
  facet normal -0.941599 0.336737 0
    outer loop
      vertex -14.7962 13.0794 12
      vertex -14.8708 12.8708 6
      vertex -14.8708 12.8708 12
    endloop
  endfacet
  facet normal -0.969962 -0.243255 0
    outer loop
      vertex -14.8708 -12.8708 6
      vertex -14.9424 -12.5853 12
      vertex -14.9424 -12.5853 6
    endloop
  endfacet
  facet normal -0.969962 -0.243255 0
    outer loop
      vertex -14.9424 -12.5853 12
      vertex -14.8708 -12.8708 6
      vertex -14.8708 -12.8708 12
    endloop
  endfacet
  facet normal 0.998787 0.0492431 0
    outer loop
      vertex 15 12 12
      vertex 14.9855 12.2941 6
      vertex 14.9855 12.2941 12
    endloop
  endfacet
  facet normal 0.998787 0.0492431 0
    outer loop
      vertex 14.9855 12.2941 6
      vertex 15 12 12
      vertex 15 12 6
    endloop
  endfacet
  facet normal -0.989224 0.146413 0
    outer loop
      vertex -14.9855 12.2941 6
      vertex -14.9424 12.5853 12
      vertex -14.9424 12.5853 6
    endloop
  endfacet
  facet normal -0.989224 0.146413 0
    outer loop
      vertex -14.9424 12.5853 12
      vertex -14.9855 12.2941 6
      vertex -14.9855 12.2941 12
    endloop
  endfacet
  facet normal -0.336737 0.941599 0
    outer loop
      vertex -12.8708 14.8708 6
      vertex -13.0794 14.7962 12
      vertex -12.8708 14.8708 12
    endloop
  endfacet
  facet normal -0.336737 0.941599 0
    outer loop
      vertex -13.0794 14.7962 12
      vertex -12.8708 14.8708 6
      vertex -13.0794 14.7962 6
    endloop
  endfacet
  facet normal -0.243255 0.969962 0
    outer loop
      vertex -12.5853 14.9424 6
      vertex -12.8708 14.8708 12
      vertex -12.5853 14.9424 12
    endloop
  endfacet
  facet normal -0.243255 0.969962 0
    outer loop
      vertex -12.8708 14.8708 12
      vertex -12.5853 14.9424 6
      vertex -12.8708 14.8708 6
    endloop
  endfacet
  facet normal 0.146413 0.989224 -0
    outer loop
      vertex 12.5853 14.9424 6
      vertex 12.2941 14.9855 12
      vertex 12.5853 14.9424 12
    endloop
  endfacet
  facet normal 0.146413 0.989224 0
    outer loop
      vertex 12.2941 14.9855 12
      vertex 12.5853 14.9424 6
      vertex 12.2941 14.9855 6
    endloop
  endfacet
  facet normal -0.336737 -0.941599 0
    outer loop
      vertex -13.0794 -14.7962 6
      vertex -12.8708 -14.8708 12
      vertex -13.0794 -14.7962 12
    endloop
  endfacet
  facet normal -0.336737 -0.941599 -0
    outer loop
      vertex -12.8708 -14.8708 12
      vertex -13.0794 -14.7962 6
      vertex -12.8708 -14.8708 6
    endloop
  endfacet
  facet normal 0.336737 0.941599 -0
    outer loop
      vertex 13.0794 14.7962 6
      vertex 12.8708 14.8708 12
      vertex 13.0794 14.7962 12
    endloop
  endfacet
  facet normal 0.336737 0.941599 0
    outer loop
      vertex 12.8708 14.8708 12
      vertex 13.0794 14.7962 6
      vertex 12.8708 14.8708 6
    endloop
  endfacet
  facet normal -0.989224 -0.146413 0
    outer loop
      vertex -14.9424 -12.5853 6
      vertex -14.9855 -12.2941 12
      vertex -14.9855 -12.2941 6
    endloop
  endfacet
  facet normal -0.989224 -0.146413 0
    outer loop
      vertex -14.9855 -12.2941 12
      vertex -14.9424 -12.5853 6
      vertex -14.9424 -12.5853 12
    endloop
  endfacet
  facet normal 0.989224 0.146413 0
    outer loop
      vertex 14.9855 12.2941 12
      vertex 14.9424 12.5853 6
      vertex 14.9424 12.5853 12
    endloop
  endfacet
  facet normal 0.989224 0.146413 0
    outer loop
      vertex 14.9424 12.5853 6
      vertex 14.9855 12.2941 12
      vertex 14.9855 12.2941 6
    endloop
  endfacet
  facet normal -0.0492431 -0.998787 0
    outer loop
      vertex -12.2941 -14.9855 6
      vertex -12 -15 12
      vertex -12.2941 -14.9855 12
    endloop
  endfacet
  facet normal -0.0492431 -0.998787 -0
    outer loop
      vertex -12 -15 12
      vertex -12.2941 -14.9855 6
      vertex -12 -15 6
    endloop
  endfacet
  facet normal 0.998787 -0.0492431 0
    outer loop
      vertex 14.9855 -12.2941 12
      vertex 15 -12 6
      vertex 15 -12 12
    endloop
  endfacet
  facet normal 0.998787 -0.0492431 0
    outer loop
      vertex 15 -12 6
      vertex 14.9855 -12.2941 12
      vertex 14.9855 -12.2941 6
    endloop
  endfacet
  facet normal 0.941599 -0.336737 0
    outer loop
      vertex 14.7962 -13.0794 12
      vertex 14.8708 -12.8708 6
      vertex 14.8708 -12.8708 12
    endloop
  endfacet
  facet normal 0.941599 -0.336737 0
    outer loop
      vertex 14.8708 -12.8708 6
      vertex 14.7962 -13.0794 12
      vertex 14.7962 -13.0794 6
    endloop
  endfacet
  facet normal 0.969962 -0.243255 0
    outer loop
      vertex 14.8708 -12.8708 12
      vertex 14.9424 -12.5853 6
      vertex 14.9424 -12.5853 12
    endloop
  endfacet
  facet normal 0.969962 -0.243255 0
    outer loop
      vertex 14.9424 -12.5853 6
      vertex 14.8708 -12.8708 12
      vertex 14.8708 -12.8708 6
    endloop
  endfacet
  facet normal 0 0 1
    outer loop
      vertex -14.8708 12.8708 12
      vertex -14.8178 12.9338 12
      vertex -14.7962 13.0794 12
    endloop
  endfacet
  facet normal -0 0 1
    outer loop
      vertex -14.8708 12.8708 12
      vertex -14.8279 12.7279 12
      vertex -14.8178 12.9338 12
    endloop
  endfacet
  facet normal 0 0 1
    outer loop
      vertex -14.8279 12.7279 12
      vertex -14.9424 12.5853 12
      vertex -14.8178 12.5221 12
    endloop
  endfacet
  facet normal 0 0 1
    outer loop
      vertex -14.9855 12.2941 12
      vertex -14.8178 12.5221 12
      vertex -14.9424 12.5853 12
    endloop
  endfacet
  facet normal 0 0 1
    outer loop
      vertex -14.8178 12.5221 12
      vertex -15 12 12
      vertex -14.8686 11.1314 12
    endloop
  endfacet
  facet normal 0 0 1
    outer loop
      vertex -14.8178 12.5221 12
      vertex -14.9855 12.2941 12
      vertex -15 12 12
    endloop
  endfacet
  facet normal 0 0 1
    outer loop
      vertex -14.8686 11.1314 12
      vertex -15 12 12
      vertex -14.985 11.2368 12
    endloop
  endfacet
  facet normal 0 0 1
    outer loop
      vertex -14.985 11.2368 12
      vertex -15 12 12
      vertex -15 11.248 12
    endloop
  endfacet
  facet normal -0 0 1
    outer loop
      vertex -12.5221 10.638 12
      vertex -14.5889 9.24576 12
      vertex -12.3182 10.6683 12
    endloop
  endfacet
  facet normal 0 0 1
    outer loop
      vertex -12.3182 -10.6683 12
      vertex -14.4077 -9.84317 12
      vertex -14.4 -10 12
    endloop
  endfacet
  facet normal 0 0 1
    outer loop
      vertex -14.6696 9.11109 12
      vertex -12.3182 10.6683 12
      vertex -14.5889 9.24576 12
    endloop
  endfacet
  facet normal 0 0 1
    outer loop
      vertex -12.3182 -10.6683 12
      vertex -14.4307 -9.68785 12
      vertex -14.4077 -9.84317 12
    endloop
  endfacet
  facet normal 0 0 1
    outer loop
      vertex -14.7632 8.98497 12
      vertex -12.3182 10.6683 12
      vertex -14.6696 9.11109 12
    endloop
  endfacet
  facet normal 0 0 1
    outer loop
      vertex -12.3182 -10.6683 12
      vertex -14.4689 -9.53554 12
      vertex -14.4307 -9.68785 12
    endloop
  endfacet
  facet normal -0 0 1
    outer loop
      vertex -12.3182 10.6683 12
      vertex -14.7632 8.98497 12
      vertex -12.1183 10.7183 12
    endloop
  endfacet
  facet normal 0 0 1
    outer loop
      vertex -12.3182 -10.6683 12
      vertex -14.5218 -9.38771 12
      vertex -14.4689 -9.53554 12
    endloop
  endfacet
  facet normal 0 0 1
    outer loop
      vertex -14.8686 8.86863 12
      vertex -12.1183 10.7183 12
      vertex -14.7632 8.98497 12
    endloop
  endfacet
  facet normal 0 0 1
    outer loop
      vertex -12.3182 -10.6683 12
      vertex -14.5889 -9.24576 12
      vertex -14.5218 -9.38771 12
    endloop
  endfacet
  facet normal 0 0 1
    outer loop
      vertex -12.1183 10.7183 12
      vertex -14.8686 8.86863 12
      vertex -12.1183 -10.7183 12
    endloop
  endfacet
  facet normal 0 0 1
    outer loop
      vertex -12.3182 -10.6683 12
      vertex -14.6696 -9.11109 12
      vertex -14.5889 -9.24576 12
    endloop
  endfacet
  facet normal -0 0 1
    outer loop
      vertex -14.8686 -8.86863 12
      vertex -12.1183 -10.7183 12
      vertex -14.8686 8.86863 12
    endloop
  endfacet
  facet normal 0 0 1
    outer loop
      vertex -12.3182 -10.6683 12
      vertex -14.7632 -8.98497 12
      vertex -14.6696 -9.11109 12
    endloop
  endfacet
  facet normal -0 -0 1
    outer loop
      vertex -14.7632 -8.98497 12
      vertex -12.1183 -10.7183 12
      vertex -14.8686 -8.86863 12
    endloop
  endfacet
  facet normal 0 0 1
    outer loop
      vertex -12.1183 -10.7183 12
      vertex -14.7632 -8.98497 12
      vertex -12.3182 -10.6683 12
    endloop
  endfacet
  facet normal -0 0 1
    outer loop
      vertex -14.985 8.76318 12
      vertex -14.8686 -8.86863 12
      vertex -14.8686 8.86863 12
    endloop
  endfacet
  facet normal 0 0 1
    outer loop
      vertex -14.985 8.76318 12
      vertex -14.985 -8.76318 12
      vertex -14.8686 -8.86863 12
    endloop
  endfacet
  facet normal -0 0 1
    outer loop
      vertex -15 8.75204 12
      vertex -14.985 -8.76318 12
      vertex -14.985 8.76318 12
    endloop
  endfacet
  facet normal 0 0 1
    outer loop
      vertex -14.985 -8.76318 12
      vertex -15 8.75204 12
      vertex -15 -8.75204 12
    endloop
  endfacet
  facet normal 0 0 1
    outer loop
      vertex 10.8759 11.738 12
      vertex -10.8759 11.738 12
      vertex 10.9818 11.5612 12
    endloop
  endfacet
  facet normal 0 0 1
    outer loop
      vertex 11.243 -11.243 12
      vertex -10.638 -12.5221 12
      vertex -10.6279 -12.7279 12
    endloop
  endfacet
  facet normal 0 0 1
    outer loop
      vertex -10.9818 11.5612 12
      vertex 10.9818 11.5612 12
      vertex -10.8759 11.738 12
    endloop
  endfacet
  facet normal 0 0 1
    outer loop
      vertex 11.243 -11.243 12
      vertex -10.6683 -12.3182 12
      vertex -10.638 -12.5221 12
    endloop
  endfacet
  facet normal 0 0 1
    outer loop
      vertex 10.9818 11.5612 12
      vertex -10.9818 11.5612 12
      vertex 11.1046 11.3957 12
    endloop
  endfacet
  facet normal 0 0 1
    outer loop
      vertex 11.243 -11.243 12
      vertex -10.7183 -12.1183 12
      vertex -10.6683 -12.3182 12
    endloop
  endfacet
  facet normal 0 0 1
    outer loop
      vertex -11.1046 11.3957 12
      vertex 11.1046 11.3957 12
      vertex -10.9818 11.5612 12
    endloop
  endfacet
  facet normal 0 0 1
    outer loop
      vertex 11.243 -11.243 12
      vertex -10.7878 -11.9243 12
      vertex -10.7183 -12.1183 12
    endloop
  endfacet
  facet normal 0 0 1
    outer loop
      vertex 11.1046 11.3957 12
      vertex -11.1046 11.3957 12
      vertex 11.243 11.243 12
    endloop
  endfacet
  facet normal 0 0 1
    outer loop
      vertex 11.243 -11.243 12
      vertex -10.8759 -11.738 12
      vertex -10.7878 -11.9243 12
    endloop
  endfacet
  facet normal 0 0 1
    outer loop
      vertex -11.243 11.243 12
      vertex 11.243 11.243 12
      vertex -11.1046 11.3957 12
    endloop
  endfacet
  facet normal 0 0 1
    outer loop
      vertex 11.243 -11.243 12
      vertex -10.9818 -11.5612 12
      vertex -10.8759 -11.738 12
    endloop
  endfacet
  facet normal 0 0 1
    outer loop
      vertex 11.243 11.243 12
      vertex -11.243 11.243 12
      vertex 11.243 -11.243 12
    endloop
  endfacet
  facet normal 0 0 1
    outer loop
      vertex 11.243 -11.243 12
      vertex -11.1046 -11.3957 12
      vertex -10.9818 -11.5612 12
    endloop
  endfacet
  facet normal 0 0 1
    outer loop
      vertex -11.243 -11.243 12
      vertex 11.243 -11.243 12
      vertex -11.243 11.243 12
    endloop
  endfacet
  facet normal 0 0 1
    outer loop
      vertex 11.243 -11.243 12
      vertex -11.243 -11.243 12
      vertex -11.1046 -11.3957 12
    endloop
  endfacet
  facet normal -0 0 1
    outer loop
      vertex -11.3957 11.1046 12
      vertex -11.243 -11.243 12
      vertex -11.243 11.243 12
    endloop
  endfacet
  facet normal 0 0 1
    outer loop
      vertex -11.3957 11.1046 12
      vertex -11.3957 -11.1046 12
      vertex -11.243 -11.243 12
    endloop
  endfacet
  facet normal -0 0 1
    outer loop
      vertex -11.5612 10.9818 12
      vertex -11.3957 -11.1046 12
      vertex -11.3957 11.1046 12
    endloop
  endfacet
  facet normal 0 0 1
    outer loop
      vertex -11.5612 10.9818 12
      vertex -11.5612 -10.9818 12
      vertex -11.3957 -11.1046 12
    endloop
  endfacet
  facet normal -0 0 1
    outer loop
      vertex -11.738 10.8759 12
      vertex -11.5612 -10.9818 12
      vertex -11.5612 10.9818 12
    endloop
  endfacet
  facet normal 0 0 1
    outer loop
      vertex -11.738 10.8759 12
      vertex -11.738 -10.8759 12
      vertex -11.5612 -10.9818 12
    endloop
  endfacet
  facet normal -0 0 1
    outer loop
      vertex -11.9243 10.7878 12
      vertex -11.738 -10.8759 12
      vertex -11.738 10.8759 12
    endloop
  endfacet
  facet normal 0 0 1
    outer loop
      vertex -11.9243 10.7878 12
      vertex -11.9243 -10.7878 12
      vertex -11.738 -10.8759 12
    endloop
  endfacet
  facet normal -0 0 1
    outer loop
      vertex -12.1183 10.7183 12
      vertex -11.9243 -10.7878 12
      vertex -11.9243 10.7878 12
    endloop
  endfacet
  facet normal 0 0 1
    outer loop
      vertex -12.1183 10.7183 12
      vertex -12.1183 -10.7183 12
      vertex -11.9243 -10.7878 12
    endloop
  endfacet
  facet normal 0 0 1
    outer loop
      vertex -14.5218 9.38771 12
      vertex -12.7279 10.6279 12
      vertex -14.4689 9.53554 12
    endloop
  endfacet
  facet normal -0 0 1
    outer loop
      vertex -12.7279 10.6279 12
      vertex -14.5218 9.38771 12
      vertex -12.5221 10.638 12
    endloop
  endfacet
  facet normal 0 0 1
    outer loop
      vertex -14.4689 9.53554 12
      vertex -12.9338 10.638 12
      vertex -14.4307 9.68785 12
    endloop
  endfacet
  facet normal 0 0 1
    outer loop
      vertex -12.9338 10.638 12
      vertex -14.4689 9.53554 12
      vertex -12.7279 10.6279 12
    endloop
  endfacet
  facet normal 0 0 1
    outer loop
      vertex -13.1376 10.6683 12
      vertex -14.4307 9.68785 12
      vertex -12.9338 10.638 12
    endloop
  endfacet
  facet normal 0 0 1
    outer loop
      vertex -14.5889 9.24576 12
      vertex -12.5221 10.638 12
      vertex -14.5218 9.38771 12
    endloop
  endfacet
  facet normal 0 0 1
    outer loop
      vertex -14.4307 9.68785 12
      vertex -13.1376 10.6683 12
      vertex -14.4077 9.84317 12
    endloop
  endfacet
  facet normal 0 0 1
    outer loop
      vertex -12.3182 -10.6683 12
      vertex -14.4 -10 12
      vertex -12.5221 -10.638 12
    endloop
  endfacet
  facet normal 0 0 1
    outer loop
      vertex -13.3375 10.7183 12
      vertex -14.4077 9.84317 12
      vertex -13.1376 10.6683 12
    endloop
  endfacet
  facet normal 0 0 1
    outer loop
      vertex -12.5221 -10.638 12
      vertex -14.4 -10 12
      vertex -12.7279 -10.6279 12
    endloop
  endfacet
  facet normal 0 0 1
    outer loop
      vertex -14.4077 9.84317 12
      vertex -13.3375 10.7183 12
      vertex -14.4 10 12
    endloop
  endfacet
  facet normal 0 0 1
    outer loop
      vertex -12.7279 -10.6279 12
      vertex -14.4 -10 12
      vertex -12.9338 -10.638 12
    endloop
  endfacet
  facet normal 0 0 1
    outer loop
      vertex -14.4 10 12
      vertex -13.3375 10.7183 12
      vertex -13.5316 10.7878 12
    endloop
  endfacet
  facet normal 0 0 1
    outer loop
      vertex -12.9338 -10.638 12
      vertex -14.4 -10 12
      vertex -13.1376 -10.6683 12
    endloop
  endfacet
  facet normal 0 0 1
    outer loop
      vertex -14.4307 10.3121 12
      vertex -13.5316 10.7878 12
      vertex -13.7179 10.8759 12
    endloop
  endfacet
  facet normal 0 0 1
    outer loop
      vertex -13.1376 -10.6683 12
      vertex -14.4 -10 12
      vertex -13.3375 -10.7183 12
    endloop
  endfacet
  facet normal 0 0 1
    outer loop
      vertex -14.4689 10.4645 12
      vertex -13.7179 10.8759 12
      vertex -13.8946 10.9818 12
    endloop
  endfacet
  facet normal 0 0 1
    outer loop
      vertex -13.3375 -10.7183 12
      vertex -14.4 -10 12
      vertex -13.5316 -10.7878 12
    endloop
  endfacet
  facet normal 0 0 1
    outer loop
      vertex -14.5218 10.6123 12
      vertex -13.8946 10.9818 12
      vertex -14.0601 11.1046 12
    endloop
  endfacet
  facet normal -0 0 1
    outer loop
      vertex -14.4077 -10.1568 12
      vertex -13.5316 -10.7878 12
      vertex -14.4 -10 12
    endloop
  endfacet
  facet normal 0 0 1
    outer loop
      vertex -14.5889 10.7542 12
      vertex -14.0601 11.1046 12
      vertex -14.2128 11.243 12
    endloop
  endfacet
  facet normal -0 0 1
    outer loop
      vertex -14.4307 -10.3121 12
      vertex -13.5316 -10.7878 12
      vertex -14.4077 -10.1568 12
    endloop
  endfacet
  facet normal 0 0 1
    outer loop
      vertex -14.7632 11.015 12
      vertex -14.2128 11.243 12
      vertex -14.3512 11.3957 12
    endloop
  endfacet
  facet normal 0 0 1
    outer loop
      vertex -13.5316 -10.7878 12
      vertex -14.4307 -10.3121 12
      vertex -13.7179 -10.8759 12
    endloop
  endfacet
  facet normal -0 0 1
    outer loop
      vertex -14.4689 -10.4645 12
      vertex -13.7179 -10.8759 12
      vertex -14.4307 -10.3121 12
    endloop
  endfacet
  facet normal 0 0 1
    outer loop
      vertex -13.5316 10.7878 12
      vertex -14.4077 10.1568 12
      vertex -14.4 10 12
    endloop
  endfacet
  facet normal 0 0 1
    outer loop
      vertex -13.5316 10.7878 12
      vertex -14.4307 10.3121 12
      vertex -14.4077 10.1568 12
    endloop
  endfacet
  facet normal 0 0 1
    outer loop
      vertex -13.7179 10.8759 12
      vertex -14.4689 10.4645 12
      vertex -14.4307 10.3121 12
    endloop
  endfacet
  facet normal 0 0 1
    outer loop
      vertex -14.8686 11.1314 12
      vertex -14.3512 11.3957 12
      vertex -14.474 11.5612 12
    endloop
  endfacet
  facet normal 0 0 1
    outer loop
      vertex -13.8946 10.9818 12
      vertex -14.5218 10.6123 12
      vertex -14.4689 10.4645 12
    endloop
  endfacet
  facet normal 0 0 1
    outer loop
      vertex -14.8686 11.1314 12
      vertex -14.474 11.5612 12
      vertex -14.58 11.738 12
    endloop
  endfacet
  facet normal 0 0 1
    outer loop
      vertex -14.0601 11.1046 12
      vertex -14.5889 10.7542 12
      vertex -14.5218 10.6123 12
    endloop
  endfacet
  facet normal 0 0 1
    outer loop
      vertex -14.8686 11.1314 12
      vertex -14.58 11.738 12
      vertex -14.6681 11.9243 12
    endloop
  endfacet
  facet normal 0 0 1
    outer loop
      vertex -14.2128 11.243 12
      vertex -14.6696 10.8889 12
      vertex -14.5889 10.7542 12
    endloop
  endfacet
  facet normal 0 0 1
    outer loop
      vertex -14.8686 11.1314 12
      vertex -14.6681 11.9243 12
      vertex -14.7375 12.1183 12
    endloop
  endfacet
  facet normal 0 0 1
    outer loop
      vertex -14.2128 11.243 12
      vertex -14.7632 11.015 12
      vertex -14.6696 10.8889 12
    endloop
  endfacet
  facet normal 0 0 1
    outer loop
      vertex -14.8686 11.1314 12
      vertex -14.7375 12.1183 12
      vertex -14.7876 12.3182 12
    endloop
  endfacet
  facet normal 0 0 1
    outer loop
      vertex -14.8686 11.1314 12
      vertex -14.7876 12.3182 12
      vertex -14.8178 12.5221 12
    endloop
  endfacet
  facet normal 0 0 1
    outer loop
      vertex -14.9424 12.5853 12
      vertex -14.8279 12.7279 12
      vertex -14.8708 12.8708 12
    endloop
  endfacet
  facet normal 0 0 1
    outer loop
      vertex -14.3512 11.3957 12
      vertex -14.8686 11.1314 12
      vertex -14.7632 11.015 12
    endloop
  endfacet
  facet normal 0 0 1
    outer loop
      vertex 12.8708 14.8708 12
      vertex 12.9338 14.8178 12
      vertex 13.0794 14.7962 12
    endloop
  endfacet
  facet normal 0 0 1
    outer loop
      vertex 12.8708 14.8708 12
      vertex 12.7279 14.8279 12
      vertex 12.9338 14.8178 12
    endloop
  endfacet
  facet normal 0 0 1
    outer loop
      vertex 12.5853 14.9424 12
      vertex 12.7279 14.8279 12
      vertex 12.8708 14.8708 12
    endloop
  endfacet
  facet normal 0 0 1
    outer loop
      vertex 12.5853 14.9424 12
      vertex 12.5221 14.8178 12
      vertex 12.7279 14.8279 12
    endloop
  endfacet
  facet normal 0 0 1
    outer loop
      vertex 12.2941 14.9855 12
      vertex 12.5221 14.8178 12
      vertex 12.5853 14.9424 12
    endloop
  endfacet
  facet normal 0 0 1
    outer loop
      vertex 12.5221 14.8178 12
      vertex 12.2941 14.9855 12
      vertex 12.3182 14.7876 12
    endloop
  endfacet
  facet normal 0 0 1
    outer loop
      vertex 12.2941 14.9855 12
      vertex 12.1183 14.7375 12
      vertex 12.3182 14.7876 12
    endloop
  endfacet
  facet normal 0 0 1
    outer loop
      vertex 12 15 12
      vertex 12.1183 14.7375 12
      vertex 12.2941 14.9855 12
    endloop
  endfacet
  facet normal 0 0 1
    outer loop
      vertex 12 15 12
      vertex 11.9243 14.6681 12
      vertex 12.1183 14.7375 12
    endloop
  endfacet
  facet normal 0 0 1
    outer loop
      vertex 12 15 12
      vertex 11.738 14.58 12
      vertex 11.9243 14.6681 12
    endloop
  endfacet
  facet normal 0 0 1
    outer loop
      vertex 12 15 12
      vertex 11.5612 14.474 12
      vertex 11.738 14.58 12
    endloop
  endfacet
  facet normal 0 0 1
    outer loop
      vertex 12 15 12
      vertex 11.3957 14.3512 12
      vertex 11.5612 14.474 12
    endloop
  endfacet
  facet normal 0 0 1
    outer loop
      vertex 12 15 12
      vertex 11.243 14.2128 12
      vertex 11.3957 14.3512 12
    endloop
  endfacet
  facet normal 0 0 1
    outer loop
      vertex 10.6683 -12.3182 12
      vertex -10.6279 -12.7279 12
      vertex 10.638 -12.5221 12
    endloop
  endfacet
  facet normal 0 0 1
    outer loop
      vertex 10.638 12.9338 12
      vertex -10.6279 12.7279 12
      vertex 10.6279 12.7279 12
    endloop
  endfacet
  facet normal 0 0 1
    outer loop
      vertex -10.638 12.9338 12
      vertex 10.638 12.9338 12
      vertex 10.6683 13.1376 12
    endloop
  endfacet
  facet normal 0 0 1
    outer loop
      vertex -10.6683 13.1376 12
      vertex 10.6683 13.1376 12
      vertex 10.7183 13.3375 12
    endloop
  endfacet
  facet normal 0 0 1
    outer loop
      vertex -10.7183 13.3375 12
      vertex 10.7183 13.3375 12
      vertex 10.7878 13.5316 12
    endloop
  endfacet
  facet normal 0 0 1
    outer loop
      vertex -10.7878 13.5316 12
      vertex 10.7878 13.5316 12
      vertex 10.8759 13.7179 12
    endloop
  endfacet
  facet normal 0 0 1
    outer loop
      vertex -10.8759 13.7179 12
      vertex 10.8759 13.7179 12
      vertex 10.9818 13.8946 12
    endloop
  endfacet
  facet normal 0 0 1
    outer loop
      vertex -10.9818 13.8946 12
      vertex 10.9818 13.8946 12
      vertex 11.1046 14.0601 12
    endloop
  endfacet
  facet normal 0 0 1
    outer loop
      vertex -11.1046 14.0601 12
      vertex 11.1046 14.0601 12
      vertex 11.243 14.2128 12
    endloop
  endfacet
  facet normal 0 0 1
    outer loop
      vertex -11.243 14.2128 12
      vertex 11.243 14.2128 12
      vertex 12 15 12
    endloop
  endfacet
  facet normal 0 0 1
    outer loop
      vertex 10.638 12.9338 12
      vertex -10.638 12.9338 12
      vertex -10.6279 12.7279 12
    endloop
  endfacet
  facet normal 0 0 1
    outer loop
      vertex 10.6683 13.1376 12
      vertex -10.6683 13.1376 12
      vertex -10.638 12.9338 12
    endloop
  endfacet
  facet normal 0 0 1
    outer loop
      vertex 10.7183 13.3375 12
      vertex -10.7183 13.3375 12
      vertex -10.6683 13.1376 12
    endloop
  endfacet
  facet normal 0 0 1
    outer loop
      vertex 10.7878 13.5316 12
      vertex -10.7878 13.5316 12
      vertex -10.7183 13.3375 12
    endloop
  endfacet
  facet normal 0 0 1
    outer loop
      vertex 10.8759 13.7179 12
      vertex -10.8759 13.7179 12
      vertex -10.7878 13.5316 12
    endloop
  endfacet
  facet normal 0 0 1
    outer loop
      vertex 10.9818 13.8946 12
      vertex -10.9818 13.8946 12
      vertex -10.8759 13.7179 12
    endloop
  endfacet
  facet normal 0 0 1
    outer loop
      vertex 11.1046 14.0601 12
      vertex -11.1046 14.0601 12
      vertex -10.9818 13.8946 12
    endloop
  endfacet
  facet normal 0 0 1
    outer loop
      vertex 11.243 14.2128 12
      vertex -11.243 14.2128 12
      vertex -11.1046 14.0601 12
    endloop
  endfacet
  facet normal -0 0 1
    outer loop
      vertex -12 15 12
      vertex -11.243 14.2128 12
      vertex 12 15 12
    endloop
  endfacet
  facet normal 0 0 1
    outer loop
      vertex -11.243 14.2128 12
      vertex -12 15 12
      vertex -11.3957 14.3512 12
    endloop
  endfacet
  facet normal 0 0 1
    outer loop
      vertex -11.3957 14.3512 12
      vertex -12 15 12
      vertex -11.5612 14.474 12
    endloop
  endfacet
  facet normal 0 0 1
    outer loop
      vertex -11.5612 14.474 12
      vertex -12 15 12
      vertex -11.738 14.58 12
    endloop
  endfacet
  facet normal 0 0 1
    outer loop
      vertex -11.738 14.58 12
      vertex -12 15 12
      vertex -11.9243 14.6681 12
    endloop
  endfacet
  facet normal 0 0 1
    outer loop
      vertex -12 15 12
      vertex -12.1183 14.7375 12
      vertex -11.9243 14.6681 12
    endloop
  endfacet
  facet normal -0 0 1
    outer loop
      vertex -12.2941 14.9855 12
      vertex -12.1183 14.7375 12
      vertex -12 15 12
    endloop
  endfacet
  facet normal 0 0 1
    outer loop
      vertex -12.2941 14.9855 12
      vertex -12.3182 14.7876 12
      vertex -12.1183 14.7375 12
    endloop
  endfacet
  facet normal 0 0 1
    outer loop
      vertex -12.2941 14.9855 12
      vertex -12.5221 14.8178 12
      vertex -12.3182 14.7876 12
    endloop
  endfacet
  facet normal -0 0 1
    outer loop
      vertex -12.5853 14.9424 12
      vertex -12.5221 14.8178 12
      vertex -12.2941 14.9855 12
    endloop
  endfacet
  facet normal 0 0 1
    outer loop
      vertex -12.5853 14.9424 12
      vertex -12.7279 14.8279 12
      vertex -12.5221 14.8178 12
    endloop
  endfacet
  facet normal -0 0 1
    outer loop
      vertex -12.8708 14.8708 12
      vertex -12.7279 14.8279 12
      vertex -12.5853 14.9424 12
    endloop
  endfacet
  facet normal 0 0 1
    outer loop
      vertex -12.8708 14.8708 12
      vertex -12.9338 14.8178 12
      vertex -12.7279 14.8279 12
    endloop
  endfacet
  facet normal 0 -0 1
    outer loop
      vertex -12.9338 14.8178 12
      vertex -12.8708 14.8708 12
      vertex -13.0794 14.7962 12
    endloop
  endfacet
  facet normal -0 0 1
    outer loop
      vertex 12.9338 -14.8178 12
      vertex 12.8708 -14.8708 12
      vertex 13.0794 -14.7962 12
    endloop
  endfacet
  facet normal -0 0 1
    outer loop
      vertex 12.7279 -14.8279 12
      vertex 12.8708 -14.8708 12
      vertex 12.9338 -14.8178 12
    endloop
  endfacet
  facet normal 0 0 1
    outer loop
      vertex 12.7279 -14.8279 12
      vertex 12.5853 -14.9424 12
      vertex 12.8708 -14.8708 12
    endloop
  endfacet
  facet normal 0 0 1
    outer loop
      vertex 12.5221 -14.8178 12
      vertex 12.5853 -14.9424 12
      vertex 12.7279 -14.8279 12
    endloop
  endfacet
  facet normal 0 0 1
    outer loop
      vertex 12.2941 -14.9855 12
      vertex 12.5221 -14.8178 12
      vertex 12.3182 -14.7876 12
    endloop
  endfacet
  facet normal 0 0 1
    outer loop
      vertex 12.5221 -14.8178 12
      vertex 12.2941 -14.9855 12
      vertex 12.5853 -14.9424 12
    endloop
  endfacet
  facet normal 0 0 1
    outer loop
      vertex 12.1183 -14.7375 12
      vertex 12.2941 -14.9855 12
      vertex 12.3182 -14.7876 12
    endloop
  endfacet
  facet normal 0 0 1
    outer loop
      vertex 12.1183 -14.7375 12
      vertex 12 -15 12
      vertex 12.2941 -14.9855 12
    endloop
  endfacet
  facet normal 0 0 1
    outer loop
      vertex 11.9243 -14.6681 12
      vertex 12 -15 12
      vertex 12.1183 -14.7375 12
    endloop
  endfacet
  facet normal 0 0 1
    outer loop
      vertex 11.738 -14.58 12
      vertex 12 -15 12
      vertex 11.9243 -14.6681 12
    endloop
  endfacet
  facet normal 0 0 1
    outer loop
      vertex 11.5612 -14.474 12
      vertex 12 -15 12
      vertex 11.738 -14.58 12
    endloop
  endfacet
  facet normal 0 0 1
    outer loop
      vertex 11.3957 -14.3512 12
      vertex 12 -15 12
      vertex 11.5612 -14.474 12
    endloop
  endfacet
  facet normal 0 0 1
    outer loop
      vertex 11.243 -14.2128 12
      vertex 12 -15 12
      vertex 11.3957 -14.3512 12
    endloop
  endfacet
  facet normal 0 0 1
    outer loop
      vertex 10.638 -12.5221 12
      vertex -10.6279 -12.7279 12
      vertex 10.6279 -12.7279 12
    endloop
  endfacet
  facet normal 0 0 1
    outer loop
      vertex 10.6279 -12.7279 12
      vertex -10.6279 -12.7279 12
      vertex 10.638 -12.9338 12
    endloop
  endfacet
  facet normal 0 0 1
    outer loop
      vertex -10.638 -12.9338 12
      vertex 10.638 -12.9338 12
      vertex -10.6279 -12.7279 12
    endloop
  endfacet
  facet normal 0 0 1
    outer loop
      vertex 10.638 -12.9338 12
      vertex -10.638 -12.9338 12
      vertex 10.6683 -13.1376 12
    endloop
  endfacet
  facet normal 0 0 1
    outer loop
      vertex -10.6683 -13.1376 12
      vertex 10.6683 -13.1376 12
      vertex -10.638 -12.9338 12
    endloop
  endfacet
  facet normal 0 0 1
    outer loop
      vertex 10.6683 -13.1376 12
      vertex -10.6683 -13.1376 12
      vertex 10.7183 -13.3375 12
    endloop
  endfacet
  facet normal 0 0 1
    outer loop
      vertex -10.7183 -13.3375 12
      vertex 10.7183 -13.3375 12
      vertex -10.6683 -13.1376 12
    endloop
  endfacet
  facet normal 0 0 1
    outer loop
      vertex 10.7183 -13.3375 12
      vertex -10.7183 -13.3375 12
      vertex 10.7878 -13.5316 12
    endloop
  endfacet
  facet normal 0 0 1
    outer loop
      vertex -10.7878 -13.5316 12
      vertex 10.7878 -13.5316 12
      vertex -10.7183 -13.3375 12
    endloop
  endfacet
  facet normal 0 0 1
    outer loop
      vertex 10.7878 -13.5316 12
      vertex -10.7878 -13.5316 12
      vertex 10.8759 -13.7179 12
    endloop
  endfacet
  facet normal 0 0 1
    outer loop
      vertex -10.8759 -13.7179 12
      vertex 10.8759 -13.7179 12
      vertex -10.7878 -13.5316 12
    endloop
  endfacet
  facet normal 0 0 1
    outer loop
      vertex 10.8759 -13.7179 12
      vertex -10.8759 -13.7179 12
      vertex 10.9818 -13.8946 12
    endloop
  endfacet
  facet normal 0 0 1
    outer loop
      vertex -10.9818 -13.8946 12
      vertex 10.9818 -13.8946 12
      vertex -10.8759 -13.7179 12
    endloop
  endfacet
  facet normal 0 0 1
    outer loop
      vertex 10.9818 -13.8946 12
      vertex -10.9818 -13.8946 12
      vertex 11.1046 -14.0601 12
    endloop
  endfacet
  facet normal 0 0 1
    outer loop
      vertex -11.1046 -14.0601 12
      vertex 11.1046 -14.0601 12
      vertex -10.9818 -13.8946 12
    endloop
  endfacet
  facet normal 0 0 1
    outer loop
      vertex 11.1046 -14.0601 12
      vertex -11.1046 -14.0601 12
      vertex 11.243 -14.2128 12
    endloop
  endfacet
  facet normal 0 0 1
    outer loop
      vertex -11.243 -14.2128 12
      vertex 11.243 -14.2128 12
      vertex -11.1046 -14.0601 12
    endloop
  endfacet
  facet normal 0 0 1
    outer loop
      vertex 11.243 -14.2128 12
      vertex -11.243 -14.2128 12
      vertex 12 -15 12
    endloop
  endfacet
  facet normal 0 0 1
    outer loop
      vertex -12 -15 12
      vertex -11.243 -14.2128 12
      vertex -11.3957 -14.3512 12
    endloop
  endfacet
  facet normal 0 0 1
    outer loop
      vertex -12 -15 12
      vertex -11.3957 -14.3512 12
      vertex -11.5612 -14.474 12
    endloop
  endfacet
  facet normal 0 0 1
    outer loop
      vertex -12 -15 12
      vertex -11.5612 -14.474 12
      vertex -11.738 -14.58 12
    endloop
  endfacet
  facet normal 0 0 1
    outer loop
      vertex -12 -15 12
      vertex -11.738 -14.58 12
      vertex -11.9243 -14.6681 12
    endloop
  endfacet
  facet normal 0 0 1
    outer loop
      vertex -11.243 -14.2128 12
      vertex -12 -15 12
      vertex 12 -15 12
    endloop
  endfacet
  facet normal -0 0 1
    outer loop
      vertex -12.1183 -14.7375 12
      vertex -12 -15 12
      vertex -11.9243 -14.6681 12
    endloop
  endfacet
  facet normal 0 0 1
    outer loop
      vertex -12.1183 -14.7375 12
      vertex -12.2941 -14.9855 12
      vertex -12 -15 12
    endloop
  endfacet
  facet normal -0 0 1
    outer loop
      vertex -12.3182 -14.7876 12
      vertex -12.2941 -14.9855 12
      vertex -12.1183 -14.7375 12
    endloop
  endfacet
  facet normal -0 0 1
    outer loop
      vertex -12.5221 -14.8178 12
      vertex -12.2941 -14.9855 12
      vertex -12.3182 -14.7876 12
    endloop
  endfacet
  facet normal 0 0 1
    outer loop
      vertex -12.5221 -14.8178 12
      vertex -12.5853 -14.9424 12
      vertex -12.2941 -14.9855 12
    endloop
  endfacet
  facet normal -0 0 1
    outer loop
      vertex -12.7279 -14.8279 12
      vertex -12.5853 -14.9424 12
      vertex -12.5221 -14.8178 12
    endloop
  endfacet
  facet normal 0 0 1
    outer loop
      vertex -12.7279 -14.8279 12
      vertex -12.8708 -14.8708 12
      vertex -12.5853 -14.9424 12
    endloop
  endfacet
  facet normal 0 0 1
    outer loop
      vertex -12.9338 -14.8178 12
      vertex -12.8708 -14.8708 12
      vertex -12.7279 -14.8279 12
    endloop
  endfacet
  facet normal 0 0 1
    outer loop
      vertex -12.8708 -14.8708 12
      vertex -12.9338 -14.8178 12
      vertex -13.0794 -14.7962 12
    endloop
  endfacet
  facet normal 0 0 1
    outer loop
      vertex -13.7179 -10.8759 12
      vertex -14.4689 -10.4645 12
      vertex -13.8946 -10.9818 12
    endloop
  endfacet
  facet normal -0 0 1
    outer loop
      vertex -14.5218 -10.6123 12
      vertex -13.8946 -10.9818 12
      vertex -14.4689 -10.4645 12
    endloop
  endfacet
  facet normal 0 0 1
    outer loop
      vertex -13.8946 -10.9818 12
      vertex -14.5218 -10.6123 12
      vertex -14.0601 -11.1046 12
    endloop
  endfacet
  facet normal -0 0 1
    outer loop
      vertex -14.5889 -10.7542 12
      vertex -14.0601 -11.1046 12
      vertex -14.5218 -10.6123 12
    endloop
  endfacet
  facet normal 0 0 1
    outer loop
      vertex -14.0601 -11.1046 12
      vertex -14.5889 -10.7542 12
      vertex -14.2128 -11.243 12
    endloop
  endfacet
  facet normal -0 0 1
    outer loop
      vertex -14.6696 -10.8889 12
      vertex -14.2128 -11.243 12
      vertex -14.5889 -10.7542 12
    endloop
  endfacet
  facet normal -0 0 1
    outer loop
      vertex -14.7632 -11.015 12
      vertex -14.2128 -11.243 12
      vertex -14.6696 -10.8889 12
    endloop
  endfacet
  facet normal 0 0 1
    outer loop
      vertex -14.2128 -11.243 12
      vertex -14.7632 -11.015 12
      vertex -14.3512 -11.3957 12
    endloop
  endfacet
  facet normal -0 0 1
    outer loop
      vertex -14.8686 -11.1314 12
      vertex -14.3512 -11.3957 12
      vertex -14.7632 -11.015 12
    endloop
  endfacet
  facet normal 0 0 1
    outer loop
      vertex -14.3512 -11.3957 12
      vertex -14.8686 -11.1314 12
      vertex -14.474 -11.5612 12
    endloop
  endfacet
  facet normal -0 0 1
    outer loop
      vertex -14.985 -11.2368 12
      vertex -14.474 -11.5612 12
      vertex -14.8686 -11.1314 12
    endloop
  endfacet
  facet normal 0 0 1
    outer loop
      vertex -14.474 -11.5612 12
      vertex -14.985 -11.2368 12
      vertex -14.58 -11.738 12
    endloop
  endfacet
  facet normal -0 0 1
    outer loop
      vertex -15 -11.248 12
      vertex -14.58 -11.738 12
      vertex -14.985 -11.2368 12
    endloop
  endfacet
  facet normal 0 0 1
    outer loop
      vertex -15 -12 12
      vertex -14.58 -11.738 12
      vertex -15 -11.248 12
    endloop
  endfacet
  facet normal 0 0 1
    outer loop
      vertex -14.7375 -12.1183 12
      vertex -14.9855 -12.2941 12
      vertex -14.7876 -12.3182 12
    endloop
  endfacet
  facet normal 0 -0 1
    outer loop
      vertex -14.9855 -12.2941 12
      vertex -14.7375 -12.1183 12
      vertex -15 -12 12
    endloop
  endfacet
  facet normal -0 0 1
    outer loop
      vertex 14.7375 12.1183 12
      vertex 15 12 12
      vertex 14.9855 12.2941 12
    endloop
  endfacet
  facet normal 0 0 1
    outer loop
      vertex 14.58 11.738 12
      vertex 15 12 12
      vertex 14.6681 11.9243 12
    endloop
  endfacet
  facet normal -0 0 1
    outer loop
      vertex 14.8178 12.5221 12
      vertex 14.9855 12.2941 12
      vertex 14.9424 12.5853 12
    endloop
  endfacet
  facet normal -0 0 1
    outer loop
      vertex 14.8279 12.7279 12
      vertex 14.9424 12.5853 12
      vertex 14.8708 12.8708 12
    endloop
  endfacet
  facet normal 0 0 1
    outer loop
      vertex 14.9855 12.2941 12
      vertex 14.8178 12.5221 12
      vertex 14.7876 12.3182 12
    endloop
  endfacet
  facet normal 0 0 1
    outer loop
      vertex 14.9424 12.5853 12
      vertex 14.8279 12.7279 12
      vertex 14.8178 12.5221 12
    endloop
  endfacet
  facet normal 0 0 1
    outer loop
      vertex 14.8708 12.8708 12
      vertex 14.8178 12.9338 12
      vertex 14.8279 12.7279 12
    endloop
  endfacet
  facet normal -0 -0 1
    outer loop
      vertex 14.8178 12.9338 12
      vertex 14.8708 12.8708 12
      vertex 14.7962 13.0794 12
    endloop
  endfacet
  facet normal 0 0 1
    outer loop
      vertex 14.9855 12.2941 12
      vertex 14.7876 12.3182 12
      vertex 14.7375 12.1183 12
    endloop
  endfacet
  facet normal 0 0 1
    outer loop
      vertex 15 12 12
      vertex 14.7375 12.1183 12
      vertex 14.6681 11.9243 12
    endloop
  endfacet
  facet normal 0 0 1
    outer loop
      vertex 15 12 12
      vertex 14.58 11.738 12
      vertex 15 11.248 12
    endloop
  endfacet
  facet normal 0 0 1
    outer loop
      vertex 15 11.248 12
      vertex 14.58 11.738 12
      vertex 14.985 11.2368 12
    endloop
  endfacet
  facet normal -0 0 1
    outer loop
      vertex 14.474 11.5612 12
      vertex 14.985 11.2368 12
      vertex 14.58 11.738 12
    endloop
  endfacet
  facet normal 0 0 1
    outer loop
      vertex 14.985 11.2368 12
      vertex 14.474 11.5612 12
      vertex 14.8686 11.1314 12
    endloop
  endfacet
  facet normal -0 0 1
    outer loop
      vertex 14.3512 11.3957 12
      vertex 14.8686 11.1314 12
      vertex 14.474 11.5612 12
    endloop
  endfacet
  facet normal 0 0 1
    outer loop
      vertex 14.8686 11.1314 12
      vertex 14.3512 11.3957 12
      vertex 14.7632 11.015 12
    endloop
  endfacet
  facet normal -0 0 1
    outer loop
      vertex 14.2128 11.243 12
      vertex 14.7632 11.015 12
      vertex 14.3512 11.3957 12
    endloop
  endfacet
  facet normal 0 0 1
    outer loop
      vertex 14.7632 11.015 12
      vertex 14.2128 11.243 12
      vertex 14.6696 10.8889 12
    endloop
  endfacet
  facet normal 0 0 1
    outer loop
      vertex 14.6696 10.8889 12
      vertex 14.2128 11.243 12
      vertex 14.5889 10.7542 12
    endloop
  endfacet
  facet normal -0 0 1
    outer loop
      vertex 14.0601 11.1046 12
      vertex 14.5889 10.7542 12
      vertex 14.2128 11.243 12
    endloop
  endfacet
  facet normal 0 0 1
    outer loop
      vertex 14.5889 10.7542 12
      vertex 14.0601 11.1046 12
      vertex 14.5218 10.6123 12
    endloop
  endfacet
  facet normal -0 0 1
    outer loop
      vertex 13.8946 10.9818 12
      vertex 14.5218 10.6123 12
      vertex 14.0601 11.1046 12
    endloop
  endfacet
  facet normal -0 0 1
    outer loop
      vertex 13.7179 10.8759 12
      vertex 14.4689 10.4645 12
      vertex 13.8946 10.9818 12
    endloop
  endfacet
  facet normal 0 0 1
    outer loop
      vertex 14.5218 10.6123 12
      vertex 13.8946 10.9818 12
      vertex 14.4689 10.4645 12
    endloop
  endfacet
  facet normal 0 0 1
    outer loop
      vertex 14.985 8.76318 12
      vertex 15 -8.75204 12
      vertex 15 8.75204 12
    endloop
  endfacet
  facet normal 0 0 1
    outer loop
      vertex 14.985 8.76318 12
      vertex 14.985 -8.76318 12
      vertex 15 -8.75204 12
    endloop
  endfacet
  facet normal 0 0 1
    outer loop
      vertex 14.8686 8.86863 12
      vertex 14.985 -8.76318 12
      vertex 14.985 8.76318 12
    endloop
  endfacet
  facet normal 0 0 1
    outer loop
      vertex 14.8686 8.86863 12
      vertex 14.8686 -8.86863 12
      vertex 14.985 -8.76318 12
    endloop
  endfacet
  facet normal 0 0 1
    outer loop
      vertex 14.7632 8.98497 12
      vertex 14.8686 -8.86863 12
      vertex 14.8686 8.86863 12
    endloop
  endfacet
  facet normal 0 0 1
    outer loop
      vertex 14.7632 8.98497 12
      vertex 14.7632 -8.98497 12
      vertex 14.8686 -8.86863 12
    endloop
  endfacet
  facet normal 0 0 1
    outer loop
      vertex 14.6696 9.11109 12
      vertex 14.7632 -8.98497 12
      vertex 14.7632 8.98497 12
    endloop
  endfacet
  facet normal 0 0 1
    outer loop
      vertex 14.6696 9.11109 12
      vertex 14.6696 -9.11109 12
      vertex 14.7632 -8.98497 12
    endloop
  endfacet
  facet normal 0 0 1
    outer loop
      vertex 14.5889 9.24576 12
      vertex 14.6696 -9.11109 12
      vertex 14.6696 9.11109 12
    endloop
  endfacet
  facet normal 0 0 1
    outer loop
      vertex 14.5889 9.24576 12
      vertex 14.5889 -9.24576 12
      vertex 14.6696 -9.11109 12
    endloop
  endfacet
  facet normal 0 0 1
    outer loop
      vertex 14.5218 9.38771 12
      vertex 14.5889 -9.24576 12
      vertex 14.5889 9.24576 12
    endloop
  endfacet
  facet normal 0 0 1
    outer loop
      vertex 14.5218 9.38771 12
      vertex 14.5218 -9.38771 12
      vertex 14.5889 -9.24576 12
    endloop
  endfacet
  facet normal 0 0 1
    outer loop
      vertex 14.4689 9.53554 12
      vertex 14.5218 -9.38771 12
      vertex 14.5218 9.38771 12
    endloop
  endfacet
  facet normal 0 0 1
    outer loop
      vertex 14.4689 9.53554 12
      vertex 14.4689 -9.53554 12
      vertex 14.5218 -9.38771 12
    endloop
  endfacet
  facet normal 0 0 1
    outer loop
      vertex 14.4307 9.68785 12
      vertex 14.4689 -9.53554 12
      vertex 14.4689 9.53554 12
    endloop
  endfacet
  facet normal 0 0 1
    outer loop
      vertex 14.4307 9.68785 12
      vertex 14.4307 -9.68785 12
      vertex 14.4689 -9.53554 12
    endloop
  endfacet
  facet normal 0 0 1
    outer loop
      vertex 14.4077 9.84317 12
      vertex 14.4307 -9.68785 12
      vertex 14.4307 9.68785 12
    endloop
  endfacet
  facet normal 0 0 1
    outer loop
      vertex 14.4077 9.84317 12
      vertex 14.4077 -9.84317 12
      vertex 14.4307 -9.68785 12
    endloop
  endfacet
  facet normal 0 0 1
    outer loop
      vertex 14.4 10 12
      vertex 14.4077 -9.84317 12
      vertex 14.4077 9.84317 12
    endloop
  endfacet
  facet normal 0 0 1
    outer loop
      vertex 14.4077 -9.84317 12
      vertex 14.4 10 12
      vertex 14.4 -10 12
    endloop
  endfacet
  facet normal 0 0 1
    outer loop
      vertex 14.9424 -12.5853 12
      vertex 14.8178 -12.5221 12
      vertex 14.8279 -12.7279 12
    endloop
  endfacet
  facet normal 0 0 1
    outer loop
      vertex 15 -12 12
      vertex 14.7876 -12.3182 12
      vertex 14.8178 -12.5221 12
    endloop
  endfacet
  facet normal 0 0 1
    outer loop
      vertex 14.3512 -11.3957 12
      vertex 14.8686 -11.1314 12
      vertex 14.7632 -11.015 12
    endloop
  endfacet
  facet normal 0 0 1
    outer loop
      vertex 15 -12 12
      vertex 14.7375 -12.1183 12
      vertex 14.7876 -12.3182 12
    endloop
  endfacet
  facet normal 0 0 1
    outer loop
      vertex 14.2128 -11.243 12
      vertex 14.7632 -11.015 12
      vertex 14.6696 -10.8889 12
    endloop
  endfacet
  facet normal 0 0 1
    outer loop
      vertex 15 -12 12
      vertex 14.6681 -11.9243 12
      vertex 14.7375 -12.1183 12
    endloop
  endfacet
  facet normal 0 0 1
    outer loop
      vertex 14.2128 -11.243 12
      vertex 14.6696 -10.8889 12
      vertex 14.5889 -10.7542 12
    endloop
  endfacet
  facet normal 0 0 1
    outer loop
      vertex 15 -12 12
      vertex 14.58 -11.738 12
      vertex 14.6681 -11.9243 12
    endloop
  endfacet
  facet normal 0 0 1
    outer loop
      vertex 14.0601 -11.1046 12
      vertex 14.5889 -10.7542 12
      vertex 14.5218 -10.6123 12
    endloop
  endfacet
  facet normal 0 0 1
    outer loop
      vertex 14.8686 -11.1314 12
      vertex 14.474 -11.5612 12
      vertex 14.58 -11.738 12
    endloop
  endfacet
  facet normal 0 0 1
    outer loop
      vertex 13.8946 -10.9818 12
      vertex 14.5218 -10.6123 12
      vertex 14.4689 -10.4645 12
    endloop
  endfacet
  facet normal 0 0 1
    outer loop
      vertex 13.7179 -10.8759 12
      vertex 14.4689 -10.4645 12
      vertex 14.4307 -10.3121 12
    endloop
  endfacet
  facet normal 0 0 1
    outer loop
      vertex 13.5316 -10.7878 12
      vertex 14.4307 -10.3121 12
      vertex 14.4077 -10.1568 12
    endloop
  endfacet
  facet normal 0 0 1
    outer loop
      vertex 13.5316 -10.7878 12
      vertex 14.4077 -10.1568 12
      vertex 14.4 -10 12
    endloop
  endfacet
  facet normal 0 0 1
    outer loop
      vertex 14.8686 -11.1314 12
      vertex 14.3512 -11.3957 12
      vertex 14.474 -11.5612 12
    endloop
  endfacet
  facet normal 0 0 1
    outer loop
      vertex 14.4689 10.4645 12
      vertex 13.7179 10.8759 12
      vertex 14.4307 10.3121 12
    endloop
  endfacet
  facet normal -0 0 1
    outer loop
      vertex 13.5316 10.7878 12
      vertex 14.4307 10.3121 12
      vertex 13.7179 10.8759 12
    endloop
  endfacet
  facet normal 0 0 1
    outer loop
      vertex 14.7632 -11.015 12
      vertex 14.2128 -11.243 12
      vertex 14.3512 -11.3957 12
    endloop
  endfacet
  facet normal 0 0 1
    outer loop
      vertex 14.4307 10.3121 12
      vertex 13.5316 10.7878 12
      vertex 14.4077 10.1568 12
    endloop
  endfacet
  facet normal 0 0 1
    outer loop
      vertex 14.5889 -10.7542 12
      vertex 14.0601 -11.1046 12
      vertex 14.2128 -11.243 12
    endloop
  endfacet
  facet normal 0 0 1
    outer loop
      vertex 14.4077 10.1568 12
      vertex 13.5316 10.7878 12
      vertex 14.4 10 12
    endloop
  endfacet
  facet normal 0 0 1
    outer loop
      vertex 14.5218 -10.6123 12
      vertex 13.8946 -10.9818 12
      vertex 14.0601 -11.1046 12
    endloop
  endfacet
  facet normal -0 0 1
    outer loop
      vertex 13.3375 10.7183 12
      vertex 14.4 10 12
      vertex 13.5316 10.7878 12
    endloop
  endfacet
  facet normal 0 0 1
    outer loop
      vertex 14.4689 -10.4645 12
      vertex 13.7179 -10.8759 12
      vertex 13.8946 -10.9818 12
    endloop
  endfacet
  facet normal -0 0 1
    outer loop
      vertex 13.1376 10.6683 12
      vertex 14.4 10 12
      vertex 13.3375 10.7183 12
    endloop
  endfacet
  facet normal 0 0 1
    outer loop
      vertex 14.4307 -10.3121 12
      vertex 13.5316 -10.7878 12
      vertex 13.7179 -10.8759 12
    endloop
  endfacet
  facet normal -0 0 1
    outer loop
      vertex 12.9338 10.638 12
      vertex 14.4 10 12
      vertex 13.1376 10.6683 12
    endloop
  endfacet
  facet normal 0 0 1
    outer loop
      vertex 14.4 -10 12
      vertex 13.3375 -10.7183 12
      vertex 13.5316 -10.7878 12
    endloop
  endfacet
  facet normal -0 0 1
    outer loop
      vertex 12.7279 10.6279 12
      vertex 14.4 10 12
      vertex 12.9338 10.638 12
    endloop
  endfacet
  facet normal 0 0 1
    outer loop
      vertex 14.4 -10 12
      vertex 13.1376 -10.6683 12
      vertex 13.3375 -10.7183 12
    endloop
  endfacet
  facet normal 0 0 1
    outer loop
      vertex 12.5221 10.638 12
      vertex 14.4 10 12
      vertex 12.7279 10.6279 12
    endloop
  endfacet
  facet normal 0 0 1
    outer loop
      vertex 14.4 -10 12
      vertex 12.9338 -10.638 12
      vertex 13.1376 -10.6683 12
    endloop
  endfacet
  facet normal 0 0 1
    outer loop
      vertex 12.3182 10.6683 12
      vertex 14.4 10 12
      vertex 12.5221 10.638 12
    endloop
  endfacet
  facet normal 0 0 1
    outer loop
      vertex 14.4 -10 12
      vertex 12.7279 -10.6279 12
      vertex 12.9338 -10.638 12
    endloop
  endfacet
  facet normal 0 0 1
    outer loop
      vertex 14.4 10 12
      vertex 12.3182 10.6683 12
      vertex 14.4 -10 12
    endloop
  endfacet
  facet normal 0 0 1
    outer loop
      vertex 14.4 -10 12
      vertex 12.5221 -10.638 12
      vertex 12.7279 -10.6279 12
    endloop
  endfacet
  facet normal 0 0 1
    outer loop
      vertex 12.3182 -10.6683 12
      vertex 14.4 -10 12
      vertex 12.3182 10.6683 12
    endloop
  endfacet
  facet normal 0 0 1
    outer loop
      vertex 14.4 -10 12
      vertex 12.3182 -10.6683 12
      vertex 12.5221 -10.638 12
    endloop
  endfacet
  facet normal 0 0 1
    outer loop
      vertex 12.1183 10.7183 12
      vertex 12.3182 -10.6683 12
      vertex 12.3182 10.6683 12
    endloop
  endfacet
  facet normal 0 0 1
    outer loop
      vertex 12.1183 10.7183 12
      vertex 12.1183 -10.7183 12
      vertex 12.3182 -10.6683 12
    endloop
  endfacet
  facet normal 0 0 1
    outer loop
      vertex 11.9243 10.7878 12
      vertex 12.1183 -10.7183 12
      vertex 12.1183 10.7183 12
    endloop
  endfacet
  facet normal 0 0 1
    outer loop
      vertex 11.9243 10.7878 12
      vertex 11.9243 -10.7878 12
      vertex 12.1183 -10.7183 12
    endloop
  endfacet
  facet normal 0 0 1
    outer loop
      vertex 11.738 10.8759 12
      vertex 11.9243 -10.7878 12
      vertex 11.9243 10.7878 12
    endloop
  endfacet
  facet normal 0 0 1
    outer loop
      vertex 11.738 10.8759 12
      vertex 11.738 -10.8759 12
      vertex 11.9243 -10.7878 12
    endloop
  endfacet
  facet normal 0 0 1
    outer loop
      vertex 11.5612 10.9818 12
      vertex 11.738 -10.8759 12
      vertex 11.738 10.8759 12
    endloop
  endfacet
  facet normal 0 0 1
    outer loop
      vertex 11.5612 10.9818 12
      vertex 11.5612 -10.9818 12
      vertex 11.738 -10.8759 12
    endloop
  endfacet
  facet normal 0 0 1
    outer loop
      vertex 11.3957 11.1046 12
      vertex 11.5612 -10.9818 12
      vertex 11.5612 10.9818 12
    endloop
  endfacet
  facet normal 0 0 1
    outer loop
      vertex 11.3957 11.1046 12
      vertex 11.3957 -11.1046 12
      vertex 11.5612 -10.9818 12
    endloop
  endfacet
  facet normal 0 0 1
    outer loop
      vertex 11.243 11.243 12
      vertex 11.3957 -11.1046 12
      vertex 11.3957 11.1046 12
    endloop
  endfacet
  facet normal 0 0 1
    outer loop
      vertex 11.243 11.243 12
      vertex 11.243 -11.243 12
      vertex 11.3957 -11.1046 12
    endloop
  endfacet
  facet normal 0 0 1
    outer loop
      vertex -10.7878 11.9243 12
      vertex 10.7878 11.9243 12
      vertex -10.7183 12.1183 12
    endloop
  endfacet
  facet normal 0 0 1
    outer loop
      vertex 10.7878 11.9243 12
      vertex -10.7878 11.9243 12
      vertex 10.8759 11.738 12
    endloop
  endfacet
  facet normal 0 0 1
    outer loop
      vertex 10.7183 12.1183 12
      vertex -10.7183 12.1183 12
      vertex 10.7878 11.9243 12
    endloop
  endfacet
  facet normal 0 0 1
    outer loop
      vertex -10.8759 11.738 12
      vertex 10.8759 11.738 12
      vertex -10.7878 11.9243 12
    endloop
  endfacet
  facet normal 0 0 1
    outer loop
      vertex -10.7183 12.1183 12
      vertex 10.7183 12.1183 12
      vertex -10.6683 12.3182 12
    endloop
  endfacet
  facet normal 0 0 1
    outer loop
      vertex 11.243 -11.243 12
      vertex -10.6279 -12.7279 12
      vertex 11.1046 -11.3957 12
    endloop
  endfacet
  facet normal 0 0 1
    outer loop
      vertex 10.6683 12.3182 12
      vertex -10.6683 12.3182 12
      vertex 10.7183 12.1183 12
    endloop
  endfacet
  facet normal 0 0 1
    outer loop
      vertex 11.1046 -11.3957 12
      vertex -10.6279 -12.7279 12
      vertex 10.9818 -11.5612 12
    endloop
  endfacet
  facet normal 0 0 1
    outer loop
      vertex -10.6683 12.3182 12
      vertex 10.6683 12.3182 12
      vertex -10.638 12.5221 12
    endloop
  endfacet
  facet normal 0 0 1
    outer loop
      vertex 10.9818 -11.5612 12
      vertex -10.6279 -12.7279 12
      vertex 10.8759 -11.738 12
    endloop
  endfacet
  facet normal 0 0 1
    outer loop
      vertex 10.638 12.5221 12
      vertex -10.638 12.5221 12
      vertex 10.6683 12.3182 12
    endloop
  endfacet
  facet normal 0 0 1
    outer loop
      vertex 10.8759 -11.738 12
      vertex -10.6279 -12.7279 12
      vertex 10.7878 -11.9243 12
    endloop
  endfacet
  facet normal 0 0 1
    outer loop
      vertex -10.638 12.5221 12
      vertex 10.638 12.5221 12
      vertex -10.6279 12.7279 12
    endloop
  endfacet
  facet normal 0 0 1
    outer loop
      vertex 10.7878 -11.9243 12
      vertex -10.6279 -12.7279 12
      vertex 10.7183 -12.1183 12
    endloop
  endfacet
  facet normal -0 0 1
    outer loop
      vertex -10.6279 12.7279 12
      vertex 10.638 12.5221 12
      vertex 10.6279 12.7279 12
    endloop
  endfacet
  facet normal 0 0 1
    outer loop
      vertex 10.7183 -12.1183 12
      vertex -10.6279 -12.7279 12
      vertex 10.6683 -12.3182 12
    endloop
  endfacet
  facet normal 0 0 1
    outer loop
      vertex 14.58 -11.738 12
      vertex 15 -11.248 12
      vertex 14.985 -11.2368 12
    endloop
  endfacet
  facet normal 0 0 1
    outer loop
      vertex 14.58 -11.738 12
      vertex 14.985 -11.2368 12
      vertex 14.8686 -11.1314 12
    endloop
  endfacet
  facet normal 0 0 1
    outer loop
      vertex 15 -11.248 12
      vertex 14.58 -11.738 12
      vertex 15 -12 12
    endloop
  endfacet
  facet normal 0 0 1
    outer loop
      vertex 14.8178 -12.5221 12
      vertex 14.9855 -12.2941 12
      vertex 15 -12 12
    endloop
  endfacet
  facet normal -0 0 1
    outer loop
      vertex 14.8178 -12.5221 12
      vertex 14.9424 -12.5853 12
      vertex 14.9855 -12.2941 12
    endloop
  endfacet
  facet normal 0 0 1
    outer loop
      vertex 14.9424 -12.5853 12
      vertex 14.8279 -12.7279 12
      vertex 14.8708 -12.8708 12
    endloop
  endfacet
  facet normal 0 0 1
    outer loop
      vertex 14.8178 -12.9338 12
      vertex 14.8708 -12.8708 12
      vertex 14.8279 -12.7279 12
    endloop
  endfacet
  facet normal 0 0 1
    outer loop
      vertex 14.8708 -12.8708 12
      vertex 14.8178 -12.9338 12
      vertex 14.7962 -13.0794 12
    endloop
  endfacet
  facet normal 0 0 1
    outer loop
      vertex -14.8178 -12.9338 12
      vertex -14.8708 -12.8708 12
      vertex -14.7962 -13.0794 12
    endloop
  endfacet
  facet normal 0 0 1
    outer loop
      vertex -14.8279 -12.7279 12
      vertex -14.8708 -12.8708 12
      vertex -14.8178 -12.9338 12
    endloop
  endfacet
  facet normal 0 0 1
    outer loop
      vertex -14.7876 -12.3182 12
      vertex -14.9855 -12.2941 12
      vertex -14.8178 -12.5221 12
    endloop
  endfacet
  facet normal 0 0 1
    outer loop
      vertex -14.8279 -12.7279 12
      vertex -14.9424 -12.5853 12
      vertex -14.8708 -12.8708 12
    endloop
  endfacet
  facet normal 0 0 1
    outer loop
      vertex -14.6681 -11.9243 12
      vertex -15 -12 12
      vertex -14.7375 -12.1183 12
    endloop
  endfacet
  facet normal 0 -0 1
    outer loop
      vertex -14.9424 -12.5853 12
      vertex -14.8178 -12.5221 12
      vertex -14.9855 -12.2941 12
    endloop
  endfacet
  facet normal 0 0 1
    outer loop
      vertex -14.58 -11.738 12
      vertex -15 -12 12
      vertex -14.6681 -11.9243 12
    endloop
  endfacet
  facet normal 0 0 1
    outer loop
      vertex -14.8178 -12.5221 12
      vertex -14.9424 -12.5853 12
      vertex -14.8279 -12.7279 12
    endloop
  endfacet
  facet normal -0.941599 -0.336737 0
    outer loop
      vertex -14.7962 -13.0794 6
      vertex -14.8708 -12.8708 12
      vertex -14.8708 -12.8708 6
    endloop
  endfacet
  facet normal -0.941599 -0.336737 0
    outer loop
      vertex -14.8708 -12.8708 12
      vertex -14.7962 -13.0794 6
      vertex -14.7962 -13.0794 12
    endloop
  endfacet
  facet normal 0.989224 -0.146413 0
    outer loop
      vertex 14.9424 -12.5853 12
      vertex 14.9855 -12.2941 6
      vertex 14.9855 -12.2941 12
    endloop
  endfacet
  facet normal 0.989224 -0.146413 0
    outer loop
      vertex 14.9855 -12.2941 6
      vertex 14.9424 -12.5853 12
      vertex 14.9424 -12.5853 6
    endloop
  endfacet
  facet normal -0.242835 -0.970068 0
    outer loop
      vertex -15.6879 -8.43074 0
      vertex -15.5355 -8.46889 6
      vertex -15.6879 -8.43074 6
    endloop
  endfacet
  facet normal -0.242835 -0.970068 -0
    outer loop
      vertex -15.5355 -8.46889 6
      vertex -15.6879 -8.43074 0
      vertex -15.5355 -8.46889 0
    endloop
  endfacet
  facet normal -0.989213 -0.146484 0
    outer loop
      vertex -14.4077 -9.84317 0
      vertex -14.4307 -9.68785 12
      vertex -14.4307 -9.68785 0
    endloop
  endfacet
  facet normal -0.989213 -0.146484 0
    outer loop
      vertex -14.4307 -9.68785 12
      vertex -14.4077 -9.84317 0
      vertex -14.4077 -9.84317 12
    endloop
  endfacet
  facet normal -0.998797 -0.0490387 0
    outer loop
      vertex -14.4 -10 0
      vertex -14.4077 -9.84317 12
      vertex -14.4077 -9.84317 0
    endloop
  endfacet
  facet normal -0.998797 -0.0490387 0
    outer loop
      vertex -14.4077 -9.84317 12
      vertex -14.4 -10 0
      vertex -14.4 -10 12
    endloop
  endfacet
  facet normal -0.969959 -0.24327 0
    outer loop
      vertex -14.4307 -9.68785 0
      vertex -14.4689 -9.53554 12
      vertex -14.4689 -9.53554 0
    endloop
  endfacet
  facet normal -0.969959 -0.24327 0
    outer loop
      vertex -14.4689 -9.53554 12
      vertex -14.4307 -9.68785 0
      vertex -14.4307 -9.68785 12
    endloop
  endfacet
  facet normal 0.857779 -0.514018 0
    outer loop
      vertex -17.4111 -9.24576 6
      vertex -17.3304 -9.11109 0
      vertex -17.3304 -9.11109 6
    endloop
  endfacet
  facet normal 0.857779 -0.514018 0
    outer loop
      vertex -17.3304 -9.11109 0
      vertex -17.4111 -9.24576 6
      vertex -17.4111 -9.24576 0
    endloop
  endfacet
  facet normal 0.741092 -0.671404 0
    outer loop
      vertex -17.2368 -8.98497 6
      vertex -17.1314 -8.86863 0
      vertex -17.1314 -8.86863 6
    endloop
  endfacet
  facet normal 0.741092 -0.671404 0
    outer loop
      vertex -17.1314 -8.86863 0
      vertex -17.2368 -8.98497 6
      vertex -17.2368 -8.98497 0
    endloop
  endfacet
  facet normal -0.243135 0.969993 0
    outer loop
      vertex -15.5355 -11.5311 0
      vertex -15.6879 -11.5693 6
      vertex -15.5355 -11.5311 6
    endloop
  endfacet
  facet normal -0.243135 0.969993 0
    outer loop
      vertex -15.6879 -11.5693 6
      vertex -15.5355 -11.5311 0
      vertex -15.6879 -11.5693 0
    endloop
  endfacet
  facet normal 0.146752 -0.989173 0
    outer loop
      vertex -16.3121 -8.43074 0
      vertex -16.1568 -8.4077 6
      vertex -16.3121 -8.43074 6
    endloop
  endfacet
  facet normal 0.146752 -0.989173 0
    outer loop
      vertex -16.1568 -8.4077 6
      vertex -16.3121 -8.43074 0
      vertex -16.1568 -8.4077 0
    endloop
  endfacet
  facet normal 0.049048 0.998796 -0
    outer loop
      vertex -16 -11.6 0
      vertex -16.1568 -11.5923 6
      vertex -16 -11.6 6
    endloop
  endfacet
  facet normal 0.049048 0.998796 0
    outer loop
      vertex -16.1568 -11.5923 6
      vertex -16 -11.6 0
      vertex -16.1568 -11.5923 0
    endloop
  endfacet
  facet normal 0.242835 -0.970068 0
    outer loop
      vertex -16.4645 -8.46889 0
      vertex -16.3121 -8.43074 6
      vertex -16.4645 -8.46889 6
    endloop
  endfacet
  facet normal 0.242835 -0.970068 0
    outer loop
      vertex -16.3121 -8.43074 6
      vertex -16.4645 -8.46889 0
      vertex -16.3121 -8.43074 0
    endloop
  endfacet
  facet normal -0.941533 -0.336921 0
    outer loop
      vertex -14.4689 -9.53554 0
      vertex -14.5218 -9.38771 12
      vertex -14.5218 -9.38771 0
    endloop
  endfacet
  facet normal -0.941533 -0.336921 0
    outer loop
      vertex -14.5218 -9.38771 12
      vertex -14.4689 -9.53554 0
      vertex -14.4689 -9.53554 12
    endloop
  endfacet
  facet normal -0.336982 0.941511 0
    outer loop
      vertex -15.3877 -11.4782 0
      vertex -15.5355 -11.5311 6
      vertex -15.3877 -11.4782 6
    endloop
  endfacet
  facet normal -0.336982 0.941511 0
    outer loop
      vertex -15.5355 -11.5311 6
      vertex -15.3877 -11.4782 0
      vertex -15.5355 -11.5311 0
    endloop
  endfacet
  facet normal -0.969993 0.243135 0
    outer loop
      vertex -14.4689 -10.4645 0
      vertex -14.4307 -10.3121 12
      vertex -14.4307 -10.3121 0
    endloop
  endfacet
  facet normal -0.969993 0.243135 0
    outer loop
      vertex -14.4307 -10.3121 12
      vertex -14.4689 -10.4645 0
      vertex -14.4689 -10.4645 12
    endloop
  endfacet
  facet normal -0.336982 -0.941511 0
    outer loop
      vertex -15.5355 -8.46889 0
      vertex -15.3877 -8.52179 6
      vertex -15.5355 -8.46889 6
    endloop
  endfacet
  facet normal -0.336982 -0.941511 -0
    outer loop
      vertex -15.3877 -8.52179 6
      vertex -15.5355 -8.46889 0
      vertex -15.3877 -8.52179 0
    endloop
  endfacet
  facet normal -0.671388 -0.741106 0
    outer loop
      vertex -14.985 -8.76318 0
      vertex -14.8686 -8.86863 12
      vertex -14.985 -8.76318 12
    endloop
  endfacet
  facet normal -0.671388 -0.741106 -0
    outer loop
      vertex -14.8686 -8.86863 12
      vertex -14.985 -8.76318 0
      vertex -14.8686 -8.86863 0
    endloop
  endfacet
  facet normal -0.595665 -0.803233 -0
    outer loop
      vertex -15.1111 -8.66965 6
      vertex -15.1111 -8.66965 0
      vertex -15 -8.75204 6
    endloop
  endfacet
  facet normal -0.596225 -0.802817 0
    outer loop
      vertex -15 -8.75204 6
      vertex -14.985 -8.76318 12
      vertex -15 -8.75204 12
    endloop
  endfacet
  facet normal -0.596225 -0.802817 0
    outer loop
      vertex -15 -8.75204 6
      vertex -14.985 -8.76318 0
      vertex -14.985 -8.76318 12
    endloop
  endfacet
  facet normal -0.595732 -0.803184 1.91507e-06
    outer loop
      vertex -14.985 -8.76318 0
      vertex -15 -8.75204 6
      vertex -15.1111 -8.66965 0
    endloop
  endfacet
  facet normal -0.998796 0.049048 0
    outer loop
      vertex -14.4077 -10.1568 0
      vertex -14.4 -10 12
      vertex -14.4 -10 0
    endloop
  endfacet
  facet normal -0.998796 0.049048 0
    outer loop
      vertex -14.4 -10 12
      vertex -14.4077 -10.1568 0
      vertex -14.4077 -10.1568 12
    endloop
  endfacet
  facet normal -0.803015 -0.595958 0
    outer loop
      vertex -14.6696 -9.11109 0
      vertex -14.7632 -8.98497 12
      vertex -14.7632 -8.98497 0
    endloop
  endfacet
  facet normal -0.803015 -0.595958 0
    outer loop
      vertex -14.7632 -8.98497 12
      vertex -14.6696 -9.11109 0
      vertex -14.6696 -9.11109 12
    endloop
  endfacet
  facet normal -0.049048 0.998796 0
    outer loop
      vertex -15.8432 -11.5923 0
      vertex -16 -11.6 6
      vertex -15.8432 -11.5923 6
    endloop
  endfacet
  facet normal -0.049048 0.998796 0
    outer loop
      vertex -16 -11.6 6
      vertex -15.8432 -11.5923 0
      vertex -16 -11.6 0
    endloop
  endfacet
  facet normal 0.049048 -0.998796 0
    outer loop
      vertex -16.1568 -8.4077 0
      vertex -16 -8.4 6
      vertex -16.1568 -8.4077 6
    endloop
  endfacet
  facet normal 0.049048 -0.998796 0
    outer loop
      vertex -16 -8.4 6
      vertex -16.1568 -8.4077 0
      vertex -16 -8.4 0
    endloop
  endfacet
  facet normal -0.98921 0.146502 0
    outer loop
      vertex -14.4307 -10.3121 0
      vertex -14.4077 -10.1568 12
      vertex -14.4077 -10.1568 0
    endloop
  endfacet
  facet normal -0.98921 0.146502 0
    outer loop
      vertex -14.4077 -10.1568 12
      vertex -14.4307 -10.3121 0
      vertex -14.4307 -10.3121 12
    endloop
  endfacet
  facet normal 0.969993 0.243135 0
    outer loop
      vertex -17.5311 -10.4645 6
      vertex -17.5693 -10.3121 0
      vertex -17.5693 -10.3121 6
    endloop
  endfacet
  facet normal 0.969993 0.243135 0
    outer loop
      vertex -17.5693 -10.3121 0
      vertex -17.5311 -10.4645 6
      vertex -17.5311 -10.4645 0
    endloop
  endfacet
  facet normal -0.146502 0.98921 0
    outer loop
      vertex -15.6879 -11.5693 0
      vertex -15.8432 -11.5923 6
      vertex -15.6879 -11.5693 6
    endloop
  endfacet
  facet normal -0.146502 0.98921 0
    outer loop
      vertex -15.8432 -11.5923 6
      vertex -15.6879 -11.5693 0
      vertex -15.8432 -11.5923 0
    endloop
  endfacet
  facet normal 0.336982 -0.941511 0
    outer loop
      vertex -16.6123 -8.52179 0
      vertex -16.4645 -8.46889 6
      vertex -16.6123 -8.52179 6
    endloop
  endfacet
  facet normal 0.336982 -0.941511 0
    outer loop
      vertex -16.4645 -8.46889 6
      vertex -16.6123 -8.52179 0
      vertex -16.4645 -8.46889 0
    endloop
  endfacet
  facet normal 0.595732 -0.803184 0
    outer loop
      vertex -17.015 -8.76318 0
      vertex -16.8889 -8.66965 6
      vertex -17.015 -8.76318 6
    endloop
  endfacet
  facet normal 0.595732 -0.803184 0
    outer loop
      vertex -16.8889 -8.66965 6
      vertex -17.015 -8.76318 0
      vertex -16.8889 -8.66965 0
    endloop
  endfacet
  facet normal 0.941511 0.336982 0
    outer loop
      vertex -17.4782 -10.6123 6
      vertex -17.5311 -10.4645 0
      vertex -17.5311 -10.4645 6
    endloop
  endfacet
  facet normal 0.941511 0.336982 0
    outer loop
      vertex -17.5311 -10.4645 0
      vertex -17.4782 -10.6123 6
      vertex -17.4782 -10.6123 0
    endloop
  endfacet
  facet normal -0.741264 0.671213 0
    outer loop
      vertex -14.8686 -11.1314 0
      vertex -14.7632 -11.015 12
      vertex -14.7632 -11.015 0
    endloop
  endfacet
  facet normal -0.741264 0.671213 0
    outer loop
      vertex -14.7632 -11.015 12
      vertex -14.8686 -11.1314 0
      vertex -14.8686 -11.1314 12
    endloop
  endfacet
  facet normal 0.427692 -0.903925 0
    outer loop
      vertex -16.7542 -8.58893 0
      vertex -16.6123 -8.52179 6
      vertex -16.7542 -8.58893 6
    endloop
  endfacet
  facet normal 0.427692 -0.903925 0
    outer loop
      vertex -16.6123 -8.52179 6
      vertex -16.7542 -8.58893 0
      vertex -16.6123 -8.52179 0
    endloop
  endfacet
  facet normal 0.146502 0.98921 -0
    outer loop
      vertex -16.1568 -11.5923 0
      vertex -16.3121 -11.5693 6
      vertex -16.1568 -11.5923 6
    endloop
  endfacet
  facet normal 0.146502 0.98921 0
    outer loop
      vertex -16.3121 -11.5693 6
      vertex -16.1568 -11.5923 0
      vertex -16.3121 -11.5693 0
    endloop
  endfacet
  facet normal -0.427484 0.904023 0
    outer loop
      vertex -15.2458 -11.4111 0
      vertex -15.3877 -11.4782 6
      vertex -15.2458 -11.4111 6
    endloop
  endfacet
  facet normal -0.427484 0.904023 0
    outer loop
      vertex -15.3877 -11.4782 6
      vertex -15.2458 -11.4111 0
      vertex -15.3877 -11.4782 0
    endloop
  endfacet
  facet normal -0.904081 -0.427361 0
    outer loop
      vertex -14.5218 -9.38771 0
      vertex -14.5889 -9.24576 12
      vertex -14.5889 -9.24576 0
    endloop
  endfacet
  facet normal -0.904081 -0.427361 0
    outer loop
      vertex -14.5889 -9.24576 12
      vertex -14.5218 -9.38771 0
      vertex -14.5218 -9.38771 12
    endloop
  endfacet
  facet normal 0.514027 -0.857774 0
    outer loop
      vertex -16.8889 -8.66965 0
      vertex -16.7542 -8.58893 6
      vertex -16.8889 -8.66965 6
    endloop
  endfacet
  facet normal 0.514027 -0.857774 0
    outer loop
      vertex -16.7542 -8.58893 6
      vertex -16.8889 -8.66965 0
      vertex -16.7542 -8.58893 0
    endloop
  endfacet
  facet normal 0.671213 0.741264 -0
    outer loop
      vertex -17.015 -11.2368 0
      vertex -17.1314 -11.1314 6
      vertex -17.015 -11.2368 6
    endloop
  endfacet
  facet normal 0.671213 0.741264 0
    outer loop
      vertex -17.1314 -11.1314 6
      vertex -17.015 -11.2368 0
      vertex -17.1314 -11.1314 0
    endloop
  endfacet
  facet normal -0.514027 -0.857774 0
    outer loop
      vertex -15.2458 -8.58893 0
      vertex -15.1111 -8.66965 6
      vertex -15.2458 -8.58893 6
    endloop
  endfacet
  facet normal -0.514027 -0.857774 -0
    outer loop
      vertex -15.1111 -8.66965 6
      vertex -15.2458 -8.58893 0
      vertex -15.1111 -8.66965 0
    endloop
  endfacet
  facet normal -0.741092 -0.671404 0
    outer loop
      vertex -14.7632 -8.98497 0
      vertex -14.8686 -8.86863 12
      vertex -14.8686 -8.86863 0
    endloop
  endfacet
  facet normal -0.741092 -0.671404 0
    outer loop
      vertex -14.8686 -8.86863 12
      vertex -14.7632 -8.98497 0
      vertex -14.7632 -8.98497 12
    endloop
  endfacet
  facet normal -0.904023 0.427484 0
    outer loop
      vertex -14.5889 -10.7542 0
      vertex -14.5218 -10.6123 12
      vertex -14.5218 -10.6123 0
    endloop
  endfacet
  facet normal -0.904023 0.427484 0
    outer loop
      vertex -14.5218 -10.6123 12
      vertex -14.5889 -10.7542 0
      vertex -14.5889 -10.7542 12
    endloop
  endfacet
  facet normal -0.598289 0.80128 0
    outer loop
      vertex -14.985 -11.2368 12
      vertex -15 -11.248 6
      vertex -15 -11.248 12
    endloop
  endfacet
  facet normal -0.598289 0.80128 0
    outer loop
      vertex -14.985 -11.2368 0
      vertex -15 -11.248 6
      vertex -14.985 -11.2368 12
    endloop
  endfacet
  facet normal -0.595712 0.803198 1.00249e-05
    outer loop
      vertex -14.985 -11.2368 0
      vertex -15.1111 -11.3304 6
      vertex -15 -11.248 6
    endloop
  endfacet
  facet normal -0.596019 0.80297 0
    outer loop
      vertex -15.1111 -11.3304 6
      vertex -14.985 -11.2368 0
      vertex -15.1111 -11.3304 0
    endloop
  endfacet
  facet normal 0.596019 0.80297 -0
    outer loop
      vertex -16.8889 -11.3304 0
      vertex -17.015 -11.2368 6
      vertex -16.8889 -11.3304 6
    endloop
  endfacet
  facet normal 0.596019 0.80297 0
    outer loop
      vertex -17.015 -11.2368 6
      vertex -16.8889 -11.3304 0
      vertex -17.015 -11.2368 0
    endloop
  endfacet
  facet normal -0.80297 0.596019 0
    outer loop
      vertex -14.7632 -11.015 0
      vertex -14.6696 -10.8889 12
      vertex -14.6696 -10.8889 0
    endloop
  endfacet
  facet normal -0.80297 0.596019 0
    outer loop
      vertex -14.6696 -10.8889 12
      vertex -14.7632 -11.015 0
      vertex -14.7632 -11.015 12
    endloop
  endfacet
  facet normal -0.427692 -0.903925 0
    outer loop
      vertex -15.3877 -8.52179 0
      vertex -15.2458 -8.58893 6
      vertex -15.3877 -8.52179 6
    endloop
  endfacet
  facet normal -0.427692 -0.903925 -0
    outer loop
      vertex -15.2458 -8.58893 6
      vertex -15.3877 -8.52179 0
      vertex -15.2458 -8.58893 0
    endloop
  endfacet
  facet normal -0.146752 -0.989173 0
    outer loop
      vertex -15.8432 -8.4077 0
      vertex -15.6879 -8.43074 6
      vertex -15.8432 -8.4077 6
    endloop
  endfacet
  facet normal -0.146752 -0.989173 -0
    outer loop
      vertex -15.6879 -8.43074 6
      vertex -15.8432 -8.4077 0
      vertex -15.6879 -8.43074 0
    endloop
  endfacet
  facet normal -0.857779 -0.514018 0
    outer loop
      vertex -14.5889 -9.24576 0
      vertex -14.6696 -9.11109 12
      vertex -14.6696 -9.11109 0
    endloop
  endfacet
  facet normal -0.857779 -0.514018 0
    outer loop
      vertex -14.6696 -9.11109 12
      vertex -14.5889 -9.24576 0
      vertex -14.5889 -9.24576 12
    endloop
  endfacet
  facet normal 0.513934 0.85783 -0
    outer loop
      vertex -16.7542 -11.4111 0
      vertex -16.8889 -11.3304 6
      vertex -16.7542 -11.4111 6
    endloop
  endfacet
  facet normal 0.513934 0.85783 0
    outer loop
      vertex -16.8889 -11.3304 6
      vertex -16.7542 -11.4111 0
      vertex -16.8889 -11.3304 0
    endloop
  endfacet
  facet normal 0.671388 -0.741106 0
    outer loop
      vertex -17.1314 -8.86863 0
      vertex -17.015 -8.76318 6
      vertex -17.1314 -8.86863 6
    endloop
  endfacet
  facet normal 0.671388 -0.741106 0
    outer loop
      vertex -17.015 -8.76318 6
      vertex -17.1314 -8.86863 0
      vertex -17.015 -8.76318 0
    endloop
  endfacet
  facet normal 0.904023 0.427484 0
    outer loop
      vertex -17.4111 -10.7542 6
      vertex -17.4782 -10.6123 0
      vertex -17.4782 -10.6123 6
    endloop
  endfacet
  facet normal 0.904023 0.427484 0
    outer loop
      vertex -17.4782 -10.6123 0
      vertex -17.4111 -10.7542 6
      vertex -17.4111 -10.7542 0
    endloop
  endfacet
  facet normal 0.336982 0.941511 -0
    outer loop
      vertex -16.4645 -11.5311 0
      vertex -16.6123 -11.4782 6
      vertex -16.4645 -11.5311 6
    endloop
  endfacet
  facet normal 0.336982 0.941511 0
    outer loop
      vertex -16.6123 -11.4782 6
      vertex -16.4645 -11.5311 0
      vertex -16.6123 -11.4782 0
    endloop
  endfacet
  facet normal 0.427484 0.904023 -0
    outer loop
      vertex -16.6123 -11.4782 0
      vertex -16.7542 -11.4111 6
      vertex -16.6123 -11.4782 6
    endloop
  endfacet
  facet normal 0.427484 0.904023 0
    outer loop
      vertex -16.7542 -11.4111 6
      vertex -16.6123 -11.4782 0
      vertex -16.7542 -11.4111 0
    endloop
  endfacet
  facet normal -0.941511 0.336982 0
    outer loop
      vertex -14.5218 -10.6123 0
      vertex -14.4689 -10.4645 12
      vertex -14.4689 -10.4645 0
    endloop
  endfacet
  facet normal -0.941511 0.336982 0
    outer loop
      vertex -14.4689 -10.4645 12
      vertex -14.5218 -10.6123 0
      vertex -14.5218 -10.6123 12
    endloop
  endfacet
  facet normal 0.989213 -0.146484 0
    outer loop
      vertex -17.5923 -9.84317 6
      vertex -17.5693 -9.68785 0
      vertex -17.5693 -9.68785 6
    endloop
  endfacet
  facet normal 0.989213 -0.146484 0
    outer loop
      vertex -17.5693 -9.68785 0
      vertex -17.5923 -9.84317 6
      vertex -17.5923 -9.84317 0
    endloop
  endfacet
  facet normal 0.998797 -0.0490387 0
    outer loop
      vertex -17.6 -10 6
      vertex -17.5923 -9.84317 0
      vertex -17.5923 -9.84317 6
    endloop
  endfacet
  facet normal 0.998797 -0.0490387 0
    outer loop
      vertex -17.5923 -9.84317 0
      vertex -17.6 -10 6
      vertex -17.6 -10 0
    endloop
  endfacet
  facet normal 0.741264 0.671213 0
    outer loop
      vertex -17.1314 -11.1314 6
      vertex -17.2368 -11.015 0
      vertex -17.2368 -11.015 6
    endloop
  endfacet
  facet normal 0.741264 0.671213 0
    outer loop
      vertex -17.2368 -11.015 0
      vertex -17.1314 -11.1314 6
      vertex -17.1314 -11.1314 0
    endloop
  endfacet
  facet normal 0.803015 -0.595958 0
    outer loop
      vertex -17.3304 -9.11109 6
      vertex -17.2368 -8.98497 0
      vertex -17.2368 -8.98497 6
    endloop
  endfacet
  facet normal 0.803015 -0.595958 0
    outer loop
      vertex -17.2368 -8.98497 0
      vertex -17.3304 -9.11109 6
      vertex -17.3304 -9.11109 0
    endloop
  endfacet
  facet normal 0.98921 0.146502 0
    outer loop
      vertex -17.5693 -10.3121 6
      vertex -17.5923 -10.1568 0
      vertex -17.5923 -10.1568 6
    endloop
  endfacet
  facet normal 0.98921 0.146502 0
    outer loop
      vertex -17.5923 -10.1568 0
      vertex -17.5693 -10.3121 6
      vertex -17.5693 -10.3121 0
    endloop
  endfacet
  facet normal 0.941533 -0.336921 0
    outer loop
      vertex -17.5311 -9.53554 6
      vertex -17.4782 -9.38771 0
      vertex -17.4782 -9.38771 6
    endloop
  endfacet
  facet normal 0.941533 -0.336921 0
    outer loop
      vertex -17.4782 -9.38771 0
      vertex -17.5311 -9.53554 6
      vertex -17.5311 -9.53554 0
    endloop
  endfacet
  facet normal 0.80297 0.596019 0
    outer loop
      vertex -17.2368 -11.015 6
      vertex -17.3304 -10.8889 0
      vertex -17.3304 -10.8889 6
    endloop
  endfacet
  facet normal 0.80297 0.596019 0
    outer loop
      vertex -17.3304 -10.8889 0
      vertex -17.2368 -11.015 6
      vertex -17.2368 -11.015 0
    endloop
  endfacet
  facet normal 0.969959 -0.24327 0
    outer loop
      vertex -17.5693 -9.68785 6
      vertex -17.5311 -9.53554 0
      vertex -17.5311 -9.53554 6
    endloop
  endfacet
  facet normal 0.969959 -0.24327 0
    outer loop
      vertex -17.5311 -9.53554 0
      vertex -17.5693 -9.68785 6
      vertex -17.5693 -9.68785 0
    endloop
  endfacet
  facet normal -0.049048 -0.998796 0
    outer loop
      vertex -16 -8.4 0
      vertex -15.8432 -8.4077 6
      vertex -16 -8.4 6
    endloop
  endfacet
  facet normal -0.049048 -0.998796 -0
    outer loop
      vertex -15.8432 -8.4077 6
      vertex -16 -8.4 0
      vertex -15.8432 -8.4077 0
    endloop
  endfacet
  facet normal 0.998796 0.049048 0
    outer loop
      vertex -17.5923 -10.1568 6
      vertex -17.6 -10 0
      vertex -17.6 -10 6
    endloop
  endfacet
  facet normal 0.998796 0.049048 0
    outer loop
      vertex -17.6 -10 0
      vertex -17.5923 -10.1568 6
      vertex -17.5923 -10.1568 0
    endloop
  endfacet
  facet normal -0.513934 0.85783 0
    outer loop
      vertex -15.1111 -11.3304 0
      vertex -15.2458 -11.4111 6
      vertex -15.1111 -11.3304 6
    endloop
  endfacet
  facet normal -0.513934 0.85783 0
    outer loop
      vertex -15.2458 -11.4111 6
      vertex -15.1111 -11.3304 0
      vertex -15.2458 -11.4111 0
    endloop
  endfacet
  facet normal 0.243135 0.969993 -0
    outer loop
      vertex -16.3121 -11.5693 0
      vertex -16.4645 -11.5311 6
      vertex -16.3121 -11.5693 6
    endloop
  endfacet
  facet normal 0.243135 0.969993 0
    outer loop
      vertex -16.4645 -11.5311 6
      vertex -16.3121 -11.5693 0
      vertex -16.4645 -11.5311 0
    endloop
  endfacet
  facet normal 0.85783 0.513934 0
    outer loop
      vertex -17.3304 -10.8889 6
      vertex -17.4111 -10.7542 0
      vertex -17.4111 -10.7542 6
    endloop
  endfacet
  facet normal 0.85783 0.513934 0
    outer loop
      vertex -17.4111 -10.7542 0
      vertex -17.3304 -10.8889 6
      vertex -17.3304 -10.8889 0
    endloop
  endfacet
  facet normal 0.904081 -0.427361 0
    outer loop
      vertex -17.4782 -9.38771 6
      vertex -17.4111 -9.24576 0
      vertex -17.4111 -9.24576 6
    endloop
  endfacet
  facet normal 0.904081 -0.427361 0
    outer loop
      vertex -17.4111 -9.24576 0
      vertex -17.4782 -9.38771 6
      vertex -17.4782 -9.38771 0
    endloop
  endfacet
  facet normal -0.85783 0.513934 0
    outer loop
      vertex -14.6696 -10.8889 0
      vertex -14.5889 -10.7542 12
      vertex -14.5889 -10.7542 0
    endloop
  endfacet
  facet normal -0.85783 0.513934 0
    outer loop
      vertex -14.5889 -10.7542 12
      vertex -14.6696 -10.8889 0
      vertex -14.6696 -10.8889 12
    endloop
  endfacet
  facet normal -0.671213 0.741264 0
    outer loop
      vertex -14.8686 -11.1314 0
      vertex -14.985 -11.2368 12
      vertex -14.8686 -11.1314 12
    endloop
  endfacet
  facet normal -0.671213 0.741264 0
    outer loop
      vertex -14.985 -11.2368 12
      vertex -14.8686 -11.1314 0
      vertex -14.985 -11.2368 0
    endloop
  endfacet
  facet normal 0.336982 -0.941511 0
    outer loop
      vertex -16.6123 11.4782 0
      vertex -16.4645 11.5311 6
      vertex -16.6123 11.4782 6
    endloop
  endfacet
  facet normal 0.336982 -0.941511 0
    outer loop
      vertex -16.4645 11.5311 6
      vertex -16.6123 11.4782 0
      vertex -16.4645 11.5311 0
    endloop
  endfacet
  facet normal -0.98921 -0.146502 0
    outer loop
      vertex -14.4077 10.1568 0
      vertex -14.4307 10.3121 12
      vertex -14.4307 10.3121 0
    endloop
  endfacet
  facet normal -0.98921 -0.146502 0
    outer loop
      vertex -14.4307 10.3121 12
      vertex -14.4077 10.1568 0
      vertex -14.4077 10.1568 12
    endloop
  endfacet
  facet normal -0.998796 -0.049048 0
    outer loop
      vertex -14.4 10 0
      vertex -14.4077 10.1568 12
      vertex -14.4077 10.1568 0
    endloop
  endfacet
  facet normal -0.998796 -0.049048 0
    outer loop
      vertex -14.4077 10.1568 12
      vertex -14.4 10 0
      vertex -14.4 10 12
    endloop
  endfacet
  facet normal -0.969993 -0.243135 0
    outer loop
      vertex -14.4307 10.3121 0
      vertex -14.4689 10.4645 12
      vertex -14.4689 10.4645 0
    endloop
  endfacet
  facet normal -0.969993 -0.243135 0
    outer loop
      vertex -14.4689 10.4645 12
      vertex -14.4307 10.3121 0
      vertex -14.4307 10.3121 12
    endloop
  endfacet
  facet normal 0.427692 0.903925 -0
    outer loop
      vertex -16.6123 8.52179 0
      vertex -16.7542 8.58893 6
      vertex -16.6123 8.52179 6
    endloop
  endfacet
  facet normal 0.427692 0.903925 0
    outer loop
      vertex -16.7542 8.58893 6
      vertex -16.6123 8.52179 0
      vertex -16.7542 8.58893 0
    endloop
  endfacet
  facet normal -0.671388 0.741106 0
    outer loop
      vertex -14.8686 8.86863 0
      vertex -14.985 8.76318 12
      vertex -14.8686 8.86863 12
    endloop
  endfacet
  facet normal -0.671388 0.741106 0
    outer loop
      vertex -14.985 8.76318 12
      vertex -14.8686 8.86863 0
      vertex -14.985 8.76318 0
    endloop
  endfacet
  facet normal -0.904023 -0.427484 0
    outer loop
      vertex -14.5218 10.6123 0
      vertex -14.5889 10.7542 12
      vertex -14.5889 10.7542 0
    endloop
  endfacet
  facet normal -0.904023 -0.427484 0
    outer loop
      vertex -14.5889 10.7542 12
      vertex -14.5218 10.6123 0
      vertex -14.5218 10.6123 12
    endloop
  endfacet
  facet normal -0.336982 0.941511 0
    outer loop
      vertex -15.3877 8.52179 0
      vertex -15.5355 8.46889 6
      vertex -15.3877 8.52179 6
    endloop
  endfacet
  facet normal -0.336982 0.941511 0
    outer loop
      vertex -15.5355 8.46889 6
      vertex -15.3877 8.52179 0
      vertex -15.5355 8.46889 0
    endloop
  endfacet
  facet normal -0.998797 0.0490387 0
    outer loop
      vertex -14.4077 9.84317 0
      vertex -14.4 10 12
      vertex -14.4 10 0
    endloop
  endfacet
  facet normal -0.998797 0.0490387 0
    outer loop
      vertex -14.4 10 12
      vertex -14.4077 9.84317 0
      vertex -14.4077 9.84317 12
    endloop
  endfacet
  facet normal -0.803015 0.595958 0
    outer loop
      vertex -14.7632 8.98497 0
      vertex -14.6696 9.11109 12
      vertex -14.6696 9.11109 0
    endloop
  endfacet
  facet normal -0.803015 0.595958 0
    outer loop
      vertex -14.6696 9.11109 12
      vertex -14.7632 8.98497 0
      vertex -14.7632 8.98497 12
    endloop
  endfacet
  facet normal -0.941533 0.336921 0
    outer loop
      vertex -14.5218 9.38771 0
      vertex -14.4689 9.53554 12
      vertex -14.4689 9.53554 0
    endloop
  endfacet
  facet normal -0.941533 0.336921 0
    outer loop
      vertex -14.4689 9.53554 12
      vertex -14.5218 9.38771 0
      vertex -14.5218 9.38771 12
    endloop
  endfacet
  facet normal 0.513934 -0.85783 0
    outer loop
      vertex -16.8889 11.3304 0
      vertex -16.7542 11.4111 6
      vertex -16.8889 11.3304 6
    endloop
  endfacet
  facet normal 0.513934 -0.85783 0
    outer loop
      vertex -16.7542 11.4111 6
      vertex -16.8889 11.3304 0
      vertex -16.7542 11.4111 0
    endloop
  endfacet
  facet normal 0.904023 -0.427484 0
    outer loop
      vertex -17.4782 10.6123 6
      vertex -17.4111 10.7542 0
      vertex -17.4111 10.7542 6
    endloop
  endfacet
  facet normal 0.904023 -0.427484 0
    outer loop
      vertex -17.4111 10.7542 0
      vertex -17.4782 10.6123 6
      vertex -17.4782 10.6123 0
    endloop
  endfacet
  facet normal -0.049048 -0.998796 0
    outer loop
      vertex -16 11.6 0
      vertex -15.8432 11.5923 6
      vertex -16 11.6 6
    endloop
  endfacet
  facet normal -0.049048 -0.998796 -0
    outer loop
      vertex -15.8432 11.5923 6
      vertex -16 11.6 0
      vertex -15.8432 11.5923 0
    endloop
  endfacet
  facet normal 0.741092 0.671404 0
    outer loop
      vertex -17.1314 8.86863 6
      vertex -17.2368 8.98497 0
      vertex -17.2368 8.98497 6
    endloop
  endfacet
  facet normal 0.741092 0.671404 0
    outer loop
      vertex -17.2368 8.98497 0
      vertex -17.1314 8.86863 6
      vertex -17.1314 8.86863 0
    endloop
  endfacet
  facet normal 0.146502 -0.98921 0
    outer loop
      vertex -16.3121 11.5693 0
      vertex -16.1568 11.5923 6
      vertex -16.3121 11.5693 6
    endloop
  endfacet
  facet normal 0.146502 -0.98921 0
    outer loop
      vertex -16.1568 11.5923 6
      vertex -16.3121 11.5693 0
      vertex -16.1568 11.5923 0
    endloop
  endfacet
  facet normal 0.243135 -0.969993 0
    outer loop
      vertex -16.4645 11.5311 0
      vertex -16.3121 11.5693 6
      vertex -16.4645 11.5311 6
    endloop
  endfacet
  facet normal 0.243135 -0.969993 0
    outer loop
      vertex -16.3121 11.5693 6
      vertex -16.4645 11.5311 0
      vertex -16.3121 11.5693 0
    endloop
  endfacet
  facet normal 0.904081 0.427361 0
    outer loop
      vertex -17.4111 9.24576 6
      vertex -17.4782 9.38771 0
      vertex -17.4782 9.38771 6
    endloop
  endfacet
  facet normal 0.904081 0.427361 0
    outer loop
      vertex -17.4782 9.38771 0
      vertex -17.4111 9.24576 6
      vertex -17.4111 9.24576 0
    endloop
  endfacet
  facet normal 0.969959 0.24327 0
    outer loop
      vertex -17.5311 9.53554 6
      vertex -17.5693 9.68785 0
      vertex -17.5693 9.68785 6
    endloop
  endfacet
  facet normal 0.969959 0.24327 0
    outer loop
      vertex -17.5693 9.68785 0
      vertex -17.5311 9.53554 6
      vertex -17.5311 9.53554 0
    endloop
  endfacet
  facet normal 0.049048 -0.998796 0
    outer loop
      vertex -16.1568 11.5923 0
      vertex -16 11.6 6
      vertex -16.1568 11.5923 6
    endloop
  endfacet
  facet normal 0.049048 -0.998796 0
    outer loop
      vertex -16 11.6 6
      vertex -16.1568 11.5923 0
      vertex -16 11.6 0
    endloop
  endfacet
  facet normal -0.049048 0.998796 0
    outer loop
      vertex -15.8432 8.4077 0
      vertex -16 8.4 6
      vertex -15.8432 8.4077 6
    endloop
  endfacet
  facet normal -0.049048 0.998796 0
    outer loop
      vertex -16 8.4 6
      vertex -15.8432 8.4077 0
      vertex -16 8.4 0
    endloop
  endfacet
  facet normal -0.427484 -0.904023 0
    outer loop
      vertex -15.3877 11.4782 0
      vertex -15.2458 11.4111 6
      vertex -15.3877 11.4782 6
    endloop
  endfacet
  facet normal -0.427484 -0.904023 -0
    outer loop
      vertex -15.2458 11.4111 6
      vertex -15.3877 11.4782 0
      vertex -15.2458 11.4111 0
    endloop
  endfacet
  facet normal -0.146752 0.989173 0
    outer loop
      vertex -15.6879 8.43074 0
      vertex -15.8432 8.4077 6
      vertex -15.6879 8.43074 6
    endloop
  endfacet
  facet normal -0.146752 0.989173 0
    outer loop
      vertex -15.8432 8.4077 6
      vertex -15.6879 8.43074 0
      vertex -15.8432 8.4077 0
    endloop
  endfacet
  facet normal -0.146502 -0.98921 0
    outer loop
      vertex -15.8432 11.5923 0
      vertex -15.6879 11.5693 6
      vertex -15.8432 11.5923 6
    endloop
  endfacet
  facet normal -0.146502 -0.98921 -0
    outer loop
      vertex -15.6879 11.5693 6
      vertex -15.8432 11.5923 0
      vertex -15.6879 11.5693 0
    endloop
  endfacet
  facet normal -0.941511 -0.336982 0
    outer loop
      vertex -14.4689 10.4645 0
      vertex -14.5218 10.6123 12
      vertex -14.5218 10.6123 0
    endloop
  endfacet
  facet normal -0.941511 -0.336982 0
    outer loop
      vertex -14.5218 10.6123 12
      vertex -14.4689 10.4645 0
      vertex -14.4689 10.4645 12
    endloop
  endfacet
  facet normal -0.80297 -0.596019 0
    outer loop
      vertex -14.6696 10.8889 0
      vertex -14.7632 11.015 12
      vertex -14.7632 11.015 0
    endloop
  endfacet
  facet normal -0.80297 -0.596019 0
    outer loop
      vertex -14.7632 11.015 12
      vertex -14.6696 10.8889 0
      vertex -14.6696 10.8889 12
    endloop
  endfacet
  facet normal -0.741092 0.671404 0
    outer loop
      vertex -14.8686 8.86863 0
      vertex -14.7632 8.98497 12
      vertex -14.7632 8.98497 0
    endloop
  endfacet
  facet normal -0.741092 0.671404 0
    outer loop
      vertex -14.7632 8.98497 12
      vertex -14.8686 8.86863 0
      vertex -14.8686 8.86863 12
    endloop
  endfacet
  facet normal -0.671213 -0.741264 0
    outer loop
      vertex -14.985 11.2368 0
      vertex -14.8686 11.1314 12
      vertex -14.985 11.2368 12
    endloop
  endfacet
  facet normal -0.671213 -0.741264 -0
    outer loop
      vertex -14.8686 11.1314 12
      vertex -14.985 11.2368 0
      vertex -14.8686 11.1314 0
    endloop
  endfacet
  facet normal 0.146752 0.989173 -0
    outer loop
      vertex -16.1568 8.4077 0
      vertex -16.3121 8.43074 6
      vertex -16.1568 8.4077 6
    endloop
  endfacet
  facet normal 0.146752 0.989173 0
    outer loop
      vertex -16.3121 8.43074 6
      vertex -16.1568 8.4077 0
      vertex -16.3121 8.43074 0
    endloop
  endfacet
  facet normal -0.243135 -0.969993 0
    outer loop
      vertex -15.6879 11.5693 0
      vertex -15.5355 11.5311 6
      vertex -15.6879 11.5693 6
    endloop
  endfacet
  facet normal -0.243135 -0.969993 -0
    outer loop
      vertex -15.5355 11.5311 6
      vertex -15.6879 11.5693 0
      vertex -15.5355 11.5311 0
    endloop
  endfacet
  facet normal 0.803015 0.595958 0
    outer loop
      vertex -17.2368 8.98497 6
      vertex -17.3304 9.11109 0
      vertex -17.3304 9.11109 6
    endloop
  endfacet
  facet normal 0.803015 0.595958 0
    outer loop
      vertex -17.3304 9.11109 0
      vertex -17.2368 8.98497 6
      vertex -17.2368 8.98497 0
    endloop
  endfacet
  facet normal -0.741264 -0.671213 0
    outer loop
      vertex -14.7632 11.015 0
      vertex -14.8686 11.1314 12
      vertex -14.8686 11.1314 0
    endloop
  endfacet
  facet normal -0.741264 -0.671213 0
    outer loop
      vertex -14.8686 11.1314 12
      vertex -14.7632 11.015 0
      vertex -14.7632 11.015 12
    endloop
  endfacet
  facet normal -0.242835 0.970068 0
    outer loop
      vertex -15.5355 8.46889 0
      vertex -15.6879 8.43074 6
      vertex -15.5355 8.46889 6
    endloop
  endfacet
  facet normal -0.242835 0.970068 0
    outer loop
      vertex -15.6879 8.43074 6
      vertex -15.5355 8.46889 0
      vertex -15.6879 8.43074 0
    endloop
  endfacet
  facet normal -0.427692 0.903925 0
    outer loop
      vertex -15.2458 8.58893 0
      vertex -15.3877 8.52179 6
      vertex -15.2458 8.58893 6
    endloop
  endfacet
  facet normal -0.427692 0.903925 0
    outer loop
      vertex -15.3877 8.52179 6
      vertex -15.2458 8.58893 0
      vertex -15.3877 8.52179 0
    endloop
  endfacet
  facet normal 0.242835 0.970068 -0
    outer loop
      vertex -16.3121 8.43074 0
      vertex -16.4645 8.46889 6
      vertex -16.3121 8.43074 6
    endloop
  endfacet
  facet normal 0.242835 0.970068 0
    outer loop
      vertex -16.4645 8.46889 6
      vertex -16.3121 8.43074 0
      vertex -16.4645 8.46889 0
    endloop
  endfacet
  facet normal -0.595712 -0.803198 -0
    outer loop
      vertex -15.1111 11.3304 6
      vertex -15.1111 11.3304 0
      vertex -15 11.248 6
    endloop
  endfacet
  facet normal -0.598289 -0.80128 0
    outer loop
      vertex -15 11.248 6
      vertex -14.985 11.2368 12
      vertex -15 11.248 12
    endloop
  endfacet
  facet normal -0.598289 -0.80128 0
    outer loop
      vertex -15 11.248 6
      vertex -14.985 11.2368 0
      vertex -14.985 11.2368 12
    endloop
  endfacet
  facet normal -0.596019 -0.80297 8.82991e-06
    outer loop
      vertex -14.985 11.2368 0
      vertex -15 11.248 6
      vertex -15.1111 11.3304 0
    endloop
  endfacet
  facet normal -0.513934 -0.85783 0
    outer loop
      vertex -15.2458 11.4111 0
      vertex -15.1111 11.3304 6
      vertex -15.2458 11.4111 6
    endloop
  endfacet
  facet normal -0.513934 -0.85783 -0
    outer loop
      vertex -15.1111 11.3304 6
      vertex -15.2458 11.4111 0
      vertex -15.1111 11.3304 0
    endloop
  endfacet
  facet normal 0.427484 -0.904023 0
    outer loop
      vertex -16.7542 11.4111 0
      vertex -16.6123 11.4782 6
      vertex -16.7542 11.4111 6
    endloop
  endfacet
  facet normal 0.427484 -0.904023 0
    outer loop
      vertex -16.6123 11.4782 6
      vertex -16.7542 11.4111 0
      vertex -16.6123 11.4782 0
    endloop
  endfacet
  facet normal -0.596225 0.802817 0
    outer loop
      vertex -14.985 8.76318 12
      vertex -15 8.75204 6
      vertex -15 8.75204 12
    endloop
  endfacet
  facet normal -0.596225 0.802817 0
    outer loop
      vertex -14.985 8.76318 0
      vertex -15 8.75204 6
      vertex -14.985 8.76318 12
    endloop
  endfacet
  facet normal -0.595665 0.803233 2.17377e-06
    outer loop
      vertex -14.985 8.76318 0
      vertex -15.1111 8.66965 6
      vertex -15 8.75204 6
    endloop
  endfacet
  facet normal -0.595732 0.803184 0
    outer loop
      vertex -15.1111 8.66965 6
      vertex -14.985 8.76318 0
      vertex -15.1111 8.66965 0
    endloop
  endfacet
  facet normal -0.969959 0.24327 0
    outer loop
      vertex -14.4689 9.53554 0
      vertex -14.4307 9.68785 12
      vertex -14.4307 9.68785 0
    endloop
  endfacet
  facet normal -0.969959 0.24327 0
    outer loop
      vertex -14.4307 9.68785 12
      vertex -14.4689 9.53554 0
      vertex -14.4689 9.53554 12
    endloop
  endfacet
  facet normal -0.336982 -0.941511 0
    outer loop
      vertex -15.5355 11.5311 0
      vertex -15.3877 11.4782 6
      vertex -15.5355 11.5311 6
    endloop
  endfacet
  facet normal -0.336982 -0.941511 -0
    outer loop
      vertex -15.3877 11.4782 6
      vertex -15.5355 11.5311 0
      vertex -15.3877 11.4782 0
    endloop
  endfacet
  facet normal -0.989213 0.146484 0
    outer loop
      vertex -14.4307 9.68785 0
      vertex -14.4077 9.84317 12
      vertex -14.4077 9.84317 0
    endloop
  endfacet
  facet normal -0.989213 0.146484 0
    outer loop
      vertex -14.4077 9.84317 12
      vertex -14.4307 9.68785 0
      vertex -14.4307 9.68785 12
    endloop
  endfacet
  facet normal 0.671213 -0.741264 0
    outer loop
      vertex -17.1314 11.1314 0
      vertex -17.015 11.2368 6
      vertex -17.1314 11.1314 6
    endloop
  endfacet
  facet normal 0.671213 -0.741264 0
    outer loop
      vertex -17.015 11.2368 6
      vertex -17.1314 11.1314 0
      vertex -17.015 11.2368 0
    endloop
  endfacet
  facet normal -0.85783 -0.513934 0
    outer loop
      vertex -14.5889 10.7542 0
      vertex -14.6696 10.8889 12
      vertex -14.6696 10.8889 0
    endloop
  endfacet
  facet normal -0.85783 -0.513934 0
    outer loop
      vertex -14.6696 10.8889 12
      vertex -14.5889 10.7542 0
      vertex -14.5889 10.7542 12
    endloop
  endfacet
  facet normal 0.941533 0.336921 0
    outer loop
      vertex -17.4782 9.38771 6
      vertex -17.5311 9.53554 0
      vertex -17.5311 9.53554 6
    endloop
  endfacet
  facet normal 0.941533 0.336921 0
    outer loop
      vertex -17.5311 9.53554 0
      vertex -17.4782 9.38771 6
      vertex -17.4782 9.38771 0
    endloop
  endfacet
  facet normal 0.049048 0.998796 -0
    outer loop
      vertex -16 8.4 0
      vertex -16.1568 8.4077 6
      vertex -16 8.4 6
    endloop
  endfacet
  facet normal 0.049048 0.998796 0
    outer loop
      vertex -16.1568 8.4077 6
      vertex -16 8.4 0
      vertex -16.1568 8.4077 0
    endloop
  endfacet
  facet normal 0.514027 0.857774 -0
    outer loop
      vertex -16.7542 8.58893 0
      vertex -16.8889 8.66965 6
      vertex -16.7542 8.58893 6
    endloop
  endfacet
  facet normal 0.514027 0.857774 0
    outer loop
      vertex -16.8889 8.66965 6
      vertex -16.7542 8.58893 0
      vertex -16.8889 8.66965 0
    endloop
  endfacet
  facet normal 0.857779 0.514018 0
    outer loop
      vertex -17.3304 9.11109 6
      vertex -17.4111 9.24576 0
      vertex -17.4111 9.24576 6
    endloop
  endfacet
  facet normal 0.857779 0.514018 0
    outer loop
      vertex -17.4111 9.24576 0
      vertex -17.3304 9.11109 6
      vertex -17.3304 9.11109 0
    endloop
  endfacet
  facet normal 0.741264 -0.671213 0
    outer loop
      vertex -17.2368 11.015 6
      vertex -17.1314 11.1314 0
      vertex -17.1314 11.1314 6
    endloop
  endfacet
  facet normal 0.741264 -0.671213 0
    outer loop
      vertex -17.1314 11.1314 0
      vertex -17.2368 11.015 6
      vertex -17.2368 11.015 0
    endloop
  endfacet
  facet normal 0.85783 -0.513934 0
    outer loop
      vertex -17.4111 10.7542 6
      vertex -17.3304 10.8889 0
      vertex -17.3304 10.8889 6
    endloop
  endfacet
  facet normal 0.85783 -0.513934 0
    outer loop
      vertex -17.3304 10.8889 0
      vertex -17.4111 10.7542 6
      vertex -17.4111 10.7542 0
    endloop
  endfacet
  facet normal 0.989213 0.146484 0
    outer loop
      vertex -17.5693 9.68785 6
      vertex -17.5923 9.84317 0
      vertex -17.5923 9.84317 6
    endloop
  endfacet
  facet normal 0.989213 0.146484 0
    outer loop
      vertex -17.5923 9.84317 0
      vertex -17.5693 9.68785 6
      vertex -17.5693 9.68785 0
    endloop
  endfacet
  facet normal 0.336982 0.941511 -0
    outer loop
      vertex -16.4645 8.46889 0
      vertex -16.6123 8.52179 6
      vertex -16.4645 8.46889 6
    endloop
  endfacet
  facet normal 0.336982 0.941511 0
    outer loop
      vertex -16.6123 8.52179 6
      vertex -16.4645 8.46889 0
      vertex -16.6123 8.52179 0
    endloop
  endfacet
  facet normal 0.98921 -0.146502 0
    outer loop
      vertex -17.5923 10.1568 6
      vertex -17.5693 10.3121 0
      vertex -17.5693 10.3121 6
    endloop
  endfacet
  facet normal 0.98921 -0.146502 0
    outer loop
      vertex -17.5693 10.3121 0
      vertex -17.5923 10.1568 6
      vertex -17.5923 10.1568 0
    endloop
  endfacet
  facet normal -0.904081 0.427361 0
    outer loop
      vertex -14.5889 9.24576 0
      vertex -14.5218 9.38771 12
      vertex -14.5218 9.38771 0
    endloop
  endfacet
  facet normal -0.904081 0.427361 0
    outer loop
      vertex -14.5218 9.38771 12
      vertex -14.5889 9.24576 0
      vertex -14.5889 9.24576 12
    endloop
  endfacet
  facet normal 0.596019 -0.80297 0
    outer loop
      vertex -17.015 11.2368 0
      vertex -16.8889 11.3304 6
      vertex -17.015 11.2368 6
    endloop
  endfacet
  facet normal 0.596019 -0.80297 0
    outer loop
      vertex -16.8889 11.3304 6
      vertex -17.015 11.2368 0
      vertex -16.8889 11.3304 0
    endloop
  endfacet
  facet normal -0.514027 0.857774 0
    outer loop
      vertex -15.1111 8.66965 0
      vertex -15.2458 8.58893 6
      vertex -15.1111 8.66965 6
    endloop
  endfacet
  facet normal -0.514027 0.857774 0
    outer loop
      vertex -15.2458 8.58893 6
      vertex -15.1111 8.66965 0
      vertex -15.2458 8.58893 0
    endloop
  endfacet
  facet normal -0.857779 0.514018 0
    outer loop
      vertex -14.6696 9.11109 0
      vertex -14.5889 9.24576 12
      vertex -14.5889 9.24576 0
    endloop
  endfacet
  facet normal -0.857779 0.514018 0
    outer loop
      vertex -14.5889 9.24576 12
      vertex -14.6696 9.11109 0
      vertex -14.6696 9.11109 12
    endloop
  endfacet
  facet normal 0.969993 -0.243135 0
    outer loop
      vertex -17.5693 10.3121 6
      vertex -17.5311 10.4645 0
      vertex -17.5311 10.4645 6
    endloop
  endfacet
  facet normal 0.969993 -0.243135 0
    outer loop
      vertex -17.5311 10.4645 0
      vertex -17.5693 10.3121 6
      vertex -17.5693 10.3121 0
    endloop
  endfacet
  facet normal 0.941511 -0.336982 0
    outer loop
      vertex -17.5311 10.4645 6
      vertex -17.4782 10.6123 0
      vertex -17.4782 10.6123 6
    endloop
  endfacet
  facet normal 0.941511 -0.336982 0
    outer loop
      vertex -17.4782 10.6123 0
      vertex -17.5311 10.4645 6
      vertex -17.5311 10.4645 0
    endloop
  endfacet
  facet normal 0.671388 0.741106 -0
    outer loop
      vertex -17.015 8.76318 0
      vertex -17.1314 8.86863 6
      vertex -17.015 8.76318 6
    endloop
  endfacet
  facet normal 0.671388 0.741106 0
    outer loop
      vertex -17.1314 8.86863 6
      vertex -17.015 8.76318 0
      vertex -17.1314 8.86863 0
    endloop
  endfacet
  facet normal 0.595732 0.803184 -0
    outer loop
      vertex -16.8889 8.66965 0
      vertex -17.015 8.76318 6
      vertex -16.8889 8.66965 6
    endloop
  endfacet
  facet normal 0.595732 0.803184 0
    outer loop
      vertex -17.015 8.76318 6
      vertex -16.8889 8.66965 0
      vertex -17.015 8.76318 0
    endloop
  endfacet
  facet normal 0.998796 -0.049048 0
    outer loop
      vertex -17.6 10 6
      vertex -17.5923 10.1568 0
      vertex -17.5923 10.1568 6
    endloop
  endfacet
  facet normal 0.998796 -0.049048 0
    outer loop
      vertex -17.5923 10.1568 0
      vertex -17.6 10 6
      vertex -17.6 10 0
    endloop
  endfacet
  facet normal 0.998797 0.0490387 0
    outer loop
      vertex -17.5923 9.84317 6
      vertex -17.6 10 0
      vertex -17.6 10 6
    endloop
  endfacet
  facet normal 0.998797 0.0490387 0
    outer loop
      vertex -17.6 10 0
      vertex -17.5923 9.84317 6
      vertex -17.5923 9.84317 0
    endloop
  endfacet
  facet normal 0.80297 -0.596019 0
    outer loop
      vertex -17.3304 10.8889 6
      vertex -17.2368 11.015 0
      vertex -17.2368 11.015 6
    endloop
  endfacet
  facet normal 0.80297 -0.596019 0
    outer loop
      vertex -17.2368 11.015 0
      vertex -17.3304 10.8889 6
      vertex -17.3304 10.8889 0
    endloop
  endfacet
  facet normal 0.146502 0.98921 -0
    outer loop
      vertex 15.8432 -11.5923 0
      vertex 15.6879 -11.5693 6
      vertex 15.8432 -11.5923 6
    endloop
  endfacet
  facet normal 0.146502 0.98921 0
    outer loop
      vertex 15.6879 -11.5693 6
      vertex 15.8432 -11.5923 0
      vertex 15.6879 -11.5693 0
    endloop
  endfacet
  facet normal -0.989213 -0.146484 0
    outer loop
      vertex 17.5923 -9.84317 0
      vertex 17.5693 -9.68785 6
      vertex 17.5693 -9.68785 0
    endloop
  endfacet
  facet normal -0.989213 -0.146484 0
    outer loop
      vertex 17.5693 -9.68785 6
      vertex 17.5923 -9.84317 0
      vertex 17.5923 -9.84317 6
    endloop
  endfacet
  facet normal -0.998797 -0.0490387 0
    outer loop
      vertex 17.6 -10 0
      vertex 17.5923 -9.84317 6
      vertex 17.5923 -9.84317 0
    endloop
  endfacet
  facet normal -0.998797 -0.0490387 0
    outer loop
      vertex 17.5923 -9.84317 6
      vertex 17.6 -10 0
      vertex 17.6 -10 6
    endloop
  endfacet
  facet normal -0.969959 -0.24327 0
    outer loop
      vertex 17.5693 -9.68785 0
      vertex 17.5311 -9.53554 6
      vertex 17.5311 -9.53554 0
    endloop
  endfacet
  facet normal -0.969959 -0.24327 0
    outer loop
      vertex 17.5311 -9.53554 6
      vertex 17.5693 -9.68785 0
      vertex 17.5693 -9.68785 6
    endloop
  endfacet
  facet normal 0.969959 -0.24327 0
    outer loop
      vertex 14.4307 -9.68785 12
      vertex 14.4689 -9.53554 0
      vertex 14.4689 -9.53554 12
    endloop
  endfacet
  facet normal 0.969959 -0.24327 0
    outer loop
      vertex 14.4689 -9.53554 0
      vertex 14.4307 -9.68785 12
      vertex 14.4307 -9.68785 0
    endloop
  endfacet
  facet normal 0.904023 0.427484 0
    outer loop
      vertex 14.5889 -10.7542 12
      vertex 14.5218 -10.6123 0
      vertex 14.5218 -10.6123 12
    endloop
  endfacet
  facet normal 0.904023 0.427484 0
    outer loop
      vertex 14.5218 -10.6123 0
      vertex 14.5889 -10.7542 12
      vertex 14.5889 -10.7542 0
    endloop
  endfacet
  facet normal -0.513934 0.85783 0
    outer loop
      vertex 16.8889 -11.3304 0
      vertex 16.7542 -11.4111 6
      vertex 16.8889 -11.3304 6
    endloop
  endfacet
  facet normal -0.513934 0.85783 0
    outer loop
      vertex 16.7542 -11.4111 6
      vertex 16.8889 -11.3304 0
      vertex 16.7542 -11.4111 0
    endloop
  endfacet
  facet normal 0.514027 -0.857774 0
    outer loop
      vertex 15.1111 -8.66965 0
      vertex 15.2458 -8.58893 6
      vertex 15.1111 -8.66965 6
    endloop
  endfacet
  facet normal 0.514027 -0.857774 0
    outer loop
      vertex 15.2458 -8.58893 6
      vertex 15.1111 -8.66965 0
      vertex 15.2458 -8.58893 0
    endloop
  endfacet
  facet normal -0.146502 0.98921 0
    outer loop
      vertex 16.3121 -11.5693 0
      vertex 16.1568 -11.5923 6
      vertex 16.3121 -11.5693 6
    endloop
  endfacet
  facet normal -0.146502 0.98921 0
    outer loop
      vertex 16.1568 -11.5923 6
      vertex 16.3121 -11.5693 0
      vertex 16.1568 -11.5923 0
    endloop
  endfacet
  facet normal -0.741092 -0.671404 0
    outer loop
      vertex 17.2368 -8.98497 0
      vertex 17.1314 -8.86863 6
      vertex 17.1314 -8.86863 0
    endloop
  endfacet
  facet normal -0.741092 -0.671404 0
    outer loop
      vertex 17.1314 -8.86863 6
      vertex 17.2368 -8.98497 0
      vertex 17.2368 -8.98497 6
    endloop
  endfacet
  facet normal -0.427484 0.904023 0
    outer loop
      vertex 16.7542 -11.4111 0
      vertex 16.6123 -11.4782 6
      vertex 16.7542 -11.4111 6
    endloop
  endfacet
  facet normal -0.427484 0.904023 0
    outer loop
      vertex 16.6123 -11.4782 6
      vertex 16.7542 -11.4111 0
      vertex 16.6123 -11.4782 0
    endloop
  endfacet
  facet normal -0.427692 -0.903925 0
    outer loop
      vertex 16.6123 -8.52179 0
      vertex 16.7542 -8.58893 6
      vertex 16.6123 -8.52179 6
    endloop
  endfacet
  facet normal -0.427692 -0.903925 -0
    outer loop
      vertex 16.7542 -8.58893 6
      vertex 16.6123 -8.52179 0
      vertex 16.7542 -8.58893 0
    endloop
  endfacet
  facet normal 0.969993 0.243135 0
    outer loop
      vertex 14.4689 -10.4645 12
      vertex 14.4307 -10.3121 0
      vertex 14.4307 -10.3121 12
    endloop
  endfacet
  facet normal 0.969993 0.243135 0
    outer loop
      vertex 14.4307 -10.3121 0
      vertex 14.4689 -10.4645 12
      vertex 14.4689 -10.4645 0
    endloop
  endfacet
  facet normal -0.80297 0.596019 0
    outer loop
      vertex 17.2368 -11.015 0
      vertex 17.3304 -10.8889 6
      vertex 17.3304 -10.8889 0
    endloop
  endfacet
  facet normal -0.80297 0.596019 0
    outer loop
      vertex 17.3304 -10.8889 6
      vertex 17.2368 -11.015 0
      vertex 17.2368 -11.015 6
    endloop
  endfacet
  facet normal -0.671388 -0.741106 0
    outer loop
      vertex 17.015 -8.76318 0
      vertex 17.1314 -8.86863 6
      vertex 17.015 -8.76318 6
    endloop
  endfacet
  facet normal -0.671388 -0.741106 -0
    outer loop
      vertex 17.1314 -8.86863 6
      vertex 17.015 -8.76318 0
      vertex 17.1314 -8.86863 0
    endloop
  endfacet
  facet normal 0.595712 0.803198 0
    outer loop
      vertex 15.1111 -11.3304 6
      vertex 15.1111 -11.3304 0
      vertex 15 -11.248 6
    endloop
  endfacet
  facet normal 0.598289 0.80128 -0
    outer loop
      vertex 15 -11.248 6
      vertex 14.985 -11.2368 12
      vertex 15 -11.248 12
    endloop
  endfacet
  facet normal 0.598289 0.80128 0
    outer loop
      vertex 15 -11.248 6
      vertex 14.985 -11.2368 0
      vertex 14.985 -11.2368 12
    endloop
  endfacet
  facet normal 0.596019 0.80297 8.82991e-06
    outer loop
      vertex 14.985 -11.2368 0
      vertex 15 -11.248 6
      vertex 15.1111 -11.3304 0
    endloop
  endfacet
  facet normal 0.671388 -0.741106 0
    outer loop
      vertex 14.8686 -8.86863 0
      vertex 14.985 -8.76318 12
      vertex 14.8686 -8.86863 12
    endloop
  endfacet
  facet normal 0.671388 -0.741106 0
    outer loop
      vertex 14.985 -8.76318 12
      vertex 14.8686 -8.86863 0
      vertex 14.985 -8.76318 0
    endloop
  endfacet
  facet normal -0.857779 -0.514018 0
    outer loop
      vertex 17.4111 -9.24576 0
      vertex 17.3304 -9.11109 6
      vertex 17.3304 -9.11109 0
    endloop
  endfacet
  facet normal -0.857779 -0.514018 0
    outer loop
      vertex 17.3304 -9.11109 6
      vertex 17.4111 -9.24576 0
      vertex 17.4111 -9.24576 6
    endloop
  endfacet
  facet normal 0.427484 0.904023 -0
    outer loop
      vertex 15.3877 -11.4782 0
      vertex 15.2458 -11.4111 6
      vertex 15.3877 -11.4782 6
    endloop
  endfacet
  facet normal 0.427484 0.904023 0
    outer loop
      vertex 15.2458 -11.4111 6
      vertex 15.3877 -11.4782 0
      vertex 15.2458 -11.4111 0
    endloop
  endfacet
  facet normal -0.98921 0.146502 0
    outer loop
      vertex 17.5693 -10.3121 0
      vertex 17.5923 -10.1568 6
      vertex 17.5923 -10.1568 0
    endloop
  endfacet
  facet normal -0.98921 0.146502 0
    outer loop
      vertex 17.5923 -10.1568 6
      vertex 17.5693 -10.3121 0
      vertex 17.5693 -10.3121 6
    endloop
  endfacet
  facet normal 0.596225 -0.802817 0
    outer loop
      vertex 14.985 -8.76318 12
      vertex 15 -8.75204 6
      vertex 15 -8.75204 12
    endloop
  endfacet
  facet normal 0.596225 -0.802817 0
    outer loop
      vertex 14.985 -8.76318 0
      vertex 15 -8.75204 6
      vertex 14.985 -8.76318 12
    endloop
  endfacet
  facet normal 0.595665 -0.803233 2.17377e-06
    outer loop
      vertex 14.985 -8.76318 0
      vertex 15.1111 -8.66965 6
      vertex 15 -8.75204 6
    endloop
  endfacet
  facet normal 0.595732 -0.803184 0
    outer loop
      vertex 15.1111 -8.66965 6
      vertex 14.985 -8.76318 0
      vertex 15.1111 -8.66965 0
    endloop
  endfacet
  facet normal 0.427692 -0.903925 0
    outer loop
      vertex 15.2458 -8.58893 0
      vertex 15.3877 -8.52179 6
      vertex 15.2458 -8.58893 6
    endloop
  endfacet
  facet normal 0.427692 -0.903925 0
    outer loop
      vertex 15.3877 -8.52179 6
      vertex 15.2458 -8.58893 0
      vertex 15.3877 -8.52179 0
    endloop
  endfacet
  facet normal 0.243135 0.969993 -0
    outer loop
      vertex 15.6879 -11.5693 0
      vertex 15.5355 -11.5311 6
      vertex 15.6879 -11.5693 6
    endloop
  endfacet
  facet normal 0.243135 0.969993 0
    outer loop
      vertex 15.5355 -11.5311 6
      vertex 15.6879 -11.5693 0
      vertex 15.5355 -11.5311 0
    endloop
  endfacet
  facet normal -0.969993 0.243135 0
    outer loop
      vertex 17.5311 -10.4645 0
      vertex 17.5693 -10.3121 6
      vertex 17.5693 -10.3121 0
    endloop
  endfacet
  facet normal -0.969993 0.243135 0
    outer loop
      vertex 17.5693 -10.3121 6
      vertex 17.5311 -10.4645 0
      vertex 17.5311 -10.4645 6
    endloop
  endfacet
  facet normal -0.146752 -0.989173 0
    outer loop
      vertex 16.1568 -8.4077 0
      vertex 16.3121 -8.43074 6
      vertex 16.1568 -8.4077 6
    endloop
  endfacet
  facet normal -0.146752 -0.989173 -0
    outer loop
      vertex 16.3121 -8.43074 6
      vertex 16.1568 -8.4077 0
      vertex 16.3121 -8.43074 0
    endloop
  endfacet
  facet normal -0.242835 -0.970068 0
    outer loop
      vertex 16.3121 -8.43074 0
      vertex 16.4645 -8.46889 6
      vertex 16.3121 -8.43074 6
    endloop
  endfacet
  facet normal -0.242835 -0.970068 -0
    outer loop
      vertex 16.4645 -8.46889 6
      vertex 16.3121 -8.43074 0
      vertex 16.4645 -8.46889 0
    endloop
  endfacet
  facet normal 0.941511 0.336982 0
    outer loop
      vertex 14.5218 -10.6123 12
      vertex 14.4689 -10.4645 0
      vertex 14.4689 -10.4645 12
    endloop
  endfacet
  facet normal 0.941511 0.336982 0
    outer loop
      vertex 14.4689 -10.4645 0
      vertex 14.5218 -10.6123 12
      vertex 14.5218 -10.6123 0
    endloop
  endfacet
  facet normal -0.336982 0.941511 0
    outer loop
      vertex 16.6123 -11.4782 0
      vertex 16.4645 -11.5311 6
      vertex 16.6123 -11.4782 6
    endloop
  endfacet
  facet normal -0.336982 0.941511 0
    outer loop
      vertex 16.4645 -11.5311 6
      vertex 16.6123 -11.4782 0
      vertex 16.4645 -11.5311 0
    endloop
  endfacet
  facet normal 0.998796 0.049048 0
    outer loop
      vertex 14.4077 -10.1568 12
      vertex 14.4 -10 0
      vertex 14.4 -10 12
    endloop
  endfacet
  facet normal 0.998796 0.049048 0
    outer loop
      vertex 14.4 -10 0
      vertex 14.4077 -10.1568 12
      vertex 14.4077 -10.1568 0
    endloop
  endfacet
  facet normal -0.049048 -0.998796 0
    outer loop
      vertex 16 -8.4 0
      vertex 16.1568 -8.4077 6
      vertex 16 -8.4 6
    endloop
  endfacet
  facet normal -0.049048 -0.998796 -0
    outer loop
      vertex 16.1568 -8.4077 6
      vertex 16 -8.4 0
      vertex 16.1568 -8.4077 0
    endloop
  endfacet
  facet normal -0.514027 -0.857774 0
    outer loop
      vertex 16.7542 -8.58893 0
      vertex 16.8889 -8.66965 6
      vertex 16.7542 -8.58893 6
    endloop
  endfacet
  facet normal -0.514027 -0.857774 -0
    outer loop
      vertex 16.8889 -8.66965 6
      vertex 16.7542 -8.58893 0
      vertex 16.8889 -8.66965 0
    endloop
  endfacet
  facet normal -0.998796 0.049048 0
    outer loop
      vertex 17.5923 -10.1568 0
      vertex 17.6 -10 6
      vertex 17.6 -10 0
    endloop
  endfacet
  facet normal -0.998796 0.049048 0
    outer loop
      vertex 17.6 -10 6
      vertex 17.5923 -10.1568 0
      vertex 17.5923 -10.1568 6
    endloop
  endfacet
  facet normal -0.904023 0.427484 0
    outer loop
      vertex 17.4111 -10.7542 0
      vertex 17.4782 -10.6123 6
      vertex 17.4782 -10.6123 0
    endloop
  endfacet
  facet normal -0.904023 0.427484 0
    outer loop
      vertex 17.4782 -10.6123 6
      vertex 17.4111 -10.7542 0
      vertex 17.4111 -10.7542 6
    endloop
  endfacet
  facet normal 0.049048 -0.998796 0
    outer loop
      vertex 15.8432 -8.4077 0
      vertex 16 -8.4 6
      vertex 15.8432 -8.4077 6
    endloop
  endfacet
  facet normal 0.049048 -0.998796 0
    outer loop
      vertex 16 -8.4 6
      vertex 15.8432 -8.4077 0
      vertex 16 -8.4 0
    endloop
  endfacet
  facet normal 0.741092 -0.671404 0
    outer loop
      vertex 14.7632 -8.98497 12
      vertex 14.8686 -8.86863 0
      vertex 14.8686 -8.86863 12
    endloop
  endfacet
  facet normal 0.741092 -0.671404 0
    outer loop
      vertex 14.8686 -8.86863 0
      vertex 14.7632 -8.98497 12
      vertex 14.7632 -8.98497 0
    endloop
  endfacet
  facet normal -0.803015 -0.595958 0
    outer loop
      vertex 17.3304 -9.11109 0
      vertex 17.2368 -8.98497 6
      vertex 17.2368 -8.98497 0
    endloop
  endfacet
  facet normal -0.803015 -0.595958 0
    outer loop
      vertex 17.2368 -8.98497 6
      vertex 17.3304 -9.11109 0
      vertex 17.3304 -9.11109 6
    endloop
  endfacet
  facet normal -0.595732 -0.803184 0
    outer loop
      vertex 16.8889 -8.66965 0
      vertex 17.015 -8.76318 6
      vertex 16.8889 -8.66965 6
    endloop
  endfacet
  facet normal -0.595732 -0.803184 -0
    outer loop
      vertex 17.015 -8.76318 6
      vertex 16.8889 -8.66965 0
      vertex 17.015 -8.76318 0
    endloop
  endfacet
  facet normal -0.049048 0.998796 0
    outer loop
      vertex 16.1568 -11.5923 0
      vertex 16 -11.6 6
      vertex 16.1568 -11.5923 6
    endloop
  endfacet
  facet normal -0.049048 0.998796 0
    outer loop
      vertex 16 -11.6 6
      vertex 16.1568 -11.5923 0
      vertex 16 -11.6 0
    endloop
  endfacet
  facet normal -0.941533 -0.336921 0
    outer loop
      vertex 17.5311 -9.53554 0
      vertex 17.4782 -9.38771 6
      vertex 17.4782 -9.38771 0
    endloop
  endfacet
  facet normal -0.941533 -0.336921 0
    outer loop
      vertex 17.4782 -9.38771 6
      vertex 17.5311 -9.53554 0
      vertex 17.5311 -9.53554 6
    endloop
  endfacet
  facet normal -0.85783 0.513934 0
    outer loop
      vertex 17.3304 -10.8889 0
      vertex 17.4111 -10.7542 6
      vertex 17.4111 -10.7542 0
    endloop
  endfacet
  facet normal -0.85783 0.513934 0
    outer loop
      vertex 17.4111 -10.7542 6
      vertex 17.3304 -10.8889 0
      vertex 17.3304 -10.8889 6
    endloop
  endfacet
  facet normal 0.336982 0.941511 -0
    outer loop
      vertex 15.5355 -11.5311 0
      vertex 15.3877 -11.4782 6
      vertex 15.5355 -11.5311 6
    endloop
  endfacet
  facet normal 0.336982 0.941511 0
    outer loop
      vertex 15.3877 -11.4782 6
      vertex 15.5355 -11.5311 0
      vertex 15.3877 -11.4782 0
    endloop
  endfacet
  facet normal -0.941511 0.336982 0
    outer loop
      vertex 17.4782 -10.6123 0
      vertex 17.5311 -10.4645 6
      vertex 17.5311 -10.4645 0
    endloop
  endfacet
  facet normal -0.941511 0.336982 0
    outer loop
      vertex 17.5311 -10.4645 6
      vertex 17.4782 -10.6123 0
      vertex 17.4782 -10.6123 6
    endloop
  endfacet
  facet normal 0.242835 -0.970068 0
    outer loop
      vertex 15.5355 -8.46889 0
      vertex 15.6879 -8.43074 6
      vertex 15.5355 -8.46889 6
    endloop
  endfacet
  facet normal 0.242835 -0.970068 0
    outer loop
      vertex 15.6879 -8.43074 6
      vertex 15.5355 -8.46889 0
      vertex 15.6879 -8.43074 0
    endloop
  endfacet
  facet normal 0.904081 -0.427361 0
    outer loop
      vertex 14.5218 -9.38771 12
      vertex 14.5889 -9.24576 0
      vertex 14.5889 -9.24576 12
    endloop
  endfacet
  facet normal 0.904081 -0.427361 0
    outer loop
      vertex 14.5889 -9.24576 0
      vertex 14.5218 -9.38771 12
      vertex 14.5218 -9.38771 0
    endloop
  endfacet
  facet normal -0.904081 -0.427361 0
    outer loop
      vertex 17.4782 -9.38771 0
      vertex 17.4111 -9.24576 6
      vertex 17.4111 -9.24576 0
    endloop
  endfacet
  facet normal -0.904081 -0.427361 0
    outer loop
      vertex 17.4111 -9.24576 6
      vertex 17.4782 -9.38771 0
      vertex 17.4782 -9.38771 6
    endloop
  endfacet
  facet normal -0.671213 0.741264 0
    outer loop
      vertex 17.1314 -11.1314 0
      vertex 17.015 -11.2368 6
      vertex 17.1314 -11.1314 6
    endloop
  endfacet
  facet normal -0.671213 0.741264 0
    outer loop
      vertex 17.015 -11.2368 6
      vertex 17.1314 -11.1314 0
      vertex 17.015 -11.2368 0
    endloop
  endfacet
  facet normal 0.146752 -0.989173 0
    outer loop
      vertex 15.6879 -8.43074 0
      vertex 15.8432 -8.4077 6
      vertex 15.6879 -8.43074 6
    endloop
  endfacet
  facet normal 0.146752 -0.989173 0
    outer loop
      vertex 15.8432 -8.4077 6
      vertex 15.6879 -8.43074 0
      vertex 15.8432 -8.4077 0
    endloop
  endfacet
  facet normal -0.243135 0.969993 0
    outer loop
      vertex 16.4645 -11.5311 0
      vertex 16.3121 -11.5693 6
      vertex 16.4645 -11.5311 6
    endloop
  endfacet
  facet normal -0.243135 0.969993 0
    outer loop
      vertex 16.3121 -11.5693 6
      vertex 16.4645 -11.5311 0
      vertex 16.3121 -11.5693 0
    endloop
  endfacet
  facet normal 0.85783 0.513934 0
    outer loop
      vertex 14.6696 -10.8889 12
      vertex 14.5889 -10.7542 0
      vertex 14.5889 -10.7542 12
    endloop
  endfacet
  facet normal 0.85783 0.513934 0
    outer loop
      vertex 14.5889 -10.7542 0
      vertex 14.6696 -10.8889 12
      vertex 14.6696 -10.8889 0
    endloop
  endfacet
  facet normal 0.741264 0.671213 0
    outer loop
      vertex 14.8686 -11.1314 12
      vertex 14.7632 -11.015 0
      vertex 14.7632 -11.015 12
    endloop
  endfacet
  facet normal 0.741264 0.671213 0
    outer loop
      vertex 14.7632 -11.015 0
      vertex 14.8686 -11.1314 12
      vertex 14.8686 -11.1314 0
    endloop
  endfacet
  facet normal 0.336982 -0.941511 0
    outer loop
      vertex 15.3877 -8.52179 0
      vertex 15.5355 -8.46889 6
      vertex 15.3877 -8.52179 6
    endloop
  endfacet
  facet normal 0.336982 -0.941511 0
    outer loop
      vertex 15.5355 -8.46889 6
      vertex 15.3877 -8.52179 0
      vertex 15.5355 -8.46889 0
    endloop
  endfacet
  facet normal 0.513934 0.85783 -0
    outer loop
      vertex 15.2458 -11.4111 0
      vertex 15.1111 -11.3304 6
      vertex 15.2458 -11.4111 6
    endloop
  endfacet
  facet normal 0.513934 0.85783 0
    outer loop
      vertex 15.1111 -11.3304 6
      vertex 15.2458 -11.4111 0
      vertex 15.1111 -11.3304 0
    endloop
  endfacet
  facet normal -0.336982 -0.941511 0
    outer loop
      vertex 16.4645 -8.46889 0
      vertex 16.6123 -8.52179 6
      vertex 16.4645 -8.46889 6
    endloop
  endfacet
  facet normal -0.336982 -0.941511 -0
    outer loop
      vertex 16.6123 -8.52179 6
      vertex 16.4645 -8.46889 0
      vertex 16.6123 -8.52179 0
    endloop
  endfacet
  facet normal 0.941533 -0.336921 0
    outer loop
      vertex 14.4689 -9.53554 12
      vertex 14.5218 -9.38771 0
      vertex 14.5218 -9.38771 12
    endloop
  endfacet
  facet normal 0.941533 -0.336921 0
    outer loop
      vertex 14.5218 -9.38771 0
      vertex 14.4689 -9.53554 12
      vertex 14.4689 -9.53554 0
    endloop
  endfacet
  facet normal 0.80297 0.596019 0
    outer loop
      vertex 14.7632 -11.015 12
      vertex 14.6696 -10.8889 0
      vertex 14.6696 -10.8889 12
    endloop
  endfacet
  facet normal 0.80297 0.596019 0
    outer loop
      vertex 14.6696 -10.8889 0
      vertex 14.7632 -11.015 12
      vertex 14.7632 -11.015 0
    endloop
  endfacet
  facet normal 0.98921 0.146502 0
    outer loop
      vertex 14.4307 -10.3121 12
      vertex 14.4077 -10.1568 0
      vertex 14.4077 -10.1568 12
    endloop
  endfacet
  facet normal 0.98921 0.146502 0
    outer loop
      vertex 14.4077 -10.1568 0
      vertex 14.4307 -10.3121 12
      vertex 14.4307 -10.3121 0
    endloop
  endfacet
  facet normal -0.596019 0.80297 0
    outer loop
      vertex 17.015 -11.2368 0
      vertex 16.8889 -11.3304 6
      vertex 17.015 -11.2368 6
    endloop
  endfacet
  facet normal -0.596019 0.80297 0
    outer loop
      vertex 16.8889 -11.3304 6
      vertex 17.015 -11.2368 0
      vertex 16.8889 -11.3304 0
    endloop
  endfacet
  facet normal 0.671213 0.741264 -0
    outer loop
      vertex 14.985 -11.2368 0
      vertex 14.8686 -11.1314 12
      vertex 14.985 -11.2368 12
    endloop
  endfacet
  facet normal 0.671213 0.741264 0
    outer loop
      vertex 14.8686 -11.1314 12
      vertex 14.985 -11.2368 0
      vertex 14.8686 -11.1314 0
    endloop
  endfacet
  facet normal 0.803015 -0.595958 0
    outer loop
      vertex 14.6696 -9.11109 12
      vertex 14.7632 -8.98497 0
      vertex 14.7632 -8.98497 12
    endloop
  endfacet
  facet normal 0.803015 -0.595958 0
    outer loop
      vertex 14.7632 -8.98497 0
      vertex 14.6696 -9.11109 12
      vertex 14.6696 -9.11109 0
    endloop
  endfacet
  facet normal 0.049048 0.998796 -0
    outer loop
      vertex 16 -11.6 0
      vertex 15.8432 -11.5923 6
      vertex 16 -11.6 6
    endloop
  endfacet
  facet normal 0.049048 0.998796 0
    outer loop
      vertex 15.8432 -11.5923 6
      vertex 16 -11.6 0
      vertex 15.8432 -11.5923 0
    endloop
  endfacet
  facet normal 0.989213 -0.146484 0
    outer loop
      vertex 14.4077 -9.84317 12
      vertex 14.4307 -9.68785 0
      vertex 14.4307 -9.68785 12
    endloop
  endfacet
  facet normal 0.989213 -0.146484 0
    outer loop
      vertex 14.4307 -9.68785 0
      vertex 14.4077 -9.84317 12
      vertex 14.4077 -9.84317 0
    endloop
  endfacet
  facet normal 0.998797 -0.0490387 0
    outer loop
      vertex 14.4 -10 12
      vertex 14.4077 -9.84317 0
      vertex 14.4077 -9.84317 12
    endloop
  endfacet
  facet normal 0.998797 -0.0490387 0
    outer loop
      vertex 14.4077 -9.84317 0
      vertex 14.4 -10 12
      vertex 14.4 -10 0
    endloop
  endfacet
  facet normal -0.741264 0.671213 0
    outer loop
      vertex 17.1314 -11.1314 0
      vertex 17.2368 -11.015 6
      vertex 17.2368 -11.015 0
    endloop
  endfacet
  facet normal -0.741264 0.671213 0
    outer loop
      vertex 17.2368 -11.015 6
      vertex 17.1314 -11.1314 0
      vertex 17.1314 -11.1314 6
    endloop
  endfacet
  facet normal 0.857779 -0.514018 0
    outer loop
      vertex 14.5889 -9.24576 12
      vertex 14.6696 -9.11109 0
      vertex 14.6696 -9.11109 12
    endloop
  endfacet
  facet normal 0.857779 -0.514018 0
    outer loop
      vertex 14.6696 -9.11109 0
      vertex 14.5889 -9.24576 12
      vertex 14.5889 -9.24576 0
    endloop
  endfacet
  facet normal 0.998796 -0.049048 0
    outer loop
      vertex 14.4 10 12
      vertex 14.4077 10.1568 0
      vertex 14.4077 10.1568 12
    endloop
  endfacet
  facet normal 0.998796 -0.049048 0
    outer loop
      vertex 14.4077 10.1568 0
      vertex 14.4 10 12
      vertex 14.4 10 0
    endloop
  endfacet
  facet normal -0.98921 -0.146502 0
    outer loop
      vertex 17.5923 10.1568 0
      vertex 17.5693 10.3121 6
      vertex 17.5693 10.3121 0
    endloop
  endfacet
  facet normal -0.98921 -0.146502 0
    outer loop
      vertex 17.5693 10.3121 6
      vertex 17.5923 10.1568 0
      vertex 17.5923 10.1568 6
    endloop
  endfacet
  facet normal -0.998796 -0.049048 0
    outer loop
      vertex 17.6 10 0
      vertex 17.5923 10.1568 6
      vertex 17.5923 10.1568 0
    endloop
  endfacet
  facet normal -0.998796 -0.049048 0
    outer loop
      vertex 17.5923 10.1568 6
      vertex 17.6 10 0
      vertex 17.6 10 6
    endloop
  endfacet
  facet normal -0.969993 -0.243135 0
    outer loop
      vertex 17.5693 10.3121 0
      vertex 17.5311 10.4645 6
      vertex 17.5311 10.4645 0
    endloop
  endfacet
  facet normal -0.969993 -0.243135 0
    outer loop
      vertex 17.5311 10.4645 6
      vertex 17.5693 10.3121 0
      vertex 17.5693 10.3121 6
    endloop
  endfacet
  facet normal -0.146502 -0.98921 0
    outer loop
      vertex 16.1568 11.5923 0
      vertex 16.3121 11.5693 6
      vertex 16.1568 11.5923 6
    endloop
  endfacet
  facet normal -0.146502 -0.98921 -0
    outer loop
      vertex 16.3121 11.5693 6
      vertex 16.1568 11.5923 0
      vertex 16.3121 11.5693 0
    endloop
  endfacet
  facet normal 0.969959 0.24327 0
    outer loop
      vertex 14.4689 9.53554 12
      vertex 14.4307 9.68785 0
      vertex 14.4307 9.68785 12
    endloop
  endfacet
  facet normal 0.969959 0.24327 0
    outer loop
      vertex 14.4307 9.68785 0
      vertex 14.4689 9.53554 12
      vertex 14.4689 9.53554 0
    endloop
  endfacet
  facet normal 0.336982 0.941511 -0
    outer loop
      vertex 15.5355 8.46889 0
      vertex 15.3877 8.52179 6
      vertex 15.5355 8.46889 6
    endloop
  endfacet
  facet normal 0.336982 0.941511 0
    outer loop
      vertex 15.3877 8.52179 6
      vertex 15.5355 8.46889 0
      vertex 15.3877 8.52179 0
    endloop
  endfacet
  facet normal -0.998797 0.0490387 0
    outer loop
      vertex 17.5923 9.84317 0
      vertex 17.6 10 6
      vertex 17.6 10 0
    endloop
  endfacet
  facet normal -0.998797 0.0490387 0
    outer loop
      vertex 17.6 10 6
      vertex 17.5923 9.84317 0
      vertex 17.5923 9.84317 6
    endloop
  endfacet
  facet normal 0.98921 -0.146502 0
    outer loop
      vertex 14.4077 10.1568 12
      vertex 14.4307 10.3121 0
      vertex 14.4307 10.3121 12
    endloop
  endfacet
  facet normal 0.98921 -0.146502 0
    outer loop
      vertex 14.4307 10.3121 0
      vertex 14.4077 10.1568 12
      vertex 14.4077 10.1568 0
    endloop
  endfacet
  facet normal -0.146752 0.989173 0
    outer loop
      vertex 16.3121 8.43074 0
      vertex 16.1568 8.4077 6
      vertex 16.3121 8.43074 6
    endloop
  endfacet
  facet normal -0.146752 0.989173 0
    outer loop
      vertex 16.1568 8.4077 6
      vertex 16.3121 8.43074 0
      vertex 16.1568 8.4077 0
    endloop
  endfacet
  facet normal -0.941511 -0.336982 0
    outer loop
      vertex 17.5311 10.4645 0
      vertex 17.4782 10.6123 6
      vertex 17.4782 10.6123 0
    endloop
  endfacet
  facet normal -0.941511 -0.336982 0
    outer loop
      vertex 17.4782 10.6123 6
      vertex 17.5311 10.4645 0
      vertex 17.5311 10.4645 6
    endloop
  endfacet
  facet normal 0.427484 -0.904023 0
    outer loop
      vertex 15.2458 11.4111 0
      vertex 15.3877 11.4782 6
      vertex 15.2458 11.4111 6
    endloop
  endfacet
  facet normal 0.427484 -0.904023 0
    outer loop
      vertex 15.3877 11.4782 6
      vertex 15.2458 11.4111 0
      vertex 15.3877 11.4782 0
    endloop
  endfacet
  facet normal -0.969959 0.24327 0
    outer loop
      vertex 17.5311 9.53554 0
      vertex 17.5693 9.68785 6
      vertex 17.5693 9.68785 0
    endloop
  endfacet
  facet normal -0.969959 0.24327 0
    outer loop
      vertex 17.5693 9.68785 6
      vertex 17.5311 9.53554 0
      vertex 17.5311 9.53554 6
    endloop
  endfacet
  facet normal 0.427692 0.903925 -0
    outer loop
      vertex 15.3877 8.52179 0
      vertex 15.2458 8.58893 6
      vertex 15.3877 8.52179 6
    endloop
  endfacet
  facet normal 0.427692 0.903925 0
    outer loop
      vertex 15.2458 8.58893 6
      vertex 15.3877 8.52179 0
      vertex 15.2458 8.58893 0
    endloop
  endfacet
  facet normal 0.243135 -0.969993 0
    outer loop
      vertex 15.5355 11.5311 0
      vertex 15.6879 11.5693 6
      vertex 15.5355 11.5311 6
    endloop
  endfacet
  facet normal 0.243135 -0.969993 0
    outer loop
      vertex 15.6879 11.5693 6
      vertex 15.5355 11.5311 0
      vertex 15.6879 11.5693 0
    endloop
  endfacet
  facet normal 0.904023 -0.427484 0
    outer loop
      vertex 14.5218 10.6123 12
      vertex 14.5889 10.7542 0
      vertex 14.5889 10.7542 12
    endloop
  endfacet
  facet normal 0.904023 -0.427484 0
    outer loop
      vertex 14.5889 10.7542 0
      vertex 14.5218 10.6123 12
      vertex 14.5218 10.6123 0
    endloop
  endfacet
  facet normal 0.904081 0.427361 0
    outer loop
      vertex 14.5889 9.24576 12
      vertex 14.5218 9.38771 0
      vertex 14.5218 9.38771 12
    endloop
  endfacet
  facet normal 0.904081 0.427361 0
    outer loop
      vertex 14.5218 9.38771 0
      vertex 14.5889 9.24576 12
      vertex 14.5889 9.24576 0
    endloop
  endfacet
  facet normal -0.336982 -0.941511 0
    outer loop
      vertex 16.4645 11.5311 0
      vertex 16.6123 11.4782 6
      vertex 16.4645 11.5311 6
    endloop
  endfacet
  facet normal -0.336982 -0.941511 -0
    outer loop
      vertex 16.6123 11.4782 6
      vertex 16.4645 11.5311 0
      vertex 16.6123 11.4782 0
    endloop
  endfacet
  facet normal -0.243135 -0.969993 0
    outer loop
      vertex 16.3121 11.5693 0
      vertex 16.4645 11.5311 6
      vertex 16.3121 11.5693 6
    endloop
  endfacet
  facet normal -0.243135 -0.969993 -0
    outer loop
      vertex 16.4645 11.5311 6
      vertex 16.3121 11.5693 0
      vertex 16.4645 11.5311 0
    endloop
  endfacet
  facet normal 0.336982 -0.941511 0
    outer loop
      vertex 15.3877 11.4782 0
      vertex 15.5355 11.5311 6
      vertex 15.3877 11.4782 6
    endloop
  endfacet
  facet normal 0.336982 -0.941511 0
    outer loop
      vertex 15.5355 11.5311 6
      vertex 15.3877 11.4782 0
      vertex 15.5355 11.5311 0
    endloop
  endfacet
  facet normal -0.803015 0.595958 0
    outer loop
      vertex 17.2368 8.98497 0
      vertex 17.3304 9.11109 6
      vertex 17.3304 9.11109 0
    endloop
  endfacet
  facet normal -0.803015 0.595958 0
    outer loop
      vertex 17.3304 9.11109 6
      vertex 17.2368 8.98497 0
      vertex 17.2368 8.98497 6
    endloop
  endfacet
  facet normal 0.85783 -0.513934 0
    outer loop
      vertex 14.5889 10.7542 12
      vertex 14.6696 10.8889 0
      vertex 14.6696 10.8889 12
    endloop
  endfacet
  facet normal 0.85783 -0.513934 0
    outer loop
      vertex 14.6696 10.8889 0
      vertex 14.5889 10.7542 12
      vertex 14.5889 10.7542 0
    endloop
  endfacet
  facet normal -0.671213 -0.741264 0
    outer loop
      vertex 17.015 11.2368 0
      vertex 17.1314 11.1314 6
      vertex 17.015 11.2368 6
    endloop
  endfacet
  facet normal -0.671213 -0.741264 -0
    outer loop
      vertex 17.1314 11.1314 6
      vertex 17.015 11.2368 0
      vertex 17.1314 11.1314 0
    endloop
  endfacet
  facet normal -0.049048 0.998796 0
    outer loop
      vertex 16.1568 8.4077 0
      vertex 16 8.4 6
      vertex 16.1568 8.4077 6
    endloop
  endfacet
  facet normal -0.049048 0.998796 0
    outer loop
      vertex 16 8.4 6
      vertex 16.1568 8.4077 0
      vertex 16 8.4 0
    endloop
  endfacet
  facet normal -0.427484 -0.904023 0
    outer loop
      vertex 16.6123 11.4782 0
      vertex 16.7542 11.4111 6
      vertex 16.6123 11.4782 6
    endloop
  endfacet
  facet normal -0.427484 -0.904023 -0
    outer loop
      vertex 16.7542 11.4111 6
      vertex 16.6123 11.4782 0
      vertex 16.7542 11.4111 0
    endloop
  endfacet
  facet normal 0.741092 0.671404 0
    outer loop
      vertex 14.8686 8.86863 12
      vertex 14.7632 8.98497 0
      vertex 14.7632 8.98497 12
    endloop
  endfacet
  facet normal 0.741092 0.671404 0
    outer loop
      vertex 14.7632 8.98497 0
      vertex 14.8686 8.86863 12
      vertex 14.8686 8.86863 0
    endloop
  endfacet
  facet normal -0.904023 -0.427484 0
    outer loop
      vertex 17.4782 10.6123 0
      vertex 17.4111 10.7542 6
      vertex 17.4111 10.7542 0
    endloop
  endfacet
  facet normal -0.904023 -0.427484 0
    outer loop
      vertex 17.4111 10.7542 6
      vertex 17.4782 10.6123 0
      vertex 17.4782 10.6123 6
    endloop
  endfacet
  facet normal -0.857779 0.514018 0
    outer loop
      vertex 17.3304 9.11109 0
      vertex 17.4111 9.24576 6
      vertex 17.4111 9.24576 0
    endloop
  endfacet
  facet normal -0.857779 0.514018 0
    outer loop
      vertex 17.4111 9.24576 6
      vertex 17.3304 9.11109 0
      vertex 17.3304 9.11109 6
    endloop
  endfacet
  facet normal -0.242835 0.970068 0
    outer loop
      vertex 16.4645 8.46889 0
      vertex 16.3121 8.43074 6
      vertex 16.4645 8.46889 6
    endloop
  endfacet
  facet normal -0.242835 0.970068 0
    outer loop
      vertex 16.3121 8.43074 6
      vertex 16.4645 8.46889 0
      vertex 16.3121 8.43074 0
    endloop
  endfacet
  facet normal 0.941533 0.336921 0
    outer loop
      vertex 14.5218 9.38771 12
      vertex 14.4689 9.53554 0
      vertex 14.4689 9.53554 12
    endloop
  endfacet
  facet normal 0.941533 0.336921 0
    outer loop
      vertex 14.4689 9.53554 0
      vertex 14.5218 9.38771 12
      vertex 14.5218 9.38771 0
    endloop
  endfacet
  facet normal -0.513934 -0.85783 0
    outer loop
      vertex 16.7542 11.4111 0
      vertex 16.8889 11.3304 6
      vertex 16.7542 11.4111 6
    endloop
  endfacet
  facet normal -0.513934 -0.85783 -0
    outer loop
      vertex 16.8889 11.3304 6
      vertex 16.7542 11.4111 0
      vertex 16.8889 11.3304 0
    endloop
  endfacet
  facet normal 0.049048 0.998796 -0
    outer loop
      vertex 16 8.4 0
      vertex 15.8432 8.4077 6
      vertex 16 8.4 6
    endloop
  endfacet
  facet normal 0.049048 0.998796 0
    outer loop
      vertex 15.8432 8.4077 6
      vertex 16 8.4 0
      vertex 15.8432 8.4077 0
    endloop
  endfacet
  facet normal -0.595732 0.803184 0
    outer loop
      vertex 17.015 8.76318 0
      vertex 16.8889 8.66965 6
      vertex 17.015 8.76318 6
    endloop
  endfacet
  facet normal -0.595732 0.803184 0
    outer loop
      vertex 16.8889 8.66965 6
      vertex 17.015 8.76318 0
      vertex 16.8889 8.66965 0
    endloop
  endfacet
  facet normal 0.969993 -0.243135 0
    outer loop
      vertex 14.4307 10.3121 12
      vertex 14.4689 10.4645 0
      vertex 14.4689 10.4645 12
    endloop
  endfacet
  facet normal 0.969993 -0.243135 0
    outer loop
      vertex 14.4689 10.4645 0
      vertex 14.4307 10.3121 12
      vertex 14.4307 10.3121 0
    endloop
  endfacet
  facet normal -0.336982 0.941511 0
    outer loop
      vertex 16.6123 8.52179 0
      vertex 16.4645 8.46889 6
      vertex 16.6123 8.52179 6
    endloop
  endfacet
  facet normal -0.336982 0.941511 0
    outer loop
      vertex 16.4645 8.46889 6
      vertex 16.6123 8.52179 0
      vertex 16.4645 8.46889 0
    endloop
  endfacet
  facet normal -0.80297 -0.596019 0
    outer loop
      vertex 17.3304 10.8889 0
      vertex 17.2368 11.015 6
      vertex 17.2368 11.015 0
    endloop
  endfacet
  facet normal -0.80297 -0.596019 0
    outer loop
      vertex 17.2368 11.015 6
      vertex 17.3304 10.8889 0
      vertex 17.3304 10.8889 6
    endloop
  endfacet
  facet normal 0.514027 0.857774 -0
    outer loop
      vertex 15.2458 8.58893 0
      vertex 15.1111 8.66965 6
      vertex 15.2458 8.58893 6
    endloop
  endfacet
  facet normal 0.514027 0.857774 0
    outer loop
      vertex 15.1111 8.66965 6
      vertex 15.2458 8.58893 0
      vertex 15.1111 8.66965 0
    endloop
  endfacet
  facet normal -0.596019 -0.80297 0
    outer loop
      vertex 16.8889 11.3304 0
      vertex 17.015 11.2368 6
      vertex 16.8889 11.3304 6
    endloop
  endfacet
  facet normal -0.596019 -0.80297 -0
    outer loop
      vertex 17.015 11.2368 6
      vertex 16.8889 11.3304 0
      vertex 17.015 11.2368 0
    endloop
  endfacet
  facet normal -0.904081 0.427361 0
    outer loop
      vertex 17.4111 9.24576 0
      vertex 17.4782 9.38771 6
      vertex 17.4782 9.38771 0
    endloop
  endfacet
  facet normal -0.904081 0.427361 0
    outer loop
      vertex 17.4782 9.38771 6
      vertex 17.4111 9.24576 0
      vertex 17.4111 9.24576 6
    endloop
  endfacet
  facet normal -0.741092 0.671404 0
    outer loop
      vertex 17.1314 8.86863 0
      vertex 17.2368 8.98497 6
      vertex 17.2368 8.98497 0
    endloop
  endfacet
  facet normal -0.741092 0.671404 0
    outer loop
      vertex 17.2368 8.98497 6
      vertex 17.1314 8.86863 0
      vertex 17.1314 8.86863 6
    endloop
  endfacet
  facet normal -0.049048 -0.998796 0
    outer loop
      vertex 16 11.6 0
      vertex 16.1568 11.5923 6
      vertex 16 11.6 6
    endloop
  endfacet
  facet normal -0.049048 -0.998796 -0
    outer loop
      vertex 16.1568 11.5923 6
      vertex 16 11.6 0
      vertex 16.1568 11.5923 0
    endloop
  endfacet
  facet normal -0.427692 0.903925 0
    outer loop
      vertex 16.7542 8.58893 0
      vertex 16.6123 8.52179 6
      vertex 16.7542 8.58893 6
    endloop
  endfacet
  facet normal -0.427692 0.903925 0
    outer loop
      vertex 16.6123 8.52179 6
      vertex 16.7542 8.58893 0
      vertex 16.6123 8.52179 0
    endloop
  endfacet
  facet normal 0.146502 -0.98921 0
    outer loop
      vertex 15.6879 11.5693 0
      vertex 15.8432 11.5923 6
      vertex 15.6879 11.5693 6
    endloop
  endfacet
  facet normal 0.146502 -0.98921 0
    outer loop
      vertex 15.8432 11.5923 6
      vertex 15.6879 11.5693 0
      vertex 15.8432 11.5923 0
    endloop
  endfacet
  facet normal -0.989213 0.146484 0
    outer loop
      vertex 17.5693 9.68785 0
      vertex 17.5923 9.84317 6
      vertex 17.5923 9.84317 0
    endloop
  endfacet
  facet normal -0.989213 0.146484 0
    outer loop
      vertex 17.5923 9.84317 6
      vertex 17.5693 9.68785 0
      vertex 17.5693 9.68785 6
    endloop
  endfacet
  facet normal 0.671213 -0.741264 0
    outer loop
      vertex 14.8686 11.1314 0
      vertex 14.985 11.2368 12
      vertex 14.8686 11.1314 12
    endloop
  endfacet
  facet normal 0.671213 -0.741264 0
    outer loop
      vertex 14.985 11.2368 12
      vertex 14.8686 11.1314 0
      vertex 14.985 11.2368 0
    endloop
  endfacet
  facet normal -0.85783 -0.513934 0
    outer loop
      vertex 17.4111 10.7542 0
      vertex 17.3304 10.8889 6
      vertex 17.3304 10.8889 0
    endloop
  endfacet
  facet normal -0.85783 -0.513934 0
    outer loop
      vertex 17.3304 10.8889 6
      vertex 17.4111 10.7542 0
      vertex 17.4111 10.7542 6
    endloop
  endfacet
  facet normal -0.741264 -0.671213 0
    outer loop
      vertex 17.2368 11.015 0
      vertex 17.1314 11.1314 6
      vertex 17.1314 11.1314 0
    endloop
  endfacet
  facet normal -0.741264 -0.671213 0
    outer loop
      vertex 17.1314 11.1314 6
      vertex 17.2368 11.015 0
      vertex 17.2368 11.015 6
    endloop
  endfacet
  facet normal 0.803015 0.595958 0
    outer loop
      vertex 14.7632 8.98497 12
      vertex 14.6696 9.11109 0
      vertex 14.6696 9.11109 12
    endloop
  endfacet
  facet normal 0.803015 0.595958 0
    outer loop
      vertex 14.6696 9.11109 0
      vertex 14.7632 8.98497 12
      vertex 14.7632 8.98497 0
    endloop
  endfacet
  facet normal -0.941533 0.336921 0
    outer loop
      vertex 17.4782 9.38771 0
      vertex 17.5311 9.53554 6
      vertex 17.5311 9.53554 0
    endloop
  endfacet
  facet normal -0.941533 0.336921 0
    outer loop
      vertex 17.5311 9.53554 6
      vertex 17.4782 9.38771 0
      vertex 17.4782 9.38771 6
    endloop
  endfacet
  facet normal 0.741264 -0.671213 0
    outer loop
      vertex 14.7632 11.015 12
      vertex 14.8686 11.1314 0
      vertex 14.8686 11.1314 12
    endloop
  endfacet
  facet normal 0.741264 -0.671213 0
    outer loop
      vertex 14.8686 11.1314 0
      vertex 14.7632 11.015 12
      vertex 14.7632 11.015 0
    endloop
  endfacet
  facet normal 0.595665 0.803233 0
    outer loop
      vertex 15.1111 8.66965 6
      vertex 15.1111 8.66965 0
      vertex 15 8.75204 6
    endloop
  endfacet
  facet normal 0.596225 0.802817 -0
    outer loop
      vertex 15 8.75204 6
      vertex 14.985 8.76318 12
      vertex 15 8.75204 12
    endloop
  endfacet
  facet normal 0.596225 0.802817 0
    outer loop
      vertex 15 8.75204 6
      vertex 14.985 8.76318 0
      vertex 14.985 8.76318 12
    endloop
  endfacet
  facet normal 0.595732 0.803184 1.91507e-06
    outer loop
      vertex 14.985 8.76318 0
      vertex 15 8.75204 6
      vertex 15.1111 8.66965 0
    endloop
  endfacet
  facet normal 0.671388 0.741106 -0
    outer loop
      vertex 14.985 8.76318 0
      vertex 14.8686 8.86863 12
      vertex 14.985 8.76318 12
    endloop
  endfacet
  facet normal 0.671388 0.741106 0
    outer loop
      vertex 14.8686 8.86863 12
      vertex 14.985 8.76318 0
      vertex 14.8686 8.86863 0
    endloop
  endfacet
  facet normal -0.514027 0.857774 0
    outer loop
      vertex 16.8889 8.66965 0
      vertex 16.7542 8.58893 6
      vertex 16.8889 8.66965 6
    endloop
  endfacet
  facet normal -0.514027 0.857774 0
    outer loop
      vertex 16.7542 8.58893 6
      vertex 16.8889 8.66965 0
      vertex 16.7542 8.58893 0
    endloop
  endfacet
  facet normal -0.671388 0.741106 0
    outer loop
      vertex 17.1314 8.86863 0
      vertex 17.015 8.76318 6
      vertex 17.1314 8.86863 6
    endloop
  endfacet
  facet normal -0.671388 0.741106 0
    outer loop
      vertex 17.015 8.76318 6
      vertex 17.1314 8.86863 0
      vertex 17.015 8.76318 0
    endloop
  endfacet
  facet normal 0.049048 -0.998796 0
    outer loop
      vertex 15.8432 11.5923 0
      vertex 16 11.6 6
      vertex 15.8432 11.5923 6
    endloop
  endfacet
  facet normal 0.049048 -0.998796 0
    outer loop
      vertex 16 11.6 6
      vertex 15.8432 11.5923 0
      vertex 16 11.6 0
    endloop
  endfacet
  facet normal 0.242835 0.970068 -0
    outer loop
      vertex 15.6879 8.43074 0
      vertex 15.5355 8.46889 6
      vertex 15.6879 8.43074 6
    endloop
  endfacet
  facet normal 0.242835 0.970068 0
    outer loop
      vertex 15.5355 8.46889 6
      vertex 15.6879 8.43074 0
      vertex 15.5355 8.46889 0
    endloop
  endfacet
  facet normal 0.989213 0.146484 0
    outer loop
      vertex 14.4307 9.68785 12
      vertex 14.4077 9.84317 0
      vertex 14.4077 9.84317 12
    endloop
  endfacet
  facet normal 0.989213 0.146484 0
    outer loop
      vertex 14.4077 9.84317 0
      vertex 14.4307 9.68785 12
      vertex 14.4307 9.68785 0
    endloop
  endfacet
  facet normal 0.513934 -0.85783 0
    outer loop
      vertex 15.1111 11.3304 0
      vertex 15.2458 11.4111 6
      vertex 15.1111 11.3304 6
    endloop
  endfacet
  facet normal 0.513934 -0.85783 0
    outer loop
      vertex 15.2458 11.4111 6
      vertex 15.1111 11.3304 0
      vertex 15.2458 11.4111 0
    endloop
  endfacet
  facet normal 0.598289 -0.80128 0
    outer loop
      vertex 14.985 11.2368 12
      vertex 15 11.248 6
      vertex 15 11.248 12
    endloop
  endfacet
  facet normal 0.598289 -0.80128 0
    outer loop
      vertex 14.985 11.2368 0
      vertex 15 11.248 6
      vertex 14.985 11.2368 12
    endloop
  endfacet
  facet normal 0.595712 -0.803198 1.00249e-05
    outer loop
      vertex 14.985 11.2368 0
      vertex 15.1111 11.3304 6
      vertex 15 11.248 6
    endloop
  endfacet
  facet normal 0.596019 -0.80297 0
    outer loop
      vertex 15.1111 11.3304 6
      vertex 14.985 11.2368 0
      vertex 15.1111 11.3304 0
    endloop
  endfacet
  facet normal 0.941511 -0.336982 0
    outer loop
      vertex 14.4689 10.4645 12
      vertex 14.5218 10.6123 0
      vertex 14.5218 10.6123 12
    endloop
  endfacet
  facet normal 0.941511 -0.336982 0
    outer loop
      vertex 14.5218 10.6123 0
      vertex 14.4689 10.4645 12
      vertex 14.4689 10.4645 0
    endloop
  endfacet
  facet normal 0.857779 0.514018 0
    outer loop
      vertex 14.6696 9.11109 12
      vertex 14.5889 9.24576 0
      vertex 14.5889 9.24576 12
    endloop
  endfacet
  facet normal 0.857779 0.514018 0
    outer loop
      vertex 14.5889 9.24576 0
      vertex 14.6696 9.11109 12
      vertex 14.6696 9.11109 0
    endloop
  endfacet
  facet normal 0.998797 0.0490387 0
    outer loop
      vertex 14.4077 9.84317 12
      vertex 14.4 10 0
      vertex 14.4 10 12
    endloop
  endfacet
  facet normal 0.998797 0.0490387 0
    outer loop
      vertex 14.4 10 0
      vertex 14.4077 9.84317 12
      vertex 14.4077 9.84317 0
    endloop
  endfacet
  facet normal 0.146752 0.989173 -0
    outer loop
      vertex 15.8432 8.4077 0
      vertex 15.6879 8.43074 6
      vertex 15.8432 8.4077 6
    endloop
  endfacet
  facet normal 0.146752 0.989173 0
    outer loop
      vertex 15.6879 8.43074 6
      vertex 15.8432 8.4077 0
      vertex 15.6879 8.43074 0
    endloop
  endfacet
  facet normal 0.80297 -0.596019 0
    outer loop
      vertex 14.6696 10.8889 12
      vertex 14.7632 11.015 0
      vertex 14.7632 11.015 12
    endloop
  endfacet
  facet normal 0.80297 -0.596019 0
    outer loop
      vertex 14.7632 11.015 0
      vertex 14.6696 10.8889 12
      vertex 14.6696 10.8889 0
    endloop
  endfacet
  facet normal 0.243106 -0.97 0
    outer loop
      vertex 12.1183 14.7375 5
      vertex 12.3182 14.7876 12
      vertex 12.1183 14.7375 12
    endloop
  endfacet
  facet normal 0.243106 -0.97 0
    outer loop
      vertex 12.3182 14.7876 12
      vertex 12.1183 14.7375 5
      vertex 12.3182 14.7876 5
    endloop
  endfacet
  facet normal -0.941621 -0.336674 0
    outer loop
      vertex 14.7375 13.3375 5
      vertex 14.6681 13.5316 6
      vertex 14.6681 13.5316 5
    endloop
  endfacet
  facet normal -0.941621 -0.336674 0
    outer loop
      vertex 14.6681 13.5316 6
      vertex 14.7375 13.3375 5
      vertex 14.7375 13.3375 6
    endloop
  endfacet
  facet normal -0.595877 -0.803076 0
    outer loop
      vertex 13.8946 14.474 5
      vertex 14.0601 14.3512 6
      vertex 13.8946 14.474 6
    endloop
  endfacet
  facet normal -0.595877 -0.803076 -0
    outer loop
      vertex 14.0601 14.3512 6
      vertex 13.8946 14.474 5
      vertex 14.0601 14.3512 5
    endloop
  endfacet
  facet normal -0.671561 -0.740949 0
    outer loop
      vertex 14.0601 14.3512 5
      vertex 14.2128 14.2128 6
      vertex 14.0601 14.3512 6
    endloop
  endfacet
  facet normal -0.671561 -0.740949 -0
    outer loop
      vertex 14.2128 14.2128 6
      vertex 14.0601 14.3512 5
      vertex 14.2128 14.2128 5
    endloop
  endfacet
  facet normal -0.243106 -0.97 0
    outer loop
      vertex 13.1376 14.7876 5
      vertex 13.3375 14.7375 6
      vertex 13.1376 14.7876 6
    endloop
  endfacet
  facet normal -0.243106 -0.97 -0
    outer loop
      vertex 13.3375 14.7375 6
      vertex 13.1376 14.7876 5
      vertex 13.3375 14.7375 5
    endloop
  endfacet
  facet normal 0.146513 -0.989209 0
    outer loop
      vertex 12.3182 14.7876 5
      vertex 12.5221 14.8178 12
      vertex 12.3182 14.7876 12
    endloop
  endfacet
  facet normal 0.146513 -0.989209 0
    outer loop
      vertex 12.5221 14.8178 12
      vertex 12.3182 14.7876 5
      vertex 12.5221 14.8178 5
    endloop
  endfacet
  facet normal -0.146746 -0.989174 0
    outer loop
      vertex 12.9338 14.8178 12
      vertex 13.0794 14.7962 6
      vertex 13.0794 14.7962 12
    endloop
  endfacet
  facet normal -0.146746 -0.989174 0
    outer loop
      vertex 12.9338 14.8178 5
      vertex 13.0794 14.7962 6
      vertex 12.9338 14.8178 12
    endloop
  endfacet
  facet normal -0.146584 -0.989198 -2.40747e-05
    outer loop
      vertex 13.1376 14.7876 5
      vertex 13.0794 14.7962 6
      vertex 12.9338 14.8178 5
    endloop
  endfacet
  facet normal -0.146179 -0.989258 0
    outer loop
      vertex 13.0794 14.7962 6
      vertex 13.1376 14.7876 5
      vertex 13.1376 14.7876 6
    endloop
  endfacet
  facet normal 0.671561 -0.740949 0
    outer loop
      vertex 11.243 14.2128 5
      vertex 11.3957 14.3512 12
      vertex 11.243 14.2128 12
    endloop
  endfacet
  facet normal 0.671561 -0.740949 0
    outer loop
      vertex 11.3957 14.3512 12
      vertex 11.243 14.2128 5
      vertex 11.3957 14.3512 5
    endloop
  endfacet
  facet normal -0.803076 0.595877 0
    outer loop
      vertex 14.3512 11.3957 5
      vertex 14.474 11.5612 12
      vertex 14.474 11.5612 5
    endloop
  endfacet
  facet normal -0.803076 0.595877 0
    outer loop
      vertex 14.474 11.5612 12
      vertex 14.3512 11.3957 5
      vertex 14.3512 11.3957 12
    endloop
  endfacet
  facet normal -0.740949 0.671561 0
    outer loop
      vertex 14.2128 11.243 5
      vertex 14.3512 11.3957 12
      vertex 14.3512 11.3957 5
    endloop
  endfacet
  facet normal -0.740949 0.671561 0
    outer loop
      vertex 14.3512 11.3957 12
      vertex 14.2128 11.243 5
      vertex 14.2128 11.243 12
    endloop
  endfacet
  facet normal 0.595877 -0.803076 0
    outer loop
      vertex 11.3957 14.3512 5
      vertex 11.5612 14.474 12
      vertex 11.3957 14.3512 12
    endloop
  endfacet
  facet normal 0.595877 -0.803076 0
    outer loop
      vertex 11.5612 14.474 12
      vertex 11.3957 14.3512 5
      vertex 11.5612 14.474 5
    endloop
  endfacet
  facet normal 0.803076 -0.595877 0
    outer loop
      vertex 10.9818 13.8946 12
      vertex 11.1046 14.0601 5
      vertex 11.1046 14.0601 12
    endloop
  endfacet
  facet normal 0.803076 -0.595877 0
    outer loop
      vertex 11.1046 14.0601 5
      vertex 10.9818 13.8946 12
      vertex 10.9818 13.8946 5
    endloop
  endfacet
  facet normal 0.85775 -0.514067 0
    outer loop
      vertex 10.8759 13.7179 12
      vertex 10.9818 13.8946 5
      vertex 10.9818 13.8946 12
    endloop
  endfacet
  facet normal 0.85775 -0.514067 0
    outer loop
      vertex 10.9818 13.8946 5
      vertex 10.8759 13.7179 12
      vertex 10.8759 13.7179 5
    endloop
  endfacet
  facet normal -0.427502 -0.904014 0
    outer loop
      vertex 13.5316 14.6681 5
      vertex 13.7179 14.58 6
      vertex 13.5316 14.6681 6
    endloop
  endfacet
  facet normal -0.427502 -0.904014 -0
    outer loop
      vertex 13.7179 14.58 6
      vertex 13.5316 14.6681 5
      vertex 13.7179 14.58 5
    endloop
  endfacet
  facet normal 0.24265 0.970114 -0
    outer loop
      vertex 12.3182 10.6683 5
      vertex 12.1183 10.7183 12
      vertex 12.3182 10.6683 12
    endloop
  endfacet
  facet normal 0.24265 0.970114 0
    outer loop
      vertex 12.1183 10.7183 12
      vertex 12.3182 10.6683 5
      vertex 12.1183 10.7183 5
    endloop
  endfacet
  facet normal -0.803076 -0.595877 0
    outer loop
      vertex 14.474 13.8946 5
      vertex 14.3512 14.0601 6
      vertex 14.3512 14.0601 5
    endloop
  endfacet
  facet normal -0.803076 -0.595877 0
    outer loop
      vertex 14.3512 14.0601 6
      vertex 14.474 13.8946 5
      vertex 14.474 13.8946 6
    endloop
  endfacet
  facet normal 0.0490178 0.998798 -0
    outer loop
      vertex 12.7279 10.6279 5
      vertex 12.5221 10.638 12
      vertex 12.7279 10.6279 12
    endloop
  endfacet
  facet normal 0.0490178 0.998798 0
    outer loop
      vertex 12.5221 10.638 12
      vertex 12.7279 10.6279 5
      vertex 12.5221 10.638 5
    endloop
  endfacet
  facet normal -0.336674 -0.941621 0
    outer loop
      vertex 13.3375 14.7375 5
      vertex 13.5316 14.6681 6
      vertex 13.3375 14.7375 6
    endloop
  endfacet
  facet normal -0.336674 -0.941621 -0
    outer loop
      vertex 13.5316 14.6681 6
      vertex 13.3375 14.7375 5
      vertex 13.5316 14.6681 5
    endloop
  endfacet
  facet normal 0.337258 0.941412 -0
    outer loop
      vertex 12.1183 10.7183 5
      vertex 11.9243 10.7878 12
      vertex 12.1183 10.7183 12
    endloop
  endfacet
  facet normal 0.337258 0.941412 0
    outer loop
      vertex 11.9243 10.7878 12
      vertex 12.1183 10.7183 5
      vertex 11.9243 10.7878 5
    endloop
  endfacet
  facet normal -0.048994 0.998799 0
    outer loop
      vertex 12.9338 10.638 5
      vertex 12.7279 10.6279 12
      vertex 12.9338 10.638 12
    endloop
  endfacet
  facet normal -0.048994 0.998799 0
    outer loop
      vertex 12.7279 10.6279 12
      vertex 12.9338 10.638 5
      vertex 12.7279 10.6279 5
    endloop
  endfacet
  facet normal -0.24265 0.970114 0
    outer loop
      vertex 13.3375 10.7183 5
      vertex 13.1376 10.6683 12
      vertex 13.3375 10.7183 12
    endloop
  endfacet
  facet normal -0.24265 0.970114 0
    outer loop
      vertex 13.1376 10.6683 12
      vertex 13.3375 10.7183 5
      vertex 13.1376 10.6683 5
    endloop
  endfacet
  facet normal -0.97 0.243106 0
    outer loop
      vertex 14.7375 12.1183 5
      vertex 14.7876 12.3182 12
      vertex 14.7876 12.3182 5
    endloop
  endfacet
  facet normal -0.97 0.243106 0
    outer loop
      vertex 14.7876 12.3182 12
      vertex 14.7375 12.1183 5
      vertex 14.7375 12.1183 12
    endloop
  endfacet
  facet normal -0.904014 -0.427502 0
    outer loop
      vertex 14.6681 13.5316 5
      vertex 14.58 13.7179 6
      vertex 14.58 13.7179 5
    endloop
  endfacet
  facet normal -0.904014 -0.427502 0
    outer loop
      vertex 14.58 13.7179 6
      vertex 14.6681 13.5316 5
      vertex 14.6681 13.5316 6
    endloop
  endfacet
  facet normal 0.989128 -0.147059 0
    outer loop
      vertex 10.638 12.9338 12
      vertex 10.6683 13.1376 5
      vertex 10.6683 13.1376 12
    endloop
  endfacet
  facet normal 0.989128 -0.147059 0
    outer loop
      vertex 10.6683 13.1376 5
      vertex 10.638 12.9338 12
      vertex 10.638 12.9338 5
    endloop
  endfacet
  facet normal -0.857536 -0.514424 0
    outer loop
      vertex 14.58 13.7179 5
      vertex 14.474 13.8946 6
      vertex 14.474 13.8946 5
    endloop
  endfacet
  facet normal -0.857536 -0.514424 0
    outer loop
      vertex 14.474 13.8946 6
      vertex 14.58 13.7179 5
      vertex 14.58 13.7179 6
    endloop
  endfacet
  facet normal -0.989209 0.146513 0
    outer loop
      vertex 14.7876 12.3182 5
      vertex 14.8178 12.5221 12
      vertex 14.8178 12.5221 5
    endloop
  endfacet
  facet normal -0.989209 0.146513 0
    outer loop
      vertex 14.8178 12.5221 12
      vertex 14.7876 12.3182 5
      vertex 14.7876 12.3182 12
    endloop
  endfacet
  facet normal 0.904014 -0.427502 0
    outer loop
      vertex 10.7878 13.5316 12
      vertex 10.8759 13.7179 5
      vertex 10.8759 13.7179 12
    endloop
  endfacet
  facet normal 0.904014 -0.427502 0
    outer loop
      vertex 10.8759 13.7179 5
      vertex 10.7878 13.5316 12
      vertex 10.7878 13.5316 5
    endloop
  endfacet
  facet normal -0.048994 -0.998799 0
    outer loop
      vertex 12.7279 14.8279 5
      vertex 12.9338 14.8178 12
      vertex 12.7279 14.8279 12
    endloop
  endfacet
  facet normal -0.048994 -0.998799 -0
    outer loop
      vertex 12.9338 14.8178 12
      vertex 12.7279 14.8279 5
      vertex 12.9338 14.8178 5
    endloop
  endfacet
  facet normal 0.146988 0.989138 -0
    outer loop
      vertex 12.5221 10.638 5
      vertex 12.3182 10.6683 12
      vertex 12.5221 10.638 12
    endloop
  endfacet
  facet normal 0.146988 0.989138 0
    outer loop
      vertex 12.3182 10.6683 12
      vertex 12.5221 10.638 5
      vertex 12.3182 10.6683 5
    endloop
  endfacet
  facet normal -0.671561 0.740949 0
    outer loop
      vertex 14.2128 11.243 5
      vertex 14.0601 11.1046 12
      vertex 14.2128 11.243 12
    endloop
  endfacet
  facet normal -0.671561 0.740949 0
    outer loop
      vertex 14.0601 11.1046 12
      vertex 14.2128 11.243 5
      vertex 14.0601 11.1046 5
    endloop
  endfacet
  facet normal -0.97 -0.243106 0
    outer loop
      vertex 14.7876 13.1376 5
      vertex 14.7375 13.3375 6
      vertex 14.7375 13.3375 5
    endloop
  endfacet
  facet normal -0.97 -0.243106 0
    outer loop
      vertex 14.7375 13.3375 6
      vertex 14.7876 13.1376 5
      vertex 14.7876 13.1376 6
    endloop
  endfacet
  facet normal 0 0 1
    outer loop
      vertex 14.8178 12.9338 5
      vertex 14.8178 12.5221 5
      vertex 14.8279 12.7279 5
    endloop
  endfacet
  facet normal 0 0 1
    outer loop
      vertex 14.7876 13.1376 5
      vertex 14.8178 12.5221 5
      vertex 14.8178 12.9338 5
    endloop
  endfacet
  facet normal 0 0 1
    outer loop
      vertex 14.7876 13.1376 5
      vertex 14.7876 12.3182 5
      vertex 14.8178 12.5221 5
    endloop
  endfacet
  facet normal 0 0 1
    outer loop
      vertex 14.7375 13.3375 5
      vertex 14.7876 12.3182 5
      vertex 14.7876 13.1376 5
    endloop
  endfacet
  facet normal 0 0 1
    outer loop
      vertex 14.7375 13.3375 5
      vertex 14.7375 12.1183 5
      vertex 14.7876 12.3182 5
    endloop
  endfacet
  facet normal 0 0 1
    outer loop
      vertex 14.6681 13.5316 5
      vertex 14.7375 12.1183 5
      vertex 14.7375 13.3375 5
    endloop
  endfacet
  facet normal 0 0 1
    outer loop
      vertex 14.6681 13.5316 5
      vertex 14.6681 11.9243 5
      vertex 14.7375 12.1183 5
    endloop
  endfacet
  facet normal 0 0 1
    outer loop
      vertex 14.58 13.7179 5
      vertex 14.6681 11.9243 5
      vertex 14.6681 13.5316 5
    endloop
  endfacet
  facet normal 0 0 1
    outer loop
      vertex 14.58 13.7179 5
      vertex 14.58 11.738 5
      vertex 14.6681 11.9243 5
    endloop
  endfacet
  facet normal 0 0 1
    outer loop
      vertex 14.474 13.8946 5
      vertex 14.58 11.738 5
      vertex 14.58 13.7179 5
    endloop
  endfacet
  facet normal 0 0 1
    outer loop
      vertex 14.474 13.8946 5
      vertex 14.474 11.5612 5
      vertex 14.58 11.738 5
    endloop
  endfacet
  facet normal 0 0 1
    outer loop
      vertex 14.3512 14.0601 5
      vertex 14.474 11.5612 5
      vertex 14.474 13.8946 5
    endloop
  endfacet
  facet normal 0 0 1
    outer loop
      vertex 14.3512 14.0601 5
      vertex 14.3512 11.3957 5
      vertex 14.474 11.5612 5
    endloop
  endfacet
  facet normal 0 0 1
    outer loop
      vertex 14.2128 14.2128 5
      vertex 14.3512 11.3957 5
      vertex 14.3512 14.0601 5
    endloop
  endfacet
  facet normal 0 0 1
    outer loop
      vertex 14.2128 14.2128 5
      vertex 14.2128 11.243 5
      vertex 14.3512 11.3957 5
    endloop
  endfacet
  facet normal 0 0 1
    outer loop
      vertex 14.0601 14.3512 5
      vertex 14.2128 11.243 5
      vertex 14.2128 14.2128 5
    endloop
  endfacet
  facet normal 0 0 1
    outer loop
      vertex 14.0601 14.3512 5
      vertex 14.0601 11.1046 5
      vertex 14.2128 11.243 5
    endloop
  endfacet
  facet normal 0 0 1
    outer loop
      vertex 13.8946 14.474 5
      vertex 14.0601 11.1046 5
      vertex 14.0601 14.3512 5
    endloop
  endfacet
  facet normal 0 0 1
    outer loop
      vertex 13.8946 14.474 5
      vertex 13.8946 10.9818 5
      vertex 14.0601 11.1046 5
    endloop
  endfacet
  facet normal 0 0 1
    outer loop
      vertex 13.7179 14.58 5
      vertex 13.8946 10.9818 5
      vertex 13.8946 14.474 5
    endloop
  endfacet
  facet normal 0 0 1
    outer loop
      vertex 13.7179 14.58 5
      vertex 13.7179 10.8759 5
      vertex 13.8946 10.9818 5
    endloop
  endfacet
  facet normal 0 0 1
    outer loop
      vertex 13.5316 14.6681 5
      vertex 13.7179 10.8759 5
      vertex 13.7179 14.58 5
    endloop
  endfacet
  facet normal 0 0 1
    outer loop
      vertex 13.5316 14.6681 5
      vertex 13.5316 10.7878 5
      vertex 13.7179 10.8759 5
    endloop
  endfacet
  facet normal 0 0 1
    outer loop
      vertex 13.3375 14.7375 5
      vertex 13.5316 10.7878 5
      vertex 13.5316 14.6681 5
    endloop
  endfacet
  facet normal 0 0 1
    outer loop
      vertex 13.3375 14.7375 5
      vertex 13.3375 10.7183 5
      vertex 13.5316 10.7878 5
    endloop
  endfacet
  facet normal 0 0 1
    outer loop
      vertex 13.1376 14.7876 5
      vertex 13.3375 10.7183 5
      vertex 13.3375 14.7375 5
    endloop
  endfacet
  facet normal 0 0 1
    outer loop
      vertex 13.1376 14.7876 5
      vertex 13.1376 10.6683 5
      vertex 13.3375 10.7183 5
    endloop
  endfacet
  facet normal 0 0 1
    outer loop
      vertex 12.9338 14.8178 5
      vertex 13.1376 10.6683 5
      vertex 13.1376 14.7876 5
    endloop
  endfacet
  facet normal 0 0 1
    outer loop
      vertex 12.9338 14.8178 5
      vertex 12.9338 10.638 5
      vertex 13.1376 10.6683 5
    endloop
  endfacet
  facet normal 0 0 1
    outer loop
      vertex 12.7279 14.8279 5
      vertex 12.9338 10.638 5
      vertex 12.9338 14.8178 5
    endloop
  endfacet
  facet normal 0 0 1
    outer loop
      vertex 12.7279 14.8279 5
      vertex 12.7279 10.6279 5
      vertex 12.9338 10.638 5
    endloop
  endfacet
  facet normal -0 0 1
    outer loop
      vertex 12.5221 14.8178 5
      vertex 12.7279 10.6279 5
      vertex 12.7279 14.8279 5
    endloop
  endfacet
  facet normal 0 0 1
    outer loop
      vertex 12.5221 14.8178 5
      vertex 12.5221 10.638 5
      vertex 12.7279 10.6279 5
    endloop
  endfacet
  facet normal -0 0 1
    outer loop
      vertex 12.3182 14.7876 5
      vertex 12.5221 10.638 5
      vertex 12.5221 14.8178 5
    endloop
  endfacet
  facet normal 0 0 1
    outer loop
      vertex 12.3182 14.7876 5
      vertex 12.3182 10.6683 5
      vertex 12.5221 10.638 5
    endloop
  endfacet
  facet normal -0 0 1
    outer loop
      vertex 12.1183 14.7375 5
      vertex 12.3182 10.6683 5
      vertex 12.3182 14.7876 5
    endloop
  endfacet
  facet normal 0 0 1
    outer loop
      vertex 12.1183 14.7375 5
      vertex 12.1183 10.7183 5
      vertex 12.3182 10.6683 5
    endloop
  endfacet
  facet normal -0 0 1
    outer loop
      vertex 11.9243 14.6681 5
      vertex 12.1183 10.7183 5
      vertex 12.1183 14.7375 5
    endloop
  endfacet
  facet normal 0 0 1
    outer loop
      vertex 11.9243 14.6681 5
      vertex 11.9243 10.7878 5
      vertex 12.1183 10.7183 5
    endloop
  endfacet
  facet normal -0 0 1
    outer loop
      vertex 11.738 14.58 5
      vertex 11.9243 10.7878 5
      vertex 11.9243 14.6681 5
    endloop
  endfacet
  facet normal 0 0 1
    outer loop
      vertex 11.738 14.58 5
      vertex 11.738 10.8759 5
      vertex 11.9243 10.7878 5
    endloop
  endfacet
  facet normal -0 0 1
    outer loop
      vertex 11.5612 14.474 5
      vertex 11.738 10.8759 5
      vertex 11.738 14.58 5
    endloop
  endfacet
  facet normal 0 0 1
    outer loop
      vertex 11.5612 14.474 5
      vertex 11.5612 10.9818 5
      vertex 11.738 10.8759 5
    endloop
  endfacet
  facet normal -0 0 1
    outer loop
      vertex 11.3957 14.3512 5
      vertex 11.5612 10.9818 5
      vertex 11.5612 14.474 5
    endloop
  endfacet
  facet normal 0 0 1
    outer loop
      vertex 11.3957 14.3512 5
      vertex 11.3957 11.1046 5
      vertex 11.5612 10.9818 5
    endloop
  endfacet
  facet normal -0 0 1
    outer loop
      vertex 11.243 14.2128 5
      vertex 11.3957 11.1046 5
      vertex 11.3957 14.3512 5
    endloop
  endfacet
  facet normal 0 0 1
    outer loop
      vertex 11.243 14.2128 5
      vertex 11.243 11.243 5
      vertex 11.3957 11.1046 5
    endloop
  endfacet
  facet normal -0 0 1
    outer loop
      vertex 11.1046 14.0601 5
      vertex 11.243 11.243 5
      vertex 11.243 14.2128 5
    endloop
  endfacet
  facet normal 0 0 1
    outer loop
      vertex 11.1046 14.0601 5
      vertex 11.1046 11.3957 5
      vertex 11.243 11.243 5
    endloop
  endfacet
  facet normal -0 0 1
    outer loop
      vertex 10.9818 13.8946 5
      vertex 11.1046 11.3957 5
      vertex 11.1046 14.0601 5
    endloop
  endfacet
  facet normal 0 0 1
    outer loop
      vertex 10.9818 13.8946 5
      vertex 10.9818 11.5612 5
      vertex 11.1046 11.3957 5
    endloop
  endfacet
  facet normal -0 0 1
    outer loop
      vertex 10.8759 13.7179 5
      vertex 10.9818 11.5612 5
      vertex 10.9818 13.8946 5
    endloop
  endfacet
  facet normal 0 0 1
    outer loop
      vertex 10.8759 13.7179 5
      vertex 10.8759 11.738 5
      vertex 10.9818 11.5612 5
    endloop
  endfacet
  facet normal -0 0 1
    outer loop
      vertex 10.7878 13.5316 5
      vertex 10.8759 11.738 5
      vertex 10.8759 13.7179 5
    endloop
  endfacet
  facet normal 0 0 1
    outer loop
      vertex 10.7878 13.5316 5
      vertex 10.7878 11.9243 5
      vertex 10.8759 11.738 5
    endloop
  endfacet
  facet normal -0 0 1
    outer loop
      vertex 10.7183 13.3375 5
      vertex 10.7878 11.9243 5
      vertex 10.7878 13.5316 5
    endloop
  endfacet
  facet normal 0 0 1
    outer loop
      vertex 10.7183 13.3375 5
      vertex 10.7183 12.1183 5
      vertex 10.7878 11.9243 5
    endloop
  endfacet
  facet normal -0 0 1
    outer loop
      vertex 10.6683 13.1376 5
      vertex 10.7183 12.1183 5
      vertex 10.7183 13.3375 5
    endloop
  endfacet
  facet normal 0 0 1
    outer loop
      vertex 10.6683 13.1376 5
      vertex 10.6683 12.3182 5
      vertex 10.7183 12.1183 5
    endloop
  endfacet
  facet normal -0 0 1
    outer loop
      vertex 10.638 12.9338 5
      vertex 10.6683 12.3182 5
      vertex 10.6683 13.1376 5
    endloop
  endfacet
  facet normal 0 0 1
    outer loop
      vertex 10.638 12.9338 5
      vertex 10.638 12.5221 5
      vertex 10.6683 12.3182 5
    endloop
  endfacet
  facet normal 0 -0 1
    outer loop
      vertex 10.638 12.5221 5
      vertex 10.638 12.9338 5
      vertex 10.6279 12.7279 5
    endloop
  endfacet
  facet normal 0.998799 -0.048994 0
    outer loop
      vertex 10.6279 12.7279 12
      vertex 10.638 12.9338 5
      vertex 10.638 12.9338 12
    endloop
  endfacet
  facet normal 0.998799 -0.048994 0
    outer loop
      vertex 10.638 12.9338 5
      vertex 10.6279 12.7279 12
      vertex 10.6279 12.7279 5
    endloop
  endfacet
  facet normal 0.0490178 -0.998798 0
    outer loop
      vertex 12.5221 14.8178 5
      vertex 12.7279 14.8279 12
      vertex 12.5221 14.8178 12
    endloop
  endfacet
  facet normal 0.0490178 -0.998798 0
    outer loop
      vertex 12.7279 14.8279 12
      vertex 12.5221 14.8178 5
      vertex 12.7279 14.8279 5
    endloop
  endfacet
  facet normal -0.427502 0.904014 0
    outer loop
      vertex 13.7179 10.8759 5
      vertex 13.5316 10.7878 12
      vertex 13.7179 10.8759 12
    endloop
  endfacet
  facet normal -0.427502 0.904014 0
    outer loop
      vertex 13.5316 10.7878 12
      vertex 13.7179 10.8759 5
      vertex 13.5316 10.7878 5
    endloop
  endfacet
  facet normal -0.740949 -0.671561 0
    outer loop
      vertex 14.3512 14.0601 5
      vertex 14.2128 14.2128 6
      vertex 14.2128 14.2128 5
    endloop
  endfacet
  facet normal -0.740949 -0.671561 0
    outer loop
      vertex 14.2128 14.2128 6
      vertex 14.3512 14.0601 5
      vertex 14.3512 14.0601 6
    endloop
  endfacet
  facet normal 0.595877 0.803076 -0
    outer loop
      vertex 11.5612 10.9818 5
      vertex 11.3957 11.1046 12
      vertex 11.5612 10.9818 12
    endloop
  endfacet
  facet normal 0.595877 0.803076 0
    outer loop
      vertex 11.3957 11.1046 12
      vertex 11.5612 10.9818 5
      vertex 11.3957 11.1046 5
    endloop
  endfacet
  facet normal -0.998798 0.0490178 0
    outer loop
      vertex 14.8178 12.5221 5
      vertex 14.8279 12.7279 12
      vertex 14.8279 12.7279 5
    endloop
  endfacet
  facet normal -0.998798 0.0490178 0
    outer loop
      vertex 14.8279 12.7279 12
      vertex 14.8178 12.5221 5
      vertex 14.8178 12.5221 12
    endloop
  endfacet
  facet normal 0.941467 -0.337104 0
    outer loop
      vertex 10.7183 13.3375 12
      vertex 10.7878 13.5316 5
      vertex 10.7878 13.5316 12
    endloop
  endfacet
  facet normal 0.941467 -0.337104 0
    outer loop
      vertex 10.7878 13.5316 5
      vertex 10.7183 13.3375 12
      vertex 10.7183 13.3375 5
    endloop
  endfacet
  facet normal 0.336828 -0.941566 0
    outer loop
      vertex 11.9243 14.6681 5
      vertex 12.1183 14.7375 12
      vertex 11.9243 14.6681 12
    endloop
  endfacet
  facet normal 0.336828 -0.941566 0
    outer loop
      vertex 12.1183 14.7375 12
      vertex 11.9243 14.6681 5
      vertex 12.1183 14.7375 5
    endloop
  endfacet
  facet normal -0.941566 0.336828 0
    outer loop
      vertex 14.6681 11.9243 5
      vertex 14.7375 12.1183 12
      vertex 14.7375 12.1183 5
    endloop
  endfacet
  facet normal -0.941566 0.336828 0
    outer loop
      vertex 14.7375 12.1183 12
      vertex 14.6681 11.9243 5
      vertex 14.6681 11.9243 12
    endloop
  endfacet
  facet normal -0.998799 -0.048994 0
    outer loop
      vertex 14.8279 12.7279 5
      vertex 14.8178 12.9338 12
      vertex 14.8178 12.9338 5
    endloop
  endfacet
  facet normal -0.998799 -0.048994 0
    outer loop
      vertex 14.8178 12.9338 12
      vertex 14.8279 12.7279 5
      vertex 14.8279 12.7279 12
    endloop
  endfacet
  facet normal 0.427502 0.904014 -0
    outer loop
      vertex 11.9243 10.7878 5
      vertex 11.738 10.8759 12
      vertex 11.9243 10.7878 12
    endloop
  endfacet
  facet normal 0.427502 0.904014 0
    outer loop
      vertex 11.738 10.8759 12
      vertex 11.9243 10.7878 5
      vertex 11.738 10.8759 5
    endloop
  endfacet
  facet normal -0.514424 -0.857536 0
    outer loop
      vertex 13.7179 14.58 5
      vertex 13.8946 14.474 6
      vertex 13.7179 14.58 6
    endloop
  endfacet
  facet normal -0.514424 -0.857536 -0
    outer loop
      vertex 13.8946 14.474 6
      vertex 13.7179 14.58 5
      vertex 13.8946 14.474 5
    endloop
  endfacet
  facet normal 0.740949 -0.671561 0
    outer loop
      vertex 11.1046 14.0601 12
      vertex 11.243 14.2128 5
      vertex 11.243 14.2128 12
    endloop
  endfacet
  facet normal 0.740949 -0.671561 0
    outer loop
      vertex 11.243 14.2128 5
      vertex 11.1046 14.0601 12
      vertex 11.1046 14.0601 5
    endloop
  endfacet
  facet normal -0.147059 0.989128 0
    outer loop
      vertex 13.1376 10.6683 5
      vertex 12.9338 10.638 12
      vertex 13.1376 10.6683 12
    endloop
  endfacet
  facet normal -0.147059 0.989128 0
    outer loop
      vertex 12.9338 10.638 12
      vertex 13.1376 10.6683 5
      vertex 12.9338 10.638 5
    endloop
  endfacet
  facet normal 0.970114 0.24265 0
    outer loop
      vertex 10.7183 12.1183 12
      vertex 10.6683 12.3182 5
      vertex 10.6683 12.3182 12
    endloop
  endfacet
  facet normal 0.970114 0.24265 0
    outer loop
      vertex 10.6683 12.3182 5
      vertex 10.7183 12.1183 12
      vertex 10.7183 12.1183 5
    endloop
  endfacet
  facet normal -0.904014 0.427502 0
    outer loop
      vertex 14.58 11.738 5
      vertex 14.6681 11.9243 12
      vertex 14.6681 11.9243 5
    endloop
  endfacet
  facet normal -0.904014 0.427502 0
    outer loop
      vertex 14.6681 11.9243 12
      vertex 14.58 11.738 5
      vertex 14.58 11.738 12
    endloop
  endfacet
  facet normal -0.989258 -0.146179 0
    outer loop
      vertex 14.7876 13.1376 5
      vertex 14.7962 13.0794 6
      vertex 14.7876 13.1376 6
    endloop
  endfacet
  facet normal -0.989198 -0.146584 -2.40747e-05
    outer loop
      vertex 14.8178 12.9338 5
      vertex 14.7962 13.0794 6
      vertex 14.7876 13.1376 5
    endloop
  endfacet
  facet normal -0.989174 -0.146746 -0
    outer loop
      vertex 14.8178 12.9338 12
      vertex 14.7962 13.0794 6
      vertex 14.8178 12.9338 5
    endloop
  endfacet
  facet normal -0.989174 -0.146746 0
    outer loop
      vertex 14.7962 13.0794 6
      vertex 14.8178 12.9338 12
      vertex 14.7962 13.0794 12
    endloop
  endfacet
  facet normal -0.857664 0.51421 0
    outer loop
      vertex 14.474 11.5612 5
      vertex 14.58 11.738 12
      vertex 14.58 11.738 5
    endloop
  endfacet
  facet normal -0.857664 0.51421 0
    outer loop
      vertex 14.58 11.738 12
      vertex 14.474 11.5612 5
      vertex 14.474 11.5612 12
    endloop
  endfacet
  facet normal -0.514067 0.85775 0
    outer loop
      vertex 13.8946 10.9818 5
      vertex 13.7179 10.8759 12
      vertex 13.8946 10.9818 12
    endloop
  endfacet
  facet normal -0.514067 0.85775 0
    outer loop
      vertex 13.7179 10.8759 12
      vertex 13.8946 10.9818 5
      vertex 13.7179 10.8759 5
    endloop
  endfacet
  facet normal 0.989138 0.146988 0
    outer loop
      vertex 10.6683 12.3182 12
      vertex 10.638 12.5221 5
      vertex 10.638 12.5221 12
    endloop
  endfacet
  facet normal 0.989138 0.146988 0
    outer loop
      vertex 10.638 12.5221 5
      vertex 10.6683 12.3182 12
      vertex 10.6683 12.3182 5
    endloop
  endfacet
  facet normal 0.904014 0.427502 0
    outer loop
      vertex 10.8759 11.738 12
      vertex 10.7878 11.9243 5
      vertex 10.7878 11.9243 12
    endloop
  endfacet
  facet normal 0.904014 0.427502 0
    outer loop
      vertex 10.7878 11.9243 5
      vertex 10.8759 11.738 12
      vertex 10.8759 11.738 5
    endloop
  endfacet
  facet normal 0.857878 0.513853 0
    outer loop
      vertex 10.9818 11.5612 12
      vertex 10.8759 11.738 5
      vertex 10.8759 11.738 12
    endloop
  endfacet
  facet normal 0.857878 0.513853 0
    outer loop
      vertex 10.8759 11.738 5
      vertex 10.9818 11.5612 12
      vertex 10.9818 11.5612 5
    endloop
  endfacet
  facet normal 0.671561 0.740949 -0
    outer loop
      vertex 11.3957 11.1046 5
      vertex 11.243 11.243 12
      vertex 11.3957 11.1046 12
    endloop
  endfacet
  facet normal 0.671561 0.740949 0
    outer loop
      vertex 11.243 11.243 12
      vertex 11.3957 11.1046 5
      vertex 11.243 11.243 5
    endloop
  endfacet
  facet normal 0.998798 0.0490178 0
    outer loop
      vertex 10.638 12.5221 12
      vertex 10.6279 12.7279 5
      vertex 10.6279 12.7279 12
    endloop
  endfacet
  facet normal 0.998798 0.0490178 0
    outer loop
      vertex 10.6279 12.7279 5
      vertex 10.638 12.5221 12
      vertex 10.638 12.5221 5
    endloop
  endfacet
  facet normal 0.51421 -0.857664 0
    outer loop
      vertex 11.5612 14.474 5
      vertex 11.738 14.58 12
      vertex 11.5612 14.474 12
    endloop
  endfacet
  facet normal 0.51421 -0.857664 0
    outer loop
      vertex 11.738 14.58 12
      vertex 11.5612 14.474 5
      vertex 11.738 14.58 5
    endloop
  endfacet
  facet normal 0.513853 0.857878 -0
    outer loop
      vertex 11.738 10.8759 5
      vertex 11.5612 10.9818 12
      vertex 11.738 10.8759 12
    endloop
  endfacet
  facet normal 0.513853 0.857878 0
    outer loop
      vertex 11.5612 10.9818 12
      vertex 11.738 10.8759 5
      vertex 11.5612 10.9818 5
    endloop
  endfacet
  facet normal -0.337104 0.941467 0
    outer loop
      vertex 13.5316 10.7878 5
      vertex 13.3375 10.7183 12
      vertex 13.5316 10.7878 12
    endloop
  endfacet
  facet normal -0.337104 0.941467 0
    outer loop
      vertex 13.3375 10.7183 12
      vertex 13.5316 10.7878 5
      vertex 13.3375 10.7183 5
    endloop
  endfacet
  facet normal 0.803076 0.595877 0
    outer loop
      vertex 11.1046 11.3957 12
      vertex 10.9818 11.5612 5
      vertex 10.9818 11.5612 12
    endloop
  endfacet
  facet normal 0.803076 0.595877 0
    outer loop
      vertex 10.9818 11.5612 5
      vertex 11.1046 11.3957 12
      vertex 11.1046 11.3957 5
    endloop
  endfacet
  facet normal 0.740949 0.671561 0
    outer loop
      vertex 11.243 11.243 12
      vertex 11.1046 11.3957 5
      vertex 11.1046 11.3957 12
    endloop
  endfacet
  facet normal 0.740949 0.671561 0
    outer loop
      vertex 11.1046 11.3957 5
      vertex 11.243 11.243 12
      vertex 11.243 11.243 5
    endloop
  endfacet
  facet normal -0.595877 0.803076 0
    outer loop
      vertex 14.0601 11.1046 5
      vertex 13.8946 10.9818 12
      vertex 14.0601 11.1046 12
    endloop
  endfacet
  facet normal -0.595877 0.803076 0
    outer loop
      vertex 13.8946 10.9818 12
      vertex 14.0601 11.1046 5
      vertex 13.8946 10.9818 5
    endloop
  endfacet
  facet normal 0.970114 -0.24265 0
    outer loop
      vertex 10.6683 13.1376 12
      vertex 10.7183 13.3375 5
      vertex 10.7183 13.3375 12
    endloop
  endfacet
  facet normal 0.970114 -0.24265 0
    outer loop
      vertex 10.7183 13.3375 5
      vertex 10.6683 13.1376 12
      vertex 10.6683 13.1376 5
    endloop
  endfacet
  facet normal 0.941412 0.337258 0
    outer loop
      vertex 10.7878 11.9243 12
      vertex 10.7183 12.1183 5
      vertex 10.7183 12.1183 12
    endloop
  endfacet
  facet normal 0.941412 0.337258 0
    outer loop
      vertex 10.7183 12.1183 5
      vertex 10.7878 11.9243 12
      vertex 10.7878 11.9243 5
    endloop
  endfacet
  facet normal 0.427502 -0.904014 0
    outer loop
      vertex 11.738 14.58 5
      vertex 11.9243 14.6681 12
      vertex 11.738 14.58 12
    endloop
  endfacet
  facet normal 0.427502 -0.904014 0
    outer loop
      vertex 11.9243 14.6681 12
      vertex 11.738 14.58 5
      vertex 11.9243 14.6681 5
    endloop
  endfacet
  facet normal 0.97 0.243106 0
    outer loop
      vertex -14.7375 12.1183 12
      vertex -14.7876 12.3182 5
      vertex -14.7876 12.3182 12
    endloop
  endfacet
  facet normal 0.97 0.243106 0
    outer loop
      vertex -14.7876 12.3182 5
      vertex -14.7375 12.1183 12
      vertex -14.7375 12.1183 5
    endloop
  endfacet
  facet normal 0.336674 -0.941621 0
    outer loop
      vertex -13.5316 14.6681 5
      vertex -13.3375 14.7375 6
      vertex -13.5316 14.6681 6
    endloop
  endfacet
  facet normal 0.336674 -0.941621 0
    outer loop
      vertex -13.3375 14.7375 6
      vertex -13.5316 14.6681 5
      vertex -13.3375 14.7375 5
    endloop
  endfacet
  facet normal 0.803076 -0.595877 0
    outer loop
      vertex -14.474 13.8946 6
      vertex -14.3512 14.0601 5
      vertex -14.3512 14.0601 6
    endloop
  endfacet
  facet normal 0.803076 -0.595877 0
    outer loop
      vertex -14.3512 14.0601 5
      vertex -14.474 13.8946 6
      vertex -14.474 13.8946 5
    endloop
  endfacet
  facet normal 0.740949 -0.671561 0
    outer loop
      vertex -14.3512 14.0601 6
      vertex -14.2128 14.2128 5
      vertex -14.2128 14.2128 6
    endloop
  endfacet
  facet normal 0.740949 -0.671561 0
    outer loop
      vertex -14.2128 14.2128 5
      vertex -14.3512 14.0601 6
      vertex -14.3512 14.0601 5
    endloop
  endfacet
  facet normal 0.97 -0.243106 0
    outer loop
      vertex -14.7876 13.1376 6
      vertex -14.7375 13.3375 5
      vertex -14.7375 13.3375 6
    endloop
  endfacet
  facet normal 0.97 -0.243106 0
    outer loop
      vertex -14.7375 13.3375 5
      vertex -14.7876 13.1376 6
      vertex -14.7876 13.1376 5
    endloop
  endfacet
  facet normal -0.671561 -0.740949 0
    outer loop
      vertex -11.3957 14.3512 5
      vertex -11.243 14.2128 12
      vertex -11.3957 14.3512 12
    endloop
  endfacet
  facet normal -0.671561 -0.740949 -0
    outer loop
      vertex -11.243 14.2128 12
      vertex -11.3957 14.3512 5
      vertex -11.243 14.2128 5
    endloop
  endfacet
  facet normal 0.048994 0.998799 -0
    outer loop
      vertex -12.7279 10.6279 5
      vertex -12.9338 10.638 12
      vertex -12.7279 10.6279 12
    endloop
  endfacet
  facet normal 0.048994 0.998799 0
    outer loop
      vertex -12.9338 10.638 12
      vertex -12.7279 10.6279 5
      vertex -12.9338 10.638 5
    endloop
  endfacet
  facet normal 0.595877 0.803076 -0
    outer loop
      vertex -13.8946 10.9818 5
      vertex -14.0601 11.1046 12
      vertex -13.8946 10.9818 12
    endloop
  endfacet
  facet normal 0.595877 0.803076 0
    outer loop
      vertex -14.0601 11.1046 12
      vertex -13.8946 10.9818 5
      vertex -14.0601 11.1046 5
    endloop
  endfacet
  facet normal 0.989174 -0.146746 0
    outer loop
      vertex -14.7962 13.0794 12
      vertex -14.8178 12.9338 12
      vertex -14.7962 13.0794 6
    endloop
  endfacet
  facet normal 0.989258 -0.146179 0
    outer loop
      vertex -14.7962 13.0794 6
      vertex -14.7876 13.1376 5
      vertex -14.7876 13.1376 6
    endloop
  endfacet
  facet normal 0.989198 -0.146584 -2.40747e-05
    outer loop
      vertex -14.7962 13.0794 6
      vertex -14.8178 12.9338 5
      vertex -14.7876 13.1376 5
    endloop
  endfacet
  facet normal 0.989174 -0.146746 0
    outer loop
      vertex -14.8178 12.9338 5
      vertex -14.7962 13.0794 6
      vertex -14.8178 12.9338 12
    endloop
  endfacet
  facet normal 0.740949 0.671561 0
    outer loop
      vertex -14.2128 11.243 12
      vertex -14.3512 11.3957 5
      vertex -14.3512 11.3957 12
    endloop
  endfacet
  facet normal 0.740949 0.671561 0
    outer loop
      vertex -14.3512 11.3957 5
      vertex -14.2128 11.243 12
      vertex -14.2128 11.243 5
    endloop
  endfacet
  facet normal -0.595877 -0.803076 0
    outer loop
      vertex -11.5612 14.474 5
      vertex -11.3957 14.3512 12
      vertex -11.5612 14.474 12
    endloop
  endfacet
  facet normal -0.595877 -0.803076 -0
    outer loop
      vertex -11.3957 14.3512 12
      vertex -11.5612 14.474 5
      vertex -11.3957 14.3512 5
    endloop
  endfacet
  facet normal 0.514067 0.85775 -0
    outer loop
      vertex -13.7179 10.8759 5
      vertex -13.8946 10.9818 12
      vertex -13.7179 10.8759 12
    endloop
  endfacet
  facet normal 0.514067 0.85775 0
    outer loop
      vertex -13.8946 10.9818 12
      vertex -13.7179 10.8759 5
      vertex -13.8946 10.9818 5
    endloop
  endfacet
  facet normal 0.904014 -0.427502 0
    outer loop
      vertex -14.6681 13.5316 6
      vertex -14.58 13.7179 5
      vertex -14.58 13.7179 6
    endloop
  endfacet
  facet normal 0.904014 -0.427502 0
    outer loop
      vertex -14.58 13.7179 5
      vertex -14.6681 13.5316 6
      vertex -14.6681 13.5316 5
    endloop
  endfacet
  facet normal -0.970114 0.24265 0
    outer loop
      vertex -10.7183 12.1183 5
      vertex -10.6683 12.3182 12
      vertex -10.6683 12.3182 5
    endloop
  endfacet
  facet normal -0.970114 0.24265 0
    outer loop
      vertex -10.6683 12.3182 12
      vertex -10.7183 12.1183 5
      vertex -10.7183 12.1183 12
    endloop
  endfacet
  facet normal -0.0490178 -0.998798 0
    outer loop
      vertex -12.7279 14.8279 5
      vertex -12.5221 14.8178 12
      vertex -12.7279 14.8279 12
    endloop
  endfacet
  facet normal -0.0490178 -0.998798 -0
    outer loop
      vertex -12.5221 14.8178 12
      vertex -12.7279 14.8279 5
      vertex -12.5221 14.8178 5
    endloop
  endfacet
  facet normal 0.595877 -0.803076 0
    outer loop
      vertex -14.0601 14.3512 5
      vertex -13.8946 14.474 6
      vertex -14.0601 14.3512 6
    endloop
  endfacet
  facet normal 0.595877 -0.803076 0
    outer loop
      vertex -13.8946 14.474 6
      vertex -14.0601 14.3512 5
      vertex -13.8946 14.474 5
    endloop
  endfacet
  facet normal -0.998798 0.0490178 0
    outer loop
      vertex -10.638 12.5221 5
      vertex -10.6279 12.7279 12
      vertex -10.6279 12.7279 5
    endloop
  endfacet
  facet normal -0.998798 0.0490178 0
    outer loop
      vertex -10.6279 12.7279 12
      vertex -10.638 12.5221 5
      vertex -10.638 12.5221 12
    endloop
  endfacet
  facet normal 0.941621 -0.336674 0
    outer loop
      vertex -14.7375 13.3375 6
      vertex -14.6681 13.5316 5
      vertex -14.6681 13.5316 6
    endloop
  endfacet
  facet normal 0.941621 -0.336674 0
    outer loop
      vertex -14.6681 13.5316 5
      vertex -14.7375 13.3375 6
      vertex -14.7375 13.3375 5
    endloop
  endfacet
  facet normal -0.941412 0.337258 0
    outer loop
      vertex -10.7878 11.9243 5
      vertex -10.7183 12.1183 12
      vertex -10.7183 12.1183 5
    endloop
  endfacet
  facet normal -0.941412 0.337258 0
    outer loop
      vertex -10.7183 12.1183 12
      vertex -10.7878 11.9243 5
      vertex -10.7878 11.9243 12
    endloop
  endfacet
  facet normal 0.803076 0.595877 0
    outer loop
      vertex -14.3512 11.3957 12
      vertex -14.474 11.5612 5
      vertex -14.474 11.5612 12
    endloop
  endfacet
  facet normal 0.803076 0.595877 0
    outer loop
      vertex -14.474 11.5612 5
      vertex -14.3512 11.3957 12
      vertex -14.3512 11.3957 5
    endloop
  endfacet
  facet normal -0.243106 -0.97 0
    outer loop
      vertex -12.3182 14.7876 5
      vertex -12.1183 14.7375 12
      vertex -12.3182 14.7876 12
    endloop
  endfacet
  facet normal -0.243106 -0.97 -0
    outer loop
      vertex -12.1183 14.7375 12
      vertex -12.3182 14.7876 5
      vertex -12.1183 14.7375 5
    endloop
  endfacet
  facet normal 0.427502 -0.904014 0
    outer loop
      vertex -13.7179 14.58 5
      vertex -13.5316 14.6681 6
      vertex -13.7179 14.58 6
    endloop
  endfacet
  facet normal 0.427502 -0.904014 0
    outer loop
      vertex -13.5316 14.6681 6
      vertex -13.7179 14.58 5
      vertex -13.5316 14.6681 5
    endloop
  endfacet
  facet normal -0.51421 -0.857664 0
    outer loop
      vertex -11.738 14.58 5
      vertex -11.5612 14.474 12
      vertex -11.738 14.58 12
    endloop
  endfacet
  facet normal -0.51421 -0.857664 -0
    outer loop
      vertex -11.5612 14.474 12
      vertex -11.738 14.58 5
      vertex -11.5612 14.474 5
    endloop
  endfacet
  facet normal 0.147059 0.989128 -0
    outer loop
      vertex -12.9338 10.638 5
      vertex -13.1376 10.6683 12
      vertex -12.9338 10.638 12
    endloop
  endfacet
  facet normal 0.147059 0.989128 0
    outer loop
      vertex -13.1376 10.6683 12
      vertex -12.9338 10.638 5
      vertex -13.1376 10.6683 5
    endloop
  endfacet
  facet normal 0.514424 -0.857536 0
    outer loop
      vertex -13.8946 14.474 5
      vertex -13.7179 14.58 6
      vertex -13.8946 14.474 6
    endloop
  endfacet
  facet normal 0.514424 -0.857536 0
    outer loop
      vertex -13.7179 14.58 6
      vertex -13.8946 14.474 5
      vertex -13.7179 14.58 5
    endloop
  endfacet
  facet normal -0.146513 -0.989209 0
    outer loop
      vertex -12.5221 14.8178 5
      vertex -12.3182 14.7876 12
      vertex -12.5221 14.8178 12
    endloop
  endfacet
  facet normal -0.146513 -0.989209 -0
    outer loop
      vertex -12.3182 14.7876 12
      vertex -12.5221 14.8178 5
      vertex -12.3182 14.7876 5
    endloop
  endfacet
  facet normal 0.427502 0.904014 -0
    outer loop
      vertex -13.5316 10.7878 5
      vertex -13.7179 10.8759 12
      vertex -13.5316 10.7878 12
    endloop
  endfacet
  facet normal 0.427502 0.904014 0
    outer loop
      vertex -13.7179 10.8759 12
      vertex -13.5316 10.7878 5
      vertex -13.7179 10.8759 5
    endloop
  endfacet
  facet normal -0.803076 -0.595877 0
    outer loop
      vertex -10.9818 13.8946 5
      vertex -11.1046 14.0601 12
      vertex -11.1046 14.0601 5
    endloop
  endfacet
  facet normal -0.803076 -0.595877 0
    outer loop
      vertex -11.1046 14.0601 12
      vertex -10.9818 13.8946 5
      vertex -10.9818 13.8946 12
    endloop
  endfacet
  facet normal 0.998799 -0.048994 0
    outer loop
      vertex -14.8279 12.7279 12
      vertex -14.8178 12.9338 5
      vertex -14.8178 12.9338 12
    endloop
  endfacet
  facet normal 0.998799 -0.048994 0
    outer loop
      vertex -14.8178 12.9338 5
      vertex -14.8279 12.7279 12
      vertex -14.8279 12.7279 5
    endloop
  endfacet
  facet normal -0.989138 0.146988 0
    outer loop
      vertex -10.6683 12.3182 5
      vertex -10.638 12.5221 12
      vertex -10.638 12.5221 5
    endloop
  endfacet
  facet normal -0.989138 0.146988 0
    outer loop
      vertex -10.638 12.5221 12
      vertex -10.6683 12.3182 5
      vertex -10.6683 12.3182 12
    endloop
  endfacet
  facet normal 0.857664 0.51421 0
    outer loop
      vertex -14.474 11.5612 12
      vertex -14.58 11.738 5
      vertex -14.58 11.738 12
    endloop
  endfacet
  facet normal 0.857664 0.51421 0
    outer loop
      vertex -14.58 11.738 5
      vertex -14.474 11.5612 12
      vertex -14.474 11.5612 5
    endloop
  endfacet
  facet normal -0.740949 -0.671561 0
    outer loop
      vertex -11.1046 14.0601 5
      vertex -11.243 14.2128 12
      vertex -11.243 14.2128 5
    endloop
  endfacet
  facet normal -0.740949 -0.671561 0
    outer loop
      vertex -11.243 14.2128 12
      vertex -11.1046 14.0601 5
      vertex -11.1046 14.0601 12
    endloop
  endfacet
  facet normal 0.243106 -0.97 0
    outer loop
      vertex -13.3375 14.7375 5
      vertex -13.1376 14.7876 6
      vertex -13.3375 14.7375 6
    endloop
  endfacet
  facet normal 0.243106 -0.97 0
    outer loop
      vertex -13.1376 14.7876 6
      vertex -13.3375 14.7375 5
      vertex -13.1376 14.7876 5
    endloop
  endfacet
  facet normal 0.998798 0.0490178 0
    outer loop
      vertex -14.8178 12.5221 12
      vertex -14.8279 12.7279 5
      vertex -14.8279 12.7279 12
    endloop
  endfacet
  facet normal 0.998798 0.0490178 0
    outer loop
      vertex -14.8279 12.7279 5
      vertex -14.8178 12.5221 12
      vertex -14.8178 12.5221 5
    endloop
  endfacet
  facet normal 0.671561 -0.740949 0
    outer loop
      vertex -14.2128 14.2128 5
      vertex -14.0601 14.3512 6
      vertex -14.2128 14.2128 6
    endloop
  endfacet
  facet normal 0.671561 -0.740949 0
    outer loop
      vertex -14.0601 14.3512 6
      vertex -14.2128 14.2128 5
      vertex -14.0601 14.3512 5
    endloop
  endfacet
  facet normal -0.803076 0.595877 0
    outer loop
      vertex -11.1046 11.3957 5
      vertex -10.9818 11.5612 12
      vertex -10.9818 11.5612 5
    endloop
  endfacet
  facet normal -0.803076 0.595877 0
    outer loop
      vertex -10.9818 11.5612 12
      vertex -11.1046 11.3957 5
      vertex -11.1046 11.3957 12
    endloop
  endfacet
  facet normal 0.989209 0.146513 0
    outer loop
      vertex -14.7876 12.3182 12
      vertex -14.8178 12.5221 5
      vertex -14.8178 12.5221 12
    endloop
  endfacet
  facet normal 0.989209 0.146513 0
    outer loop
      vertex -14.8178 12.5221 5
      vertex -14.7876 12.3182 12
      vertex -14.7876 12.3182 5
    endloop
  endfacet
  facet normal 0.941566 0.336828 0
    outer loop
      vertex -14.6681 11.9243 12
      vertex -14.7375 12.1183 5
      vertex -14.7375 12.1183 12
    endloop
  endfacet
  facet normal 0.941566 0.336828 0
    outer loop
      vertex -14.7375 12.1183 5
      vertex -14.6681 11.9243 12
      vertex -14.6681 11.9243 5
    endloop
  endfacet
  facet normal -0.336828 -0.941566 0
    outer loop
      vertex -12.1183 14.7375 5
      vertex -11.9243 14.6681 12
      vertex -12.1183 14.7375 12
    endloop
  endfacet
  facet normal -0.336828 -0.941566 -0
    outer loop
      vertex -11.9243 14.6681 12
      vertex -12.1183 14.7375 5
      vertex -11.9243 14.6681 5
    endloop
  endfacet
  facet normal 0.337104 0.941467 -0
    outer loop
      vertex -13.3375 10.7183 5
      vertex -13.5316 10.7878 12
      vertex -13.3375 10.7183 12
    endloop
  endfacet
  facet normal 0.337104 0.941467 0
    outer loop
      vertex -13.5316 10.7878 12
      vertex -13.3375 10.7183 5
      vertex -13.5316 10.7878 5
    endloop
  endfacet
  facet normal 0.048994 -0.998799 0
    outer loop
      vertex -12.9338 14.8178 5
      vertex -12.7279 14.8279 12
      vertex -12.9338 14.8178 12
    endloop
  endfacet
  facet normal 0.048994 -0.998799 0
    outer loop
      vertex -12.7279 14.8279 12
      vertex -12.9338 14.8178 5
      vertex -12.7279 14.8279 5
    endloop
  endfacet
  facet normal -0.904014 0.427502 0
    outer loop
      vertex -10.8759 11.738 5
      vertex -10.7878 11.9243 12
      vertex -10.7878 11.9243 5
    endloop
  endfacet
  facet normal -0.904014 0.427502 0
    outer loop
      vertex -10.7878 11.9243 12
      vertex -10.8759 11.738 5
      vertex -10.8759 11.738 12
    endloop
  endfacet
  facet normal -0.904014 -0.427502 0
    outer loop
      vertex -10.7878 13.5316 5
      vertex -10.8759 13.7179 12
      vertex -10.8759 13.7179 5
    endloop
  endfacet
  facet normal -0.904014 -0.427502 0
    outer loop
      vertex -10.8759 13.7179 12
      vertex -10.7878 13.5316 5
      vertex -10.7878 13.5316 12
    endloop
  endfacet
  facet normal 0.857536 -0.514424 0
    outer loop
      vertex -14.58 13.7179 6
      vertex -14.474 13.8946 5
      vertex -14.474 13.8946 6
    endloop
  endfacet
  facet normal 0.857536 -0.514424 0
    outer loop
      vertex -14.474 13.8946 5
      vertex -14.58 13.7179 6
      vertex -14.58 13.7179 5
    endloop
  endfacet
  facet normal -0.989128 -0.147059 0
    outer loop
      vertex -10.638 12.9338 5
      vertex -10.6683 13.1376 12
      vertex -10.6683 13.1376 5
    endloop
  endfacet
  facet normal -0.989128 -0.147059 0
    outer loop
      vertex -10.6683 13.1376 12
      vertex -10.638 12.9338 5
      vertex -10.638 12.9338 12
    endloop
  endfacet
  facet normal -0.24265 0.970114 0
    outer loop
      vertex -12.1183 10.7183 5
      vertex -12.3182 10.6683 12
      vertex -12.1183 10.7183 12
    endloop
  endfacet
  facet normal -0.24265 0.970114 0
    outer loop
      vertex -12.3182 10.6683 12
      vertex -12.1183 10.7183 5
      vertex -12.3182 10.6683 5
    endloop
  endfacet
  facet normal 0.671561 0.740949 -0
    outer loop
      vertex -14.0601 11.1046 5
      vertex -14.2128 11.243 12
      vertex -14.0601 11.1046 12
    endloop
  endfacet
  facet normal 0.671561 0.740949 0
    outer loop
      vertex -14.2128 11.243 12
      vertex -14.0601 11.1046 5
      vertex -14.2128 11.243 5
    endloop
  endfacet
  facet normal -0.970114 -0.24265 0
    outer loop
      vertex -10.6683 13.1376 5
      vertex -10.7183 13.3375 12
      vertex -10.7183 13.3375 5
    endloop
  endfacet
  facet normal -0.970114 -0.24265 0
    outer loop
      vertex -10.7183 13.3375 12
      vertex -10.6683 13.1376 5
      vertex -10.6683 13.1376 12
    endloop
  endfacet
  facet normal -0.427502 -0.904014 0
    outer loop
      vertex -11.9243 14.6681 5
      vertex -11.738 14.58 12
      vertex -11.9243 14.6681 12
    endloop
  endfacet
  facet normal -0.427502 -0.904014 -0
    outer loop
      vertex -11.738 14.58 12
      vertex -11.9243 14.6681 5
      vertex -11.738 14.58 5
    endloop
  endfacet
  facet normal 0.146179 -0.989258 0
    outer loop
      vertex -13.1376 14.7876 6
      vertex -13.1376 14.7876 5
      vertex -13.0794 14.7962 6
    endloop
  endfacet
  facet normal 0.146746 -0.989174 0
    outer loop
      vertex -13.0794 14.7962 6
      vertex -12.9338 14.8178 12
      vertex -13.0794 14.7962 12
    endloop
  endfacet
  facet normal 0.146746 -0.989174 0
    outer loop
      vertex -13.0794 14.7962 6
      vertex -12.9338 14.8178 5
      vertex -12.9338 14.8178 12
    endloop
  endfacet
  facet normal 0.146584 -0.989198 -2.40747e-05
    outer loop
      vertex -12.9338 14.8178 5
      vertex -13.0794 14.7962 6
      vertex -13.1376 14.7876 5
    endloop
  endfacet
  facet normal -0.85775 -0.514067 0
    outer loop
      vertex -10.8759 13.7179 5
      vertex -10.9818 13.8946 12
      vertex -10.9818 13.8946 5
    endloop
  endfacet
  facet normal -0.85775 -0.514067 0
    outer loop
      vertex -10.9818 13.8946 12
      vertex -10.8759 13.7179 5
      vertex -10.8759 13.7179 12
    endloop
  endfacet
  facet normal -0.146988 0.989138 0
    outer loop
      vertex -12.3182 10.6683 5
      vertex -12.5221 10.638 12
      vertex -12.3182 10.6683 12
    endloop
  endfacet
  facet normal -0.146988 0.989138 0
    outer loop
      vertex -12.5221 10.638 12
      vertex -12.3182 10.6683 5
      vertex -12.5221 10.638 5
    endloop
  endfacet
  facet normal -0.427502 0.904014 0
    outer loop
      vertex -11.738 10.8759 5
      vertex -11.9243 10.7878 12
      vertex -11.738 10.8759 12
    endloop
  endfacet
  facet normal -0.427502 0.904014 0
    outer loop
      vertex -11.9243 10.7878 12
      vertex -11.738 10.8759 5
      vertex -11.9243 10.7878 5
    endloop
  endfacet
  facet normal -0.513853 0.857878 0
    outer loop
      vertex -11.5612 10.9818 5
      vertex -11.738 10.8759 12
      vertex -11.5612 10.9818 12
    endloop
  endfacet
  facet normal -0.513853 0.857878 0
    outer loop
      vertex -11.738 10.8759 12
      vertex -11.5612 10.9818 5
      vertex -11.738 10.8759 5
    endloop
  endfacet
  facet normal -0.740949 0.671561 0
    outer loop
      vertex -11.243 11.243 5
      vertex -11.1046 11.3957 12
      vertex -11.1046 11.3957 5
    endloop
  endfacet
  facet normal -0.740949 0.671561 0
    outer loop
      vertex -11.1046 11.3957 12
      vertex -11.243 11.243 5
      vertex -11.243 11.243 12
    endloop
  endfacet
  facet normal -0.998799 -0.048994 0
    outer loop
      vertex -10.6279 12.7279 5
      vertex -10.638 12.9338 12
      vertex -10.638 12.9338 5
    endloop
  endfacet
  facet normal -0.998799 -0.048994 0
    outer loop
      vertex -10.638 12.9338 12
      vertex -10.6279 12.7279 5
      vertex -10.6279 12.7279 12
    endloop
  endfacet
  facet normal -0.0490178 0.998798 0
    outer loop
      vertex -12.5221 10.638 5
      vertex -12.7279 10.6279 12
      vertex -12.5221 10.638 12
    endloop
  endfacet
  facet normal -0.0490178 0.998798 0
    outer loop
      vertex -12.7279 10.6279 12
      vertex -12.5221 10.638 5
      vertex -12.7279 10.6279 5
    endloop
  endfacet
  facet normal -0.857878 0.513853 0
    outer loop
      vertex -10.9818 11.5612 5
      vertex -10.8759 11.738 12
      vertex -10.8759 11.738 5
    endloop
  endfacet
  facet normal -0.857878 0.513853 0
    outer loop
      vertex -10.8759 11.738 12
      vertex -10.9818 11.5612 5
      vertex -10.9818 11.5612 12
    endloop
  endfacet
  facet normal -0.941467 -0.337104 0
    outer loop
      vertex -10.7183 13.3375 5
      vertex -10.7878 13.5316 12
      vertex -10.7878 13.5316 5
    endloop
  endfacet
  facet normal -0.941467 -0.337104 0
    outer loop
      vertex -10.7878 13.5316 12
      vertex -10.7183 13.3375 5
      vertex -10.7183 13.3375 12
    endloop
  endfacet
  facet normal -0.595877 0.803076 0
    outer loop
      vertex -11.3957 11.1046 5
      vertex -11.5612 10.9818 12
      vertex -11.3957 11.1046 12
    endloop
  endfacet
  facet normal -0.595877 0.803076 0
    outer loop
      vertex -11.5612 10.9818 12
      vertex -11.3957 11.1046 5
      vertex -11.5612 10.9818 5
    endloop
  endfacet
  facet normal -0.671561 0.740949 0
    outer loop
      vertex -11.243 11.243 5
      vertex -11.3957 11.1046 12
      vertex -11.243 11.243 12
    endloop
  endfacet
  facet normal -0.671561 0.740949 0
    outer loop
      vertex -11.3957 11.1046 12
      vertex -11.243 11.243 5
      vertex -11.3957 11.1046 5
    endloop
  endfacet
  facet normal 0.24265 0.970114 -0
    outer loop
      vertex -13.1376 10.6683 5
      vertex -13.3375 10.7183 12
      vertex -13.1376 10.6683 12
    endloop
  endfacet
  facet normal 0.24265 0.970114 0
    outer loop
      vertex -13.3375 10.7183 12
      vertex -13.1376 10.6683 5
      vertex -13.3375 10.7183 5
    endloop
  endfacet
  facet normal 0 0 1
    outer loop
      vertex -10.638 12.9338 5
      vertex -10.638 12.5221 5
      vertex -10.6279 12.7279 5
    endloop
  endfacet
  facet normal 0 0 1
    outer loop
      vertex -10.6683 13.1376 5
      vertex -10.638 12.5221 5
      vertex -10.638 12.9338 5
    endloop
  endfacet
  facet normal 0 0 1
    outer loop
      vertex -10.6683 13.1376 5
      vertex -10.6683 12.3182 5
      vertex -10.638 12.5221 5
    endloop
  endfacet
  facet normal 0 0 1
    outer loop
      vertex -10.7183 13.3375 5
      vertex -10.6683 12.3182 5
      vertex -10.6683 13.1376 5
    endloop
  endfacet
  facet normal 0 0 1
    outer loop
      vertex -10.7183 13.3375 5
      vertex -10.7183 12.1183 5
      vertex -10.6683 12.3182 5
    endloop
  endfacet
  facet normal 0 0 1
    outer loop
      vertex -10.7878 13.5316 5
      vertex -10.7183 12.1183 5
      vertex -10.7183 13.3375 5
    endloop
  endfacet
  facet normal 0 0 1
    outer loop
      vertex -10.7878 13.5316 5
      vertex -10.7878 11.9243 5
      vertex -10.7183 12.1183 5
    endloop
  endfacet
  facet normal 0 0 1
    outer loop
      vertex -10.8759 13.7179 5
      vertex -10.7878 11.9243 5
      vertex -10.7878 13.5316 5
    endloop
  endfacet
  facet normal 0 0 1
    outer loop
      vertex -10.8759 13.7179 5
      vertex -10.8759 11.738 5
      vertex -10.7878 11.9243 5
    endloop
  endfacet
  facet normal 0 0 1
    outer loop
      vertex -10.9818 13.8946 5
      vertex -10.8759 11.738 5
      vertex -10.8759 13.7179 5
    endloop
  endfacet
  facet normal 0 0 1
    outer loop
      vertex -10.9818 13.8946 5
      vertex -10.9818 11.5612 5
      vertex -10.8759 11.738 5
    endloop
  endfacet
  facet normal 0 0 1
    outer loop
      vertex -11.1046 14.0601 5
      vertex -10.9818 11.5612 5
      vertex -10.9818 13.8946 5
    endloop
  endfacet
  facet normal 0 0 1
    outer loop
      vertex -11.1046 14.0601 5
      vertex -11.1046 11.3957 5
      vertex -10.9818 11.5612 5
    endloop
  endfacet
  facet normal 0 0 1
    outer loop
      vertex -11.243 14.2128 5
      vertex -11.1046 11.3957 5
      vertex -11.1046 14.0601 5
    endloop
  endfacet
  facet normal 0 0 1
    outer loop
      vertex -11.243 14.2128 5
      vertex -11.243 11.243 5
      vertex -11.1046 11.3957 5
    endloop
  endfacet
  facet normal 0 0 1
    outer loop
      vertex -11.3957 14.3512 5
      vertex -11.243 11.243 5
      vertex -11.243 14.2128 5
    endloop
  endfacet
  facet normal 0 0 1
    outer loop
      vertex -11.3957 14.3512 5
      vertex -11.3957 11.1046 5
      vertex -11.243 11.243 5
    endloop
  endfacet
  facet normal 0 0 1
    outer loop
      vertex -11.5612 14.474 5
      vertex -11.3957 11.1046 5
      vertex -11.3957 14.3512 5
    endloop
  endfacet
  facet normal 0 0 1
    outer loop
      vertex -11.5612 14.474 5
      vertex -11.5612 10.9818 5
      vertex -11.3957 11.1046 5
    endloop
  endfacet
  facet normal 0 0 1
    outer loop
      vertex -11.738 14.58 5
      vertex -11.5612 10.9818 5
      vertex -11.5612 14.474 5
    endloop
  endfacet
  facet normal 0 0 1
    outer loop
      vertex -11.738 14.58 5
      vertex -11.738 10.8759 5
      vertex -11.5612 10.9818 5
    endloop
  endfacet
  facet normal 0 0 1
    outer loop
      vertex -11.9243 14.6681 5
      vertex -11.738 10.8759 5
      vertex -11.738 14.58 5
    endloop
  endfacet
  facet normal 0 0 1
    outer loop
      vertex -11.9243 14.6681 5
      vertex -11.9243 10.7878 5
      vertex -11.738 10.8759 5
    endloop
  endfacet
  facet normal 0 0 1
    outer loop
      vertex -12.1183 14.7375 5
      vertex -11.9243 10.7878 5
      vertex -11.9243 14.6681 5
    endloop
  endfacet
  facet normal 0 0 1
    outer loop
      vertex -12.1183 14.7375 5
      vertex -12.1183 10.7183 5
      vertex -11.9243 10.7878 5
    endloop
  endfacet
  facet normal 0 0 1
    outer loop
      vertex -12.3182 14.7876 5
      vertex -12.1183 10.7183 5
      vertex -12.1183 14.7375 5
    endloop
  endfacet
  facet normal 0 0 1
    outer loop
      vertex -12.3182 14.7876 5
      vertex -12.3182 10.6683 5
      vertex -12.1183 10.7183 5
    endloop
  endfacet
  facet normal 0 0 1
    outer loop
      vertex -12.5221 14.8178 5
      vertex -12.3182 10.6683 5
      vertex -12.3182 14.7876 5
    endloop
  endfacet
  facet normal 0 0 1
    outer loop
      vertex -12.5221 14.8178 5
      vertex -12.5221 10.638 5
      vertex -12.3182 10.6683 5
    endloop
  endfacet
  facet normal 0 0 1
    outer loop
      vertex -12.7279 14.8279 5
      vertex -12.5221 10.638 5
      vertex -12.5221 14.8178 5
    endloop
  endfacet
  facet normal 0 0 1
    outer loop
      vertex -12.7279 14.8279 5
      vertex -12.7279 10.6279 5
      vertex -12.5221 10.638 5
    endloop
  endfacet
  facet normal -0 0 1
    outer loop
      vertex -12.9338 14.8178 5
      vertex -12.7279 10.6279 5
      vertex -12.7279 14.8279 5
    endloop
  endfacet
  facet normal 0 0 1
    outer loop
      vertex -12.9338 14.8178 5
      vertex -12.9338 10.638 5
      vertex -12.7279 10.6279 5
    endloop
  endfacet
  facet normal -0 0 1
    outer loop
      vertex -13.1376 14.7876 5
      vertex -12.9338 10.638 5
      vertex -12.9338 14.8178 5
    endloop
  endfacet
  facet normal 0 0 1
    outer loop
      vertex -13.1376 14.7876 5
      vertex -13.1376 10.6683 5
      vertex -12.9338 10.638 5
    endloop
  endfacet
  facet normal -0 0 1
    outer loop
      vertex -13.3375 14.7375 5
      vertex -13.1376 10.6683 5
      vertex -13.1376 14.7876 5
    endloop
  endfacet
  facet normal 0 0 1
    outer loop
      vertex -13.3375 14.7375 5
      vertex -13.3375 10.7183 5
      vertex -13.1376 10.6683 5
    endloop
  endfacet
  facet normal -0 0 1
    outer loop
      vertex -13.5316 14.6681 5
      vertex -13.3375 10.7183 5
      vertex -13.3375 14.7375 5
    endloop
  endfacet
  facet normal 0 0 1
    outer loop
      vertex -13.5316 14.6681 5
      vertex -13.5316 10.7878 5
      vertex -13.3375 10.7183 5
    endloop
  endfacet
  facet normal -0 0 1
    outer loop
      vertex -13.7179 14.58 5
      vertex -13.5316 10.7878 5
      vertex -13.5316 14.6681 5
    endloop
  endfacet
  facet normal 0 0 1
    outer loop
      vertex -13.7179 14.58 5
      vertex -13.7179 10.8759 5
      vertex -13.5316 10.7878 5
    endloop
  endfacet
  facet normal -0 0 1
    outer loop
      vertex -13.8946 14.474 5
      vertex -13.7179 10.8759 5
      vertex -13.7179 14.58 5
    endloop
  endfacet
  facet normal 0 0 1
    outer loop
      vertex -13.8946 14.474 5
      vertex -13.8946 10.9818 5
      vertex -13.7179 10.8759 5
    endloop
  endfacet
  facet normal -0 0 1
    outer loop
      vertex -14.0601 14.3512 5
      vertex -13.8946 10.9818 5
      vertex -13.8946 14.474 5
    endloop
  endfacet
  facet normal 0 0 1
    outer loop
      vertex -14.0601 14.3512 5
      vertex -14.0601 11.1046 5
      vertex -13.8946 10.9818 5
    endloop
  endfacet
  facet normal -0 0 1
    outer loop
      vertex -14.2128 14.2128 5
      vertex -14.0601 11.1046 5
      vertex -14.0601 14.3512 5
    endloop
  endfacet
  facet normal 0 0 1
    outer loop
      vertex -14.2128 14.2128 5
      vertex -14.2128 11.243 5
      vertex -14.0601 11.1046 5
    endloop
  endfacet
  facet normal -0 0 1
    outer loop
      vertex -14.3512 14.0601 5
      vertex -14.2128 11.243 5
      vertex -14.2128 14.2128 5
    endloop
  endfacet
  facet normal 0 0 1
    outer loop
      vertex -14.3512 14.0601 5
      vertex -14.3512 11.3957 5
      vertex -14.2128 11.243 5
    endloop
  endfacet
  facet normal -0 0 1
    outer loop
      vertex -14.474 13.8946 5
      vertex -14.3512 11.3957 5
      vertex -14.3512 14.0601 5
    endloop
  endfacet
  facet normal 0 0 1
    outer loop
      vertex -14.474 13.8946 5
      vertex -14.474 11.5612 5
      vertex -14.3512 11.3957 5
    endloop
  endfacet
  facet normal -0 0 1
    outer loop
      vertex -14.58 13.7179 5
      vertex -14.474 11.5612 5
      vertex -14.474 13.8946 5
    endloop
  endfacet
  facet normal 0 0 1
    outer loop
      vertex -14.58 13.7179 5
      vertex -14.58 11.738 5
      vertex -14.474 11.5612 5
    endloop
  endfacet
  facet normal -0 0 1
    outer loop
      vertex -14.6681 13.5316 5
      vertex -14.58 11.738 5
      vertex -14.58 13.7179 5
    endloop
  endfacet
  facet normal 0 0 1
    outer loop
      vertex -14.6681 13.5316 5
      vertex -14.6681 11.9243 5
      vertex -14.58 11.738 5
    endloop
  endfacet
  facet normal -0 0 1
    outer loop
      vertex -14.7375 13.3375 5
      vertex -14.6681 11.9243 5
      vertex -14.6681 13.5316 5
    endloop
  endfacet
  facet normal 0 0 1
    outer loop
      vertex -14.7375 13.3375 5
      vertex -14.7375 12.1183 5
      vertex -14.6681 11.9243 5
    endloop
  endfacet
  facet normal -0 0 1
    outer loop
      vertex -14.7876 13.1376 5
      vertex -14.7375 12.1183 5
      vertex -14.7375 13.3375 5
    endloop
  endfacet
  facet normal 0 0 1
    outer loop
      vertex -14.7876 13.1376 5
      vertex -14.7876 12.3182 5
      vertex -14.7375 12.1183 5
    endloop
  endfacet
  facet normal -0 0 1
    outer loop
      vertex -14.8178 12.9338 5
      vertex -14.7876 12.3182 5
      vertex -14.7876 13.1376 5
    endloop
  endfacet
  facet normal 0 0 1
    outer loop
      vertex -14.8178 12.9338 5
      vertex -14.8178 12.5221 5
      vertex -14.7876 12.3182 5
    endloop
  endfacet
  facet normal 0 -0 1
    outer loop
      vertex -14.8178 12.5221 5
      vertex -14.8178 12.9338 5
      vertex -14.8279 12.7279 5
    endloop
  endfacet
  facet normal -0.337258 0.941412 0
    outer loop
      vertex -11.9243 10.7878 5
      vertex -12.1183 10.7183 12
      vertex -11.9243 10.7878 12
    endloop
  endfacet
  facet normal -0.337258 0.941412 0
    outer loop
      vertex -12.1183 10.7183 12
      vertex -11.9243 10.7878 5
      vertex -12.1183 10.7183 5
    endloop
  endfacet
  facet normal 0.904014 0.427502 0
    outer loop
      vertex -14.58 11.738 12
      vertex -14.6681 11.9243 5
      vertex -14.6681 11.9243 12
    endloop
  endfacet
  facet normal 0.904014 0.427502 0
    outer loop
      vertex -14.6681 11.9243 5
      vertex -14.58 11.738 12
      vertex -14.58 11.738 5
    endloop
  endfacet
  facet normal -0.243106 0.97 0
    outer loop
      vertex -12.1183 -14.7375 5
      vertex -12.3182 -14.7876 12
      vertex -12.1183 -14.7375 12
    endloop
  endfacet
  facet normal -0.243106 0.97 0
    outer loop
      vertex -12.3182 -14.7876 12
      vertex -12.1183 -14.7375 5
      vertex -12.3182 -14.7876 5
    endloop
  endfacet
  facet normal 0.941621 0.336674 0
    outer loop
      vertex -14.6681 -13.5316 6
      vertex -14.7375 -13.3375 5
      vertex -14.7375 -13.3375 6
    endloop
  endfacet
  facet normal 0.941621 0.336674 0
    outer loop
      vertex -14.7375 -13.3375 5
      vertex -14.6681 -13.5316 6
      vertex -14.6681 -13.5316 5
    endloop
  endfacet
  facet normal 0 0 1
    outer loop
      vertex -10.638 -12.5221 5
      vertex -10.638 -12.9338 5
      vertex -10.6279 -12.7279 5
    endloop
  endfacet
  facet normal 0 0 1
    outer loop
      vertex -10.6683 -12.3182 5
      vertex -10.638 -12.9338 5
      vertex -10.638 -12.5221 5
    endloop
  endfacet
  facet normal 0 0 1
    outer loop
      vertex -10.6683 -12.3182 5
      vertex -10.6683 -13.1376 5
      vertex -10.638 -12.9338 5
    endloop
  endfacet
  facet normal 0 0 1
    outer loop
      vertex -10.7183 -12.1183 5
      vertex -10.6683 -13.1376 5
      vertex -10.6683 -12.3182 5
    endloop
  endfacet
  facet normal 0 0 1
    outer loop
      vertex -10.7183 -12.1183 5
      vertex -10.7183 -13.3375 5
      vertex -10.6683 -13.1376 5
    endloop
  endfacet
  facet normal 0 0 1
    outer loop
      vertex -10.7878 -11.9243 5
      vertex -10.7183 -13.3375 5
      vertex -10.7183 -12.1183 5
    endloop
  endfacet
  facet normal 0 0 1
    outer loop
      vertex -10.7878 -11.9243 5
      vertex -10.7878 -13.5316 5
      vertex -10.7183 -13.3375 5
    endloop
  endfacet
  facet normal 0 0 1
    outer loop
      vertex -10.8759 -11.738 5
      vertex -10.7878 -13.5316 5
      vertex -10.7878 -11.9243 5
    endloop
  endfacet
  facet normal 0 0 1
    outer loop
      vertex -10.8759 -11.738 5
      vertex -10.8759 -13.7179 5
      vertex -10.7878 -13.5316 5
    endloop
  endfacet
  facet normal 0 0 1
    outer loop
      vertex -10.9818 -11.5612 5
      vertex -10.8759 -13.7179 5
      vertex -10.8759 -11.738 5
    endloop
  endfacet
  facet normal 0 0 1
    outer loop
      vertex -10.9818 -11.5612 5
      vertex -10.9818 -13.8946 5
      vertex -10.8759 -13.7179 5
    endloop
  endfacet
  facet normal 0 0 1
    outer loop
      vertex -11.1046 -11.3957 5
      vertex -10.9818 -13.8946 5
      vertex -10.9818 -11.5612 5
    endloop
  endfacet
  facet normal 0 0 1
    outer loop
      vertex -11.1046 -11.3957 5
      vertex -11.1046 -14.0601 5
      vertex -10.9818 -13.8946 5
    endloop
  endfacet
  facet normal 0 0 1
    outer loop
      vertex -11.243 -11.243 5
      vertex -11.1046 -14.0601 5
      vertex -11.1046 -11.3957 5
    endloop
  endfacet
  facet normal 0 0 1
    outer loop
      vertex -11.243 -11.243 5
      vertex -11.243 -14.2128 5
      vertex -11.1046 -14.0601 5
    endloop
  endfacet
  facet normal 0 0 1
    outer loop
      vertex -11.3957 -11.1046 5
      vertex -11.243 -14.2128 5
      vertex -11.243 -11.243 5
    endloop
  endfacet
  facet normal 0 0 1
    outer loop
      vertex -11.3957 -11.1046 5
      vertex -11.3957 -14.3512 5
      vertex -11.243 -14.2128 5
    endloop
  endfacet
  facet normal 0 0 1
    outer loop
      vertex -11.5612 -10.9818 5
      vertex -11.3957 -14.3512 5
      vertex -11.3957 -11.1046 5
    endloop
  endfacet
  facet normal 0 0 1
    outer loop
      vertex -11.5612 -10.9818 5
      vertex -11.5612 -14.474 5
      vertex -11.3957 -14.3512 5
    endloop
  endfacet
  facet normal 0 0 1
    outer loop
      vertex -11.738 -10.8759 5
      vertex -11.5612 -14.474 5
      vertex -11.5612 -10.9818 5
    endloop
  endfacet
  facet normal 0 0 1
    outer loop
      vertex -11.738 -10.8759 5
      vertex -11.738 -14.58 5
      vertex -11.5612 -14.474 5
    endloop
  endfacet
  facet normal 0 0 1
    outer loop
      vertex -11.9243 -10.7878 5
      vertex -11.738 -14.58 5
      vertex -11.738 -10.8759 5
    endloop
  endfacet
  facet normal 0 0 1
    outer loop
      vertex -11.9243 -10.7878 5
      vertex -11.9243 -14.6681 5
      vertex -11.738 -14.58 5
    endloop
  endfacet
  facet normal 0 0 1
    outer loop
      vertex -12.1183 -10.7183 5
      vertex -11.9243 -14.6681 5
      vertex -11.9243 -10.7878 5
    endloop
  endfacet
  facet normal 0 0 1
    outer loop
      vertex -12.1183 -10.7183 5
      vertex -12.1183 -14.7375 5
      vertex -11.9243 -14.6681 5
    endloop
  endfacet
  facet normal 0 0 1
    outer loop
      vertex -12.3182 -10.6683 5
      vertex -12.1183 -14.7375 5
      vertex -12.1183 -10.7183 5
    endloop
  endfacet
  facet normal 0 0 1
    outer loop
      vertex -12.3182 -10.6683 5
      vertex -12.3182 -14.7876 5
      vertex -12.1183 -14.7375 5
    endloop
  endfacet
  facet normal 0 0 1
    outer loop
      vertex -12.5221 -10.638 5
      vertex -12.3182 -14.7876 5
      vertex -12.3182 -10.6683 5
    endloop
  endfacet
  facet normal 0 0 1
    outer loop
      vertex -12.5221 -10.638 5
      vertex -12.5221 -14.8178 5
      vertex -12.3182 -14.7876 5
    endloop
  endfacet
  facet normal 0 0 1
    outer loop
      vertex -12.7279 -10.6279 5
      vertex -12.5221 -14.8178 5
      vertex -12.5221 -10.638 5
    endloop
  endfacet
  facet normal 0 0 1
    outer loop
      vertex -12.7279 -10.6279 5
      vertex -12.7279 -14.8279 5
      vertex -12.5221 -14.8178 5
    endloop
  endfacet
  facet normal -0 0 1
    outer loop
      vertex -12.9338 -10.638 5
      vertex -12.7279 -14.8279 5
      vertex -12.7279 -10.6279 5
    endloop
  endfacet
  facet normal 0 0 1
    outer loop
      vertex -12.9338 -10.638 5
      vertex -12.9338 -14.8178 5
      vertex -12.7279 -14.8279 5
    endloop
  endfacet
  facet normal -0 0 1
    outer loop
      vertex -13.1376 -10.6683 5
      vertex -12.9338 -14.8178 5
      vertex -12.9338 -10.638 5
    endloop
  endfacet
  facet normal 0 0 1
    outer loop
      vertex -13.1376 -10.6683 5
      vertex -13.1376 -14.7876 5
      vertex -12.9338 -14.8178 5
    endloop
  endfacet
  facet normal -0 0 1
    outer loop
      vertex -13.3375 -10.7183 5
      vertex -13.1376 -14.7876 5
      vertex -13.1376 -10.6683 5
    endloop
  endfacet
  facet normal 0 0 1
    outer loop
      vertex -13.3375 -10.7183 5
      vertex -13.3375 -14.7375 5
      vertex -13.1376 -14.7876 5
    endloop
  endfacet
  facet normal -0 0 1
    outer loop
      vertex -13.5316 -10.7878 5
      vertex -13.3375 -14.7375 5
      vertex -13.3375 -10.7183 5
    endloop
  endfacet
  facet normal 0 0 1
    outer loop
      vertex -13.5316 -10.7878 5
      vertex -13.5316 -14.6681 5
      vertex -13.3375 -14.7375 5
    endloop
  endfacet
  facet normal -0 0 1
    outer loop
      vertex -13.7179 -10.8759 5
      vertex -13.5316 -14.6681 5
      vertex -13.5316 -10.7878 5
    endloop
  endfacet
  facet normal 0 0 1
    outer loop
      vertex -13.7179 -10.8759 5
      vertex -13.7179 -14.58 5
      vertex -13.5316 -14.6681 5
    endloop
  endfacet
  facet normal -0 0 1
    outer loop
      vertex -13.8946 -10.9818 5
      vertex -13.7179 -14.58 5
      vertex -13.7179 -10.8759 5
    endloop
  endfacet
  facet normal 0 0 1
    outer loop
      vertex -13.8946 -10.9818 5
      vertex -13.8946 -14.474 5
      vertex -13.7179 -14.58 5
    endloop
  endfacet
  facet normal -0 0 1
    outer loop
      vertex -14.0601 -11.1046 5
      vertex -13.8946 -14.474 5
      vertex -13.8946 -10.9818 5
    endloop
  endfacet
  facet normal 0 0 1
    outer loop
      vertex -14.0601 -11.1046 5
      vertex -14.0601 -14.3512 5
      vertex -13.8946 -14.474 5
    endloop
  endfacet
  facet normal -0 0 1
    outer loop
      vertex -14.2128 -11.243 5
      vertex -14.0601 -14.3512 5
      vertex -14.0601 -11.1046 5
    endloop
  endfacet
  facet normal 0 0 1
    outer loop
      vertex -14.2128 -11.243 5
      vertex -14.2128 -14.2128 5
      vertex -14.0601 -14.3512 5
    endloop
  endfacet
  facet normal -0 0 1
    outer loop
      vertex -14.3512 -11.3957 5
      vertex -14.2128 -14.2128 5
      vertex -14.2128 -11.243 5
    endloop
  endfacet
  facet normal 0 0 1
    outer loop
      vertex -14.3512 -11.3957 5
      vertex -14.3512 -14.0601 5
      vertex -14.2128 -14.2128 5
    endloop
  endfacet
  facet normal -0 0 1
    outer loop
      vertex -14.474 -11.5612 5
      vertex -14.3512 -14.0601 5
      vertex -14.3512 -11.3957 5
    endloop
  endfacet
  facet normal 0 0 1
    outer loop
      vertex -14.474 -11.5612 5
      vertex -14.474 -13.8946 5
      vertex -14.3512 -14.0601 5
    endloop
  endfacet
  facet normal -0 0 1
    outer loop
      vertex -14.58 -11.738 5
      vertex -14.474 -13.8946 5
      vertex -14.474 -11.5612 5
    endloop
  endfacet
  facet normal 0 0 1
    outer loop
      vertex -14.58 -11.738 5
      vertex -14.58 -13.7179 5
      vertex -14.474 -13.8946 5
    endloop
  endfacet
  facet normal -0 0 1
    outer loop
      vertex -14.6681 -11.9243 5
      vertex -14.58 -13.7179 5
      vertex -14.58 -11.738 5
    endloop
  endfacet
  facet normal 0 0 1
    outer loop
      vertex -14.6681 -11.9243 5
      vertex -14.6681 -13.5316 5
      vertex -14.58 -13.7179 5
    endloop
  endfacet
  facet normal -0 0 1
    outer loop
      vertex -14.7375 -12.1183 5
      vertex -14.6681 -13.5316 5
      vertex -14.6681 -11.9243 5
    endloop
  endfacet
  facet normal 0 0 1
    outer loop
      vertex -14.7375 -12.1183 5
      vertex -14.7375 -13.3375 5
      vertex -14.6681 -13.5316 5
    endloop
  endfacet
  facet normal -0 0 1
    outer loop
      vertex -14.7876 -12.3182 5
      vertex -14.7375 -13.3375 5
      vertex -14.7375 -12.1183 5
    endloop
  endfacet
  facet normal 0 0 1
    outer loop
      vertex -14.7876 -12.3182 5
      vertex -14.7876 -13.1376 5
      vertex -14.7375 -13.3375 5
    endloop
  endfacet
  facet normal -0 0 1
    outer loop
      vertex -14.8178 -12.5221 5
      vertex -14.7876 -13.1376 5
      vertex -14.7876 -12.3182 5
    endloop
  endfacet
  facet normal 0 0 1
    outer loop
      vertex -14.8178 -12.5221 5
      vertex -14.8178 -12.9338 5
      vertex -14.7876 -13.1376 5
    endloop
  endfacet
  facet normal 0 -0 1
    outer loop
      vertex -14.8178 -12.9338 5
      vertex -14.8178 -12.5221 5
      vertex -14.8279 -12.7279 5
    endloop
  endfacet
  facet normal 0.146746 0.989174 0
    outer loop
      vertex -12.9338 -14.8178 12
      vertex -13.0794 -14.7962 6
      vertex -13.0794 -14.7962 12
    endloop
  endfacet
  facet normal 0.146746 0.989174 -0
    outer loop
      vertex -12.9338 -14.8178 5
      vertex -13.0794 -14.7962 6
      vertex -12.9338 -14.8178 12
    endloop
  endfacet
  facet normal 0.146584 0.989198 -2.40747e-05
    outer loop
      vertex -13.1376 -14.7876 5
      vertex -13.0794 -14.7962 6
      vertex -12.9338 -14.8178 5
    endloop
  endfacet
  facet normal 0.146179 0.989258 0
    outer loop
      vertex -13.0794 -14.7962 6
      vertex -13.1376 -14.7876 5
      vertex -13.1376 -14.7876 6
    endloop
  endfacet
  facet normal 0.740949 -0.671561 0
    outer loop
      vertex -14.3512 -11.3957 12
      vertex -14.2128 -11.243 5
      vertex -14.2128 -11.243 12
    endloop
  endfacet
  facet normal 0.740949 -0.671561 0
    outer loop
      vertex -14.2128 -11.243 5
      vertex -14.3512 -11.3957 12
      vertex -14.3512 -11.3957 5
    endloop
  endfacet
  facet normal -0.998799 0.048994 0
    outer loop
      vertex -10.638 -12.9338 5
      vertex -10.6279 -12.7279 12
      vertex -10.6279 -12.7279 5
    endloop
  endfacet
  facet normal -0.998799 0.048994 0
    outer loop
      vertex -10.6279 -12.7279 12
      vertex -10.638 -12.9338 5
      vertex -10.638 -12.9338 12
    endloop
  endfacet
  facet normal -0.803076 0.595877 0
    outer loop
      vertex -11.1046 -14.0601 5
      vertex -10.9818 -13.8946 12
      vertex -10.9818 -13.8946 5
    endloop
  endfacet
  facet normal -0.803076 0.595877 0
    outer loop
      vertex -10.9818 -13.8946 12
      vertex -11.1046 -14.0601 5
      vertex -11.1046 -14.0601 12
    endloop
  endfacet
  facet normal -0.671561 0.740949 0
    outer loop
      vertex -11.243 -14.2128 5
      vertex -11.3957 -14.3512 12
      vertex -11.243 -14.2128 12
    endloop
  endfacet
  facet normal -0.671561 0.740949 0
    outer loop
      vertex -11.3957 -14.3512 12
      vertex -11.243 -14.2128 5
      vertex -11.3957 -14.3512 5
    endloop
  endfacet
  facet normal 0.427502 0.904014 -0
    outer loop
      vertex -13.5316 -14.6681 5
      vertex -13.7179 -14.58 6
      vertex -13.5316 -14.6681 6
    endloop
  endfacet
  facet normal 0.427502 0.904014 0
    outer loop
      vertex -13.7179 -14.58 6
      vertex -13.5316 -14.6681 5
      vertex -13.7179 -14.58 5
    endloop
  endfacet
  facet normal 0.803076 -0.595877 0
    outer loop
      vertex -14.474 -11.5612 12
      vertex -14.3512 -11.3957 5
      vertex -14.3512 -11.3957 12
    endloop
  endfacet
  facet normal 0.803076 -0.595877 0
    outer loop
      vertex -14.3512 -11.3957 5
      vertex -14.474 -11.5612 12
      vertex -14.474 -11.5612 5
    endloop
  endfacet
  facet normal 0.671561 0.740949 -0
    outer loop
      vertex -14.0601 -14.3512 5
      vertex -14.2128 -14.2128 6
      vertex -14.0601 -14.3512 6
    endloop
  endfacet
  facet normal 0.671561 0.740949 0
    outer loop
      vertex -14.2128 -14.2128 6
      vertex -14.0601 -14.3512 5
      vertex -14.2128 -14.2128 5
    endloop
  endfacet
  facet normal -0.970114 -0.24265 0
    outer loop
      vertex -10.6683 -12.3182 5
      vertex -10.7183 -12.1183 12
      vertex -10.7183 -12.1183 5
    endloop
  endfacet
  facet normal -0.970114 -0.24265 0
    outer loop
      vertex -10.7183 -12.1183 12
      vertex -10.6683 -12.3182 5
      vertex -10.6683 -12.3182 12
    endloop
  endfacet
  facet normal -0.85775 0.514067 0
    outer loop
      vertex -10.9818 -13.8946 5
      vertex -10.8759 -13.7179 12
      vertex -10.8759 -13.7179 5
    endloop
  endfacet
  facet normal -0.85775 0.514067 0
    outer loop
      vertex -10.8759 -13.7179 12
      vertex -10.9818 -13.8946 5
      vertex -10.9818 -13.8946 12
    endloop
  endfacet
  facet normal 0.595877 0.803076 -0
    outer loop
      vertex -13.8946 -14.474 5
      vertex -14.0601 -14.3512 6
      vertex -13.8946 -14.474 6
    endloop
  endfacet
  facet normal 0.595877 0.803076 0
    outer loop
      vertex -14.0601 -14.3512 6
      vertex -13.8946 -14.474 5
      vertex -14.0601 -14.3512 5
    endloop
  endfacet
  facet normal 0.243106 0.97 -0
    outer loop
      vertex -13.1376 -14.7876 5
      vertex -13.3375 -14.7375 6
      vertex -13.1376 -14.7876 6
    endloop
  endfacet
  facet normal 0.243106 0.97 0
    outer loop
      vertex -13.3375 -14.7375 6
      vertex -13.1376 -14.7876 5
      vertex -13.3375 -14.7375 5
    endloop
  endfacet
  facet normal 0.998798 -0.0490178 0
    outer loop
      vertex -14.8279 -12.7279 12
      vertex -14.8178 -12.5221 5
      vertex -14.8178 -12.5221 12
    endloop
  endfacet
  facet normal 0.998798 -0.0490178 0
    outer loop
      vertex -14.8178 -12.5221 5
      vertex -14.8279 -12.7279 12
      vertex -14.8279 -12.7279 5
    endloop
  endfacet
  facet normal -0.0490178 -0.998798 0
    outer loop
      vertex -12.7279 -10.6279 5
      vertex -12.5221 -10.638 12
      vertex -12.7279 -10.6279 12
    endloop
  endfacet
  facet normal -0.0490178 -0.998798 -0
    outer loop
      vertex -12.5221 -10.638 12
      vertex -12.7279 -10.6279 5
      vertex -12.5221 -10.638 5
    endloop
  endfacet
  facet normal 0.336674 0.941621 -0
    outer loop
      vertex -13.3375 -14.7375 5
      vertex -13.5316 -14.6681 6
      vertex -13.3375 -14.7375 6
    endloop
  endfacet
  facet normal 0.336674 0.941621 0
    outer loop
      vertex -13.5316 -14.6681 6
      vertex -13.3375 -14.7375 5
      vertex -13.5316 -14.6681 5
    endloop
  endfacet
  facet normal -0.337258 -0.941412 0
    outer loop
      vertex -12.1183 -10.7183 5
      vertex -11.9243 -10.7878 12
      vertex -12.1183 -10.7183 12
    endloop
  endfacet
  facet normal -0.337258 -0.941412 -0
    outer loop
      vertex -11.9243 -10.7878 12
      vertex -12.1183 -10.7183 5
      vertex -11.9243 -10.7878 5
    endloop
  endfacet
  facet normal -0.595877 0.803076 0
    outer loop
      vertex -11.3957 -14.3512 5
      vertex -11.5612 -14.474 12
      vertex -11.3957 -14.3512 12
    endloop
  endfacet
  facet normal -0.595877 0.803076 0
    outer loop
      vertex -11.5612 -14.474 12
      vertex -11.3957 -14.3512 5
      vertex -11.5612 -14.474 5
    endloop
  endfacet
  facet normal 0.97 -0.243106 0
    outer loop
      vertex -14.7876 -12.3182 12
      vertex -14.7375 -12.1183 5
      vertex -14.7375 -12.1183 12
    endloop
  endfacet
  facet normal 0.97 -0.243106 0
    outer loop
      vertex -14.7375 -12.1183 5
      vertex -14.7876 -12.3182 12
      vertex -14.7876 -12.3182 5
    endloop
  endfacet
  facet normal 0.857664 -0.51421 0
    outer loop
      vertex -14.58 -11.738 12
      vertex -14.474 -11.5612 5
      vertex -14.474 -11.5612 12
    endloop
  endfacet
  facet normal 0.857664 -0.51421 0
    outer loop
      vertex -14.474 -11.5612 5
      vertex -14.58 -11.738 12
      vertex -14.58 -11.738 5
    endloop
  endfacet
  facet normal -0.989128 0.147059 0
    outer loop
      vertex -10.6683 -13.1376 5
      vertex -10.638 -12.9338 12
      vertex -10.638 -12.9338 5
    endloop
  endfacet
  facet normal -0.989128 0.147059 0
    outer loop
      vertex -10.638 -12.9338 12
      vertex -10.6683 -13.1376 5
      vertex -10.6683 -13.1376 12
    endloop
  endfacet
  facet normal 0.857536 0.514424 0
    outer loop
      vertex -14.474 -13.8946 6
      vertex -14.58 -13.7179 5
      vertex -14.58 -13.7179 6
    endloop
  endfacet
  facet normal 0.857536 0.514424 0
    outer loop
      vertex -14.58 -13.7179 5
      vertex -14.474 -13.8946 6
      vertex -14.474 -13.8946 5
    endloop
  endfacet
  facet normal 0.989209 -0.146513 0
    outer loop
      vertex -14.8178 -12.5221 12
      vertex -14.7876 -12.3182 5
      vertex -14.7876 -12.3182 12
    endloop
  endfacet
  facet normal 0.989209 -0.146513 0
    outer loop
      vertex -14.7876 -12.3182 5
      vertex -14.8178 -12.5221 12
      vertex -14.8178 -12.5221 5
    endloop
  endfacet
  facet normal -0.904014 0.427502 0
    outer loop
      vertex -10.8759 -13.7179 5
      vertex -10.7878 -13.5316 12
      vertex -10.7878 -13.5316 5
    endloop
  endfacet
  facet normal -0.904014 0.427502 0
    outer loop
      vertex -10.7878 -13.5316 12
      vertex -10.8759 -13.7179 5
      vertex -10.8759 -13.7179 12
    endloop
  endfacet
  facet normal 0.595877 -0.803076 0
    outer loop
      vertex -14.0601 -11.1046 5
      vertex -13.8946 -10.9818 12
      vertex -14.0601 -11.1046 12
    endloop
  endfacet
  facet normal 0.595877 -0.803076 0
    outer loop
      vertex -13.8946 -10.9818 12
      vertex -14.0601 -11.1046 5
      vertex -13.8946 -10.9818 5
    endloop
  endfacet
  facet normal 0.048994 0.998799 -0
    outer loop
      vertex -12.7279 -14.8279 5
      vertex -12.9338 -14.8178 12
      vertex -12.7279 -14.8279 12
    endloop
  endfacet
  facet normal 0.048994 0.998799 0
    outer loop
      vertex -12.9338 -14.8178 12
      vertex -12.7279 -14.8279 5
      vertex -12.9338 -14.8178 5
    endloop
  endfacet
  facet normal -0.51421 0.857664 0
    outer loop
      vertex -11.5612 -14.474 5
      vertex -11.738 -14.58 12
      vertex -11.5612 -14.474 12
    endloop
  endfacet
  facet normal -0.51421 0.857664 0
    outer loop
      vertex -11.738 -14.58 12
      vertex -11.5612 -14.474 5
      vertex -11.738 -14.58 5
    endloop
  endfacet
  facet normal 0.904014 0.427502 0
    outer loop
      vertex -14.58 -13.7179 6
      vertex -14.6681 -13.5316 5
      vertex -14.6681 -13.5316 6
    endloop
  endfacet
  facet normal 0.904014 0.427502 0
    outer loop
      vertex -14.6681 -13.5316 5
      vertex -14.58 -13.7179 6
      vertex -14.58 -13.7179 5
    endloop
  endfacet
  facet normal 0.671561 -0.740949 0
    outer loop
      vertex -14.2128 -11.243 5
      vertex -14.0601 -11.1046 12
      vertex -14.2128 -11.243 12
    endloop
  endfacet
  facet normal 0.671561 -0.740949 0
    outer loop
      vertex -14.0601 -11.1046 12
      vertex -14.2128 -11.243 5
      vertex -14.0601 -11.1046 5
    endloop
  endfacet
  facet normal -0.513853 -0.857878 0
    outer loop
      vertex -11.738 -10.8759 5
      vertex -11.5612 -10.9818 12
      vertex -11.738 -10.8759 12
    endloop
  endfacet
  facet normal -0.513853 -0.857878 -0
    outer loop
      vertex -11.5612 -10.9818 12
      vertex -11.738 -10.8759 5
      vertex -11.5612 -10.9818 5
    endloop
  endfacet
  facet normal -0.0490178 0.998798 0
    outer loop
      vertex -12.5221 -14.8178 5
      vertex -12.7279 -14.8279 12
      vertex -12.5221 -14.8178 12
    endloop
  endfacet
  facet normal -0.0490178 0.998798 0
    outer loop
      vertex -12.7279 -14.8279 12
      vertex -12.5221 -14.8178 5
      vertex -12.7279 -14.8279 5
    endloop
  endfacet
  facet normal 0.803076 0.595877 0
    outer loop
      vertex -14.3512 -14.0601 6
      vertex -14.474 -13.8946 5
      vertex -14.474 -13.8946 6
    endloop
  endfacet
  facet normal 0.803076 0.595877 0
    outer loop
      vertex -14.474 -13.8946 5
      vertex -14.3512 -14.0601 6
      vertex -14.3512 -14.0601 5
    endloop
  endfacet
  facet normal 0.740949 0.671561 0
    outer loop
      vertex -14.2128 -14.2128 6
      vertex -14.3512 -14.0601 5
      vertex -14.3512 -14.0601 6
    endloop
  endfacet
  facet normal 0.740949 0.671561 0
    outer loop
      vertex -14.3512 -14.0601 5
      vertex -14.2128 -14.2128 6
      vertex -14.2128 -14.2128 5
    endloop
  endfacet
  facet normal -0.595877 -0.803076 0
    outer loop
      vertex -11.5612 -10.9818 5
      vertex -11.3957 -11.1046 12
      vertex -11.5612 -10.9818 12
    endloop
  endfacet
  facet normal -0.595877 -0.803076 -0
    outer loop
      vertex -11.3957 -11.1046 12
      vertex -11.5612 -10.9818 5
      vertex -11.3957 -11.1046 5
    endloop
  endfacet
  facet normal 0.97 0.243106 0
    outer loop
      vertex -14.7375 -13.3375 6
      vertex -14.7876 -13.1376 5
      vertex -14.7876 -13.1376 6
    endloop
  endfacet
  facet normal 0.97 0.243106 0
    outer loop
      vertex -14.7876 -13.1376 5
      vertex -14.7375 -13.3375 6
      vertex -14.7375 -13.3375 5
    endloop
  endfacet
  facet normal -0.146513 0.989209 0
    outer loop
      vertex -12.3182 -14.7876 5
      vertex -12.5221 -14.8178 12
      vertex -12.3182 -14.7876 12
    endloop
  endfacet
  facet normal -0.146513 0.989209 0
    outer loop
      vertex -12.5221 -14.8178 12
      vertex -12.3182 -14.7876 5
      vertex -12.5221 -14.8178 5
    endloop
  endfacet
  facet normal -0.146988 -0.989138 0
    outer loop
      vertex -12.5221 -10.638 5
      vertex -12.3182 -10.6683 12
      vertex -12.5221 -10.638 12
    endloop
  endfacet
  facet normal -0.146988 -0.989138 -0
    outer loop
      vertex -12.3182 -10.6683 12
      vertex -12.5221 -10.638 5
      vertex -12.3182 -10.6683 5
    endloop
  endfacet
  facet normal -0.336828 0.941566 0
    outer loop
      vertex -11.9243 -14.6681 5
      vertex -12.1183 -14.7375 12
      vertex -11.9243 -14.6681 12
    endloop
  endfacet
  facet normal -0.336828 0.941566 0
    outer loop
      vertex -12.1183 -14.7375 12
      vertex -11.9243 -14.6681 5
      vertex -12.1183 -14.7375 5
    endloop
  endfacet
  facet normal 0.941566 -0.336828 0
    outer loop
      vertex -14.7375 -12.1183 12
      vertex -14.6681 -11.9243 5
      vertex -14.6681 -11.9243 12
    endloop
  endfacet
  facet normal 0.941566 -0.336828 0
    outer loop
      vertex -14.6681 -11.9243 5
      vertex -14.7375 -12.1183 12
      vertex -14.7375 -12.1183 5
    endloop
  endfacet
  facet normal 0.998799 0.048994 0
    outer loop
      vertex -14.8178 -12.9338 12
      vertex -14.8279 -12.7279 5
      vertex -14.8279 -12.7279 12
    endloop
  endfacet
  facet normal 0.998799 0.048994 0
    outer loop
      vertex -14.8279 -12.7279 5
      vertex -14.8178 -12.9338 12
      vertex -14.8178 -12.9338 5
    endloop
  endfacet
  facet normal -0.941467 0.337104 0
    outer loop
      vertex -10.7878 -13.5316 5
      vertex -10.7183 -13.3375 12
      vertex -10.7183 -13.3375 5
    endloop
  endfacet
  facet normal -0.941467 0.337104 0
    outer loop
      vertex -10.7183 -13.3375 12
      vertex -10.7878 -13.5316 5
      vertex -10.7878 -13.5316 12
    endloop
  endfacet
  facet normal -0.427502 -0.904014 0
    outer loop
      vertex -11.9243 -10.7878 5
      vertex -11.738 -10.8759 12
      vertex -11.9243 -10.7878 12
    endloop
  endfacet
  facet normal -0.427502 -0.904014 -0
    outer loop
      vertex -11.738 -10.8759 12
      vertex -11.9243 -10.7878 5
      vertex -11.738 -10.8759 5
    endloop
  endfacet
  facet normal 0.427502 -0.904014 0
    outer loop
      vertex -13.7179 -10.8759 5
      vertex -13.5316 -10.7878 12
      vertex -13.7179 -10.8759 12
    endloop
  endfacet
  facet normal 0.427502 -0.904014 0
    outer loop
      vertex -13.5316 -10.7878 12
      vertex -13.7179 -10.8759 5
      vertex -13.5316 -10.7878 5
    endloop
  endfacet
  facet normal 0.514424 0.857536 -0
    outer loop
      vertex -13.7179 -14.58 5
      vertex -13.8946 -14.474 6
      vertex -13.7179 -14.58 6
    endloop
  endfacet
  facet normal 0.514424 0.857536 0
    outer loop
      vertex -13.8946 -14.474 6
      vertex -13.7179 -14.58 5
      vertex -13.8946 -14.474 5
    endloop
  endfacet
  facet normal 0.147059 -0.989128 0
    outer loop
      vertex -13.1376 -10.6683 5
      vertex -12.9338 -10.638 12
      vertex -13.1376 -10.6683 12
    endloop
  endfacet
  facet normal 0.147059 -0.989128 0
    outer loop
      vertex -12.9338 -10.638 12
      vertex -13.1376 -10.6683 5
      vertex -12.9338 -10.638 5
    endloop
  endfacet
  facet normal -0.740949 0.671561 0
    outer loop
      vertex -11.243 -14.2128 5
      vertex -11.1046 -14.0601 12
      vertex -11.1046 -14.0601 5
    endloop
  endfacet
  facet normal -0.740949 0.671561 0
    outer loop
      vertex -11.1046 -14.0601 12
      vertex -11.243 -14.2128 5
      vertex -11.243 -14.2128 12
    endloop
  endfacet
  facet normal 0.24265 -0.970114 0
    outer loop
      vertex -13.3375 -10.7183 5
      vertex -13.1376 -10.6683 12
      vertex -13.3375 -10.7183 12
    endloop
  endfacet
  facet normal 0.24265 -0.970114 0
    outer loop
      vertex -13.1376 -10.6683 12
      vertex -13.3375 -10.7183 5
      vertex -13.1376 -10.6683 5
    endloop
  endfacet
  facet normal 0.904014 -0.427502 0
    outer loop
      vertex -14.6681 -11.9243 12
      vertex -14.58 -11.738 5
      vertex -14.58 -11.738 12
    endloop
  endfacet
  facet normal 0.904014 -0.427502 0
    outer loop
      vertex -14.58 -11.738 5
      vertex -14.6681 -11.9243 12
      vertex -14.6681 -11.9243 5
    endloop
  endfacet
  facet normal 0.989174 0.146746 -0
    outer loop
      vertex -14.7962 -13.0794 6
      vertex -14.8178 -12.9338 12
      vertex -14.7962 -13.0794 12
    endloop
  endfacet
  facet normal 0.989174 0.146746 0
    outer loop
      vertex -14.8178 -12.9338 12
      vertex -14.7962 -13.0794 6
      vertex -14.8178 -12.9338 5
    endloop
  endfacet
  facet normal 0.989258 0.146179 -0
    outer loop
      vertex -14.7876 -13.1376 5
      vertex -14.7962 -13.0794 6
      vertex -14.7876 -13.1376 6
    endloop
  endfacet
  facet normal 0.989198 0.146584 -2.40747e-05
    outer loop
      vertex -14.7962 -13.0794 6
      vertex -14.7876 -13.1376 5
      vertex -14.8178 -12.9338 5
    endloop
  endfacet
  facet normal 0.514067 -0.85775 0
    outer loop
      vertex -13.8946 -10.9818 5
      vertex -13.7179 -10.8759 12
      vertex -13.8946 -10.9818 12
    endloop
  endfacet
  facet normal 0.514067 -0.85775 0
    outer loop
      vertex -13.7179 -10.8759 12
      vertex -13.8946 -10.9818 5
      vertex -13.7179 -10.8759 5
    endloop
  endfacet
  facet normal -0.857878 -0.513853 0
    outer loop
      vertex -10.8759 -11.738 5
      vertex -10.9818 -11.5612 12
      vertex -10.9818 -11.5612 5
    endloop
  endfacet
  facet normal -0.857878 -0.513853 0
    outer loop
      vertex -10.9818 -11.5612 12
      vertex -10.8759 -11.738 5
      vertex -10.8759 -11.738 12
    endloop
  endfacet
  facet normal -0.671561 -0.740949 0
    outer loop
      vertex -11.3957 -11.1046 5
      vertex -11.243 -11.243 12
      vertex -11.3957 -11.1046 12
    endloop
  endfacet
  facet normal -0.671561 -0.740949 -0
    outer loop
      vertex -11.243 -11.243 12
      vertex -11.3957 -11.1046 5
      vertex -11.243 -11.243 5
    endloop
  endfacet
  facet normal 0.048994 -0.998799 0
    outer loop
      vertex -12.9338 -10.638 5
      vertex -12.7279 -10.6279 12
      vertex -12.9338 -10.638 12
    endloop
  endfacet
  facet normal 0.048994 -0.998799 0
    outer loop
      vertex -12.7279 -10.6279 12
      vertex -12.9338 -10.638 5
      vertex -12.7279 -10.6279 5
    endloop
  endfacet
  facet normal -0.998798 -0.0490178 0
    outer loop
      vertex -10.6279 -12.7279 5
      vertex -10.638 -12.5221 12
      vertex -10.638 -12.5221 5
    endloop
  endfacet
  facet normal -0.998798 -0.0490178 0
    outer loop
      vertex -10.638 -12.5221 12
      vertex -10.6279 -12.7279 5
      vertex -10.6279 -12.7279 12
    endloop
  endfacet
  facet normal -0.989138 -0.146988 0
    outer loop
      vertex -10.638 -12.5221 5
      vertex -10.6683 -12.3182 12
      vertex -10.6683 -12.3182 5
    endloop
  endfacet
  facet normal -0.989138 -0.146988 0
    outer loop
      vertex -10.6683 -12.3182 12
      vertex -10.638 -12.5221 5
      vertex -10.638 -12.5221 12
    endloop
  endfacet
  facet normal -0.904014 -0.427502 0
    outer loop
      vertex -10.7878 -11.9243 5
      vertex -10.8759 -11.738 12
      vertex -10.8759 -11.738 5
    endloop
  endfacet
  facet normal -0.904014 -0.427502 0
    outer loop
      vertex -10.8759 -11.738 12
      vertex -10.7878 -11.9243 5
      vertex -10.7878 -11.9243 12
    endloop
  endfacet
  facet normal 0.337104 -0.941467 0
    outer loop
      vertex -13.5316 -10.7878 5
      vertex -13.3375 -10.7183 12
      vertex -13.5316 -10.7878 12
    endloop
  endfacet
  facet normal 0.337104 -0.941467 0
    outer loop
      vertex -13.3375 -10.7183 12
      vertex -13.5316 -10.7878 5
      vertex -13.3375 -10.7183 5
    endloop
  endfacet
  facet normal -0.803076 -0.595877 0
    outer loop
      vertex -10.9818 -11.5612 5
      vertex -11.1046 -11.3957 12
      vertex -11.1046 -11.3957 5
    endloop
  endfacet
  facet normal -0.803076 -0.595877 0
    outer loop
      vertex -11.1046 -11.3957 12
      vertex -10.9818 -11.5612 5
      vertex -10.9818 -11.5612 12
    endloop
  endfacet
  facet normal -0.740949 -0.671561 0
    outer loop
      vertex -11.1046 -11.3957 5
      vertex -11.243 -11.243 12
      vertex -11.243 -11.243 5
    endloop
  endfacet
  facet normal -0.740949 -0.671561 0
    outer loop
      vertex -11.243 -11.243 12
      vertex -11.1046 -11.3957 5
      vertex -11.1046 -11.3957 12
    endloop
  endfacet
  facet normal -0.970114 0.24265 0
    outer loop
      vertex -10.7183 -13.3375 5
      vertex -10.6683 -13.1376 12
      vertex -10.6683 -13.1376 5
    endloop
  endfacet
  facet normal -0.970114 0.24265 0
    outer loop
      vertex -10.6683 -13.1376 12
      vertex -10.7183 -13.3375 5
      vertex -10.7183 -13.3375 12
    endloop
  endfacet
  facet normal -0.941412 -0.337258 0
    outer loop
      vertex -10.7183 -12.1183 5
      vertex -10.7878 -11.9243 12
      vertex -10.7878 -11.9243 5
    endloop
  endfacet
  facet normal -0.941412 -0.337258 0
    outer loop
      vertex -10.7878 -11.9243 12
      vertex -10.7183 -12.1183 5
      vertex -10.7183 -12.1183 12
    endloop
  endfacet
  facet normal -0.427502 0.904014 0
    outer loop
      vertex -11.738 -14.58 5
      vertex -11.9243 -14.6681 12
      vertex -11.738 -14.58 12
    endloop
  endfacet
  facet normal -0.427502 0.904014 0
    outer loop
      vertex -11.9243 -14.6681 12
      vertex -11.738 -14.58 5
      vertex -11.9243 -14.6681 5
    endloop
  endfacet
  facet normal -0.24265 -0.970114 0
    outer loop
      vertex -12.3182 -10.6683 5
      vertex -12.1183 -10.7183 12
      vertex -12.3182 -10.6683 12
    endloop
  endfacet
  facet normal -0.24265 -0.970114 -0
    outer loop
      vertex -12.1183 -10.7183 12
      vertex -12.3182 -10.6683 5
      vertex -12.1183 -10.7183 5
    endloop
  endfacet
  facet normal -0.97 -0.243106 0
    outer loop
      vertex 14.7876 -12.3182 5
      vertex 14.7375 -12.1183 12
      vertex 14.7375 -12.1183 5
    endloop
  endfacet
  facet normal -0.97 -0.243106 0
    outer loop
      vertex 14.7375 -12.1183 12
      vertex 14.7876 -12.3182 5
      vertex 14.7876 -12.3182 12
    endloop
  endfacet
  facet normal -0.336674 0.941621 0
    outer loop
      vertex 13.5316 -14.6681 5
      vertex 13.3375 -14.7375 6
      vertex 13.5316 -14.6681 6
    endloop
  endfacet
  facet normal -0.336674 0.941621 0
    outer loop
      vertex 13.3375 -14.7375 6
      vertex 13.5316 -14.6681 5
      vertex 13.3375 -14.7375 5
    endloop
  endfacet
  facet normal -0.989174 0.146746 0
    outer loop
      vertex 14.8178 -12.9338 5
      vertex 14.7962 -13.0794 6
      vertex 14.8178 -12.9338 12
    endloop
  endfacet
  facet normal -0.989198 0.146584 -2.40747e-05
    outer loop
      vertex 14.7876 -13.1376 5
      vertex 14.7962 -13.0794 6
      vertex 14.8178 -12.9338 5
    endloop
  endfacet
  facet normal -0.989258 0.146179 0
    outer loop
      vertex 14.7962 -13.0794 6
      vertex 14.7876 -13.1376 5
      vertex 14.7876 -13.1376 6
    endloop
  endfacet
  facet normal -0.989174 0.146746 0
    outer loop
      vertex 14.8178 -12.9338 12
      vertex 14.7962 -13.0794 6
      vertex 14.7962 -13.0794 12
    endloop
  endfacet
  facet normal -0.989209 -0.146513 0
    outer loop
      vertex 14.8178 -12.5221 5
      vertex 14.7876 -12.3182 12
      vertex 14.7876 -12.3182 5
    endloop
  endfacet
  facet normal -0.989209 -0.146513 0
    outer loop
      vertex 14.7876 -12.3182 12
      vertex 14.8178 -12.5221 5
      vertex 14.8178 -12.5221 12
    endloop
  endfacet
  facet normal -0.740949 -0.671561 0
    outer loop
      vertex 14.3512 -11.3957 5
      vertex 14.2128 -11.243 12
      vertex 14.2128 -11.243 5
    endloop
  endfacet
  facet normal -0.740949 -0.671561 0
    outer loop
      vertex 14.2128 -11.243 12
      vertex 14.3512 -11.3957 5
      vertex 14.3512 -11.3957 12
    endloop
  endfacet
  facet normal -0.904014 0.427502 0
    outer loop
      vertex 14.58 -13.7179 5
      vertex 14.6681 -13.5316 6
      vertex 14.6681 -13.5316 5
    endloop
  endfacet
  facet normal -0.904014 0.427502 0
    outer loop
      vertex 14.6681 -13.5316 6
      vertex 14.58 -13.7179 5
      vertex 14.58 -13.7179 6
    endloop
  endfacet
  facet normal 0.595877 0.803076 -0
    outer loop
      vertex 11.5612 -14.474 5
      vertex 11.3957 -14.3512 12
      vertex 11.5612 -14.474 12
    endloop
  endfacet
  facet normal 0.595877 0.803076 0
    outer loop
      vertex 11.3957 -14.3512 12
      vertex 11.5612 -14.474 5
      vertex 11.3957 -14.3512 5
    endloop
  endfacet
  facet normal -0.740949 0.671561 0
    outer loop
      vertex 14.2128 -14.2128 5
      vertex 14.3512 -14.0601 6
      vertex 14.3512 -14.0601 5
    endloop
  endfacet
  facet normal -0.740949 0.671561 0
    outer loop
      vertex 14.3512 -14.0601 6
      vertex 14.2128 -14.2128 5
      vertex 14.2128 -14.2128 6
    endloop
  endfacet
  facet normal 0.671561 0.740949 -0
    outer loop
      vertex 11.3957 -14.3512 5
      vertex 11.243 -14.2128 12
      vertex 11.3957 -14.3512 12
    endloop
  endfacet
  facet normal 0.671561 0.740949 0
    outer loop
      vertex 11.243 -14.2128 12
      vertex 11.3957 -14.3512 5
      vertex 11.243 -14.2128 5
    endloop
  endfacet
  facet normal 0.24265 -0.970114 0
    outer loop
      vertex 12.1183 -10.7183 5
      vertex 12.3182 -10.6683 12
      vertex 12.1183 -10.7183 12
    endloop
  endfacet
  facet normal 0.24265 -0.970114 0
    outer loop
      vertex 12.3182 -10.6683 12
      vertex 12.1183 -10.7183 5
      vertex 12.3182 -10.6683 5
    endloop
  endfacet
  facet normal -0.803076 -0.595877 0
    outer loop
      vertex 14.474 -11.5612 5
      vertex 14.3512 -11.3957 12
      vertex 14.3512 -11.3957 5
    endloop
  endfacet
  facet normal -0.803076 -0.595877 0
    outer loop
      vertex 14.3512 -11.3957 12
      vertex 14.474 -11.5612 5
      vertex 14.474 -11.5612 12
    endloop
  endfacet
  facet normal -0.595877 -0.803076 0
    outer loop
      vertex 13.8946 -10.9818 5
      vertex 14.0601 -11.1046 12
      vertex 13.8946 -10.9818 12
    endloop
  endfacet
  facet normal -0.595877 -0.803076 -0
    outer loop
      vertex 14.0601 -11.1046 12
      vertex 13.8946 -10.9818 5
      vertex 14.0601 -11.1046 5
    endloop
  endfacet
  facet normal -0.514067 -0.85775 0
    outer loop
      vertex 13.7179 -10.8759 5
      vertex 13.8946 -10.9818 12
      vertex 13.7179 -10.8759 12
    endloop
  endfacet
  facet normal -0.514067 -0.85775 -0
    outer loop
      vertex 13.8946 -10.9818 12
      vertex 13.7179 -10.8759 5
      vertex 13.8946 -10.9818 5
    endloop
  endfacet
  facet normal -0.803076 0.595877 0
    outer loop
      vertex 14.3512 -14.0601 5
      vertex 14.474 -13.8946 6
      vertex 14.474 -13.8946 5
    endloop
  endfacet
  facet normal -0.803076 0.595877 0
    outer loop
      vertex 14.474 -13.8946 6
      vertex 14.3512 -14.0601 5
      vertex 14.3512 -14.0601 6
    endloop
  endfacet
  facet normal -0.97 0.243106 0
    outer loop
      vertex 14.7375 -13.3375 5
      vertex 14.7876 -13.1376 6
      vertex 14.7876 -13.1376 5
    endloop
  endfacet
  facet normal -0.97 0.243106 0
    outer loop
      vertex 14.7876 -13.1376 6
      vertex 14.7375 -13.3375 5
      vertex 14.7375 -13.3375 6
    endloop
  endfacet
  facet normal 0.998798 -0.0490178 0
    outer loop
      vertex 10.6279 -12.7279 12
      vertex 10.638 -12.5221 5
      vertex 10.638 -12.5221 12
    endloop
  endfacet
  facet normal 0.998798 -0.0490178 0
    outer loop
      vertex 10.638 -12.5221 5
      vertex 10.6279 -12.7279 12
      vertex 10.6279 -12.7279 5
    endloop
  endfacet
  facet normal -0.941621 0.336674 0
    outer loop
      vertex 14.6681 -13.5316 5
      vertex 14.7375 -13.3375 6
      vertex 14.7375 -13.3375 5
    endloop
  endfacet
  facet normal -0.941621 0.336674 0
    outer loop
      vertex 14.7375 -13.3375 6
      vertex 14.6681 -13.5316 5
      vertex 14.6681 -13.5316 6
    endloop
  endfacet
  facet normal 0.941412 -0.337258 0
    outer loop
      vertex 10.7183 -12.1183 12
      vertex 10.7878 -11.9243 5
      vertex 10.7878 -11.9243 12
    endloop
  endfacet
  facet normal 0.941412 -0.337258 0
    outer loop
      vertex 10.7878 -11.9243 5
      vertex 10.7183 -12.1183 12
      vertex 10.7183 -12.1183 5
    endloop
  endfacet
  facet normal 0.998799 0.048994 0
    outer loop
      vertex 10.638 -12.9338 12
      vertex 10.6279 -12.7279 5
      vertex 10.6279 -12.7279 12
    endloop
  endfacet
  facet normal 0.998799 0.048994 0
    outer loop
      vertex 10.6279 -12.7279 5
      vertex 10.638 -12.9338 12
      vertex 10.638 -12.9338 5
    endloop
  endfacet
  facet normal 0.970114 0.24265 0
    outer loop
      vertex 10.7183 -13.3375 12
      vertex 10.6683 -13.1376 5
      vertex 10.6683 -13.1376 12
    endloop
  endfacet
  facet normal 0.970114 0.24265 0
    outer loop
      vertex 10.6683 -13.1376 5
      vertex 10.7183 -13.3375 12
      vertex 10.7183 -13.3375 5
    endloop
  endfacet
  facet normal 0.243106 0.97 -0
    outer loop
      vertex 12.3182 -14.7876 5
      vertex 12.1183 -14.7375 12
      vertex 12.3182 -14.7876 12
    endloop
  endfacet
  facet normal 0.243106 0.97 0
    outer loop
      vertex 12.1183 -14.7375 12
      vertex 12.3182 -14.7876 5
      vertex 12.1183 -14.7375 5
    endloop
  endfacet
  facet normal -0.147059 -0.989128 0
    outer loop
      vertex 12.9338 -10.638 5
      vertex 13.1376 -10.6683 12
      vertex 12.9338 -10.638 12
    endloop
  endfacet
  facet normal -0.147059 -0.989128 -0
    outer loop
      vertex 13.1376 -10.6683 12
      vertex 12.9338 -10.638 5
      vertex 13.1376 -10.6683 5
    endloop
  endfacet
  facet normal -0.514424 0.857536 0
    outer loop
      vertex 13.8946 -14.474 5
      vertex 13.7179 -14.58 6
      vertex 13.8946 -14.474 6
    endloop
  endfacet
  facet normal -0.514424 0.857536 0
    outer loop
      vertex 13.7179 -14.58 6
      vertex 13.8946 -14.474 5
      vertex 13.7179 -14.58 5
    endloop
  endfacet
  facet normal 0.146513 0.989209 -0
    outer loop
      vertex 12.5221 -14.8178 5
      vertex 12.3182 -14.7876 12
      vertex 12.5221 -14.8178 12
    endloop
  endfacet
  facet normal 0.146513 0.989209 0
    outer loop
      vertex 12.3182 -14.7876 12
      vertex 12.5221 -14.8178 5
      vertex 12.3182 -14.7876 5
    endloop
  endfacet
  facet normal -0.427502 -0.904014 0
    outer loop
      vertex 13.5316 -10.7878 5
      vertex 13.7179 -10.8759 12
      vertex 13.5316 -10.7878 12
    endloop
  endfacet
  facet normal -0.427502 -0.904014 -0
    outer loop
      vertex 13.7179 -10.8759 12
      vertex 13.5316 -10.7878 5
      vertex 13.7179 -10.8759 5
    endloop
  endfacet
  facet normal -0.998799 0.048994 0
    outer loop
      vertex 14.8178 -12.9338 5
      vertex 14.8279 -12.7279 12
      vertex 14.8279 -12.7279 5
    endloop
  endfacet
  facet normal -0.998799 0.048994 0
    outer loop
      vertex 14.8279 -12.7279 12
      vertex 14.8178 -12.9338 5
      vertex 14.8178 -12.9338 12
    endloop
  endfacet
  facet normal -0.427502 0.904014 0
    outer loop
      vertex 13.7179 -14.58 5
      vertex 13.5316 -14.6681 6
      vertex 13.7179 -14.58 6
    endloop
  endfacet
  facet normal -0.427502 0.904014 0
    outer loop
      vertex 13.5316 -14.6681 6
      vertex 13.7179 -14.58 5
      vertex 13.5316 -14.6681 5
    endloop
  endfacet
  facet normal 0.740949 0.671561 0
    outer loop
      vertex 11.243 -14.2128 12
      vertex 11.1046 -14.0601 5
      vertex 11.1046 -14.0601 12
    endloop
  endfacet
  facet normal 0.740949 0.671561 0
    outer loop
      vertex 11.1046 -14.0601 5
      vertex 11.243 -14.2128 12
      vertex 11.243 -14.2128 5
    endloop
  endfacet
  facet normal 0.857878 -0.513853 0
    outer loop
      vertex 10.8759 -11.738 12
      vertex 10.9818 -11.5612 5
      vertex 10.9818 -11.5612 12
    endloop
  endfacet
  facet normal 0.857878 -0.513853 0
    outer loop
      vertex 10.9818 -11.5612 5
      vertex 10.8759 -11.738 12
      vertex 10.8759 -11.738 5
    endloop
  endfacet
  facet normal -0.048994 -0.998799 0
    outer loop
      vertex 12.7279 -10.6279 5
      vertex 12.9338 -10.638 12
      vertex 12.7279 -10.6279 12
    endloop
  endfacet
  facet normal -0.048994 -0.998799 -0
    outer loop
      vertex 12.9338 -10.638 12
      vertex 12.7279 -10.6279 5
      vertex 12.9338 -10.638 5
    endloop
  endfacet
  facet normal -0.998798 -0.0490178 0
    outer loop
      vertex 14.8279 -12.7279 5
      vertex 14.8178 -12.5221 12
      vertex 14.8178 -12.5221 5
    endloop
  endfacet
  facet normal -0.998798 -0.0490178 0
    outer loop
      vertex 14.8178 -12.5221 12
      vertex 14.8279 -12.7279 5
      vertex 14.8279 -12.7279 12
    endloop
  endfacet
  facet normal -0.904014 -0.427502 0
    outer loop
      vertex 14.6681 -11.9243 5
      vertex 14.58 -11.738 12
      vertex 14.58 -11.738 5
    endloop
  endfacet
  facet normal -0.904014 -0.427502 0
    outer loop
      vertex 14.58 -11.738 12
      vertex 14.6681 -11.9243 5
      vertex 14.6681 -11.9243 12
    endloop
  endfacet
  facet normal 0.904014 0.427502 0
    outer loop
      vertex 10.8759 -13.7179 12
      vertex 10.7878 -13.5316 5
      vertex 10.7878 -13.5316 12
    endloop
  endfacet
  facet normal 0.904014 0.427502 0
    outer loop
      vertex 10.7878 -13.5316 5
      vertex 10.8759 -13.7179 12
      vertex 10.8759 -13.7179 5
    endloop
  endfacet
  facet normal -0.595877 0.803076 0
    outer loop
      vertex 14.0601 -14.3512 5
      vertex 13.8946 -14.474 6
      vertex 14.0601 -14.3512 6
    endloop
  endfacet
  facet normal -0.595877 0.803076 0
    outer loop
      vertex 13.8946 -14.474 6
      vertex 14.0601 -14.3512 5
      vertex 13.8946 -14.474 5
    endloop
  endfacet
  facet normal -0.671561 0.740949 0
    outer loop
      vertex 14.2128 -14.2128 5
      vertex 14.0601 -14.3512 6
      vertex 14.2128 -14.2128 6
    endloop
  endfacet
  facet normal -0.671561 0.740949 0
    outer loop
      vertex 14.0601 -14.3512 6
      vertex 14.2128 -14.2128 5
      vertex 14.0601 -14.3512 5
    endloop
  endfacet
  facet normal 0.803076 -0.595877 0
    outer loop
      vertex 10.9818 -11.5612 12
      vertex 11.1046 -11.3957 5
      vertex 11.1046 -11.3957 12
    endloop
  endfacet
  facet normal 0.803076 -0.595877 0
    outer loop
      vertex 11.1046 -11.3957 5
      vertex 10.9818 -11.5612 12
      vertex 10.9818 -11.5612 5
    endloop
  endfacet
  facet normal 0.0490178 0.998798 -0
    outer loop
      vertex 12.7279 -14.8279 5
      vertex 12.5221 -14.8178 12
      vertex 12.7279 -14.8279 12
    endloop
  endfacet
  facet normal 0.0490178 0.998798 0
    outer loop
      vertex 12.5221 -14.8178 12
      vertex 12.7279 -14.8279 5
      vertex 12.5221 -14.8178 5
    endloop
  endfacet
  facet normal -0.243106 0.97 0
    outer loop
      vertex 13.3375 -14.7375 5
      vertex 13.1376 -14.7876 6
      vertex 13.3375 -14.7375 6
    endloop
  endfacet
  facet normal -0.243106 0.97 0
    outer loop
      vertex 13.1376 -14.7876 6
      vertex 13.3375 -14.7375 5
      vertex 13.1376 -14.7876 5
    endloop
  endfacet
  facet normal -0.337104 -0.941467 0
    outer loop
      vertex 13.3375 -10.7183 5
      vertex 13.5316 -10.7878 12
      vertex 13.3375 -10.7183 12
    endloop
  endfacet
  facet normal -0.337104 -0.941467 -0
    outer loop
      vertex 13.5316 -10.7878 12
      vertex 13.3375 -10.7183 5
      vertex 13.5316 -10.7878 5
    endloop
  endfacet
  facet normal 0.989138 -0.146988 0
    outer loop
      vertex 10.638 -12.5221 12
      vertex 10.6683 -12.3182 5
      vertex 10.6683 -12.3182 12
    endloop
  endfacet
  facet normal 0.989138 -0.146988 0
    outer loop
      vertex 10.6683 -12.3182 5
      vertex 10.638 -12.5221 12
      vertex 10.638 -12.5221 5
    endloop
  endfacet
  facet normal -0.941566 -0.336828 0
    outer loop
      vertex 14.7375 -12.1183 5
      vertex 14.6681 -11.9243 12
      vertex 14.6681 -11.9243 5
    endloop
  endfacet
  facet normal -0.941566 -0.336828 0
    outer loop
      vertex 14.6681 -11.9243 12
      vertex 14.7375 -12.1183 5
      vertex 14.7375 -12.1183 12
    endloop
  endfacet
  facet normal 0.336828 0.941566 -0
    outer loop
      vertex 12.1183 -14.7375 5
      vertex 11.9243 -14.6681 12
      vertex 12.1183 -14.7375 12
    endloop
  endfacet
  facet normal 0.336828 0.941566 0
    outer loop
      vertex 11.9243 -14.6681 12
      vertex 12.1183 -14.7375 5
      vertex 11.9243 -14.6681 5
    endloop
  endfacet
  facet normal -0.048994 0.998799 0
    outer loop
      vertex 12.9338 -14.8178 5
      vertex 12.7279 -14.8279 12
      vertex 12.9338 -14.8178 12
    endloop
  endfacet
  facet normal -0.048994 0.998799 0
    outer loop
      vertex 12.7279 -14.8279 12
      vertex 12.9338 -14.8178 5
      vertex 12.7279 -14.8279 5
    endloop
  endfacet
  facet normal 0.904014 -0.427502 0
    outer loop
      vertex 10.7878 -11.9243 12
      vertex 10.8759 -11.738 5
      vertex 10.8759 -11.738 12
    endloop
  endfacet
  facet normal 0.904014 -0.427502 0
    outer loop
      vertex 10.8759 -11.738 5
      vertex 10.7878 -11.9243 12
      vertex 10.7878 -11.9243 5
    endloop
  endfacet
  facet normal -0.857536 0.514424 0
    outer loop
      vertex 14.474 -13.8946 5
      vertex 14.58 -13.7179 6
      vertex 14.58 -13.7179 5
    endloop
  endfacet
  facet normal -0.857536 0.514424 0
    outer loop
      vertex 14.58 -13.7179 6
      vertex 14.474 -13.8946 5
      vertex 14.474 -13.8946 6
    endloop
  endfacet
  facet normal -0.671561 -0.740949 0
    outer loop
      vertex 14.0601 -11.1046 5
      vertex 14.2128 -11.243 12
      vertex 14.0601 -11.1046 12
    endloop
  endfacet
  facet normal -0.671561 -0.740949 -0
    outer loop
      vertex 14.2128 -11.243 12
      vertex 14.0601 -11.1046 5
      vertex 14.2128 -11.243 5
    endloop
  endfacet
  facet normal 0.989128 0.147059 0
    outer loop
      vertex 10.6683 -13.1376 12
      vertex 10.638 -12.9338 5
      vertex 10.638 -12.9338 12
    endloop
  endfacet
  facet normal 0.989128 0.147059 0
    outer loop
      vertex 10.638 -12.9338 5
      vertex 10.6683 -13.1376 12
      vertex 10.6683 -13.1376 5
    endloop
  endfacet
  facet normal 0.427502 0.904014 -0
    outer loop
      vertex 11.9243 -14.6681 5
      vertex 11.738 -14.58 12
      vertex 11.9243 -14.6681 12
    endloop
  endfacet
  facet normal 0.427502 0.904014 0
    outer loop
      vertex 11.738 -14.58 12
      vertex 11.9243 -14.6681 5
      vertex 11.738 -14.58 5
    endloop
  endfacet
  facet normal -0.146179 0.989258 0
    outer loop
      vertex 13.1376 -14.7876 6
      vertex 13.1376 -14.7876 5
      vertex 13.0794 -14.7962 6
    endloop
  endfacet
  facet normal -0.146746 0.989174 0
    outer loop
      vertex 13.0794 -14.7962 6
      vertex 12.9338 -14.8178 12
      vertex 13.0794 -14.7962 12
    endloop
  endfacet
  facet normal -0.146746 0.989174 0
    outer loop
      vertex 13.0794 -14.7962 6
      vertex 12.9338 -14.8178 5
      vertex 12.9338 -14.8178 12
    endloop
  endfacet
  facet normal -0.146584 0.989198 -2.40747e-05
    outer loop
      vertex 12.9338 -14.8178 5
      vertex 13.0794 -14.7962 6
      vertex 13.1376 -14.7876 5
    endloop
  endfacet
  facet normal 0.51421 0.857664 -0
    outer loop
      vertex 11.738 -14.58 5
      vertex 11.5612 -14.474 12
      vertex 11.738 -14.58 12
    endloop
  endfacet
  facet normal 0.51421 0.857664 0
    outer loop
      vertex 11.5612 -14.474 12
      vertex 11.738 -14.58 5
      vertex 11.5612 -14.474 5
    endloop
  endfacet
  facet normal 0.85775 0.514067 0
    outer loop
      vertex 10.9818 -13.8946 12
      vertex 10.8759 -13.7179 5
      vertex 10.8759 -13.7179 12
    endloop
  endfacet
  facet normal 0.85775 0.514067 0
    outer loop
      vertex 10.8759 -13.7179 5
      vertex 10.9818 -13.8946 12
      vertex 10.9818 -13.8946 5
    endloop
  endfacet
  facet normal 0.513853 -0.857878 0
    outer loop
      vertex 11.5612 -10.9818 5
      vertex 11.738 -10.8759 12
      vertex 11.5612 -10.9818 12
    endloop
  endfacet
  facet normal 0.513853 -0.857878 0
    outer loop
      vertex 11.738 -10.8759 12
      vertex 11.5612 -10.9818 5
      vertex 11.738 -10.8759 5
    endloop
  endfacet
  facet normal 0.740949 -0.671561 0
    outer loop
      vertex 11.1046 -11.3957 12
      vertex 11.243 -11.243 5
      vertex 11.243 -11.243 12
    endloop
  endfacet
  facet normal 0.740949 -0.671561 0
    outer loop
      vertex 11.243 -11.243 5
      vertex 11.1046 -11.3957 12
      vertex 11.1046 -11.3957 5
    endloop
  endfacet
  facet normal 0.0490178 -0.998798 0
    outer loop
      vertex 12.5221 -10.638 5
      vertex 12.7279 -10.6279 12
      vertex 12.5221 -10.638 12
    endloop
  endfacet
  facet normal 0.0490178 -0.998798 0
    outer loop
      vertex 12.7279 -10.6279 12
      vertex 12.5221 -10.638 5
      vertex 12.7279 -10.6279 5
    endloop
  endfacet
  facet normal -0.857664 -0.51421 0
    outer loop
      vertex 14.58 -11.738 5
      vertex 14.474 -11.5612 12
      vertex 14.474 -11.5612 5
    endloop
  endfacet
  facet normal -0.857664 -0.51421 0
    outer loop
      vertex 14.474 -11.5612 12
      vertex 14.58 -11.738 5
      vertex 14.58 -11.738 12
    endloop
  endfacet
  facet normal 0.146988 -0.989138 0
    outer loop
      vertex 12.3182 -10.6683 5
      vertex 12.5221 -10.638 12
      vertex 12.3182 -10.6683 12
    endloop
  endfacet
  facet normal 0.146988 -0.989138 0
    outer loop
      vertex 12.5221 -10.638 12
      vertex 12.3182 -10.6683 5
      vertex 12.5221 -10.638 5
    endloop
  endfacet
  facet normal 0.427502 -0.904014 0
    outer loop
      vertex 11.738 -10.8759 5
      vertex 11.9243 -10.7878 12
      vertex 11.738 -10.8759 12
    endloop
  endfacet
  facet normal 0.427502 -0.904014 0
    outer loop
      vertex 11.9243 -10.7878 12
      vertex 11.738 -10.8759 5
      vertex 11.9243 -10.7878 5
    endloop
  endfacet
  facet normal 0.941467 0.337104 0
    outer loop
      vertex 10.7878 -13.5316 12
      vertex 10.7183 -13.3375 5
      vertex 10.7183 -13.3375 12
    endloop
  endfacet
  facet normal 0.941467 0.337104 0
    outer loop
      vertex 10.7183 -13.3375 5
      vertex 10.7878 -13.5316 12
      vertex 10.7878 -13.5316 5
    endloop
  endfacet
  facet normal 0.595877 -0.803076 0
    outer loop
      vertex 11.3957 -11.1046 5
      vertex 11.5612 -10.9818 12
      vertex 11.3957 -11.1046 12
    endloop
  endfacet
  facet normal 0.595877 -0.803076 0
    outer loop
      vertex 11.5612 -10.9818 12
      vertex 11.3957 -11.1046 5
      vertex 11.5612 -10.9818 5
    endloop
  endfacet
  facet normal 0.671561 -0.740949 0
    outer loop
      vertex 11.243 -11.243 5
      vertex 11.3957 -11.1046 12
      vertex 11.243 -11.243 12
    endloop
  endfacet
  facet normal 0.671561 -0.740949 0
    outer loop
      vertex 11.3957 -11.1046 12
      vertex 11.243 -11.243 5
      vertex 11.3957 -11.1046 5
    endloop
  endfacet
  facet normal 0.803076 0.595877 0
    outer loop
      vertex 11.1046 -14.0601 12
      vertex 10.9818 -13.8946 5
      vertex 10.9818 -13.8946 12
    endloop
  endfacet
  facet normal 0.803076 0.595877 0
    outer loop
      vertex 10.9818 -13.8946 5
      vertex 11.1046 -14.0601 12
      vertex 11.1046 -14.0601 5
    endloop
  endfacet
  facet normal -0.24265 -0.970114 0
    outer loop
      vertex 13.1376 -10.6683 5
      vertex 13.3375 -10.7183 12
      vertex 13.1376 -10.6683 12
    endloop
  endfacet
  facet normal -0.24265 -0.970114 -0
    outer loop
      vertex 13.3375 -10.7183 12
      vertex 13.1376 -10.6683 5
      vertex 13.3375 -10.7183 5
    endloop
  endfacet
  facet normal 0.337258 -0.941412 0
    outer loop
      vertex 11.9243 -10.7878 5
      vertex 12.1183 -10.7183 12
      vertex 11.9243 -10.7878 12
    endloop
  endfacet
  facet normal 0.337258 -0.941412 0
    outer loop
      vertex 12.1183 -10.7183 12
      vertex 11.9243 -10.7878 5
      vertex 12.1183 -10.7183 5
    endloop
  endfacet
  facet normal 0 0 1
    outer loop
      vertex 14.8178 -12.5221 5
      vertex 14.8178 -12.9338 5
      vertex 14.8279 -12.7279 5
    endloop
  endfacet
  facet normal 0 0 1
    outer loop
      vertex 14.7876 -12.3182 5
      vertex 14.8178 -12.9338 5
      vertex 14.8178 -12.5221 5
    endloop
  endfacet
  facet normal 0 0 1
    outer loop
      vertex 14.7876 -12.3182 5
      vertex 14.7876 -13.1376 5
      vertex 14.8178 -12.9338 5
    endloop
  endfacet
  facet normal 0 0 1
    outer loop
      vertex 14.7375 -12.1183 5
      vertex 14.7876 -13.1376 5
      vertex 14.7876 -12.3182 5
    endloop
  endfacet
  facet normal 0 0 1
    outer loop
      vertex 14.7375 -12.1183 5
      vertex 14.7375 -13.3375 5
      vertex 14.7876 -13.1376 5
    endloop
  endfacet
  facet normal 0 0 1
    outer loop
      vertex 14.6681 -11.9243 5
      vertex 14.7375 -13.3375 5
      vertex 14.7375 -12.1183 5
    endloop
  endfacet
  facet normal 0 0 1
    outer loop
      vertex 14.6681 -11.9243 5
      vertex 14.6681 -13.5316 5
      vertex 14.7375 -13.3375 5
    endloop
  endfacet
  facet normal 0 0 1
    outer loop
      vertex 14.58 -11.738 5
      vertex 14.6681 -13.5316 5
      vertex 14.6681 -11.9243 5
    endloop
  endfacet
  facet normal 0 0 1
    outer loop
      vertex 14.58 -11.738 5
      vertex 14.58 -13.7179 5
      vertex 14.6681 -13.5316 5
    endloop
  endfacet
  facet normal 0 0 1
    outer loop
      vertex 14.474 -11.5612 5
      vertex 14.58 -13.7179 5
      vertex 14.58 -11.738 5
    endloop
  endfacet
  facet normal 0 0 1
    outer loop
      vertex 14.474 -11.5612 5
      vertex 14.474 -13.8946 5
      vertex 14.58 -13.7179 5
    endloop
  endfacet
  facet normal 0 0 1
    outer loop
      vertex 14.3512 -11.3957 5
      vertex 14.474 -13.8946 5
      vertex 14.474 -11.5612 5
    endloop
  endfacet
  facet normal 0 0 1
    outer loop
      vertex 14.3512 -11.3957 5
      vertex 14.3512 -14.0601 5
      vertex 14.474 -13.8946 5
    endloop
  endfacet
  facet normal 0 0 1
    outer loop
      vertex 14.2128 -11.243 5
      vertex 14.3512 -14.0601 5
      vertex 14.3512 -11.3957 5
    endloop
  endfacet
  facet normal 0 0 1
    outer loop
      vertex 14.2128 -11.243 5
      vertex 14.2128 -14.2128 5
      vertex 14.3512 -14.0601 5
    endloop
  endfacet
  facet normal 0 0 1
    outer loop
      vertex 14.0601 -11.1046 5
      vertex 14.2128 -14.2128 5
      vertex 14.2128 -11.243 5
    endloop
  endfacet
  facet normal 0 0 1
    outer loop
      vertex 14.0601 -11.1046 5
      vertex 14.0601 -14.3512 5
      vertex 14.2128 -14.2128 5
    endloop
  endfacet
  facet normal 0 0 1
    outer loop
      vertex 13.8946 -10.9818 5
      vertex 14.0601 -14.3512 5
      vertex 14.0601 -11.1046 5
    endloop
  endfacet
  facet normal 0 0 1
    outer loop
      vertex 13.8946 -10.9818 5
      vertex 13.8946 -14.474 5
      vertex 14.0601 -14.3512 5
    endloop
  endfacet
  facet normal 0 0 1
    outer loop
      vertex 13.7179 -10.8759 5
      vertex 13.8946 -14.474 5
      vertex 13.8946 -10.9818 5
    endloop
  endfacet
  facet normal 0 0 1
    outer loop
      vertex 13.7179 -10.8759 5
      vertex 13.7179 -14.58 5
      vertex 13.8946 -14.474 5
    endloop
  endfacet
  facet normal 0 0 1
    outer loop
      vertex 13.5316 -10.7878 5
      vertex 13.7179 -14.58 5
      vertex 13.7179 -10.8759 5
    endloop
  endfacet
  facet normal 0 0 1
    outer loop
      vertex 13.5316 -10.7878 5
      vertex 13.5316 -14.6681 5
      vertex 13.7179 -14.58 5
    endloop
  endfacet
  facet normal 0 0 1
    outer loop
      vertex 13.3375 -10.7183 5
      vertex 13.5316 -14.6681 5
      vertex 13.5316 -10.7878 5
    endloop
  endfacet
  facet normal 0 0 1
    outer loop
      vertex 13.3375 -10.7183 5
      vertex 13.3375 -14.7375 5
      vertex 13.5316 -14.6681 5
    endloop
  endfacet
  facet normal 0 0 1
    outer loop
      vertex 13.1376 -10.6683 5
      vertex 13.3375 -14.7375 5
      vertex 13.3375 -10.7183 5
    endloop
  endfacet
  facet normal 0 0 1
    outer loop
      vertex 13.1376 -10.6683 5
      vertex 13.1376 -14.7876 5
      vertex 13.3375 -14.7375 5
    endloop
  endfacet
  facet normal 0 0 1
    outer loop
      vertex 12.9338 -10.638 5
      vertex 13.1376 -14.7876 5
      vertex 13.1376 -10.6683 5
    endloop
  endfacet
  facet normal 0 0 1
    outer loop
      vertex 12.9338 -10.638 5
      vertex 12.9338 -14.8178 5
      vertex 13.1376 -14.7876 5
    endloop
  endfacet
  facet normal 0 0 1
    outer loop
      vertex 12.7279 -10.6279 5
      vertex 12.9338 -14.8178 5
      vertex 12.9338 -10.638 5
    endloop
  endfacet
  facet normal 0 0 1
    outer loop
      vertex 12.7279 -10.6279 5
      vertex 12.7279 -14.8279 5
      vertex 12.9338 -14.8178 5
    endloop
  endfacet
  facet normal -0 0 1
    outer loop
      vertex 12.5221 -10.638 5
      vertex 12.7279 -14.8279 5
      vertex 12.7279 -10.6279 5
    endloop
  endfacet
  facet normal 0 0 1
    outer loop
      vertex 12.5221 -10.638 5
      vertex 12.5221 -14.8178 5
      vertex 12.7279 -14.8279 5
    endloop
  endfacet
  facet normal -0 0 1
    outer loop
      vertex 12.3182 -10.6683 5
      vertex 12.5221 -14.8178 5
      vertex 12.5221 -10.638 5
    endloop
  endfacet
  facet normal 0 0 1
    outer loop
      vertex 12.3182 -10.6683 5
      vertex 12.3182 -14.7876 5
      vertex 12.5221 -14.8178 5
    endloop
  endfacet
  facet normal -0 0 1
    outer loop
      vertex 12.1183 -10.7183 5
      vertex 12.3182 -14.7876 5
      vertex 12.3182 -10.6683 5
    endloop
  endfacet
  facet normal 0 0 1
    outer loop
      vertex 12.1183 -10.7183 5
      vertex 12.1183 -14.7375 5
      vertex 12.3182 -14.7876 5
    endloop
  endfacet
  facet normal -0 0 1
    outer loop
      vertex 11.9243 -10.7878 5
      vertex 12.1183 -14.7375 5
      vertex 12.1183 -10.7183 5
    endloop
  endfacet
  facet normal 0 0 1
    outer loop
      vertex 11.9243 -10.7878 5
      vertex 11.9243 -14.6681 5
      vertex 12.1183 -14.7375 5
    endloop
  endfacet
  facet normal -0 0 1
    outer loop
      vertex 11.738 -10.8759 5
      vertex 11.9243 -14.6681 5
      vertex 11.9243 -10.7878 5
    endloop
  endfacet
  facet normal 0 0 1
    outer loop
      vertex 11.738 -10.8759 5
      vertex 11.738 -14.58 5
      vertex 11.9243 -14.6681 5
    endloop
  endfacet
  facet normal -0 0 1
    outer loop
      vertex 11.5612 -10.9818 5
      vertex 11.738 -14.58 5
      vertex 11.738 -10.8759 5
    endloop
  endfacet
  facet normal 0 0 1
    outer loop
      vertex 11.5612 -10.9818 5
      vertex 11.5612 -14.474 5
      vertex 11.738 -14.58 5
    endloop
  endfacet
  facet normal -0 0 1
    outer loop
      vertex 11.3957 -11.1046 5
      vertex 11.5612 -14.474 5
      vertex 11.5612 -10.9818 5
    endloop
  endfacet
  facet normal 0 0 1
    outer loop
      vertex 11.3957 -11.1046 5
      vertex 11.3957 -14.3512 5
      vertex 11.5612 -14.474 5
    endloop
  endfacet
  facet normal -0 0 1
    outer loop
      vertex 11.243 -11.243 5
      vertex 11.3957 -14.3512 5
      vertex 11.3957 -11.1046 5
    endloop
  endfacet
  facet normal 0 0 1
    outer loop
      vertex 11.243 -11.243 5
      vertex 11.243 -14.2128 5
      vertex 11.3957 -14.3512 5
    endloop
  endfacet
  facet normal -0 0 1
    outer loop
      vertex 11.1046 -11.3957 5
      vertex 11.243 -14.2128 5
      vertex 11.243 -11.243 5
    endloop
  endfacet
  facet normal 0 0 1
    outer loop
      vertex 11.1046 -11.3957 5
      vertex 11.1046 -14.0601 5
      vertex 11.243 -14.2128 5
    endloop
  endfacet
  facet normal -0 0 1
    outer loop
      vertex 10.9818 -11.5612 5
      vertex 11.1046 -14.0601 5
      vertex 11.1046 -11.3957 5
    endloop
  endfacet
  facet normal 0 0 1
    outer loop
      vertex 10.9818 -11.5612 5
      vertex 10.9818 -13.8946 5
      vertex 11.1046 -14.0601 5
    endloop
  endfacet
  facet normal -0 0 1
    outer loop
      vertex 10.8759 -11.738 5
      vertex 10.9818 -13.8946 5
      vertex 10.9818 -11.5612 5
    endloop
  endfacet
  facet normal 0 0 1
    outer loop
      vertex 10.8759 -11.738 5
      vertex 10.8759 -13.7179 5
      vertex 10.9818 -13.8946 5
    endloop
  endfacet
  facet normal -0 0 1
    outer loop
      vertex 10.7878 -11.9243 5
      vertex 10.8759 -13.7179 5
      vertex 10.8759 -11.738 5
    endloop
  endfacet
  facet normal 0 0 1
    outer loop
      vertex 10.7878 -11.9243 5
      vertex 10.7878 -13.5316 5
      vertex 10.8759 -13.7179 5
    endloop
  endfacet
  facet normal -0 0 1
    outer loop
      vertex 10.7183 -12.1183 5
      vertex 10.7878 -13.5316 5
      vertex 10.7878 -11.9243 5
    endloop
  endfacet
  facet normal 0 0 1
    outer loop
      vertex 10.7183 -12.1183 5
      vertex 10.7183 -13.3375 5
      vertex 10.7878 -13.5316 5
    endloop
  endfacet
  facet normal -0 0 1
    outer loop
      vertex 10.6683 -12.3182 5
      vertex 10.7183 -13.3375 5
      vertex 10.7183 -12.1183 5
    endloop
  endfacet
  facet normal 0 0 1
    outer loop
      vertex 10.6683 -12.3182 5
      vertex 10.6683 -13.1376 5
      vertex 10.7183 -13.3375 5
    endloop
  endfacet
  facet normal -0 0 1
    outer loop
      vertex 10.638 -12.5221 5
      vertex 10.6683 -13.1376 5
      vertex 10.6683 -12.3182 5
    endloop
  endfacet
  facet normal 0 0 1
    outer loop
      vertex 10.638 -12.5221 5
      vertex 10.638 -12.9338 5
      vertex 10.6683 -13.1376 5
    endloop
  endfacet
  facet normal 0 -0 1
    outer loop
      vertex 10.638 -12.9338 5
      vertex 10.638 -12.5221 5
      vertex 10.6279 -12.7279 5
    endloop
  endfacet
  facet normal 0.970114 -0.24265 0
    outer loop
      vertex 10.6683 -12.3182 12
      vertex 10.7183 -12.1183 5
      vertex 10.7183 -12.1183 12
    endloop
  endfacet
  facet normal 0.970114 -0.24265 0
    outer loop
      vertex 10.7183 -12.1183 5
      vertex 10.6683 -12.3182 12
      vertex 10.6683 -12.3182 5
    endloop
  endfacet
  facet normal -0.989186 -0.146667 0
    outer loop
      vertex 1.24398 -19.8775 0
      vertex 1.22598 -19.7561 6
      vertex 1.22598 -19.7561 0
    endloop
  endfacet
  facet normal -0.989186 -0.146667 0
    outer loop
      vertex 1.22598 -19.7561 6
      vertex 1.24398 -19.8775 0
      vertex 1.24398 -19.8775 6
    endloop
  endfacet
  facet normal -0.998795 -0.0490836 0
    outer loop
      vertex 1.25 -20 0
      vertex 1.24398 -19.8775 6
      vertex 1.24398 -19.8775 0
    endloop
  endfacet
  facet normal -0.998795 -0.0490836 0
    outer loop
      vertex 1.24398 -19.8775 6
      vertex 1.25 -20 0
      vertex 1.25 -20 6
    endloop
  endfacet
  facet normal -0.970027 -0.242996 0
    outer loop
      vertex 1.22598 -19.7561 0
      vertex 1.19617 -19.6371 6
      vertex 1.19617 -19.6371 0
    endloop
  endfacet
  facet normal -0.970027 -0.242996 0
    outer loop
      vertex 1.19617 -19.6371 6
      vertex 1.22598 -19.7561 0
      vertex 1.22598 -19.7561 6
    endloop
  endfacet
  facet normal -0.3367 0.941612 0
    outer loop
      vertex 0.478354 -21.1549 0
      vertex 0.362855 -21.1962 6
      vertex 0.478354 -21.1549 6
    endloop
  endfacet
  facet normal -0.3367 0.941612 0
    outer loop
      vertex 0.362855 -21.1962 6
      vertex 0.478354 -21.1549 0
      vertex 0.362855 -21.1962 0
    endloop
  endfacet
  facet normal -0.3367 -0.941612 0
    outer loop
      vertex 0.362855 -18.8038 0
      vertex 0.478354 -18.8451 6
      vertex 0.362855 -18.8038 6
    endloop
  endfacet
  facet normal -0.3367 -0.941612 -0
    outer loop
      vertex 0.478354 -18.8451 6
      vertex 0.362855 -18.8038 0
      vertex 0.478354 -18.8451 0
    endloop
  endfacet
  facet normal -0.427901 0.903825 0
    outer loop
      vertex 0.589246 -21.1024 0
      vertex 0.478354 -21.1549 6
      vertex 0.589246 -21.1024 6
    endloop
  endfacet
  facet normal -0.427901 0.903825 0
    outer loop
      vertex 0.478354 -21.1549 6
      vertex 0.589246 -21.1024 0
      vertex 0.478354 -21.1549 0
    endloop
  endfacet
  facet normal -0.970027 0.242996 0
    outer loop
      vertex 1.19617 -20.3629 0
      vertex 1.22598 -20.2439 6
      vertex 1.22598 -20.2439 0
    endloop
  endfacet
  facet normal -0.970027 0.242996 0
    outer loop
      vertex 1.22598 -20.2439 6
      vertex 1.19617 -20.3629 0
      vertex 1.19617 -20.3629 6
    endloop
  endfacet
  facet normal -0.242933 -0.970043 0
    outer loop
      vertex 0.243862 -18.774 0
      vertex 0.362855 -18.8038 6
      vertex 0.243862 -18.774 6
    endloop
  endfacet
  facet normal -0.242933 -0.970043 -0
    outer loop
      vertex 0.362855 -18.8038 6
      vertex 0.243862 -18.774 0
      vertex 0.362855 -18.8038 0
    endloop
  endfacet
  facet normal 0.803112 -0.595828 0
    outer loop
      vertex -1.03934 -19.3055 6
      vertex -0.966263 -19.207 0
      vertex -0.966263 -19.207 6
    endloop
  endfacet
  facet normal 0.803112 -0.595828 0
    outer loop
      vertex -0.966263 -19.207 0
      vertex -1.03934 -19.3055 6
      vertex -1.03934 -19.3055 0
    endloop
  endfacet
  facet normal 0.740979 0.671528 0
    outer loop
      vertex -0.883883 -20.8839 6
      vertex -0.966263 -20.793 0
      vertex -0.966263 -20.793 6
    endloop
  endfacet
  facet normal 0.740979 0.671528 0
    outer loop
      vertex -0.966263 -20.793 0
      vertex -0.883883 -20.8839 6
      vertex -0.883883 -20.8839 0
    endloop
  endfacet
  facet normal 0.970027 0.242996 0
    outer loop
      vertex -1.19617 -20.3629 6
      vertex -1.22598 -20.2439 0
      vertex -1.22598 -20.2439 6
    endloop
  endfacet
  facet normal 0.970027 0.242996 0
    outer loop
      vertex -1.22598 -20.2439 0
      vertex -1.19617 -20.3629 6
      vertex -1.19617 -20.3629 0
    endloop
  endfacet
  facet normal 0.427901 -0.903825 0
    outer loop
      vertex -0.589246 -18.8976 0
      vertex -0.478354 -18.8451 6
      vertex -0.589246 -18.8976 6
    endloop
  endfacet
  facet normal 0.427901 -0.903825 0
    outer loop
      vertex -0.478354 -18.8451 6
      vertex -0.589246 -18.8976 0
      vertex -0.478354 -18.8451 0
    endloop
  endfacet
  facet normal 0.427901 0.903825 -0
    outer loop
      vertex -0.478354 -21.1549 0
      vertex -0.589246 -21.1024 6
      vertex -0.478354 -21.1549 6
    endloop
  endfacet
  facet normal 0.427901 0.903825 0
    outer loop
      vertex -0.589246 -21.1024 6
      vertex -0.478354 -21.1549 0
      vertex -0.589246 -21.1024 0
    endloop
  endfacet
  facet normal 0.514315 0.857602 -0
    outer loop
      vertex -0.589246 -21.1024 0
      vertex -0.694463 -21.0393 6
      vertex -0.589246 -21.1024 6
    endloop
  endfacet
  facet normal 0.514315 0.857602 0
    outer loop
      vertex -0.694463 -21.0393 6
      vertex -0.589246 -21.1024 0
      vertex -0.694463 -21.0393 0
    endloop
  endfacet
  facet normal 0.3367 -0.941612 0
    outer loop
      vertex -0.478354 -18.8451 0
      vertex -0.362855 -18.8038 6
      vertex -0.478354 -18.8451 6
    endloop
  endfacet
  facet normal 0.3367 -0.941612 0
    outer loop
      vertex -0.362855 -18.8038 6
      vertex -0.478354 -18.8451 0
      vertex -0.362855 -18.8038 0
    endloop
  endfacet
  facet normal 0.857924 -0.513777 0
    outer loop
      vertex -1.1024 -19.4108 6
      vertex -1.03934 -19.3055 0
      vertex -1.03934 -19.3055 6
    endloop
  endfacet
  facet normal 0.857924 -0.513777 0
    outer loop
      vertex -1.03934 -19.3055 0
      vertex -1.1024 -19.4108 6
      vertex -1.1024 -19.4108 0
    endloop
  endfacet
  facet normal 0.242933 0.970043 -0
    outer loop
      vertex -0.243862 -21.226 0
      vertex -0.362855 -21.1962 6
      vertex -0.243862 -21.226 6
    endloop
  endfacet
  facet normal 0.242933 0.970043 0
    outer loop
      vertex -0.362855 -21.1962 6
      vertex -0.243862 -21.226 0
      vertex -0.362855 -21.1962 0
    endloop
  endfacet
  facet normal 0.67165 0.740869 -0
    outer loop
      vertex -0.792991 -20.9663 0
      vertex -0.883883 -20.8839 6
      vertex -0.792991 -20.9663 6
    endloop
  endfacet
  facet normal 0.67165 0.740869 0
    outer loop
      vertex -0.883883 -20.8839 6
      vertex -0.792991 -20.9663 0
      vertex -0.883883 -20.8839 0
    endloop
  endfacet
  facet normal -0.514315 0.857602 0
    outer loop
      vertex 0.694463 -21.0393 0
      vertex 0.589246 -21.1024 6
      vertex 0.694463 -21.0393 6
    endloop
  endfacet
  facet normal -0.514315 0.857602 0
    outer loop
      vertex 0.589246 -21.1024 6
      vertex 0.694463 -21.0393 0
      vertex 0.589246 -21.1024 0
    endloop
  endfacet
  facet normal -0.427901 -0.903825 0
    outer loop
      vertex 0.478354 -18.8451 0
      vertex 0.589246 -18.8976 6
      vertex 0.478354 -18.8451 6
    endloop
  endfacet
  facet normal -0.427901 -0.903825 -0
    outer loop
      vertex 0.589246 -18.8976 6
      vertex 0.478354 -18.8451 0
      vertex 0.589246 -18.8976 0
    endloop
  endfacet
  facet normal -0.941561 0.336842 0
    outer loop
      vertex 1.15485 -20.4784 0
      vertex 1.19617 -20.3629 6
      vertex 1.19617 -20.3629 0
    endloop
  endfacet
  facet normal -0.941561 0.336842 0
    outer loop
      vertex 1.19617 -20.3629 6
      vertex 1.15485 -20.4784 0
      vertex 1.15485 -20.4784 6
    endloop
  endfacet
  facet normal 0.903846 0.427858 0
    outer loop
      vertex -1.1024 -20.5892 6
      vertex -1.15485 -20.4784 0
      vertex -1.15485 -20.4784 6
    endloop
  endfacet
  facet normal 0.903846 0.427858 0
    outer loop
      vertex -1.15485 -20.4784 0
      vertex -1.1024 -20.5892 6
      vertex -1.1024 -20.5892 0
    endloop
  endfacet
  facet normal 0.595313 -0.803494 0
    outer loop
      vertex -0.792991 -19.0337 0
      vertex -0.694463 -18.9607 6
      vertex -0.792991 -19.0337 6
    endloop
  endfacet
  facet normal 0.595313 -0.803494 0
    outer loop
      vertex -0.694463 -18.9607 6
      vertex -0.792991 -19.0337 0
      vertex -0.694463 -18.9607 0
    endloop
  endfacet
  facet normal -0.803112 -0.595828 0
    outer loop
      vertex 1.03934 -19.3055 0
      vertex 0.966263 -19.207 6
      vertex 0.966263 -19.207 0
    endloop
  endfacet
  facet normal -0.803112 -0.595828 0
    outer loop
      vertex 0.966263 -19.207 6
      vertex 1.03934 -19.3055 0
      vertex 1.03934 -19.3055 6
    endloop
  endfacet
  facet normal 0.998795 0.0490836 0
    outer loop
      vertex -1.24398 -20.1225 6
      vertex -1.25 -20 0
      vertex -1.25 -20 6
    endloop
  endfacet
  facet normal 0.998795 0.0490836 0
    outer loop
      vertex -1.25 -20 0
      vertex -1.24398 -20.1225 6
      vertex -1.24398 -20.1225 0
    endloop
  endfacet
  facet normal -0.0489126 0.998803 0
    outer loop
      vertex 0.122521 -21.244 0
      vertex 0 -21.25 6
      vertex 0.122521 -21.244 6
    endloop
  endfacet
  facet normal -0.0489126 0.998803 0
    outer loop
      vertex 0 -21.25 6
      vertex 0.122521 -21.244 0
      vertex 0 -21.25 0
    endloop
  endfacet
  facet normal 0.146737 -0.989176 0
    outer loop
      vertex -0.243862 -18.774 0
      vertex -0.122521 -18.756 6
      vertex -0.243862 -18.774 6
    endloop
  endfacet
  facet normal 0.146737 -0.989176 0
    outer loop
      vertex -0.122521 -18.756 6
      vertex -0.243862 -18.774 0
      vertex -0.122521 -18.756 0
    endloop
  endfacet
  facet normal 0.146737 0.989176 -0
    outer loop
      vertex -0.122521 -21.244 0
      vertex -0.243862 -21.226 6
      vertex -0.122521 -21.244 6
    endloop
  endfacet
  facet normal 0.146737 0.989176 0
    outer loop
      vertex -0.243862 -21.226 6
      vertex -0.122521 -21.244 0
      vertex -0.243862 -21.226 0
    endloop
  endfacet
  facet normal -0.857924 0.513777 0
    outer loop
      vertex 1.03934 -20.6945 0
      vertex 1.1024 -20.5892 6
      vertex 1.1024 -20.5892 0
    endloop
  endfacet
  facet normal -0.857924 0.513777 0
    outer loop
      vertex 1.1024 -20.5892 6
      vertex 1.03934 -20.6945 0
      vertex 1.03934 -20.6945 6
    endloop
  endfacet
  facet normal 0.970027 -0.242996 0
    outer loop
      vertex -1.22598 -19.7561 6
      vertex -1.19617 -19.6371 0
      vertex -1.19617 -19.6371 6
    endloop
  endfacet
  facet normal 0.970027 -0.242996 0
    outer loop
      vertex -1.19617 -19.6371 0
      vertex -1.22598 -19.7561 6
      vertex -1.22598 -19.7561 0
    endloop
  endfacet
  facet normal -0.998795 0.0490836 0
    outer loop
      vertex 1.24398 -20.1225 0
      vertex 1.25 -20 6
      vertex 1.25 -20 0
    endloop
  endfacet
  facet normal -0.998795 0.0490836 0
    outer loop
      vertex 1.25 -20 6
      vertex 1.24398 -20.1225 0
      vertex 1.24398 -20.1225 6
    endloop
  endfacet
  facet normal -0.595313 -0.803494 0
    outer loop
      vertex 0.694463 -18.9607 0
      vertex 0.792991 -19.0337 6
      vertex 0.694463 -18.9607 6
    endloop
  endfacet
  facet normal -0.595313 -0.803494 -0
    outer loop
      vertex 0.792991 -19.0337 6
      vertex 0.694463 -18.9607 0
      vertex 0.792991 -19.0337 0
    endloop
  endfacet
  facet normal -0.514315 -0.857602 0
    outer loop
      vertex 0.589246 -18.8976 0
      vertex 0.694463 -18.9607 6
      vertex 0.589246 -18.8976 6
    endloop
  endfacet
  facet normal -0.514315 -0.857602 -0
    outer loop
      vertex 0.694463 -18.9607 6
      vertex 0.589246 -18.8976 0
      vertex 0.694463 -18.9607 0
    endloop
  endfacet
  facet normal -0.146737 0.989176 0
    outer loop
      vertex 0.243862 -21.226 0
      vertex 0.122521 -21.244 6
      vertex 0.243862 -21.226 6
    endloop
  endfacet
  facet normal -0.146737 0.989176 0
    outer loop
      vertex 0.122521 -21.244 6
      vertex 0.243862 -21.226 0
      vertex 0.122521 -21.244 0
    endloop
  endfacet
  facet normal -0.941561 -0.336842 0
    outer loop
      vertex 1.19617 -19.6371 0
      vertex 1.15485 -19.5216 6
      vertex 1.15485 -19.5216 0
    endloop
  endfacet
  facet normal -0.941561 -0.336842 0
    outer loop
      vertex 1.15485 -19.5216 6
      vertex 1.19617 -19.6371 0
      vertex 1.19617 -19.6371 6
    endloop
  endfacet
  facet normal -0.740979 0.671528 0
    outer loop
      vertex 0.883883 -20.8839 0
      vertex 0.966263 -20.793 6
      vertex 0.966263 -20.793 0
    endloop
  endfacet
  facet normal -0.740979 0.671528 0
    outer loop
      vertex 0.966263 -20.793 6
      vertex 0.883883 -20.8839 0
      vertex 0.883883 -20.8839 6
    endloop
  endfacet
  facet normal -0.803112 0.595828 0
    outer loop
      vertex 0.966263 -20.793 0
      vertex 1.03934 -20.6945 6
      vertex 1.03934 -20.6945 0
    endloop
  endfacet
  facet normal -0.803112 0.595828 0
    outer loop
      vertex 1.03934 -20.6945 6
      vertex 0.966263 -20.793 0
      vertex 0.966263 -20.793 6
    endloop
  endfacet
  facet normal -0.146737 -0.989176 0
    outer loop
      vertex 0.122521 -18.756 0
      vertex 0.243862 -18.774 6
      vertex 0.122521 -18.756 6
    endloop
  endfacet
  facet normal -0.146737 -0.989176 -0
    outer loop
      vertex 0.243862 -18.774 6
      vertex 0.122521 -18.756 0
      vertex 0.243862 -18.774 0
    endloop
  endfacet
  facet normal -0.903846 0.427858 0
    outer loop
      vertex 1.1024 -20.5892 0
      vertex 1.15485 -20.4784 6
      vertex 1.15485 -20.4784 0
    endloop
  endfacet
  facet normal -0.903846 0.427858 0
    outer loop
      vertex 1.15485 -20.4784 6
      vertex 1.1024 -20.5892 0
      vertex 1.1024 -20.5892 6
    endloop
  endfacet
  facet normal -0.903846 -0.427858 0
    outer loop
      vertex 1.15485 -19.5216 0
      vertex 1.1024 -19.4108 6
      vertex 1.1024 -19.4108 0
    endloop
  endfacet
  facet normal -0.903846 -0.427858 0
    outer loop
      vertex 1.1024 -19.4108 6
      vertex 1.15485 -19.5216 0
      vertex 1.15485 -19.5216 6
    endloop
  endfacet
  facet normal 0.0489126 -0.998803 0
    outer loop
      vertex -0.122521 -18.756 0
      vertex 0 -18.75 6
      vertex -0.122521 -18.756 6
    endloop
  endfacet
  facet normal 0.0489126 -0.998803 0
    outer loop
      vertex 0 -18.75 6
      vertex -0.122521 -18.756 0
      vertex 0 -18.75 0
    endloop
  endfacet
  facet normal 0.514315 -0.857602 0
    outer loop
      vertex -0.694463 -18.9607 0
      vertex -0.589246 -18.8976 6
      vertex -0.694463 -18.9607 6
    endloop
  endfacet
  facet normal 0.514315 -0.857602 0
    outer loop
      vertex -0.589246 -18.8976 6
      vertex -0.694463 -18.9607 0
      vertex -0.589246 -18.8976 0
    endloop
  endfacet
  facet normal -0.989186 0.146667 0
    outer loop
      vertex 1.22598 -20.2439 0
      vertex 1.24398 -20.1225 6
      vertex 1.24398 -20.1225 0
    endloop
  endfacet
  facet normal -0.989186 0.146667 0
    outer loop
      vertex 1.24398 -20.1225 6
      vertex 1.22598 -20.2439 0
      vertex 1.22598 -20.2439 6
    endloop
  endfacet
  facet normal -0.857924 -0.513777 0
    outer loop
      vertex 1.1024 -19.4108 0
      vertex 1.03934 -19.3055 6
      vertex 1.03934 -19.3055 0
    endloop
  endfacet
  facet normal -0.857924 -0.513777 0
    outer loop
      vertex 1.03934 -19.3055 6
      vertex 1.1024 -19.4108 0
      vertex 1.1024 -19.4108 6
    endloop
  endfacet
  facet normal 0.941561 -0.336842 0
    outer loop
      vertex -1.19617 -19.6371 6
      vertex -1.15485 -19.5216 0
      vertex -1.15485 -19.5216 6
    endloop
  endfacet
  facet normal 0.941561 -0.336842 0
    outer loop
      vertex -1.15485 -19.5216 0
      vertex -1.19617 -19.6371 6
      vertex -1.19617 -19.6371 0
    endloop
  endfacet
  facet normal -0.0489126 -0.998803 0
    outer loop
      vertex 0 -18.75 0
      vertex 0.122521 -18.756 6
      vertex 0 -18.75 6
    endloop
  endfacet
  facet normal -0.0489126 -0.998803 -0
    outer loop
      vertex 0.122521 -18.756 6
      vertex 0 -18.75 0
      vertex 0.122521 -18.756 0
    endloop
  endfacet
  facet normal 0.67165 -0.740869 0
    outer loop
      vertex -0.883883 -19.1161 0
      vertex -0.792991 -19.0337 6
      vertex -0.883883 -19.1161 6
    endloop
  endfacet
  facet normal 0.67165 -0.740869 0
    outer loop
      vertex -0.792991 -19.0337 6
      vertex -0.883883 -19.1161 0
      vertex -0.792991 -19.0337 0
    endloop
  endfacet
  facet normal 0.941561 0.336842 0
    outer loop
      vertex -1.15485 -20.4784 6
      vertex -1.19617 -20.3629 0
      vertex -1.19617 -20.3629 6
    endloop
  endfacet
  facet normal 0.941561 0.336842 0
    outer loop
      vertex -1.19617 -20.3629 0
      vertex -1.15485 -20.4784 6
      vertex -1.15485 -20.4784 0
    endloop
  endfacet
  facet normal 0.857924 0.513777 0
    outer loop
      vertex -1.03934 -20.6945 6
      vertex -1.1024 -20.5892 0
      vertex -1.1024 -20.5892 6
    endloop
  endfacet
  facet normal 0.857924 0.513777 0
    outer loop
      vertex -1.1024 -20.5892 0
      vertex -1.03934 -20.6945 6
      vertex -1.03934 -20.6945 0
    endloop
  endfacet
  facet normal -0.242933 0.970043 0
    outer loop
      vertex 0.362855 -21.1962 0
      vertex 0.243862 -21.226 6
      vertex 0.362855 -21.1962 6
    endloop
  endfacet
  facet normal -0.242933 0.970043 0
    outer loop
      vertex 0.243862 -21.226 6
      vertex 0.362855 -21.1962 0
      vertex 0.243862 -21.226 0
    endloop
  endfacet
  facet normal 0.242933 -0.970043 0
    outer loop
      vertex -0.362855 -18.8038 0
      vertex -0.243862 -18.774 6
      vertex -0.362855 -18.8038 6
    endloop
  endfacet
  facet normal 0.242933 -0.970043 0
    outer loop
      vertex -0.243862 -18.774 6
      vertex -0.362855 -18.8038 0
      vertex -0.243862 -18.774 0
    endloop
  endfacet
  facet normal -0.740979 -0.671528 0
    outer loop
      vertex 0.966263 -19.207 0
      vertex 0.883883 -19.1161 6
      vertex 0.883883 -19.1161 0
    endloop
  endfacet
  facet normal -0.740979 -0.671528 0
    outer loop
      vertex 0.883883 -19.1161 6
      vertex 0.966263 -19.207 0
      vertex 0.966263 -19.207 6
    endloop
  endfacet
  facet normal -0.595313 0.803494 0
    outer loop
      vertex 0.792991 -20.9663 0
      vertex 0.694463 -21.0393 6
      vertex 0.792991 -20.9663 6
    endloop
  endfacet
  facet normal -0.595313 0.803494 0
    outer loop
      vertex 0.694463 -21.0393 6
      vertex 0.792991 -20.9663 0
      vertex 0.694463 -21.0393 0
    endloop
  endfacet
  facet normal 0.740979 -0.671528 0
    outer loop
      vertex -0.966263 -19.207 6
      vertex -0.883883 -19.1161 0
      vertex -0.883883 -19.1161 6
    endloop
  endfacet
  facet normal 0.740979 -0.671528 0
    outer loop
      vertex -0.883883 -19.1161 0
      vertex -0.966263 -19.207 6
      vertex -0.966263 -19.207 0
    endloop
  endfacet
  facet normal 0.903846 -0.427858 0
    outer loop
      vertex -1.15485 -19.5216 6
      vertex -1.1024 -19.4108 0
      vertex -1.1024 -19.4108 6
    endloop
  endfacet
  facet normal 0.903846 -0.427858 0
    outer loop
      vertex -1.1024 -19.4108 0
      vertex -1.15485 -19.5216 6
      vertex -1.15485 -19.5216 0
    endloop
  endfacet
  facet normal 0.803112 0.595828 0
    outer loop
      vertex -0.966263 -20.793 6
      vertex -1.03934 -20.6945 0
      vertex -1.03934 -20.6945 6
    endloop
  endfacet
  facet normal 0.803112 0.595828 0
    outer loop
      vertex -1.03934 -20.6945 0
      vertex -0.966263 -20.793 6
      vertex -0.966263 -20.793 0
    endloop
  endfacet
  facet normal 0.989186 0.146667 0
    outer loop
      vertex -1.22598 -20.2439 6
      vertex -1.24398 -20.1225 0
      vertex -1.24398 -20.1225 6
    endloop
  endfacet
  facet normal 0.989186 0.146667 0
    outer loop
      vertex -1.24398 -20.1225 0
      vertex -1.22598 -20.2439 6
      vertex -1.22598 -20.2439 0
    endloop
  endfacet
  facet normal -0.67165 -0.740869 0
    outer loop
      vertex 0.792991 -19.0337 0
      vertex 0.883883 -19.1161 6
      vertex 0.792991 -19.0337 6
    endloop
  endfacet
  facet normal -0.67165 -0.740869 -0
    outer loop
      vertex 0.883883 -19.1161 6
      vertex 0.792991 -19.0337 0
      vertex 0.883883 -19.1161 0
    endloop
  endfacet
  facet normal 0.989186 -0.146667 0
    outer loop
      vertex -1.24398 -19.8775 6
      vertex -1.22598 -19.7561 0
      vertex -1.22598 -19.7561 6
    endloop
  endfacet
  facet normal 0.989186 -0.146667 0
    outer loop
      vertex -1.22598 -19.7561 0
      vertex -1.24398 -19.8775 6
      vertex -1.24398 -19.8775 0
    endloop
  endfacet
  facet normal 0.595313 0.803494 -0
    outer loop
      vertex -0.694463 -21.0393 0
      vertex -0.792991 -20.9663 6
      vertex -0.694463 -21.0393 6
    endloop
  endfacet
  facet normal 0.595313 0.803494 0
    outer loop
      vertex -0.792991 -20.9663 6
      vertex -0.694463 -21.0393 0
      vertex -0.792991 -20.9663 0
    endloop
  endfacet
  facet normal 0.0489126 0.998803 -0
    outer loop
      vertex 0 -21.25 0
      vertex -0.122521 -21.244 6
      vertex 0 -21.25 6
    endloop
  endfacet
  facet normal 0.0489126 0.998803 0
    outer loop
      vertex -0.122521 -21.244 6
      vertex 0 -21.25 0
      vertex -0.122521 -21.244 0
    endloop
  endfacet
  facet normal 0.998795 -0.0490836 0
    outer loop
      vertex -1.25 -20 6
      vertex -1.24398 -19.8775 0
      vertex -1.24398 -19.8775 6
    endloop
  endfacet
  facet normal 0.998795 -0.0490836 0
    outer loop
      vertex -1.24398 -19.8775 0
      vertex -1.25 -20 6
      vertex -1.25 -20 0
    endloop
  endfacet
  facet normal 0.3367 0.941612 -0
    outer loop
      vertex -0.362855 -21.1962 0
      vertex -0.478354 -21.1549 6
      vertex -0.362855 -21.1962 6
    endloop
  endfacet
  facet normal 0.3367 0.941612 0
    outer loop
      vertex -0.478354 -21.1549 6
      vertex -0.362855 -21.1962 0
      vertex -0.478354 -21.1549 0
    endloop
  endfacet
  facet normal -0.67165 0.740869 0
    outer loop
      vertex 0.883883 -20.8839 0
      vertex 0.792991 -20.9663 6
      vertex 0.883883 -20.8839 6
    endloop
  endfacet
  facet normal -0.67165 0.740869 0
    outer loop
      vertex 0.792991 -20.9663 6
      vertex 0.883883 -20.8839 0
      vertex 0.792991 -20.9663 0
    endloop
  endfacet
  facet normal 0.3367 0.941612 -0
    outer loop
      vertex -0.362855 18.8038 0
      vertex -0.478354 18.8451 6
      vertex -0.362855 18.8038 6
    endloop
  endfacet
  facet normal 0.3367 0.941612 0
    outer loop
      vertex -0.478354 18.8451 6
      vertex -0.362855 18.8038 0
      vertex -0.478354 18.8451 0
    endloop
  endfacet
  facet normal -0.989186 -0.146667 0
    outer loop
      vertex 1.24398 20.1225 0
      vertex 1.22598 20.2439 6
      vertex 1.22598 20.2439 0
    endloop
  endfacet
  facet normal -0.989186 -0.146667 0
    outer loop
      vertex 1.22598 20.2439 6
      vertex 1.24398 20.1225 0
      vertex 1.24398 20.1225 6
    endloop
  endfacet
  facet normal -0.998795 -0.0490836 0
    outer loop
      vertex 1.25 20 0
      vertex 1.24398 20.1225 6
      vertex 1.24398 20.1225 0
    endloop
  endfacet
  facet normal -0.998795 -0.0490836 0
    outer loop
      vertex 1.24398 20.1225 6
      vertex 1.25 20 0
      vertex 1.25 20 6
    endloop
  endfacet
  facet normal -0.970027 -0.242996 0
    outer loop
      vertex 1.22598 20.2439 0
      vertex 1.19617 20.3629 6
      vertex 1.19617 20.3629 0
    endloop
  endfacet
  facet normal -0.970027 -0.242996 0
    outer loop
      vertex 1.19617 20.3629 6
      vertex 1.22598 20.2439 0
      vertex 1.22598 20.2439 6
    endloop
  endfacet
  facet normal 0.989186 -0.146667 0
    outer loop
      vertex -1.24398 20.1225 6
      vertex -1.22598 20.2439 0
      vertex -1.22598 20.2439 6
    endloop
  endfacet
  facet normal 0.989186 -0.146667 0
    outer loop
      vertex -1.22598 20.2439 0
      vertex -1.24398 20.1225 6
      vertex -1.24398 20.1225 0
    endloop
  endfacet
  facet normal 0.242933 0.970043 -0
    outer loop
      vertex -0.243862 18.774 0
      vertex -0.362855 18.8038 6
      vertex -0.243862 18.774 6
    endloop
  endfacet
  facet normal 0.242933 0.970043 0
    outer loop
      vertex -0.362855 18.8038 6
      vertex -0.243862 18.774 0
      vertex -0.362855 18.8038 0
    endloop
  endfacet
  facet normal -0.3367 -0.941612 0
    outer loop
      vertex 0.362855 21.1962 0
      vertex 0.478354 21.1549 6
      vertex 0.362855 21.1962 6
    endloop
  endfacet
  facet normal -0.3367 -0.941612 -0
    outer loop
      vertex 0.478354 21.1549 6
      vertex 0.362855 21.1962 0
      vertex 0.478354 21.1549 0
    endloop
  endfacet
  facet normal 0.514315 -0.857602 0
    outer loop
      vertex -0.694463 21.0393 0
      vertex -0.589246 21.1024 6
      vertex -0.694463 21.0393 6
    endloop
  endfacet
  facet normal 0.514315 -0.857602 0
    outer loop
      vertex -0.589246 21.1024 6
      vertex -0.694463 21.0393 0
      vertex -0.589246 21.1024 0
    endloop
  endfacet
  facet normal 0.903846 0.427858 0
    outer loop
      vertex -1.1024 19.4108 6
      vertex -1.15485 19.5216 0
      vertex -1.15485 19.5216 6
    endloop
  endfacet
  facet normal 0.903846 0.427858 0
    outer loop
      vertex -1.15485 19.5216 0
      vertex -1.1024 19.4108 6
      vertex -1.1024 19.4108 0
    endloop
  endfacet
  facet normal 0.242933 -0.970043 0
    outer loop
      vertex -0.362855 21.1962 0
      vertex -0.243862 21.226 6
      vertex -0.362855 21.1962 6
    endloop
  endfacet
  facet normal 0.242933 -0.970043 0
    outer loop
      vertex -0.243862 21.226 6
      vertex -0.362855 21.1962 0
      vertex -0.243862 21.226 0
    endloop
  endfacet
  facet normal 0.857924 0.513777 0
    outer loop
      vertex -1.03934 19.3055 6
      vertex -1.1024 19.4108 0
      vertex -1.1024 19.4108 6
    endloop
  endfacet
  facet normal 0.857924 0.513777 0
    outer loop
      vertex -1.1024 19.4108 0
      vertex -1.03934 19.3055 6
      vertex -1.03934 19.3055 0
    endloop
  endfacet
  facet normal -0.242933 0.970043 0
    outer loop
      vertex 0.362855 18.8038 0
      vertex 0.243862 18.774 6
      vertex 0.362855 18.8038 6
    endloop
  endfacet
  facet normal -0.242933 0.970043 0
    outer loop
      vertex 0.243862 18.774 6
      vertex 0.362855 18.8038 0
      vertex 0.243862 18.774 0
    endloop
  endfacet
  facet normal 0.595313 0.803494 -0
    outer loop
      vertex -0.694463 18.9607 0
      vertex -0.792991 19.0337 6
      vertex -0.694463 18.9607 6
    endloop
  endfacet
  facet normal 0.595313 0.803494 0
    outer loop
      vertex -0.792991 19.0337 6
      vertex -0.694463 18.9607 0
      vertex -0.792991 19.0337 0
    endloop
  endfacet
  facet normal -0.514315 0.857602 0
    outer loop
      vertex 0.694463 18.9607 0
      vertex 0.589246 18.8976 6
      vertex 0.694463 18.9607 6
    endloop
  endfacet
  facet normal -0.514315 0.857602 0
    outer loop
      vertex 0.589246 18.8976 6
      vertex 0.694463 18.9607 0
      vertex 0.589246 18.8976 0
    endloop
  endfacet
  facet normal -0.803112 0.595828 0
    outer loop
      vertex 0.966263 19.207 0
      vertex 1.03934 19.3055 6
      vertex 1.03934 19.3055 0
    endloop
  endfacet
  facet normal -0.803112 0.595828 0
    outer loop
      vertex 1.03934 19.3055 6
      vertex 0.966263 19.207 0
      vertex 0.966263 19.207 6
    endloop
  endfacet
  facet normal -0.146737 -0.989176 0
    outer loop
      vertex 0.122521 21.244 0
      vertex 0.243862 21.226 6
      vertex 0.122521 21.244 6
    endloop
  endfacet
  facet normal -0.146737 -0.989176 -0
    outer loop
      vertex 0.243862 21.226 6
      vertex 0.122521 21.244 0
      vertex 0.243862 21.226 0
    endloop
  endfacet
  facet normal 0.595313 -0.803494 0
    outer loop
      vertex -0.792991 20.9663 0
      vertex -0.694463 21.0393 6
      vertex -0.792991 20.9663 6
    endloop
  endfacet
  facet normal 0.595313 -0.803494 0
    outer loop
      vertex -0.694463 21.0393 6
      vertex -0.792991 20.9663 0
      vertex -0.694463 21.0393 0
    endloop
  endfacet
  facet normal -0.427901 0.903825 0
    outer loop
      vertex 0.589246 18.8976 0
      vertex 0.478354 18.8451 6
      vertex 0.589246 18.8976 6
    endloop
  endfacet
  facet normal -0.427901 0.903825 0
    outer loop
      vertex 0.478354 18.8451 6
      vertex 0.589246 18.8976 0
      vertex 0.478354 18.8451 0
    endloop
  endfacet
  facet normal 0.803112 -0.595828 0
    outer loop
      vertex -1.03934 20.6945 6
      vertex -0.966263 20.793 0
      vertex -0.966263 20.793 6
    endloop
  endfacet
  facet normal 0.803112 -0.595828 0
    outer loop
      vertex -0.966263 20.793 0
      vertex -1.03934 20.6945 6
      vertex -1.03934 20.6945 0
    endloop
  endfacet
  facet normal -0.989186 0.146667 0
    outer loop
      vertex 1.22598 19.7561 0
      vertex 1.24398 19.8775 6
      vertex 1.24398 19.8775 0
    endloop
  endfacet
  facet normal -0.989186 0.146667 0
    outer loop
      vertex 1.24398 19.8775 6
      vertex 1.22598 19.7561 0
      vertex 1.22598 19.7561 6
    endloop
  endfacet
  facet normal 0.941561 -0.336842 0
    outer loop
      vertex -1.19617 20.3629 6
      vertex -1.15485 20.4784 0
      vertex -1.15485 20.4784 6
    endloop
  endfacet
  facet normal 0.941561 -0.336842 0
    outer loop
      vertex -1.15485 20.4784 0
      vertex -1.19617 20.3629 6
      vertex -1.19617 20.3629 0
    endloop
  endfacet
  facet normal -0.427901 -0.903825 0
    outer loop
      vertex 0.478354 21.1549 0
      vertex 0.589246 21.1024 6
      vertex 0.478354 21.1549 6
    endloop
  endfacet
  facet normal -0.427901 -0.903825 -0
    outer loop
      vertex 0.589246 21.1024 6
      vertex 0.478354 21.1549 0
      vertex 0.589246 21.1024 0
    endloop
  endfacet
  facet normal 0.941561 0.336842 0
    outer loop
      vertex -1.15485 19.5216 6
      vertex -1.19617 19.6371 0
      vertex -1.19617 19.6371 6
    endloop
  endfacet
  facet normal 0.941561 0.336842 0
    outer loop
      vertex -1.19617 19.6371 0
      vertex -1.15485 19.5216 6
      vertex -1.15485 19.5216 0
    endloop
  endfacet
  facet normal -0.970027 0.242996 0
    outer loop
      vertex 1.19617 19.6371 0
      vertex 1.22598 19.7561 6
      vertex 1.22598 19.7561 0
    endloop
  endfacet
  facet normal -0.970027 0.242996 0
    outer loop
      vertex 1.22598 19.7561 6
      vertex 1.19617 19.6371 0
      vertex 1.19617 19.6371 6
    endloop
  endfacet
  facet normal 0.0489126 -0.998803 0
    outer loop
      vertex -0.122521 21.244 0
      vertex 0 21.25 6
      vertex -0.122521 21.244 6
    endloop
  endfacet
  facet normal 0.0489126 -0.998803 0
    outer loop
      vertex 0 21.25 6
      vertex -0.122521 21.244 0
      vertex 0 21.25 0
    endloop
  endfacet
  facet normal -0.67165 -0.740869 0
    outer loop
      vertex 0.792991 20.9663 0
      vertex 0.883883 20.8839 6
      vertex 0.792991 20.9663 6
    endloop
  endfacet
  facet normal -0.67165 -0.740869 -0
    outer loop
      vertex 0.883883 20.8839 6
      vertex 0.792991 20.9663 0
      vertex 0.883883 20.8839 0
    endloop
  endfacet
  facet normal 0.427901 -0.903825 0
    outer loop
      vertex -0.589246 21.1024 0
      vertex -0.478354 21.1549 6
      vertex -0.589246 21.1024 6
    endloop
  endfacet
  facet normal 0.427901 -0.903825 0
    outer loop
      vertex -0.478354 21.1549 6
      vertex -0.589246 21.1024 0
      vertex -0.478354 21.1549 0
    endloop
  endfacet
  facet normal 0.67165 -0.740869 0
    outer loop
      vertex -0.883883 20.8839 0
      vertex -0.792991 20.9663 6
      vertex -0.883883 20.8839 6
    endloop
  endfacet
  facet normal 0.67165 -0.740869 0
    outer loop
      vertex -0.792991 20.9663 6
      vertex -0.883883 20.8839 0
      vertex -0.792991 20.9663 0
    endloop
  endfacet
  facet normal -0.3367 0.941612 0
    outer loop
      vertex 0.478354 18.8451 0
      vertex 0.362855 18.8038 6
      vertex 0.478354 18.8451 6
    endloop
  endfacet
  facet normal -0.3367 0.941612 0
    outer loop
      vertex 0.362855 18.8038 6
      vertex 0.478354 18.8451 0
      vertex 0.362855 18.8038 0
    endloop
  endfacet
  facet normal 0.3367 -0.941612 0
    outer loop
      vertex -0.478354 21.1549 0
      vertex -0.362855 21.1962 6
      vertex -0.478354 21.1549 6
    endloop
  endfacet
  facet normal 0.3367 -0.941612 0
    outer loop
      vertex -0.362855 21.1962 6
      vertex -0.478354 21.1549 0
      vertex -0.362855 21.1962 0
    endloop
  endfacet
  facet normal -0.803112 -0.595828 0
    outer loop
      vertex 1.03934 20.6945 0
      vertex 0.966263 20.793 6
      vertex 0.966263 20.793 0
    endloop
  endfacet
  facet normal -0.803112 -0.595828 0
    outer loop
      vertex 0.966263 20.793 6
      vertex 1.03934 20.6945 0
      vertex 1.03934 20.6945 6
    endloop
  endfacet
  facet normal 0.857924 -0.513777 0
    outer loop
      vertex -1.1024 20.5892 6
      vertex -1.03934 20.6945 0
      vertex -1.03934 20.6945 6
    endloop
  endfacet
  facet normal 0.857924 -0.513777 0
    outer loop
      vertex -1.03934 20.6945 0
      vertex -1.1024 20.5892 6
      vertex -1.1024 20.5892 0
    endloop
  endfacet
  facet normal -0.998795 0.0490836 0
    outer loop
      vertex 1.24398 19.8775 0
      vertex 1.25 20 6
      vertex 1.25 20 0
    endloop
  endfacet
  facet normal -0.998795 0.0490836 0
    outer loop
      vertex 1.25 20 6
      vertex 1.24398 19.8775 0
      vertex 1.24398 19.8775 6
    endloop
  endfacet
  facet normal -0.903846 0.427858 0
    outer loop
      vertex 1.1024 19.4108 0
      vertex 1.15485 19.5216 6
      vertex 1.15485 19.5216 0
    endloop
  endfacet
  facet normal -0.903846 0.427858 0
    outer loop
      vertex 1.15485 19.5216 6
      vertex 1.1024 19.4108 0
      vertex 1.1024 19.4108 6
    endloop
  endfacet
  facet normal 0.67165 0.740869 -0
    outer loop
      vertex -0.792991 19.0337 0
      vertex -0.883883 19.1161 6
      vertex -0.792991 19.0337 6
    endloop
  endfacet
  facet normal 0.67165 0.740869 0
    outer loop
      vertex -0.883883 19.1161 6
      vertex -0.792991 19.0337 0
      vertex -0.883883 19.1161 0
    endloop
  endfacet
  facet normal -0.595313 -0.803494 0
    outer loop
      vertex 0.694463 21.0393 0
      vertex 0.792991 20.9663 6
      vertex 0.694463 21.0393 6
    endloop
  endfacet
  facet normal -0.595313 -0.803494 -0
    outer loop
      vertex 0.792991 20.9663 6
      vertex 0.694463 21.0393 0
      vertex 0.792991 20.9663 0
    endloop
  endfacet
  facet normal 0.514315 0.857602 -0
    outer loop
      vertex -0.589246 18.8976 0
      vertex -0.694463 18.9607 6
      vertex -0.589246 18.8976 6
    endloop
  endfacet
  facet normal 0.514315 0.857602 0
    outer loop
      vertex -0.694463 18.9607 6
      vertex -0.589246 18.8976 0
      vertex -0.694463 18.9607 0
    endloop
  endfacet
  facet normal -0.514315 -0.857602 0
    outer loop
      vertex 0.589246 21.1024 0
      vertex 0.694463 21.0393 6
      vertex 0.589246 21.1024 6
    endloop
  endfacet
  facet normal -0.514315 -0.857602 -0
    outer loop
      vertex 0.694463 21.0393 6
      vertex 0.589246 21.1024 0
      vertex 0.694463 21.0393 0
    endloop
  endfacet
  facet normal -0.146737 0.989176 0
    outer loop
      vertex 0.243862 18.774 0
      vertex 0.122521 18.756 6
      vertex 0.243862 18.774 6
    endloop
  endfacet
  facet normal -0.146737 0.989176 0
    outer loop
      vertex 0.122521 18.756 6
      vertex 0.243862 18.774 0
      vertex 0.122521 18.756 0
    endloop
  endfacet
  facet normal -0.941561 -0.336842 0
    outer loop
      vertex 1.19617 20.3629 0
      vertex 1.15485 20.4784 6
      vertex 1.15485 20.4784 0
    endloop
  endfacet
  facet normal -0.941561 -0.336842 0
    outer loop
      vertex 1.15485 20.4784 6
      vertex 1.19617 20.3629 0
      vertex 1.19617 20.3629 6
    endloop
  endfacet
  facet normal -0.857924 0.513777 0
    outer loop
      vertex 1.03934 19.3055 0
      vertex 1.1024 19.4108 6
      vertex 1.1024 19.4108 0
    endloop
  endfacet
  facet normal -0.857924 0.513777 0
    outer loop
      vertex 1.1024 19.4108 6
      vertex 1.03934 19.3055 0
      vertex 1.03934 19.3055 6
    endloop
  endfacet
  facet normal 0.998795 0.0490836 0
    outer loop
      vertex -1.24398 19.8775 6
      vertex -1.25 20 0
      vertex -1.25 20 6
    endloop
  endfacet
  facet normal 0.998795 0.0490836 0
    outer loop
      vertex -1.25 20 0
      vertex -1.24398 19.8775 6
      vertex -1.24398 19.8775 0
    endloop
  endfacet
  facet normal -0.941561 0.336842 0
    outer loop
      vertex 1.15485 19.5216 0
      vertex 1.19617 19.6371 6
      vertex 1.19617 19.6371 0
    endloop
  endfacet
  facet normal -0.941561 0.336842 0
    outer loop
      vertex 1.19617 19.6371 6
      vertex 1.15485 19.5216 0
      vertex 1.15485 19.5216 6
    endloop
  endfacet
  facet normal -0.740979 -0.671528 0
    outer loop
      vertex 0.966263 20.793 0
      vertex 0.883883 20.8839 6
      vertex 0.883883 20.8839 0
    endloop
  endfacet
  facet normal -0.740979 -0.671528 0
    outer loop
      vertex 0.883883 20.8839 6
      vertex 0.966263 20.793 0
      vertex 0.966263 20.793 6
    endloop
  endfacet
  facet normal -0.0489126 -0.998803 0
    outer loop
      vertex 0 21.25 0
      vertex 0.122521 21.244 6
      vertex 0 21.25 6
    endloop
  endfacet
  facet normal -0.0489126 -0.998803 -0
    outer loop
      vertex 0.122521 21.244 6
      vertex 0 21.25 0
      vertex 0.122521 21.244 0
    endloop
  endfacet
  facet normal -0.903846 -0.427858 0
    outer loop
      vertex 1.15485 20.4784 0
      vertex 1.1024 20.5892 6
      vertex 1.1024 20.5892 0
    endloop
  endfacet
  facet normal -0.903846 -0.427858 0
    outer loop
      vertex 1.1024 20.5892 6
      vertex 1.15485 20.4784 0
      vertex 1.15485 20.4784 6
    endloop
  endfacet
  facet normal 0.146737 0.989176 -0
    outer loop
      vertex -0.122521 18.756 0
      vertex -0.243862 18.774 6
      vertex -0.122521 18.756 6
    endloop
  endfacet
  facet normal 0.146737 0.989176 0
    outer loop
      vertex -0.243862 18.774 6
      vertex -0.122521 18.756 0
      vertex -0.243862 18.774 0
    endloop
  endfacet
  facet normal -0.67165 0.740869 0
    outer loop
      vertex 0.883883 19.1161 0
      vertex 0.792991 19.0337 6
      vertex 0.883883 19.1161 6
    endloop
  endfacet
  facet normal -0.67165 0.740869 0
    outer loop
      vertex 0.792991 19.0337 6
      vertex 0.883883 19.1161 0
      vertex 0.792991 19.0337 0
    endloop
  endfacet
  facet normal -0.857924 -0.513777 0
    outer loop
      vertex 1.1024 20.5892 0
      vertex 1.03934 20.6945 6
      vertex 1.03934 20.6945 0
    endloop
  endfacet
  facet normal -0.857924 -0.513777 0
    outer loop
      vertex 1.03934 20.6945 6
      vertex 1.1024 20.5892 0
      vertex 1.1024 20.5892 6
    endloop
  endfacet
  facet normal 0.0489126 0.998803 -0
    outer loop
      vertex 0 18.75 0
      vertex -0.122521 18.756 6
      vertex 0 18.75 6
    endloop
  endfacet
  facet normal 0.0489126 0.998803 0
    outer loop
      vertex -0.122521 18.756 6
      vertex 0 18.75 0
      vertex -0.122521 18.756 0
    endloop
  endfacet
  facet normal 0.740979 -0.671528 0
    outer loop
      vertex -0.966263 20.793 6
      vertex -0.883883 20.8839 0
      vertex -0.883883 20.8839 6
    endloop
  endfacet
  facet normal 0.740979 -0.671528 0
    outer loop
      vertex -0.883883 20.8839 0
      vertex -0.966263 20.793 6
      vertex -0.966263 20.793 0
    endloop
  endfacet
  facet normal 0.146737 -0.989176 0
    outer loop
      vertex -0.243862 21.226 0
      vertex -0.122521 21.244 6
      vertex -0.243862 21.226 6
    endloop
  endfacet
  facet normal 0.146737 -0.989176 0
    outer loop
      vertex -0.122521 21.244 6
      vertex -0.243862 21.226 0
      vertex -0.122521 21.244 0
    endloop
  endfacet
  facet normal 0.903846 -0.427858 0
    outer loop
      vertex -1.15485 20.4784 6
      vertex -1.1024 20.5892 0
      vertex -1.1024 20.5892 6
    endloop
  endfacet
  facet normal 0.903846 -0.427858 0
    outer loop
      vertex -1.1024 20.5892 0
      vertex -1.15485 20.4784 6
      vertex -1.15485 20.4784 0
    endloop
  endfacet
  facet normal 0.970027 -0.242996 0
    outer loop
      vertex -1.22598 20.2439 6
      vertex -1.19617 20.3629 0
      vertex -1.19617 20.3629 6
    endloop
  endfacet
  facet normal 0.970027 -0.242996 0
    outer loop
      vertex -1.19617 20.3629 0
      vertex -1.22598 20.2439 6
      vertex -1.22598 20.2439 0
    endloop
  endfacet
  facet normal -0.242933 -0.970043 0
    outer loop
      vertex 0.243862 21.226 0
      vertex 0.362855 21.1962 6
      vertex 0.243862 21.226 6
    endloop
  endfacet
  facet normal -0.242933 -0.970043 -0
    outer loop
      vertex 0.362855 21.1962 6
      vertex 0.243862 21.226 0
      vertex 0.362855 21.1962 0
    endloop
  endfacet
  facet normal 0.970027 0.242996 0
    outer loop
      vertex -1.19617 19.6371 6
      vertex -1.22598 19.7561 0
      vertex -1.22598 19.7561 6
    endloop
  endfacet
  facet normal 0.970027 0.242996 0
    outer loop
      vertex -1.22598 19.7561 0
      vertex -1.19617 19.6371 6
      vertex -1.19617 19.6371 0
    endloop
  endfacet
  facet normal 0.427901 0.903825 -0
    outer loop
      vertex -0.478354 18.8451 0
      vertex -0.589246 18.8976 6
      vertex -0.478354 18.8451 6
    endloop
  endfacet
  facet normal 0.427901 0.903825 0
    outer loop
      vertex -0.589246 18.8976 6
      vertex -0.478354 18.8451 0
      vertex -0.589246 18.8976 0
    endloop
  endfacet
  facet normal 0.740979 0.671528 0
    outer loop
      vertex -0.883883 19.1161 6
      vertex -0.966263 19.207 0
      vertex -0.966263 19.207 6
    endloop
  endfacet
  facet normal 0.740979 0.671528 0
    outer loop
      vertex -0.966263 19.207 0
      vertex -0.883883 19.1161 6
      vertex -0.883883 19.1161 0
    endloop
  endfacet
  facet normal -0.0489126 0.998803 0
    outer loop
      vertex 0.122521 18.756 0
      vertex 0 18.75 6
      vertex 0.122521 18.756 6
    endloop
  endfacet
  facet normal -0.0489126 0.998803 0
    outer loop
      vertex 0 18.75 6
      vertex 0.122521 18.756 0
      vertex 0 18.75 0
    endloop
  endfacet
  facet normal 0.989186 0.146667 0
    outer loop
      vertex -1.22598 19.7561 6
      vertex -1.24398 19.8775 0
      vertex -1.24398 19.8775 6
    endloop
  endfacet
  facet normal 0.989186 0.146667 0
    outer loop
      vertex -1.24398 19.8775 0
      vertex -1.22598 19.7561 6
      vertex -1.22598 19.7561 0
    endloop
  endfacet
  facet normal -0.595313 0.803494 0
    outer loop
      vertex 0.792991 19.0337 0
      vertex 0.694463 18.9607 6
      vertex 0.792991 19.0337 6
    endloop
  endfacet
  facet normal -0.595313 0.803494 0
    outer loop
      vertex 0.694463 18.9607 6
      vertex 0.792991 19.0337 0
      vertex 0.694463 18.9607 0
    endloop
  endfacet
  facet normal 0.803112 0.595828 0
    outer loop
      vertex -0.966263 19.207 6
      vertex -1.03934 19.3055 0
      vertex -1.03934 19.3055 6
    endloop
  endfacet
  facet normal 0.803112 0.595828 0
    outer loop
      vertex -1.03934 19.3055 0
      vertex -0.966263 19.207 6
      vertex -0.966263 19.207 0
    endloop
  endfacet
  facet normal 0.998795 -0.0490836 0
    outer loop
      vertex -1.25 20 6
      vertex -1.24398 20.1225 0
      vertex -1.24398 20.1225 6
    endloop
  endfacet
  facet normal 0.998795 -0.0490836 0
    outer loop
      vertex -1.24398 20.1225 0
      vertex -1.25 20 6
      vertex -1.25 20 0
    endloop
  endfacet
  facet normal -0.740979 0.671528 0
    outer loop
      vertex 0.883883 19.1161 0
      vertex 0.966263 19.207 6
      vertex 0.966263 19.207 0
    endloop
  endfacet
  facet normal -0.740979 0.671528 0
    outer loop
      vertex 0.966263 19.207 6
      vertex 0.883883 19.1161 0
      vertex 0.883883 19.1161 6
    endloop
  endfacet
endsolid OpenSCAD_Model
