solid OpenSCAD_Model
  facet normal 1 -0 0
    outer loop
      vertex 11.9286 -10.4002 18
      vertex 11.9286 10.4002 0
      vertex 11.9286 10.4002 18
    endloop
  endfacet
  facet normal 1 0 0
    outer loop
      vertex 11.9286 10.4002 0
      vertex 11.9286 -10.4002 18
      vertex 11.9286 -10.4002 0
    endloop
  endfacet
  facet normal 0 0 1
    outer loop
      vertex 78 -3.79302 18
      vertex 76.9952 -4.90198 18
      vertex 77 -5 18
    endloop
  endfacet
  facet normal 0 0 1
    outer loop
      vertex 78 -3.79302 18
      vertex 76.9808 -4.80491 18
      vertex 76.9952 -4.90198 18
    endloop
  endfacet
  facet normal 0 0 1
    outer loop
      vertex 78 -3.79302 18
      vertex 76.9569 -4.70971 18
      vertex 76.9808 -4.80491 18
    endloop
  endfacet
  facet normal 0 0 1
    outer loop
      vertex 78 -3.79302 18
      vertex 76.9239 -4.61732 18
      vertex 76.9569 -4.70971 18
    endloop
  endfacet
  facet normal 0 0 1
    outer loop
      vertex 78 -3.79302 18
      vertex 76.8819 -4.5286 18
      vertex 76.9239 -4.61732 18
    endloop
  endfacet
  facet normal 0 0 1
    outer loop
      vertex 78 -3.79302 18
      vertex 76.8315 -4.44443 18
      vertex 76.8819 -4.5286 18
    endloop
  endfacet
  facet normal 0 0 1
    outer loop
      vertex 78 -3.79302 18
      vertex 76.773 -4.36561 18
      vertex 76.8315 -4.44443 18
    endloop
  endfacet
  facet normal 0 0 1
    outer loop
      vertex 78 -3.79302 18
      vertex 76.7071 -4.29289 18
      vertex 76.773 -4.36561 18
    endloop
  endfacet
  facet normal 0 0 1
    outer loop
      vertex 78 -3.79302 18
      vertex 76.6344 -4.22699 18
      vertex 76.7071 -4.29289 18
    endloop
  endfacet
  facet normal 0 0 1
    outer loop
      vertex 78 -3.79302 18
      vertex 76.5556 -4.16853 18
      vertex 76.6344 -4.22699 18
    endloop
  endfacet
  facet normal 0 0 1
    outer loop
      vertex 78 -3.79302 18
      vertex 76.4714 -4.11808 18
      vertex 76.5556 -4.16853 18
    endloop
  endfacet
  facet normal 0 0 1
    outer loop
      vertex 78 -3.79302 18
      vertex 76.3827 -4.07612 18
      vertex 76.4714 -4.11808 18
    endloop
  endfacet
  facet normal 0 0 1
    outer loop
      vertex 78 -3.79302 18
      vertex 76.2903 -4.04306 18
      vertex 76.3827 -4.07612 18
    endloop
  endfacet
  facet normal 0 0 1
    outer loop
      vertex 78 -3.79302 18
      vertex 76.1951 -4.01921 18
      vertex 76.2903 -4.04306 18
    endloop
  endfacet
  facet normal 0 0 1
    outer loop
      vertex 78 -3.79302 18
      vertex 76.098 -4.00482 18
      vertex 76.1951 -4.01921 18
    endloop
  endfacet
  facet normal 0 0 1
    outer loop
      vertex 78 -3.79302 18
      vertex 76 -4 18
      vertex 76.098 -4.00482 18
    endloop
  endfacet
  facet normal 0 0 1
    outer loop
      vertex 78 -3.79302 18
      vertex 75.902 -4.00482 18
      vertex 76 -4 18
    endloop
  endfacet
  facet normal 0 0 1
    outer loop
      vertex 75.0048 -4.90198 18
      vertex 69.0714 -4.68587 18
      vertex 75 -5 18
    endloop
  endfacet
  facet normal 0 0 1
    outer loop
      vertex 75.0192 -4.80491 18
      vertex 69.0714 -4.68587 18
      vertex 75.0048 -4.90198 18
    endloop
  endfacet
  facet normal 0 0 1
    outer loop
      vertex 75.0431 -4.70971 18
      vertex 69.0714 -4.68587 18
      vertex 75.0192 -4.80491 18
    endloop
  endfacet
  facet normal 0 0 1
    outer loop
      vertex 75.0761 -4.61732 18
      vertex 69.0714 -4.68587 18
      vertex 75.0431 -4.70971 18
    endloop
  endfacet
  facet normal 0 0 1
    outer loop
      vertex 75.1181 -4.5286 18
      vertex 69.0714 -4.68587 18
      vertex 75.0761 -4.61732 18
    endloop
  endfacet
  facet normal 0 0 1
    outer loop
      vertex 75.1685 -4.44443 18
      vertex 69.0714 -4.68587 18
      vertex 75.1181 -4.5286 18
    endloop
  endfacet
  facet normal 0 0 1
    outer loop
      vertex 75.227 -4.36561 18
      vertex 69.0714 -4.68587 18
      vertex 75.1685 -4.44443 18
    endloop
  endfacet
  facet normal 0 0 1
    outer loop
      vertex 75.2929 -4.29289 18
      vertex 69.0714 -4.68587 18
      vertex 75.227 -4.36561 18
    endloop
  endfacet
  facet normal 0 0 1
    outer loop
      vertex 75.3656 -4.22699 18
      vertex 69.0714 -4.68587 18
      vertex 75.2929 -4.29289 18
    endloop
  endfacet
  facet normal 0 0 1
    outer loop
      vertex 75.4444 -4.16853 18
      vertex 69.0714 -4.68587 18
      vertex 75.3656 -4.22699 18
    endloop
  endfacet
  facet normal 0 0 1
    outer loop
      vertex 75.5286 -4.11808 18
      vertex 69.0714 -4.68587 18
      vertex 75.4444 -4.16853 18
    endloop
  endfacet
  facet normal 0 0 1
    outer loop
      vertex 75.6173 -4.07612 18
      vertex 69.0714 -4.68587 18
      vertex 75.5286 -4.11808 18
    endloop
  endfacet
  facet normal 0 0 1
    outer loop
      vertex 75.7097 -4.04306 18
      vertex 69.0714 -4.68587 18
      vertex 75.6173 -4.07612 18
    endloop
  endfacet
  facet normal 0 0 1
    outer loop
      vertex 75.8049 -4.01921 18
      vertex 69.0714 -4.68587 18
      vertex 75.7097 -4.04306 18
    endloop
  endfacet
  facet normal 0 0 1
    outer loop
      vertex 75.902 -4.00482 18
      vertex 69.0714 -4.68587 18
      vertex 75.8049 -4.01921 18
    endloop
  endfacet
  facet normal 0 0 1
    outer loop
      vertex 69.0714 -4.68587 18
      vertex 75.902 -4.00482 18
      vertex 78 -3.79302 18
    endloop
  endfacet
  facet normal 0 0 1
    outer loop
      vertex 78 3.79302 18
      vertex 82 5 18
      vertex 80 5 18
    endloop
  endfacet
  facet normal 0 0 1
    outer loop
      vertex 82 5 18
      vertex 78 3.79302 18
      vertex 82 -5 18
    endloop
  endfacet
  facet normal -0 0 1
    outer loop
      vertex 78 -3.79302 18
      vertex 82 -5 18
      vertex 78 3.79302 18
    endloop
  endfacet
  facet normal 0 0 1
    outer loop
      vertex 80 5 18
      vertex 69.0714 4.68587 18
      vertex 78 3.79302 18
    endloop
  endfacet
  facet normal 0 0 1
    outer loop
      vertex 69.0714 4.68587 18
      vertex 68.0714 4.78587 18
      vertex 69.0714 -4.68587 18
    endloop
  endfacet
  facet normal 0 0 1
    outer loop
      vertex 80 5 18
      vertex 68.0714 4.78587 18
      vertex 69.0714 4.68587 18
    endloop
  endfacet
  facet normal 0 0 1
    outer loop
      vertex 80 5 18
      vertex 57.6429 5.82873 18
      vertex 68.0714 4.78587 18
    endloop
  endfacet
  facet normal 0 0 1
    outer loop
      vertex 57.6429 5.82873 18
      vertex 56.6429 5.92873 18
      vertex 57.6429 -5.82873 18
    endloop
  endfacet
  facet normal 0 0 1
    outer loop
      vertex 80 5 18
      vertex 56.6429 5.92873 18
      vertex 57.6429 5.82873 18
    endloop
  endfacet
  facet normal 0 0 1
    outer loop
      vertex 80 5 18
      vertex 46.2143 6.97159 18
      vertex 56.6429 5.92873 18
    endloop
  endfacet
  facet normal 0 0 1
    outer loop
      vertex 46.2143 6.97159 18
      vertex 45.2143 7.07159 18
      vertex 46.2143 -6.97159 18
    endloop
  endfacet
  facet normal 0 0 1
    outer loop
      vertex 80 5 18
      vertex 45.2143 7.07159 18
      vertex 46.2143 6.97159 18
    endloop
  endfacet
  facet normal 0 0 1
    outer loop
      vertex 80 5 18
      vertex 34.7857 8.11445 18
      vertex 45.2143 7.07159 18
    endloop
  endfacet
  facet normal 0 0 1
    outer loop
      vertex 34.7857 8.11445 18
      vertex 33.7857 8.21445 18
      vertex 34.7857 -8.11445 18
    endloop
  endfacet
  facet normal 0 0 1
    outer loop
      vertex 2 12.8 18
      vertex 34.7857 8.11445 18
      vertex 80 5 18
    endloop
  endfacet
  facet normal 0 0 1
    outer loop
      vertex 34.7857 8.11445 18
      vertex 2 12.8 18
      vertex 33.7857 8.21445 18
    endloop
  endfacet
  facet normal 0 0 1
    outer loop
      vertex 23.3571 9.2573 18
      vertex 22.3571 9.3573 18
      vertex 23.3571 -9.2573 18
    endloop
  endfacet
  facet normal 0 0 1
    outer loop
      vertex 33.7857 8.21445 18
      vertex 2 12.8 18
      vertex 23.3571 9.2573 18
    endloop
  endfacet
  facet normal 0 0 1
    outer loop
      vertex 23.3571 9.2573 18
      vertex 2 12.8 18
      vertex 22.3571 9.3573 18
    endloop
  endfacet
  facet normal 0 0 1
    outer loop
      vertex 11.9286 10.4002 18
      vertex 10.9286 10.5002 18
      vertex 11.9286 -10.4002 18
    endloop
  endfacet
  facet normal 0 0 1
    outer loop
      vertex 22.3571 9.3573 18
      vertex 2 12.8 18
      vertex 11.9286 10.4002 18
    endloop
  endfacet
  facet normal 0 0 1
    outer loop
      vertex 11.9286 10.4002 18
      vertex 2 12.8 18
      vertex 10.9286 10.5002 18
    endloop
  endfacet
  facet normal 0 0 1
    outer loop
      vertex 10.9286 10.5002 18
      vertex 2 12.8 18
      vertex 2 11.393 18
    endloop
  endfacet
  facet normal 0 0 1
    outer loop
      vertex 82 -5 18
      vertex 78 -3.79302 18
      vertex 80 -5 18
    endloop
  endfacet
  facet normal 0 0 1
    outer loop
      vertex 76.9952 -5.09802 18
      vertex 78 -3.79302 18
      vertex 77 -5 18
    endloop
  endfacet
  facet normal 0 0 1
    outer loop
      vertex 78 -3.79302 18
      vertex 76.9952 -5.09802 18
      vertex 80 -5 18
    endloop
  endfacet
  facet normal 0 0 1
    outer loop
      vertex 76.9808 -5.19509 18
      vertex 80 -5 18
      vertex 76.9952 -5.09802 18
    endloop
  endfacet
  facet normal 0 0 1
    outer loop
      vertex 76.9569 -5.29028 18
      vertex 80 -5 18
      vertex 76.9808 -5.19509 18
    endloop
  endfacet
  facet normal 0 0 1
    outer loop
      vertex 80 -5 18
      vertex 76.9569 -5.29028 18
      vertex 76.9517 -5.30483 18
    endloop
  endfacet
  facet normal 0 0 1
    outer loop
      vertex 69.0714 -4.68587 18
      vertex 75.0048 -5.09802 18
      vertex 75 -5 18
    endloop
  endfacet
  facet normal 0 0 1
    outer loop
      vertex 69.0714 -4.68587 18
      vertex 75.0192 -5.19509 18
      vertex 75.0048 -5.09802 18
    endloop
  endfacet
  facet normal 0 0 1
    outer loop
      vertex 69.0714 -4.68587 18
      vertex 75.0431 -5.29028 18
      vertex 75.0192 -5.19509 18
    endloop
  endfacet
  facet normal 0 0 1
    outer loop
      vertex 69.0714 -4.68587 18
      vertex 75.0761 -5.38268 18
      vertex 75.0431 -5.29028 18
    endloop
  endfacet
  facet normal 0 0 1
    outer loop
      vertex 69.0714 -4.68587 18
      vertex 75.1181 -5.4714 18
      vertex 75.0761 -5.38268 18
    endloop
  endfacet
  facet normal 0 0 1
    outer loop
      vertex 69.0714 -4.68587 18
      vertex 75.1276 -5.48724 18
      vertex 75.1181 -5.4714 18
    endloop
  endfacet
  facet normal 0 0 1
    outer loop
      vertex 68.0714 -4.78587 18
      vertex 69.0714 -4.68587 18
      vertex 68.0714 4.78587 18
    endloop
  endfacet
  facet normal -0 0 1
    outer loop
      vertex 68.0714 -4.78587 18
      vertex 75.1276 -5.48724 18
      vertex 69.0714 -4.68587 18
    endloop
  endfacet
  facet normal 0 0 1
    outer loop
      vertex 57.6429 -5.82873 18
      vertex 75.1276 -5.48724 18
      vertex 68.0714 -4.78587 18
    endloop
  endfacet
  facet normal 0 0 1
    outer loop
      vertex 56.6429 -5.92873 18
      vertex 57.6429 -5.82873 18
      vertex 56.6429 5.92873 18
    endloop
  endfacet
  facet normal 0 0 1
    outer loop
      vertex 56.6429 -5.92873 18
      vertex 75.1276 -5.48724 18
      vertex 57.6429 -5.82873 18
    endloop
  endfacet
  facet normal 0 0 1
    outer loop
      vertex 46.2143 -6.97159 18
      vertex 75.1276 -5.48724 18
      vertex 56.6429 -5.92873 18
    endloop
  endfacet
  facet normal 0 0 1
    outer loop
      vertex 45.2143 -7.07159 18
      vertex 46.2143 -6.97159 18
      vertex 45.2143 7.07159 18
    endloop
  endfacet
  facet normal 0 0 1
    outer loop
      vertex 45.2143 -7.07159 18
      vertex 75.1276 -5.48724 18
      vertex 46.2143 -6.97159 18
    endloop
  endfacet
  facet normal 0 0 1
    outer loop
      vertex 34.7857 -8.11445 18
      vertex 75.1276 -5.48724 18
      vertex 45.2143 -7.07159 18
    endloop
  endfacet
  facet normal 0 0 1
    outer loop
      vertex 33.7857 -8.21445 18
      vertex 34.7857 -8.11445 18
      vertex 33.7857 8.21445 18
    endloop
  endfacet
  facet normal 0 0 1
    outer loop
      vertex 33.7857 -8.21445 18
      vertex 75.1276 -5.48724 18
      vertex 34.7857 -8.11445 18
    endloop
  endfacet
  facet normal 0 0 1
    outer loop
      vertex 2 -12.8 18
      vertex 33.7857 -8.21445 18
      vertex 23.3571 -9.2573 18
    endloop
  endfacet
  facet normal 0 0 1
    outer loop
      vertex 22.3571 -9.3573 18
      vertex 23.3571 -9.2573 18
      vertex 22.3571 9.3573 18
    endloop
  endfacet
  facet normal 0 0 1
    outer loop
      vertex 2 -12.8 18
      vertex 23.3571 -9.2573 18
      vertex 22.3571 -9.3573 18
    endloop
  endfacet
  facet normal 0 0 1
    outer loop
      vertex 2 -12.8 18
      vertex 22.3571 -9.3573 18
      vertex 11.9286 -10.4002 18
    endloop
  endfacet
  facet normal 0 0 1
    outer loop
      vertex 10.9286 -10.5002 18
      vertex 11.9286 -10.4002 18
      vertex 10.9286 10.5002 18
    endloop
  endfacet
  facet normal 0 0 1
    outer loop
      vertex 2 -12.8 18
      vertex 11.9286 -10.4002 18
      vertex 10.9286 -10.5002 18
    endloop
  endfacet
  facet normal 0 0 1
    outer loop
      vertex 2 -12.8 18
      vertex 10.9286 -10.5002 18
      vertex 2 -11.393 18
    endloop
  endfacet
  facet normal -0 0 1
    outer loop
      vertex 33.7857 -8.21445 18
      vertex 2 -12.8 18
      vertex 75.1276 -5.48724 18
    endloop
  endfacet
  facet normal 0 0 1
    outer loop
      vertex -1.46889 5.53554 18
      vertex 2 11.393 18
      vertex -1.43074 5.68785 18
    endloop
  endfacet
  facet normal 0 0 1
    outer loop
      vertex 2 -11.393 18
      vertex -1.4077 -5.84317 18
      vertex -1.4 -6 18
    endloop
  endfacet
  facet normal 0 0 1
    outer loop
      vertex 2 11.393 18
      vertex -1.46889 5.53554 18
      vertex 2 -11.393 18
    endloop
  endfacet
  facet normal 0 0 1
    outer loop
      vertex 2 -11.393 18
      vertex -1.43074 -5.68785 18
      vertex -1.4077 -5.84317 18
    endloop
  endfacet
  facet normal -0 0 1
    outer loop
      vertex -1.46889 -5.53554 18
      vertex 2 -11.393 18
      vertex -1.46889 5.53554 18
    endloop
  endfacet
  facet normal 0 0 1
    outer loop
      vertex 2 -11.393 18
      vertex -1.46889 -5.53554 18
      vertex -1.43074 -5.68785 18
    endloop
  endfacet
  facet normal -0 0 1
    outer loop
      vertex -1.52179 5.38771 18
      vertex -1.46889 -5.53554 18
      vertex -1.46889 5.53554 18
    endloop
  endfacet
  facet normal 0 0 1
    outer loop
      vertex -1.52179 5.38771 18
      vertex -1.52179 -5.38771 18
      vertex -1.46889 -5.53554 18
    endloop
  endfacet
  facet normal -0 0 1
    outer loop
      vertex -1.58893 5.24576 18
      vertex -1.52179 -5.38771 18
      vertex -1.52179 5.38771 18
    endloop
  endfacet
  facet normal 0 0 1
    outer loop
      vertex -1.58893 5.24576 18
      vertex -1.58893 -5.24576 18
      vertex -1.52179 -5.38771 18
    endloop
  endfacet
  facet normal -0 0 1
    outer loop
      vertex -1.66965 5.11109 18
      vertex -1.58893 -5.24576 18
      vertex -1.58893 5.24576 18
    endloop
  endfacet
  facet normal 0 0 1
    outer loop
      vertex -1.66965 5.11109 18
      vertex -1.66965 -5.11109 18
      vertex -1.58893 -5.24576 18
    endloop
  endfacet
  facet normal -0 0 1
    outer loop
      vertex -1.76318 4.98497 18
      vertex -1.66965 -5.11109 18
      vertex -1.66965 5.11109 18
    endloop
  endfacet
  facet normal 0 0 1
    outer loop
      vertex -1.76318 4.98497 18
      vertex -1.76318 -4.98497 18
      vertex -1.66965 -5.11109 18
    endloop
  endfacet
  facet normal -0 0 1
    outer loop
      vertex -1.86863 4.86863 18
      vertex -1.76318 -4.98497 18
      vertex -1.76318 4.98497 18
    endloop
  endfacet
  facet normal 0 0 1
    outer loop
      vertex -1.86863 4.86863 18
      vertex -1.86863 -4.86863 18
      vertex -1.76318 -4.98497 18
    endloop
  endfacet
  facet normal -0 0 1
    outer loop
      vertex -1.98497 4.76318 18
      vertex -1.86863 -4.86863 18
      vertex -1.86863 4.86863 18
    endloop
  endfacet
  facet normal 0 0 1
    outer loop
      vertex -1.98497 4.76318 18
      vertex -1.98497 -4.76318 18
      vertex -1.86863 -4.86863 18
    endloop
  endfacet
  facet normal -0 0 1
    outer loop
      vertex -2.11109 4.66965 18
      vertex -1.98497 -4.76318 18
      vertex -1.98497 4.76318 18
    endloop
  endfacet
  facet normal 0 0 1
    outer loop
      vertex -2.11109 4.66965 18
      vertex -2.11109 -4.66965 18
      vertex -1.98497 -4.76318 18
    endloop
  endfacet
  facet normal -0 0 1
    outer loop
      vertex -2.24576 4.58893 18
      vertex -2.11109 -4.66965 18
      vertex -2.11109 4.66965 18
    endloop
  endfacet
  facet normal 0 0 1
    outer loop
      vertex -2.24576 4.58893 18
      vertex -2.24576 -4.58893 18
      vertex -2.11109 -4.66965 18
    endloop
  endfacet
  facet normal -0 0 1
    outer loop
      vertex -2.38771 4.52179 18
      vertex -2.24576 -4.58893 18
      vertex -2.24576 4.58893 18
    endloop
  endfacet
  facet normal 0 0 1
    outer loop
      vertex -2.38771 4.52179 18
      vertex -2.38771 -4.52179 18
      vertex -2.24576 -4.58893 18
    endloop
  endfacet
  facet normal -0 0 1
    outer loop
      vertex -2.53554 4.46889 18
      vertex -2.38771 -4.52179 18
      vertex -2.38771 4.52179 18
    endloop
  endfacet
  facet normal 0 0 1
    outer loop
      vertex -2.53554 4.46889 18
      vertex -2.53554 -4.46889 18
      vertex -2.38771 -4.52179 18
    endloop
  endfacet
  facet normal -0 0 1
    outer loop
      vertex -2.68785 4.43074 18
      vertex -2.53554 -4.46889 18
      vertex -2.53554 4.46889 18
    endloop
  endfacet
  facet normal 0 0 1
    outer loop
      vertex -2.68785 4.43074 18
      vertex -2.68785 -4.43074 18
      vertex -2.53554 -4.46889 18
    endloop
  endfacet
  facet normal -0 0 1
    outer loop
      vertex -2.84317 4.4077 18
      vertex -2.68785 -4.43074 18
      vertex -2.68785 4.43074 18
    endloop
  endfacet
  facet normal 0 0 1
    outer loop
      vertex -2.84317 4.4077 18
      vertex -2.84317 -4.4077 18
      vertex -2.68785 -4.43074 18
    endloop
  endfacet
  facet normal -0 0 1
    outer loop
      vertex -3 4.4 18
      vertex -2.84317 -4.4077 18
      vertex -2.84317 4.4077 18
    endloop
  endfacet
  facet normal 0 0 1
    outer loop
      vertex -3 4.4 18
      vertex -3 -4.4 18
      vertex -2.84317 -4.4077 18
    endloop
  endfacet
  facet normal 0 0 1
    outer loop
      vertex -3.15683 4.4077 18
      vertex -3 -4.4 18
      vertex -3 4.4 18
    endloop
  endfacet
  facet normal 0 0 1
    outer loop
      vertex -3.15683 4.4077 18
      vertex -3.15683 -4.4077 18
      vertex -3 -4.4 18
    endloop
  endfacet
  facet normal 0 0 1
    outer loop
      vertex -3.31214 4.43074 18
      vertex -3.15683 -4.4077 18
      vertex -3.15683 4.4077 18
    endloop
  endfacet
  facet normal 0 0 1
    outer loop
      vertex -3.31214 4.43074 18
      vertex -3.31214 -4.43074 18
      vertex -3.15683 -4.4077 18
    endloop
  endfacet
  facet normal 0 0 1
    outer loop
      vertex -3.46445 4.46889 18
      vertex -3.31214 -4.43074 18
      vertex -3.31214 4.43074 18
    endloop
  endfacet
  facet normal 0 0 1
    outer loop
      vertex -3.46445 4.46889 18
      vertex -3.46445 -4.46889 18
      vertex -3.31214 -4.43074 18
    endloop
  endfacet
  facet normal 0 0 1
    outer loop
      vertex -3.61229 4.52179 18
      vertex -3.46445 -4.46889 18
      vertex -3.46445 4.46889 18
    endloop
  endfacet
  facet normal 0 0 1
    outer loop
      vertex -3.61229 4.52179 18
      vertex -3.61229 -4.52179 18
      vertex -3.46445 -4.46889 18
    endloop
  endfacet
  facet normal 0 0 1
    outer loop
      vertex -3.75423 4.58893 18
      vertex -3.61229 -4.52179 18
      vertex -3.61229 4.52179 18
    endloop
  endfacet
  facet normal 0 0 1
    outer loop
      vertex -3.75423 4.58893 18
      vertex -3.75423 -4.58893 18
      vertex -3.61229 -4.52179 18
    endloop
  endfacet
  facet normal 0 0 1
    outer loop
      vertex -3.88891 4.66965 18
      vertex -3.75423 -4.58893 18
      vertex -3.75423 4.58893 18
    endloop
  endfacet
  facet normal 0 0 1
    outer loop
      vertex -3.88891 4.66965 18
      vertex -3.88891 -4.66965 18
      vertex -3.75423 -4.58893 18
    endloop
  endfacet
  facet normal 0 0 1
    outer loop
      vertex -4.01503 4.76318 18
      vertex -3.88891 -4.66965 18
      vertex -3.88891 4.66965 18
    endloop
  endfacet
  facet normal 0 0 1
    outer loop
      vertex -4.01503 4.76318 18
      vertex -4.01503 -4.76318 18
      vertex -3.88891 -4.66965 18
    endloop
  endfacet
  facet normal 0 0 1
    outer loop
      vertex -4.13137 4.86863 18
      vertex -4.01503 -4.76318 18
      vertex -4.01503 4.76318 18
    endloop
  endfacet
  facet normal 0 0 1
    outer loop
      vertex -4.13137 4.86863 18
      vertex -4.13137 -4.86863 18
      vertex -4.01503 -4.76318 18
    endloop
  endfacet
  facet normal 0 0 1
    outer loop
      vertex -4.23682 4.98497 18
      vertex -4.13137 -4.86863 18
      vertex -4.13137 4.86863 18
    endloop
  endfacet
  facet normal 0 0 1
    outer loop
      vertex -4.23682 4.98497 18
      vertex -4.23682 -4.98497 18
      vertex -4.13137 -4.86863 18
    endloop
  endfacet
  facet normal 0 0 1
    outer loop
      vertex -4.33035 5.11109 18
      vertex -4.23682 -4.98497 18
      vertex -4.23682 4.98497 18
    endloop
  endfacet
  facet normal 0 0 1
    outer loop
      vertex -4.33035 5.11109 18
      vertex -4.33035 -5.11109 18
      vertex -4.23682 -4.98497 18
    endloop
  endfacet
  facet normal 0 0 1
    outer loop
      vertex -4.41107 5.24576 18
      vertex -4.33035 -5.11109 18
      vertex -4.33035 5.11109 18
    endloop
  endfacet
  facet normal 0 0 1
    outer loop
      vertex -4.41107 5.24576 18
      vertex -4.41107 -5.24576 18
      vertex -4.33035 -5.11109 18
    endloop
  endfacet
  facet normal 0 0 1
    outer loop
      vertex -4.47821 5.38771 18
      vertex -4.41107 -5.24576 18
      vertex -4.41107 5.24576 18
    endloop
  endfacet
  facet normal 0 0 1
    outer loop
      vertex -4.47821 5.38771 18
      vertex -4.47821 -5.38771 18
      vertex -4.41107 -5.24576 18
    endloop
  endfacet
  facet normal 0 0 1
    outer loop
      vertex -4.5311 5.53554 18
      vertex -4.47821 -5.38771 18
      vertex -4.47821 5.38771 18
    endloop
  endfacet
  facet normal 0 0 1
    outer loop
      vertex -4.5311 5.53554 18
      vertex -4.5311 -5.53554 18
      vertex -4.47821 -5.38771 18
    endloop
  endfacet
  facet normal 0 0 1
    outer loop
      vertex -4.56926 5.68785 18
      vertex -4.5311 -5.53554 18
      vertex -4.5311 5.53554 18
    endloop
  endfacet
  facet normal 0 0 1
    outer loop
      vertex -4.56926 5.68785 18
      vertex -4.56926 -5.68785 18
      vertex -4.5311 -5.53554 18
    endloop
  endfacet
  facet normal 0 0 1
    outer loop
      vertex -8 13 18
      vertex -4.56926 5.68785 18
      vertex -4.59229 5.84317 18
    endloop
  endfacet
  facet normal 0 0 1
    outer loop
      vertex -4.56926 5.68785 18
      vertex -8 13 18
      vertex -4.56926 -5.68785 18
    endloop
  endfacet
  facet normal 0 0 1
    outer loop
      vertex -8 13 18
      vertex -4.59229 5.84317 18
      vertex -4.6 6 18
    endloop
  endfacet
  facet normal 0 0 1
    outer loop
      vertex -8 -13 18
      vertex -4.56926 -5.68785 18
      vertex -8 13 18
    endloop
  endfacet
  facet normal -0 0 1
    outer loop
      vertex -8 13 18
      vertex 2 12.8 18
      vertex 2 13 18
    endloop
  endfacet
  facet normal 0 0 1
    outer loop
      vertex 2 12.8 18
      vertex -2.84317 7.59229 18
      vertex 2 11.393 18
    endloop
  endfacet
  facet normal 0 0 1
    outer loop
      vertex -1.4077 5.84317 18
      vertex 2 11.393 18
      vertex -1.4 6 18
    endloop
  endfacet
  facet normal 0 0 1
    outer loop
      vertex -1.43074 5.68785 18
      vertex 2 11.393 18
      vertex -1.4077 5.84317 18
    endloop
  endfacet
  facet normal -0 0 1
    outer loop
      vertex -1.4077 -6.15683 18
      vertex 2 -11.393 18
      vertex -1.4 -6 18
    endloop
  endfacet
  facet normal 0 0 1
    outer loop
      vertex 2 11.393 18
      vertex -1.4077 6.15683 18
      vertex -1.4 6 18
    endloop
  endfacet
  facet normal 0 0 1
    outer loop
      vertex 2 11.393 18
      vertex -1.43074 6.31214 18
      vertex -1.4077 6.15683 18
    endloop
  endfacet
  facet normal 0 0 1
    outer loop
      vertex 2 11.393 18
      vertex -1.46889 6.46445 18
      vertex -1.43074 6.31214 18
    endloop
  endfacet
  facet normal 0 0 1
    outer loop
      vertex 2 11.393 18
      vertex -1.52179 6.61229 18
      vertex -1.46889 6.46445 18
    endloop
  endfacet
  facet normal 0 0 1
    outer loop
      vertex 2 11.393 18
      vertex -1.58893 6.75423 18
      vertex -1.52179 6.61229 18
    endloop
  endfacet
  facet normal 0 0 1
    outer loop
      vertex 2 11.393 18
      vertex -1.66965 6.88891 18
      vertex -1.58893 6.75423 18
    endloop
  endfacet
  facet normal 0 0 1
    outer loop
      vertex 2 11.393 18
      vertex -1.76318 7.01503 18
      vertex -1.66965 6.88891 18
    endloop
  endfacet
  facet normal 0 0 1
    outer loop
      vertex 2 11.393 18
      vertex -1.86863 7.13137 18
      vertex -1.76318 7.01503 18
    endloop
  endfacet
  facet normal 0 0 1
    outer loop
      vertex 2 11.393 18
      vertex -1.98497 7.23682 18
      vertex -1.86863 7.13137 18
    endloop
  endfacet
  facet normal 0 0 1
    outer loop
      vertex 2 11.393 18
      vertex -2.11109 7.33035 18
      vertex -1.98497 7.23682 18
    endloop
  endfacet
  facet normal 0 0 1
    outer loop
      vertex 2 11.393 18
      vertex -2.24576 7.41107 18
      vertex -2.11109 7.33035 18
    endloop
  endfacet
  facet normal 0 0 1
    outer loop
      vertex 2 11.393 18
      vertex -2.38771 7.47821 18
      vertex -2.24576 7.41107 18
    endloop
  endfacet
  facet normal 0 0 1
    outer loop
      vertex 2 11.393 18
      vertex -2.53554 7.5311 18
      vertex -2.38771 7.47821 18
    endloop
  endfacet
  facet normal 0 0 1
    outer loop
      vertex 2 11.393 18
      vertex -2.68785 7.56926 18
      vertex -2.53554 7.5311 18
    endloop
  endfacet
  facet normal 0 0 1
    outer loop
      vertex 2 11.393 18
      vertex -2.84317 7.59229 18
      vertex -2.68785 7.56926 18
    endloop
  endfacet
  facet normal 0 0 1
    outer loop
      vertex 2 12.8 18
      vertex -3 7.6 18
      vertex -2.84317 7.59229 18
    endloop
  endfacet
  facet normal 0 0 1
    outer loop
      vertex 2 12.8 18
      vertex -8 13 18
      vertex -3 7.6 18
    endloop
  endfacet
  facet normal 0 0 1
    outer loop
      vertex -3 7.6 18
      vertex -8 13 18
      vertex -3.15683 7.59229 18
    endloop
  endfacet
  facet normal 0 0 1
    outer loop
      vertex -3.15683 7.59229 18
      vertex -8 13 18
      vertex -3.31214 7.56926 18
    endloop
  endfacet
  facet normal 0 0 1
    outer loop
      vertex -3.31214 7.56926 18
      vertex -8 13 18
      vertex -3.46445 7.5311 18
    endloop
  endfacet
  facet normal 0 0 1
    outer loop
      vertex -3.46445 7.5311 18
      vertex -8 13 18
      vertex -3.61229 7.47821 18
    endloop
  endfacet
  facet normal 0 0 1
    outer loop
      vertex -3.61229 7.47821 18
      vertex -8 13 18
      vertex -3.75423 7.41107 18
    endloop
  endfacet
  facet normal 0 0 1
    outer loop
      vertex -3.75423 7.41107 18
      vertex -8 13 18
      vertex -3.88891 7.33035 18
    endloop
  endfacet
  facet normal 0 0 1
    outer loop
      vertex -3.88891 7.33035 18
      vertex -8 13 18
      vertex -4.01503 7.23682 18
    endloop
  endfacet
  facet normal 0 0 1
    outer loop
      vertex -4.56926 -5.68785 18
      vertex -8 -13 18
      vertex -4.59229 -5.84317 18
    endloop
  endfacet
  facet normal 0 0 1
    outer loop
      vertex -4.59229 6.15683 18
      vertex -8 13 18
      vertex -4.6 6 18
    endloop
  endfacet
  facet normal 0 0 1
    outer loop
      vertex -4.56926 6.31214 18
      vertex -8 13 18
      vertex -4.59229 6.15683 18
    endloop
  endfacet
  facet normal 0 0 1
    outer loop
      vertex -4.5311 6.46445 18
      vertex -8 13 18
      vertex -4.56926 6.31214 18
    endloop
  endfacet
  facet normal 0 0 1
    outer loop
      vertex -4.47821 6.61229 18
      vertex -8 13 18
      vertex -4.5311 6.46445 18
    endloop
  endfacet
  facet normal 0 0 1
    outer loop
      vertex -4.41107 6.75423 18
      vertex -8 13 18
      vertex -4.47821 6.61229 18
    endloop
  endfacet
  facet normal 0 0 1
    outer loop
      vertex -4.33035 6.88891 18
      vertex -8 13 18
      vertex -4.41107 6.75423 18
    endloop
  endfacet
  facet normal 0 0 1
    outer loop
      vertex -4.23682 7.01503 18
      vertex -8 13 18
      vertex -4.33035 6.88891 18
    endloop
  endfacet
  facet normal 0 0 1
    outer loop
      vertex -4.13137 7.13137 18
      vertex -8 13 18
      vertex -4.23682 7.01503 18
    endloop
  endfacet
  facet normal 0 0 1
    outer loop
      vertex -4.01503 7.23682 18
      vertex -8 13 18
      vertex -4.13137 7.13137 18
    endloop
  endfacet
  facet normal -0 0 1
    outer loop
      vertex -1.43074 -6.31214 18
      vertex 2 -11.393 18
      vertex -1.4077 -6.15683 18
    endloop
  endfacet
  facet normal -0 0 1
    outer loop
      vertex -1.46889 -6.46445 18
      vertex 2 -11.393 18
      vertex -1.43074 -6.31214 18
    endloop
  endfacet
  facet normal -0 0 1
    outer loop
      vertex -1.52179 -6.61229 18
      vertex 2 -11.393 18
      vertex -1.46889 -6.46445 18
    endloop
  endfacet
  facet normal -0 0 1
    outer loop
      vertex -1.58893 -6.75423 18
      vertex 2 -11.393 18
      vertex -1.52179 -6.61229 18
    endloop
  endfacet
  facet normal -0 0 1
    outer loop
      vertex -1.66965 -6.88891 18
      vertex 2 -11.393 18
      vertex -1.58893 -6.75423 18
    endloop
  endfacet
  facet normal -0 0 1
    outer loop
      vertex -1.76318 -7.01503 18
      vertex 2 -11.393 18
      vertex -1.66965 -6.88891 18
    endloop
  endfacet
  facet normal -0 0 1
    outer loop
      vertex -1.86863 -7.13137 18
      vertex 2 -11.393 18
      vertex -1.76318 -7.01503 18
    endloop
  endfacet
  facet normal -0 0 1
    outer loop
      vertex -1.98497 -7.23682 18
      vertex 2 -11.393 18
      vertex -1.86863 -7.13137 18
    endloop
  endfacet
  facet normal -0 0 1
    outer loop
      vertex -2.11109 -7.33035 18
      vertex 2 -11.393 18
      vertex -1.98497 -7.23682 18
    endloop
  endfacet
  facet normal -0 0 1
    outer loop
      vertex -2.24576 -7.41107 18
      vertex 2 -11.393 18
      vertex -2.11109 -7.33035 18
    endloop
  endfacet
  facet normal -0 0 1
    outer loop
      vertex -2.38771 -7.47821 18
      vertex 2 -11.393 18
      vertex -2.24576 -7.41107 18
    endloop
  endfacet
  facet normal -0 0 1
    outer loop
      vertex -2.53554 -7.5311 18
      vertex 2 -11.393 18
      vertex -2.38771 -7.47821 18
    endloop
  endfacet
  facet normal -0 0 1
    outer loop
      vertex -2.68785 -7.56926 18
      vertex 2 -11.393 18
      vertex -2.53554 -7.5311 18
    endloop
  endfacet
  facet normal -0 0 1
    outer loop
      vertex -2.84317 -7.59229 18
      vertex 2 -11.393 18
      vertex -2.68785 -7.56926 18
    endloop
  endfacet
  facet normal 0 0 1
    outer loop
      vertex 2 -11.393 18
      vertex -2.84317 -7.59229 18
      vertex 2 -12.8 18
    endloop
  endfacet
  facet normal -0 0 1
    outer loop
      vertex -3 -7.6 18
      vertex 2 -12.8 18
      vertex -2.84317 -7.59229 18
    endloop
  endfacet
  facet normal 0 0 1
    outer loop
      vertex -8 -13 18
      vertex 2 -12.8 18
      vertex -3 -7.6 18
    endloop
  endfacet
  facet normal 0 0 1
    outer loop
      vertex -8 -13 18
      vertex -3 -7.6 18
      vertex -3.15683 -7.59229 18
    endloop
  endfacet
  facet normal 0 0 1
    outer loop
      vertex -8 -13 18
      vertex -3.15683 -7.59229 18
      vertex -3.31214 -7.56926 18
    endloop
  endfacet
  facet normal 0 0 1
    outer loop
      vertex -8 -13 18
      vertex -3.31214 -7.56926 18
      vertex -3.46445 -7.5311 18
    endloop
  endfacet
  facet normal 0 0 1
    outer loop
      vertex -8 -13 18
      vertex -3.46445 -7.5311 18
      vertex -3.61229 -7.47821 18
    endloop
  endfacet
  facet normal 0 0 1
    outer loop
      vertex -8 -13 18
      vertex -3.61229 -7.47821 18
      vertex -3.75423 -7.41107 18
    endloop
  endfacet
  facet normal 0 0 1
    outer loop
      vertex -8 -13 18
      vertex -3.75423 -7.41107 18
      vertex -3.88891 -7.33035 18
    endloop
  endfacet
  facet normal 0 0 1
    outer loop
      vertex -8 -13 18
      vertex -3.88891 -7.33035 18
      vertex -4.01503 -7.23682 18
    endloop
  endfacet
  facet normal 0 0 1
    outer loop
      vertex -8 -13 18
      vertex -4.01503 -7.23682 18
      vertex -4.13137 -7.13137 18
    endloop
  endfacet
  facet normal 0 0 1
    outer loop
      vertex -4.59229 -5.84317 18
      vertex -8 -13 18
      vertex -4.6 -6 18
    endloop
  endfacet
  facet normal 0 0 1
    outer loop
      vertex -4.6 -6 18
      vertex -8 -13 18
      vertex -4.59229 -6.15683 18
    endloop
  endfacet
  facet normal 0 0 1
    outer loop
      vertex 2 -12.8 18
      vertex -8 -13 18
      vertex 2 -13 18
    endloop
  endfacet
  facet normal 0 0 1
    outer loop
      vertex -4.23682 -7.01503 18
      vertex -8 -13 18
      vertex -4.13137 -7.13137 18
    endloop
  endfacet
  facet normal 0 0 1
    outer loop
      vertex -4.33035 -6.88891 18
      vertex -8 -13 18
      vertex -4.23682 -7.01503 18
    endloop
  endfacet
  facet normal 0 0 1
    outer loop
      vertex -4.41107 -6.75423 18
      vertex -8 -13 18
      vertex -4.33035 -6.88891 18
    endloop
  endfacet
  facet normal 0 0 1
    outer loop
      vertex -4.47821 -6.61229 18
      vertex -8 -13 18
      vertex -4.41107 -6.75423 18
    endloop
  endfacet
  facet normal 0 0 1
    outer loop
      vertex -4.5311 -6.46445 18
      vertex -8 -13 18
      vertex -4.47821 -6.61229 18
    endloop
  endfacet
  facet normal 0 0 1
    outer loop
      vertex -4.56926 -6.31214 18
      vertex -8 -13 18
      vertex -4.5311 -6.46445 18
    endloop
  endfacet
  facet normal 0 0 1
    outer loop
      vertex -4.59229 -6.15683 18
      vertex -8 -13 18
      vertex -4.56926 -6.31214 18
    endloop
  endfacet
  facet normal 0 0 -1
    outer loop
      vertex -1.46889 -5.53554 0
      vertex 2 -11.393 0
      vertex -1.43074 -5.68785 0
    endloop
  endfacet
  facet normal 0 0 -1
    outer loop
      vertex 2 11.393 0
      vertex -1.4077 5.84317 0
      vertex -1.4 6 0
    endloop
  endfacet
  facet normal 0 0 -1
    outer loop
      vertex 2 -11.393 0
      vertex -1.46889 -5.53554 0
      vertex 2 11.393 0
    endloop
  endfacet
  facet normal 0 0 -1
    outer loop
      vertex 2 11.393 0
      vertex -1.43074 5.68785 0
      vertex -1.4077 5.84317 0
    endloop
  endfacet
  facet normal 0 0 -1
    outer loop
      vertex -1.46889 5.53554 0
      vertex 2 11.393 0
      vertex -1.46889 -5.53554 0
    endloop
  endfacet
  facet normal 0 0 -1
    outer loop
      vertex 2 11.393 0
      vertex -1.46889 5.53554 0
      vertex -1.43074 5.68785 0
    endloop
  endfacet
  facet normal 0 0 -1
    outer loop
      vertex -1.52179 -5.38771 0
      vertex -1.46889 5.53554 0
      vertex -1.46889 -5.53554 0
    endloop
  endfacet
  facet normal 0 0 -1
    outer loop
      vertex -1.52179 -5.38771 0
      vertex -1.52179 5.38771 0
      vertex -1.46889 5.53554 0
    endloop
  endfacet
  facet normal 0 0 -1
    outer loop
      vertex -1.58893 -5.24576 0
      vertex -1.52179 5.38771 0
      vertex -1.52179 -5.38771 0
    endloop
  endfacet
  facet normal 0 0 -1
    outer loop
      vertex -1.58893 -5.24576 0
      vertex -1.58893 5.24576 0
      vertex -1.52179 5.38771 0
    endloop
  endfacet
  facet normal 0 0 -1
    outer loop
      vertex -1.66965 -5.11109 0
      vertex -1.58893 5.24576 0
      vertex -1.58893 -5.24576 0
    endloop
  endfacet
  facet normal 0 0 -1
    outer loop
      vertex -1.66965 -5.11109 0
      vertex -1.66965 5.11109 0
      vertex -1.58893 5.24576 0
    endloop
  endfacet
  facet normal 0 0 -1
    outer loop
      vertex -1.76318 -4.98497 0
      vertex -1.66965 5.11109 0
      vertex -1.66965 -5.11109 0
    endloop
  endfacet
  facet normal 0 0 -1
    outer loop
      vertex -1.76318 -4.98497 0
      vertex -1.76318 4.98497 0
      vertex -1.66965 5.11109 0
    endloop
  endfacet
  facet normal 0 0 -1
    outer loop
      vertex -1.86863 -4.86863 0
      vertex -1.76318 4.98497 0
      vertex -1.76318 -4.98497 0
    endloop
  endfacet
  facet normal 0 0 -1
    outer loop
      vertex -1.86863 -4.86863 0
      vertex -1.86863 4.86863 0
      vertex -1.76318 4.98497 0
    endloop
  endfacet
  facet normal 0 0 -1
    outer loop
      vertex -1.98497 -4.76318 0
      vertex -1.86863 4.86863 0
      vertex -1.86863 -4.86863 0
    endloop
  endfacet
  facet normal 0 0 -1
    outer loop
      vertex -1.98497 -4.76318 0
      vertex -1.98497 4.76318 0
      vertex -1.86863 4.86863 0
    endloop
  endfacet
  facet normal 0 0 -1
    outer loop
      vertex -2.11109 -4.66965 0
      vertex -1.98497 4.76318 0
      vertex -1.98497 -4.76318 0
    endloop
  endfacet
  facet normal 0 0 -1
    outer loop
      vertex -2.11109 -4.66965 0
      vertex -2.11109 4.66965 0
      vertex -1.98497 4.76318 0
    endloop
  endfacet
  facet normal 0 0 -1
    outer loop
      vertex -2.24576 -4.58893 0
      vertex -2.11109 4.66965 0
      vertex -2.11109 -4.66965 0
    endloop
  endfacet
  facet normal 0 0 -1
    outer loop
      vertex -2.24576 -4.58893 0
      vertex -2.24576 4.58893 0
      vertex -2.11109 4.66965 0
    endloop
  endfacet
  facet normal 0 0 -1
    outer loop
      vertex -2.38771 -4.52179 0
      vertex -2.24576 4.58893 0
      vertex -2.24576 -4.58893 0
    endloop
  endfacet
  facet normal 0 0 -1
    outer loop
      vertex -2.38771 -4.52179 0
      vertex -2.38771 4.52179 0
      vertex -2.24576 4.58893 0
    endloop
  endfacet
  facet normal 0 0 -1
    outer loop
      vertex -2.53554 -4.46889 0
      vertex -2.38771 4.52179 0
      vertex -2.38771 -4.52179 0
    endloop
  endfacet
  facet normal 0 0 -1
    outer loop
      vertex -2.53554 -4.46889 0
      vertex -2.53554 4.46889 0
      vertex -2.38771 4.52179 0
    endloop
  endfacet
  facet normal 0 0 -1
    outer loop
      vertex -2.68785 -4.43074 0
      vertex -2.53554 4.46889 0
      vertex -2.53554 -4.46889 0
    endloop
  endfacet
  facet normal 0 0 -1
    outer loop
      vertex -2.68785 -4.43074 0
      vertex -2.68785 4.43074 0
      vertex -2.53554 4.46889 0
    endloop
  endfacet
  facet normal 0 0 -1
    outer loop
      vertex -2.84317 -4.4077 0
      vertex -2.68785 4.43074 0
      vertex -2.68785 -4.43074 0
    endloop
  endfacet
  facet normal 0 0 -1
    outer loop
      vertex -2.84317 -4.4077 0
      vertex -2.84317 4.4077 0
      vertex -2.68785 4.43074 0
    endloop
  endfacet
  facet normal 0 0 -1
    outer loop
      vertex -3 -4.4 0
      vertex -2.84317 4.4077 0
      vertex -2.84317 -4.4077 0
    endloop
  endfacet
  facet normal 0 0 -1
    outer loop
      vertex -3 -4.4 0
      vertex -3 4.4 0
      vertex -2.84317 4.4077 0
    endloop
  endfacet
  facet normal 0 0 -1
    outer loop
      vertex -3.15683 -4.4077 0
      vertex -3 4.4 0
      vertex -3 -4.4 0
    endloop
  endfacet
  facet normal 0 0 -1
    outer loop
      vertex -3.15683 -4.4077 0
      vertex -3.15683 4.4077 0
      vertex -3 4.4 0
    endloop
  endfacet
  facet normal 0 0 -1
    outer loop
      vertex -3.31214 -4.43074 0
      vertex -3.15683 4.4077 0
      vertex -3.15683 -4.4077 0
    endloop
  endfacet
  facet normal 0 0 -1
    outer loop
      vertex -3.31214 -4.43074 0
      vertex -3.31214 4.43074 0
      vertex -3.15683 4.4077 0
    endloop
  endfacet
  facet normal 0 0 -1
    outer loop
      vertex -3.46445 -4.46889 0
      vertex -3.31214 4.43074 0
      vertex -3.31214 -4.43074 0
    endloop
  endfacet
  facet normal 0 0 -1
    outer loop
      vertex -3.46445 -4.46889 0
      vertex -3.46445 4.46889 0
      vertex -3.31214 4.43074 0
    endloop
  endfacet
  facet normal 0 0 -1
    outer loop
      vertex -3.61229 -4.52179 0
      vertex -3.46445 4.46889 0
      vertex -3.46445 -4.46889 0
    endloop
  endfacet
  facet normal 0 0 -1
    outer loop
      vertex -3.61229 -4.52179 0
      vertex -3.61229 4.52179 0
      vertex -3.46445 4.46889 0
    endloop
  endfacet
  facet normal 0 0 -1
    outer loop
      vertex -3.75423 -4.58893 0
      vertex -3.61229 4.52179 0
      vertex -3.61229 -4.52179 0
    endloop
  endfacet
  facet normal 0 0 -1
    outer loop
      vertex -3.75423 -4.58893 0
      vertex -3.75423 4.58893 0
      vertex -3.61229 4.52179 0
    endloop
  endfacet
  facet normal 0 0 -1
    outer loop
      vertex -3.88891 -4.66965 0
      vertex -3.75423 4.58893 0
      vertex -3.75423 -4.58893 0
    endloop
  endfacet
  facet normal 0 0 -1
    outer loop
      vertex -3.88891 -4.66965 0
      vertex -3.88891 4.66965 0
      vertex -3.75423 4.58893 0
    endloop
  endfacet
  facet normal 0 0 -1
    outer loop
      vertex -4.01503 -4.76318 0
      vertex -3.88891 4.66965 0
      vertex -3.88891 -4.66965 0
    endloop
  endfacet
  facet normal 0 0 -1
    outer loop
      vertex -4.01503 -4.76318 0
      vertex -4.01503 4.76318 0
      vertex -3.88891 4.66965 0
    endloop
  endfacet
  facet normal 0 0 -1
    outer loop
      vertex -4.13137 -4.86863 0
      vertex -4.01503 4.76318 0
      vertex -4.01503 -4.76318 0
    endloop
  endfacet
  facet normal 0 0 -1
    outer loop
      vertex -4.13137 -4.86863 0
      vertex -4.13137 4.86863 0
      vertex -4.01503 4.76318 0
    endloop
  endfacet
  facet normal 0 0 -1
    outer loop
      vertex -4.23682 -4.98497 0
      vertex -4.13137 4.86863 0
      vertex -4.13137 -4.86863 0
    endloop
  endfacet
  facet normal 0 0 -1
    outer loop
      vertex -4.23682 -4.98497 0
      vertex -4.23682 4.98497 0
      vertex -4.13137 4.86863 0
    endloop
  endfacet
  facet normal 0 0 -1
    outer loop
      vertex -4.33035 -5.11109 0
      vertex -4.23682 4.98497 0
      vertex -4.23682 -4.98497 0
    endloop
  endfacet
  facet normal 0 0 -1
    outer loop
      vertex -4.33035 -5.11109 0
      vertex -4.33035 5.11109 0
      vertex -4.23682 4.98497 0
    endloop
  endfacet
  facet normal 0 0 -1
    outer loop
      vertex -4.41107 -5.24576 0
      vertex -4.33035 5.11109 0
      vertex -4.33035 -5.11109 0
    endloop
  endfacet
  facet normal 0 0 -1
    outer loop
      vertex -4.41107 -5.24576 0
      vertex -4.41107 5.24576 0
      vertex -4.33035 5.11109 0
    endloop
  endfacet
  facet normal 0 0 -1
    outer loop
      vertex -4.47821 -5.38771 0
      vertex -4.41107 5.24576 0
      vertex -4.41107 -5.24576 0
    endloop
  endfacet
  facet normal 0 0 -1
    outer loop
      vertex -4.47821 -5.38771 0
      vertex -4.47821 5.38771 0
      vertex -4.41107 5.24576 0
    endloop
  endfacet
  facet normal 0 0 -1
    outer loop
      vertex -4.5311 -5.53554 0
      vertex -4.47821 5.38771 0
      vertex -4.47821 -5.38771 0
    endloop
  endfacet
  facet normal 0 0 -1
    outer loop
      vertex -4.5311 -5.53554 0
      vertex -4.5311 5.53554 0
      vertex -4.47821 5.38771 0
    endloop
  endfacet
  facet normal 0 0 -1
    outer loop
      vertex -4.56926 -5.68785 0
      vertex -4.5311 5.53554 0
      vertex -4.5311 -5.53554 0
    endloop
  endfacet
  facet normal 0 0 -1
    outer loop
      vertex -4.56926 -5.68785 0
      vertex -4.56926 5.68785 0
      vertex -4.5311 5.53554 0
    endloop
  endfacet
  facet normal 0 0 -1
    outer loop
      vertex -8 -13 0
      vertex -4.56926 -5.68785 0
      vertex -4.59229 -5.84317 0
    endloop
  endfacet
  facet normal -0 0 -1
    outer loop
      vertex -4.56926 -5.68785 0
      vertex -8 -13 0
      vertex -4.56926 5.68785 0
    endloop
  endfacet
  facet normal 0 0 -1
    outer loop
      vertex -8 -13 0
      vertex -4.59229 -5.84317 0
      vertex -4.6 -6 0
    endloop
  endfacet
  facet normal 0 0 -1
    outer loop
      vertex -8 13 0
      vertex -4.56926 5.68785 0
      vertex -8 -13 0
    endloop
  endfacet
  facet normal 0 0 -1
    outer loop
      vertex -8 -13 0
      vertex 2 -12.8 0
      vertex 2 -13 0
    endloop
  endfacet
  facet normal 0 0 -1
    outer loop
      vertex 2 -12.8 0
      vertex -2.84317 -7.59229 0
      vertex 2 -11.393 0
    endloop
  endfacet
  facet normal 0 0 -1
    outer loop
      vertex -1.4077 -5.84317 0
      vertex 2 -11.393 0
      vertex -1.4 -6 0
    endloop
  endfacet
  facet normal 0 0 -1
    outer loop
      vertex -1.43074 -5.68785 0
      vertex 2 -11.393 0
      vertex -1.4077 -5.84317 0
    endloop
  endfacet
  facet normal 0 0 -1
    outer loop
      vertex -1.4077 6.15683 0
      vertex 2 11.393 0
      vertex -1.4 6 0
    endloop
  endfacet
  facet normal 0 0 -1
    outer loop
      vertex 2 -11.393 0
      vertex -1.4077 -6.15683 0
      vertex -1.4 -6 0
    endloop
  endfacet
  facet normal 0 0 -1
    outer loop
      vertex 2 -11.393 0
      vertex -1.43074 -6.31214 0
      vertex -1.4077 -6.15683 0
    endloop
  endfacet
  facet normal 0 0 -1
    outer loop
      vertex 2 -11.393 0
      vertex -1.46889 -6.46445 0
      vertex -1.43074 -6.31214 0
    endloop
  endfacet
  facet normal 0 0 -1
    outer loop
      vertex 2 -11.393 0
      vertex -1.52179 -6.61229 0
      vertex -1.46889 -6.46445 0
    endloop
  endfacet
  facet normal 0 0 -1
    outer loop
      vertex 2 -11.393 0
      vertex -1.58893 -6.75423 0
      vertex -1.52179 -6.61229 0
    endloop
  endfacet
  facet normal 0 0 -1
    outer loop
      vertex 2 -11.393 0
      vertex -1.66965 -6.88891 0
      vertex -1.58893 -6.75423 0
    endloop
  endfacet
  facet normal 0 0 -1
    outer loop
      vertex 2 -11.393 0
      vertex -1.76318 -7.01503 0
      vertex -1.66965 -6.88891 0
    endloop
  endfacet
  facet normal 0 0 -1
    outer loop
      vertex 2 -11.393 0
      vertex -1.86863 -7.13137 0
      vertex -1.76318 -7.01503 0
    endloop
  endfacet
  facet normal 0 0 -1
    outer loop
      vertex 2 -11.393 0
      vertex -1.98497 -7.23682 0
      vertex -1.86863 -7.13137 0
    endloop
  endfacet
  facet normal 0 0 -1
    outer loop
      vertex 2 -11.393 0
      vertex -2.11109 -7.33035 0
      vertex -1.98497 -7.23682 0
    endloop
  endfacet
  facet normal 0 0 -1
    outer loop
      vertex 2 -11.393 0
      vertex -2.24576 -7.41107 0
      vertex -2.11109 -7.33035 0
    endloop
  endfacet
  facet normal 0 0 -1
    outer loop
      vertex 2 -11.393 0
      vertex -2.38771 -7.47821 0
      vertex -2.24576 -7.41107 0
    endloop
  endfacet
  facet normal 0 0 -1
    outer loop
      vertex 2 -11.393 0
      vertex -2.53554 -7.5311 0
      vertex -2.38771 -7.47821 0
    endloop
  endfacet
  facet normal 0 0 -1
    outer loop
      vertex 2 -11.393 0
      vertex -2.68785 -7.56926 0
      vertex -2.53554 -7.5311 0
    endloop
  endfacet
  facet normal 0 0 -1
    outer loop
      vertex 2 -11.393 0
      vertex -2.84317 -7.59229 0
      vertex -2.68785 -7.56926 0
    endloop
  endfacet
  facet normal 0 0 -1
    outer loop
      vertex 2 -12.8 0
      vertex -3 -7.6 0
      vertex -2.84317 -7.59229 0
    endloop
  endfacet
  facet normal -0 0 -1
    outer loop
      vertex 2 -12.8 0
      vertex -8 -13 0
      vertex -3 -7.6 0
    endloop
  endfacet
  facet normal -0 0 -1
    outer loop
      vertex -3 -7.6 0
      vertex -8 -13 0
      vertex -3.15683 -7.59229 0
    endloop
  endfacet
  facet normal -0 0 -1
    outer loop
      vertex -3.15683 -7.59229 0
      vertex -8 -13 0
      vertex -3.31214 -7.56926 0
    endloop
  endfacet
  facet normal -0 0 -1
    outer loop
      vertex -3.31214 -7.56926 0
      vertex -8 -13 0
      vertex -3.46445 -7.5311 0
    endloop
  endfacet
  facet normal -0 0 -1
    outer loop
      vertex -3.46445 -7.5311 0
      vertex -8 -13 0
      vertex -3.61229 -7.47821 0
    endloop
  endfacet
  facet normal -0 0 -1
    outer loop
      vertex -3.61229 -7.47821 0
      vertex -8 -13 0
      vertex -3.75423 -7.41107 0
    endloop
  endfacet
  facet normal -0 0 -1
    outer loop
      vertex -3.75423 -7.41107 0
      vertex -8 -13 0
      vertex -3.88891 -7.33035 0
    endloop
  endfacet
  facet normal -0 0 -1
    outer loop
      vertex -3.88891 -7.33035 0
      vertex -8 -13 0
      vertex -4.01503 -7.23682 0
    endloop
  endfacet
  facet normal 0 0 -1
    outer loop
      vertex -4.56926 5.68785 0
      vertex -8 13 0
      vertex -4.59229 5.84317 0
    endloop
  endfacet
  facet normal -0 0 -1
    outer loop
      vertex -4.59229 -6.15683 0
      vertex -8 -13 0
      vertex -4.6 -6 0
    endloop
  endfacet
  facet normal -0 0 -1
    outer loop
      vertex -4.56926 -6.31214 0
      vertex -8 -13 0
      vertex -4.59229 -6.15683 0
    endloop
  endfacet
  facet normal -0 0 -1
    outer loop
      vertex -4.5311 -6.46445 0
      vertex -8 -13 0
      vertex -4.56926 -6.31214 0
    endloop
  endfacet
  facet normal -0 0 -1
    outer loop
      vertex -4.47821 -6.61229 0
      vertex -8 -13 0
      vertex -4.5311 -6.46445 0
    endloop
  endfacet
  facet normal -0 0 -1
    outer loop
      vertex -4.41107 -6.75423 0
      vertex -8 -13 0
      vertex -4.47821 -6.61229 0
    endloop
  endfacet
  facet normal -0 0 -1
    outer loop
      vertex -4.33035 -6.88891 0
      vertex -8 -13 0
      vertex -4.41107 -6.75423 0
    endloop
  endfacet
  facet normal -0 0 -1
    outer loop
      vertex -4.23682 -7.01503 0
      vertex -8 -13 0
      vertex -4.33035 -6.88891 0
    endloop
  endfacet
  facet normal -0 0 -1
    outer loop
      vertex -4.13137 -7.13137 0
      vertex -8 -13 0
      vertex -4.23682 -7.01503 0
    endloop
  endfacet
  facet normal -0 0 -1
    outer loop
      vertex -4.01503 -7.23682 0
      vertex -8 -13 0
      vertex -4.13137 -7.13137 0
    endloop
  endfacet
  facet normal 0 0 -1
    outer loop
      vertex 78 -3.79302 0
      vertex 82 -5 0
      vertex 80 -5 0
    endloop
  endfacet
  facet normal 0 0 -1
    outer loop
      vertex 82 -5 0
      vertex 78 -3.79302 0
      vertex 82 5 0
    endloop
  endfacet
  facet normal 0 0 -1
    outer loop
      vertex 78 3.79302 0
      vertex 82 5 0
      vertex 78 -3.79302 0
    endloop
  endfacet
  facet normal 0 0 -1
    outer loop
      vertex 80 -5 0
      vertex 69.0714 -4.68587 0
      vertex 78 -3.79302 0
    endloop
  endfacet
  facet normal -0 0 -1
    outer loop
      vertex 69.0714 -4.68587 0
      vertex 68.0714 -4.78587 0
      vertex 69.0714 4.68587 0
    endloop
  endfacet
  facet normal 0 0 -1
    outer loop
      vertex 80 -5 0
      vertex 68.0714 -4.78587 0
      vertex 69.0714 -4.68587 0
    endloop
  endfacet
  facet normal -0 0 -1
    outer loop
      vertex 80 -5 0
      vertex 57.6429 -5.82873 0
      vertex 68.0714 -4.78587 0
    endloop
  endfacet
  facet normal -0 0 -1
    outer loop
      vertex 57.6429 -5.82873 0
      vertex 56.6429 -5.92873 0
      vertex 57.6429 5.82873 0
    endloop
  endfacet
  facet normal 0 0 -1
    outer loop
      vertex 80 -5 0
      vertex 56.6429 -5.92873 0
      vertex 57.6429 -5.82873 0
    endloop
  endfacet
  facet normal 0 0 -1
    outer loop
      vertex 80 -5 0
      vertex 46.2143 -6.97159 0
      vertex 56.6429 -5.92873 0
    endloop
  endfacet
  facet normal -0 0 -1
    outer loop
      vertex 46.2143 -6.97159 0
      vertex 45.2143 -7.07159 0
      vertex 46.2143 6.97159 0
    endloop
  endfacet
  facet normal 0 0 -1
    outer loop
      vertex 80 -5 0
      vertex 45.2143 -7.07159 0
      vertex 46.2143 -6.97159 0
    endloop
  endfacet
  facet normal 0 0 -1
    outer loop
      vertex 80 -5 0
      vertex 34.7857 -8.11445 0
      vertex 45.2143 -7.07159 0
    endloop
  endfacet
  facet normal -0 0 -1
    outer loop
      vertex 34.7857 -8.11445 0
      vertex 33.7857 -8.21445 0
      vertex 34.7857 8.11445 0
    endloop
  endfacet
  facet normal 0 0 -1
    outer loop
      vertex 2 -12.8 0
      vertex 34.7857 -8.11445 0
      vertex 80 -5 0
    endloop
  endfacet
  facet normal 0 0 -1
    outer loop
      vertex 34.7857 -8.11445 0
      vertex 2 -12.8 0
      vertex 33.7857 -8.21445 0
    endloop
  endfacet
  facet normal -0 0 -1
    outer loop
      vertex 23.3571 -9.2573 0
      vertex 22.3571 -9.3573 0
      vertex 23.3571 9.2573 0
    endloop
  endfacet
  facet normal 0 0 -1
    outer loop
      vertex 33.7857 -8.21445 0
      vertex 2 -12.8 0
      vertex 23.3571 -9.2573 0
    endloop
  endfacet
  facet normal 0 0 -1
    outer loop
      vertex 23.3571 -9.2573 0
      vertex 2 -12.8 0
      vertex 22.3571 -9.3573 0
    endloop
  endfacet
  facet normal -0 0 -1
    outer loop
      vertex 11.9286 -10.4002 0
      vertex 10.9286 -10.5002 0
      vertex 11.9286 10.4002 0
    endloop
  endfacet
  facet normal 0 0 -1
    outer loop
      vertex 22.3571 -9.3573 0
      vertex 2 -12.8 0
      vertex 11.9286 -10.4002 0
    endloop
  endfacet
  facet normal 0 0 -1
    outer loop
      vertex 11.9286 -10.4002 0
      vertex 2 -12.8 0
      vertex 10.9286 -10.5002 0
    endloop
  endfacet
  facet normal 0 0 -1
    outer loop
      vertex 10.9286 -10.5002 0
      vertex 2 -12.8 0
      vertex 2 -11.393 0
    endloop
  endfacet
  facet normal -0 0 -1
    outer loop
      vertex 82 5 0
      vertex 78 3.79302 0
      vertex 80 5 0
    endloop
  endfacet
  facet normal 0 0 -1
    outer loop
      vertex 69.0714 4.68587 0
      vertex 80 5 0
      vertex 78 3.79302 0
    endloop
  endfacet
  facet normal 0 0 -1
    outer loop
      vertex 68.0714 4.78587 0
      vertex 69.0714 4.68587 0
      vertex 68.0714 -4.78587 0
    endloop
  endfacet
  facet normal 0 0 -1
    outer loop
      vertex 68.0714 4.78587 0
      vertex 80 5 0
      vertex 69.0714 4.68587 0
    endloop
  endfacet
  facet normal 0 0 -1
    outer loop
      vertex 57.6429 5.82873 0
      vertex 80 5 0
      vertex 68.0714 4.78587 0
    endloop
  endfacet
  facet normal 0 0 -1
    outer loop
      vertex 56.6429 5.92873 0
      vertex 57.6429 5.82873 0
      vertex 56.6429 -5.92873 0
    endloop
  endfacet
  facet normal 0 0 -1
    outer loop
      vertex 56.6429 5.92873 0
      vertex 80 5 0
      vertex 57.6429 5.82873 0
    endloop
  endfacet
  facet normal 0 0 -1
    outer loop
      vertex 46.2143 6.97159 0
      vertex 80 5 0
      vertex 56.6429 5.92873 0
    endloop
  endfacet
  facet normal 0 0 -1
    outer loop
      vertex 45.2143 7.07159 0
      vertex 46.2143 6.97159 0
      vertex 45.2143 -7.07159 0
    endloop
  endfacet
  facet normal 0 0 -1
    outer loop
      vertex 45.2143 7.07159 0
      vertex 80 5 0
      vertex 46.2143 6.97159 0
    endloop
  endfacet
  facet normal 0 0 -1
    outer loop
      vertex 34.7857 8.11445 0
      vertex 80 5 0
      vertex 45.2143 7.07159 0
    endloop
  endfacet
  facet normal 0 0 -1
    outer loop
      vertex 33.7857 8.21445 0
      vertex 34.7857 8.11445 0
      vertex 33.7857 -8.21445 0
    endloop
  endfacet
  facet normal 0 0 -1
    outer loop
      vertex 2 12.8 0
      vertex 34.7857 8.11445 0
      vertex 33.7857 8.21445 0
    endloop
  endfacet
  facet normal 0 0 -1
    outer loop
      vertex 2 12.8 0
      vertex 33.7857 8.21445 0
      vertex 23.3571 9.2573 0
    endloop
  endfacet
  facet normal 0 0 -1
    outer loop
      vertex 22.3571 9.3573 0
      vertex 23.3571 9.2573 0
      vertex 22.3571 -9.3573 0
    endloop
  endfacet
  facet normal 0 0 -1
    outer loop
      vertex 2 12.8 0
      vertex 23.3571 9.2573 0
      vertex 22.3571 9.3573 0
    endloop
  endfacet
  facet normal 0 0 -1
    outer loop
      vertex 2 12.8 0
      vertex 22.3571 9.3573 0
      vertex 11.9286 10.4002 0
    endloop
  endfacet
  facet normal 0 0 -1
    outer loop
      vertex 10.9286 10.5002 0
      vertex 11.9286 10.4002 0
      vertex 10.9286 -10.5002 0
    endloop
  endfacet
  facet normal 0 0 -1
    outer loop
      vertex 2 12.8 0
      vertex 11.9286 10.4002 0
      vertex 10.9286 10.5002 0
    endloop
  endfacet
  facet normal 0 0 -1
    outer loop
      vertex 2 12.8 0
      vertex 10.9286 10.5002 0
      vertex 2 11.393 0
    endloop
  endfacet
  facet normal 0 0 -1
    outer loop
      vertex 34.7857 8.11445 0
      vertex 2 12.8 0
      vertex 80 5 0
    endloop
  endfacet
  facet normal 0 0 -1
    outer loop
      vertex -1.43074 6.31214 0
      vertex 2 11.393 0
      vertex -1.4077 6.15683 0
    endloop
  endfacet
  facet normal 0 0 -1
    outer loop
      vertex -1.46889 6.46445 0
      vertex 2 11.393 0
      vertex -1.43074 6.31214 0
    endloop
  endfacet
  facet normal 0 0 -1
    outer loop
      vertex -1.52179 6.61229 0
      vertex 2 11.393 0
      vertex -1.46889 6.46445 0
    endloop
  endfacet
  facet normal 0 0 -1
    outer loop
      vertex -1.58893 6.75423 0
      vertex 2 11.393 0
      vertex -1.52179 6.61229 0
    endloop
  endfacet
  facet normal 0 0 -1
    outer loop
      vertex -1.66965 6.88891 0
      vertex 2 11.393 0
      vertex -1.58893 6.75423 0
    endloop
  endfacet
  facet normal 0 0 -1
    outer loop
      vertex -1.76318 7.01503 0
      vertex 2 11.393 0
      vertex -1.66965 6.88891 0
    endloop
  endfacet
  facet normal 0 0 -1
    outer loop
      vertex -1.86863 7.13137 0
      vertex 2 11.393 0
      vertex -1.76318 7.01503 0
    endloop
  endfacet
  facet normal 0 0 -1
    outer loop
      vertex -1.98497 7.23682 0
      vertex 2 11.393 0
      vertex -1.86863 7.13137 0
    endloop
  endfacet
  facet normal 0 0 -1
    outer loop
      vertex -2.11109 7.33035 0
      vertex 2 11.393 0
      vertex -1.98497 7.23682 0
    endloop
  endfacet
  facet normal 0 0 -1
    outer loop
      vertex -2.24576 7.41107 0
      vertex 2 11.393 0
      vertex -2.11109 7.33035 0
    endloop
  endfacet
  facet normal 0 0 -1
    outer loop
      vertex -2.38771 7.47821 0
      vertex 2 11.393 0
      vertex -2.24576 7.41107 0
    endloop
  endfacet
  facet normal 0 0 -1
    outer loop
      vertex -2.53554 7.5311 0
      vertex 2 11.393 0
      vertex -2.38771 7.47821 0
    endloop
  endfacet
  facet normal 0 0 -1
    outer loop
      vertex -2.68785 7.56926 0
      vertex 2 11.393 0
      vertex -2.53554 7.5311 0
    endloop
  endfacet
  facet normal 0 0 -1
    outer loop
      vertex -2.84317 7.59229 0
      vertex 2 11.393 0
      vertex -2.68785 7.56926 0
    endloop
  endfacet
  facet normal -0 0 -1
    outer loop
      vertex 2 11.393 0
      vertex -2.84317 7.59229 0
      vertex 2 12.8 0
    endloop
  endfacet
  facet normal 0 0 -1
    outer loop
      vertex -3 7.6 0
      vertex 2 12.8 0
      vertex -2.84317 7.59229 0
    endloop
  endfacet
  facet normal 0 0 -1
    outer loop
      vertex -8 13 0
      vertex 2 12.8 0
      vertex -3 7.6 0
    endloop
  endfacet
  facet normal 0 0 -1
    outer loop
      vertex -8 13 0
      vertex -3 7.6 0
      vertex -3.15683 7.59229 0
    endloop
  endfacet
  facet normal 0 0 -1
    outer loop
      vertex -8 13 0
      vertex -3.15683 7.59229 0
      vertex -3.31214 7.56926 0
    endloop
  endfacet
  facet normal 0 0 -1
    outer loop
      vertex -8 13 0
      vertex -3.31214 7.56926 0
      vertex -3.46445 7.5311 0
    endloop
  endfacet
  facet normal 0 0 -1
    outer loop
      vertex -8 13 0
      vertex -3.46445 7.5311 0
      vertex -3.61229 7.47821 0
    endloop
  endfacet
  facet normal 0 0 -1
    outer loop
      vertex -8 13 0
      vertex -3.61229 7.47821 0
      vertex -3.75423 7.41107 0
    endloop
  endfacet
  facet normal 0 0 -1
    outer loop
      vertex -8 13 0
      vertex -3.75423 7.41107 0
      vertex -3.88891 7.33035 0
    endloop
  endfacet
  facet normal 0 0 -1
    outer loop
      vertex -8 13 0
      vertex -3.88891 7.33035 0
      vertex -4.01503 7.23682 0
    endloop
  endfacet
  facet normal 0 0 -1
    outer loop
      vertex -8 13 0
      vertex -4.01503 7.23682 0
      vertex -4.13137 7.13137 0
    endloop
  endfacet
  facet normal 0 0 -1
    outer loop
      vertex -4.59229 5.84317 0
      vertex -8 13 0
      vertex -4.6 6 0
    endloop
  endfacet
  facet normal 0 0 -1
    outer loop
      vertex -4.6 6 0
      vertex -8 13 0
      vertex -4.59229 6.15683 0
    endloop
  endfacet
  facet normal 0 0 -1
    outer loop
      vertex 2 12.8 0
      vertex -8 13 0
      vertex 2 13 0
    endloop
  endfacet
  facet normal 0 0 -1
    outer loop
      vertex -4.23682 7.01503 0
      vertex -8 13 0
      vertex -4.13137 7.13137 0
    endloop
  endfacet
  facet normal 0 0 -1
    outer loop
      vertex -4.33035 6.88891 0
      vertex -8 13 0
      vertex -4.23682 7.01503 0
    endloop
  endfacet
  facet normal 0 0 -1
    outer loop
      vertex -4.41107 6.75423 0
      vertex -8 13 0
      vertex -4.33035 6.88891 0
    endloop
  endfacet
  facet normal 0 0 -1
    outer loop
      vertex -4.47821 6.61229 0
      vertex -8 13 0
      vertex -4.41107 6.75423 0
    endloop
  endfacet
  facet normal 0 0 -1
    outer loop
      vertex -4.5311 6.46445 0
      vertex -8 13 0
      vertex -4.47821 6.61229 0
    endloop
  endfacet
  facet normal 0 0 -1
    outer loop
      vertex -4.56926 6.31214 0
      vertex -8 13 0
      vertex -4.5311 6.46445 0
    endloop
  endfacet
  facet normal 0 0 -1
    outer loop
      vertex -4.59229 6.15683 0
      vertex -8 13 0
      vertex -4.56926 6.31214 0
    endloop
  endfacet
  facet normal -1 0 0
    outer loop
      vertex 10.9286 -10.5002 0
      vertex 10.9286 10.5002 18
      vertex 10.9286 10.5002 0
    endloop
  endfacet
  facet normal -1 -0 0
    outer loop
      vertex 10.9286 10.5002 18
      vertex 10.9286 -10.5002 0
      vertex 10.9286 -10.5002 18
    endloop
  endfacet
  facet normal 1 -0 0
    outer loop
      vertex 23.3571 -9.2573 18
      vertex 23.3571 9.2573 0
      vertex 23.3571 9.2573 18
    endloop
  endfacet
  facet normal 1 0 0
    outer loop
      vertex 23.3571 9.2573 0
      vertex 23.3571 -9.2573 18
      vertex 23.3571 -9.2573 0
    endloop
  endfacet
  facet normal -1 0 0
    outer loop
      vertex 22.3571 -9.3573 0
      vertex 22.3571 9.3573 18
      vertex 22.3571 9.3573 0
    endloop
  endfacet
  facet normal -1 -0 0
    outer loop
      vertex 22.3571 9.3573 18
      vertex 22.3571 -9.3573 0
      vertex 22.3571 -9.3573 18
    endloop
  endfacet
  facet normal 1 -0 0
    outer loop
      vertex 34.7857 -8.11445 18
      vertex 34.7857 8.11445 0
      vertex 34.7857 8.11445 18
    endloop
  endfacet
  facet normal 1 0 0
    outer loop
      vertex 34.7857 8.11445 0
      vertex 34.7857 -8.11445 18
      vertex 34.7857 -8.11445 0
    endloop
  endfacet
  facet normal -1 0 0
    outer loop
      vertex 33.7857 -8.21445 0
      vertex 33.7857 8.21445 18
      vertex 33.7857 8.21445 0
    endloop
  endfacet
  facet normal -1 -0 0
    outer loop
      vertex 33.7857 8.21445 18
      vertex 33.7857 -8.21445 0
      vertex 33.7857 -8.21445 18
    endloop
  endfacet
  facet normal 1 0 0
    outer loop
      vertex 46.2143 6.97159 18
      vertex 46.2143 6.25 13
      vertex 46.2143 6.97159 0
    endloop
  endfacet
  facet normal 1 0 0
    outer loop
      vertex 46.2143 6.97159 18
      vertex 46.2143 4.05 13
      vertex 46.2143 6.25 13
    endloop
  endfacet
  facet normal 1 0 0
    outer loop
      vertex 46.2143 4.05 13
      vertex 46.2143 -6.97159 18
      vertex 46.2143 4.05 5
    endloop
  endfacet
  facet normal 1 -0 0
    outer loop
      vertex 46.2143 -6.97159 18
      vertex 46.2143 4.05 13
      vertex 46.2143 6.97159 18
    endloop
  endfacet
  facet normal 1 -0 0
    outer loop
      vertex 46.2143 6.25 5
      vertex 46.2143 6.97159 0
      vertex 46.2143 6.25 13
    endloop
  endfacet
  facet normal 1 -0 0
    outer loop
      vertex 46.2143 4.05 5
      vertex 46.2143 6.97159 0
      vertex 46.2143 6.25 5
    endloop
  endfacet
  facet normal 1 0 0
    outer loop
      vertex 46.2143 -6.97159 0
      vertex 46.2143 4.05 5
      vertex 46.2143 -6.97159 18
    endloop
  endfacet
  facet normal 1 0 0
    outer loop
      vertex 46.2143 4.05 5
      vertex 46.2143 -6.97159 0
      vertex 46.2143 6.97159 0
    endloop
  endfacet
  facet normal -1 0 0
    outer loop
      vertex 45.2143 7.07159 0
      vertex 45.2143 6.25 5
      vertex 45.2143 7.07159 18
    endloop
  endfacet
  facet normal -1 0 0
    outer loop
      vertex 45.2143 7.07159 0
      vertex 45.2143 4.05 5
      vertex 45.2143 6.25 5
    endloop
  endfacet
  facet normal -1 -0 0
    outer loop
      vertex 45.2143 4.05 5
      vertex 45.2143 -7.07159 0
      vertex 45.2143 4.05 13
    endloop
  endfacet
  facet normal -1 0 0
    outer loop
      vertex 45.2143 -7.07159 0
      vertex 45.2143 4.05 5
      vertex 45.2143 7.07159 0
    endloop
  endfacet
  facet normal -1 0 0
    outer loop
      vertex 45.2143 6.25 13
      vertex 45.2143 7.07159 18
      vertex 45.2143 6.25 5
    endloop
  endfacet
  facet normal -1 0 0
    outer loop
      vertex 45.2143 4.05 13
      vertex 45.2143 7.07159 18
      vertex 45.2143 6.25 13
    endloop
  endfacet
  facet normal -1 0 0
    outer loop
      vertex 45.2143 -7.07159 18
      vertex 45.2143 4.05 13
      vertex 45.2143 -7.07159 0
    endloop
  endfacet
  facet normal -1 0 0
    outer loop
      vertex 45.2143 4.05 13
      vertex 45.2143 -7.07159 18
      vertex 45.2143 7.07159 18
    endloop
  endfacet
  facet normal 1 0 0
    outer loop
      vertex 57.6429 5.82873 18
      vertex 57.6429 4.05 13
      vertex 57.6429 5.82873 13
    endloop
  endfacet
  facet normal 1 0 0
    outer loop
      vertex 57.6429 4.05 13
      vertex 57.6429 -5.82873 18
      vertex 57.6429 4.05 5
    endloop
  endfacet
  facet normal 1 -0 0
    outer loop
      vertex 57.6429 -5.82873 18
      vertex 57.6429 4.05 13
      vertex 57.6429 5.82873 18
    endloop
  endfacet
  facet normal 1 -0 0
    outer loop
      vertex 57.6429 4.05 5
      vertex 57.6429 5.82873 0
      vertex 57.6429 5.82873 5
    endloop
  endfacet
  facet normal 1 0 0
    outer loop
      vertex 57.6429 -5.82873 0
      vertex 57.6429 4.05 5
      vertex 57.6429 -5.82873 18
    endloop
  endfacet
  facet normal 1 0 0
    outer loop
      vertex 57.6429 4.05 5
      vertex 57.6429 -5.82873 0
      vertex 57.6429 5.82873 0
    endloop
  endfacet
  facet normal -1 0 0
    outer loop
      vertex 56.6429 5.92873 0
      vertex 56.6429 4.05 5
      vertex 56.6429 5.92873 5
    endloop
  endfacet
  facet normal -1 -0 0
    outer loop
      vertex 56.6429 4.05 5
      vertex 56.6429 -5.92873 0
      vertex 56.6429 4.05 13
    endloop
  endfacet
  facet normal -1 0 0
    outer loop
      vertex 56.6429 -5.92873 0
      vertex 56.6429 4.05 5
      vertex 56.6429 5.92873 0
    endloop
  endfacet
  facet normal -1 0 0
    outer loop
      vertex 56.6429 4.05 13
      vertex 56.6429 5.92873 18
      vertex 56.6429 5.92873 13
    endloop
  endfacet
  facet normal -1 0 0
    outer loop
      vertex 56.6429 -5.92873 18
      vertex 56.6429 4.05 13
      vertex 56.6429 -5.92873 0
    endloop
  endfacet
  facet normal -1 0 0
    outer loop
      vertex 56.6429 4.05 13
      vertex 56.6429 -5.92873 18
      vertex 56.6429 5.92873 18
    endloop
  endfacet
  facet normal 1 -0 0
    outer loop
      vertex 69.0714 -4.68587 18
      vertex 69.0714 4.68587 0
      vertex 69.0714 4.68587 18
    endloop
  endfacet
  facet normal 1 0 0
    outer loop
      vertex 69.0714 4.68587 0
      vertex 69.0714 -4.68587 18
      vertex 69.0714 -4.68587 0
    endloop
  endfacet
  facet normal -1 0 0
    outer loop
      vertex 68.0714 -4.78587 0
      vertex 68.0714 4.78587 18
      vertex 68.0714 4.78587 0
    endloop
  endfacet
  facet normal -1 -0 0
    outer loop
      vertex 68.0714 4.78587 18
      vertex 68.0714 -4.78587 0
      vertex 68.0714 -4.78587 18
    endloop
  endfacet
  facet normal 0.0995037 0.995037 -0
    outer loop
      vertex 80 5 0
      vertex 2 12.8 18
      vertex 80 5 18
    endloop
  endfacet
  facet normal 0.0995037 0.995037 0
    outer loop
      vertex 2 12.8 18
      vertex 80 5 0
      vertex 2 12.8 0
    endloop
  endfacet
  facet normal 0.0995065 -0.995037 0
    outer loop
      vertex 2.71398 -12.7286 9.88192
      vertex 2 -12.8 18
      vertex 2 -12.8 9.91569
    endloop
  endfacet
  facet normal 0.0995355 -0.995034 2.57556e-06
    outer loop
      vertex 3.55571 -12.6444 9.83147
      vertex 2 -12.8 18
      vertex 2.71398 -12.7286 9.88192
    endloop
  endfacet
  facet normal 0.0994743 -0.99504 -9.19212e-06
    outer loop
      vertex 4.34394 -12.5656 9.77301
      vertex 2 -12.8 18
      vertex 3.55571 -12.6444 9.83147
    endloop
  endfacet
  facet normal 0.0994842 -0.995039 -6.34788e-06
    outer loop
      vertex 5.07108 -12.4929 9.70711
      vertex 2 -12.8 18
      vertex 4.34394 -12.5656 9.77301
    endloop
  endfacet
  facet normal 0.0994992 -0.995038 -7.48091e-07
    outer loop
      vertex 5.73011 -12.427 9.63439
      vertex 2 -12.8 18
      vertex 5.07108 -12.4929 9.70711
    endloop
  endfacet
  facet normal 0.0995774 -0.99503 3.4499e-05
    outer loop
      vertex 6.3147 -12.3685 9.55557
      vertex 2 -12.8 18
      vertex 5.73011 -12.427 9.63439
    endloop
  endfacet
  facet normal 0.0993921 -0.995048 -6.11498e-05
    outer loop
      vertex 6.81922 -12.3181 9.4714
      vertex 2 -12.8 18
      vertex 6.3147 -12.3685 9.55557
    endloop
  endfacet
  facet normal 0.0996163 -0.995026 6.6834e-05
    outer loop
      vertex 7.2388 -12.2761 9.38268
      vertex 2 -12.8 18
      vertex 6.81922 -12.3181 9.4714
    endloop
  endfacet
  facet normal 0.099284 -0.995059 -0.000137243
    outer loop
      vertex 7.56941 -12.2431 9.29028
      vertex 2 -12.8 18
      vertex 7.2388 -12.2761 9.38268
    endloop
  endfacet
  facet normal 0.0998113 -0.995006 0.000203349
    outer loop
      vertex 7.80786 -12.2192 9.19509
      vertex 2 -12.8 18
      vertex 7.56941 -12.2431 9.29028
    endloop
  endfacet
  facet normal 0.0995141 -0.995036 5.35925e-06
    outer loop
      vertex 7.95185 -12.2048 9.09802
      vertex 2 -12.8 18
      vertex 7.80786 -12.2192 9.19509
    endloop
  endfacet
  facet normal 0.0995037 -0.995037 -1.67666e-06
    outer loop
      vertex 2 -12.8 18
      vertex 7.95185 -12.2048 9.09802
      vertex 75.1276 -5.48724 18
    endloop
  endfacet
  facet normal 0.0994848 -0.995039 0.000142862
    outer loop
      vertex 8 -12.2 9
      vertex 75.1276 -5.48724 18
      vertex 7.95185 -12.2048 9.09802
    endloop
  endfacet
  facet normal 0.0995037 -0.995037 0
    outer loop
      vertex 8 -12.2 9
      vertex 75.1276 -5.48724 9
      vertex 75.1276 -5.48724 18
    endloop
  endfacet
  facet normal 0.0995037 -0.995037 -0.000152271
    outer loop
      vertex 7.95185 -12.2048 8.90198
      vertex 75.1276 -5.48724 9
      vertex 8 -12.2 9
    endloop
  endfacet
  facet normal 0.0995035 -0.995037 -1.20192e-07
    outer loop
      vertex 80 -5 0
      vertex 75.1276 -5.48724 9
      vertex 7.95185 -12.2048 8.90198
    endloop
  endfacet
  facet normal 0.0995037 -0.995037 0
    outer loop
      vertex 76.9517 -5.30483 9
      vertex 80 -5 18
      vertex 76.9517 -5.30483 18
    endloop
  endfacet
  facet normal 0.0995141 -0.995036 -5.35925e-06
    outer loop
      vertex 2 -12.8 0
      vertex 7.95185 -12.2048 8.90198
      vertex 7.80786 -12.2192 8.80491
    endloop
  endfacet
  facet normal 0.0998113 -0.995006 -0.000203356
    outer loop
      vertex 2 -12.8 0
      vertex 7.80786 -12.2192 8.80491
      vertex 7.56941 -12.2431 8.70971
    endloop
  endfacet
  facet normal 0.099284 -0.995059 0.00013724
    outer loop
      vertex 2 -12.8 0
      vertex 7.56941 -12.2431 8.70971
      vertex 7.2388 -12.2761 8.61732
    endloop
  endfacet
  facet normal 0.0996163 -0.995026 -6.6834e-05
    outer loop
      vertex 2 -12.8 0
      vertex 7.2388 -12.2761 8.61732
      vertex 6.81922 -12.3181 8.5286
    endloop
  endfacet
  facet normal 0.0993921 -0.995048 6.11498e-05
    outer loop
      vertex 2 -12.8 0
      vertex 6.81922 -12.3181 8.5286
      vertex 6.3147 -12.3685 8.44443
    endloop
  endfacet
  facet normal 0.0995774 -0.99503 -3.4499e-05
    outer loop
      vertex 2 -12.8 0
      vertex 6.3147 -12.3685 8.44443
      vertex 5.73011 -12.427 8.36561
    endloop
  endfacet
  facet normal 0.0994992 -0.995038 7.48091e-07
    outer loop
      vertex 2 -12.8 0
      vertex 5.73011 -12.427 8.36561
      vertex 5.07108 -12.4929 8.29289
    endloop
  endfacet
  facet normal 0.0994842 -0.995039 6.34788e-06
    outer loop
      vertex 2 -12.8 0
      vertex 5.07108 -12.4929 8.29289
      vertex 4.34394 -12.5656 8.22699
    endloop
  endfacet
  facet normal 0.0994743 -0.99504 9.19212e-06
    outer loop
      vertex 2 -12.8 0
      vertex 4.34394 -12.5656 8.22699
      vertex 3.55571 -12.6444 8.16853
    endloop
  endfacet
  facet normal 0.0995355 -0.995034 -2.57556e-06
    outer loop
      vertex 2 -12.8 0
      vertex 3.55571 -12.6444 8.16853
      vertex 2.71398 -12.7286 8.11808
    endloop
  endfacet
  facet normal 0.0995065 -0.995037 0
    outer loop
      vertex 2 -12.8 0
      vertex 2.71398 -12.7286 8.11808
      vertex 2 -12.8 8.08431
    endloop
  endfacet
  facet normal 0.0995037 -0.995037 1.67666e-06
    outer loop
      vertex 7.95185 -12.2048 8.90198
      vertex 2 -12.8 0
      vertex 80 -5 0
    endloop
  endfacet
  facet normal 0.0995037 -0.995037 0
    outer loop
      vertex 76.9517 -5.30483 9
      vertex 80 -5 0
      vertex 80 -5 18
    endloop
  endfacet
  facet normal 0.0995037 -0.995037 -5.3833e-17
    outer loop
      vertex 75.1276 -5.48724 9
      vertex 80 -5 0
      vertex 76.9517 -5.30483 9
    endloop
  endfacet
  facet normal -0.0994971 -0.995038 0
    outer loop
      vertex 2 11.393 0
      vertex 10.9286 10.5002 18
      vertex 2 11.393 18
    endloop
  endfacet
  facet normal -0.0994971 -0.995038 -0
    outer loop
      vertex 10.9286 10.5002 18
      vertex 2 11.393 0
      vertex 10.9286 10.5002 0
    endloop
  endfacet
  facet normal -0.0995026 -0.995037 0
    outer loop
      vertex 69.0714 4.68587 0
      vertex 78 3.79302 18
      vertex 69.0714 4.68587 18
    endloop
  endfacet
  facet normal -0.0995026 -0.995037 -0
    outer loop
      vertex 78 3.79302 18
      vertex 69.0714 4.68587 0
      vertex 78 3.79302 0
    endloop
  endfacet
  facet normal -0.0995084 -0.995037 0
    outer loop
      vertex 11.9286 10.4002 0
      vertex 22.3571 9.3573 18
      vertex 11.9286 10.4002 18
    endloop
  endfacet
  facet normal -0.0995084 -0.995037 -0
    outer loop
      vertex 22.3571 9.3573 18
      vertex 11.9286 10.4002 0
      vertex 22.3571 9.3573 0
    endloop
  endfacet
  facet normal -0.0995028 -0.995037 0
    outer loop
      vertex 23.3571 9.2573 0
      vertex 33.7857 8.21445 18
      vertex 23.3571 9.2573 18
    endloop
  endfacet
  facet normal -0.0995028 -0.995037 -0
    outer loop
      vertex 33.7857 8.21445 18
      vertex 23.3571 9.2573 0
      vertex 33.7857 8.21445 0
    endloop
  endfacet
  facet normal -0.0995037 -0.995037 0
    outer loop
      vertex 34.7857 8.11445 0
      vertex 45.2143 7.07159 18
      vertex 34.7857 8.11445 18
    endloop
  endfacet
  facet normal -0.0995037 -0.995037 -0
    outer loop
      vertex 45.2143 7.07159 18
      vertex 34.7857 8.11445 0
      vertex 45.2143 7.07159 0
    endloop
  endfacet
  facet normal -0.0995037 -0.995037 -5.08469e-17
    outer loop
      vertex 46.2143 6.97159 18
      vertex 53.4302 6.25 13
      vertex 56.6429 5.92873 18
    endloop
  endfacet
  facet normal -0.0995037 -0.995037 0
    outer loop
      vertex 46.2143 6.97159 18
      vertex 53.4302 6.25 5
      vertex 53.4302 6.25 13
    endloop
  endfacet
  facet normal -0.0995037 -0.995037 0
    outer loop
      vertex 46.2143 6.97159 0
      vertex 53.4302 6.25 5
      vertex 46.2143 6.97159 18
    endloop
  endfacet
  facet normal -0.0995037 -0.995037 3.3898e-17
    outer loop
      vertex 56.6429 5.92873 0
      vertex 53.4302 6.25 5
      vertex 46.2143 6.97159 0
    endloop
  endfacet
  facet normal -0.0995037 -0.995037 0
    outer loop
      vertex 53.4302 6.25 5
      vertex 56.6429 5.92873 0
      vertex 56.6429 5.92873 5
    endloop
  endfacet
  facet normal -0.0995037 -0.995037 -0
    outer loop
      vertex 56.6429 5.92873 18
      vertex 53.4302 6.25 13
      vertex 56.6429 5.92873 13
    endloop
  endfacet
  facet normal -0.0995037 -0.995037 -0
    outer loop
      vertex 57.6429 5.82873 5
      vertex 57.6429 5.82873 0
      vertex 64 5.19302 5
    endloop
  endfacet
  facet normal -0.0995037 -0.995037 0
    outer loop
      vertex 64 5.19302 13
      vertex 57.6429 5.82873 18
      vertex 57.6429 5.82873 13
    endloop
  endfacet
  facet normal -0.0995047 -0.995037 -1.21313e-06
    outer loop
      vertex 57.6429 5.82873 18
      vertex 64 5.19302 13
      vertex 68.0714 4.78587 18
    endloop
  endfacet
  facet normal -0.0995061 -0.995037 0
    outer loop
      vertex 64 5.19302 5
      vertex 68.0714 4.78587 18
      vertex 64 5.19302 13
    endloop
  endfacet
  facet normal -0.0995061 -0.995037 0
    outer loop
      vertex 64 5.19302 5
      vertex 68.0714 4.78587 0
      vertex 68.0714 4.78587 18
    endloop
  endfacet
  facet normal -0.0995047 -0.995037 1.21313e-06
    outer loop
      vertex 68.0714 4.78587 0
      vertex 64 5.19302 5
      vertex 57.6429 5.82873 0
    endloop
  endfacet
  facet normal -0.0994971 0.995038 0
    outer loop
      vertex 10.9286 -10.5002 0
      vertex 2 -11.393 18
      vertex 10.9286 -10.5002 18
    endloop
  endfacet
  facet normal -0.0994971 0.995038 0
    outer loop
      vertex 2 -11.393 18
      vertex 10.9286 -10.5002 0
      vertex 2 -11.393 0
    endloop
  endfacet
  facet normal -0.0995026 0.995037 0
    outer loop
      vertex 78 -3.79302 0
      vertex 69.0714 -4.68587 18
      vertex 78 -3.79302 18
    endloop
  endfacet
  facet normal -0.0995026 0.995037 0
    outer loop
      vertex 69.0714 -4.68587 18
      vertex 78 -3.79302 0
      vertex 69.0714 -4.68587 0
    endloop
  endfacet
  facet normal -0.0995084 0.995037 0
    outer loop
      vertex 22.3571 -9.3573 0
      vertex 11.9286 -10.4002 18
      vertex 22.3571 -9.3573 18
    endloop
  endfacet
  facet normal -0.0995084 0.995037 0
    outer loop
      vertex 11.9286 -10.4002 18
      vertex 22.3571 -9.3573 0
      vertex 11.9286 -10.4002 0
    endloop
  endfacet
  facet normal -0.0995028 0.995037 0
    outer loop
      vertex 33.7857 -8.21445 0
      vertex 23.3571 -9.2573 18
      vertex 33.7857 -8.21445 18
    endloop
  endfacet
  facet normal -0.0995028 0.995037 0
    outer loop
      vertex 23.3571 -9.2573 18
      vertex 33.7857 -8.21445 0
      vertex 23.3571 -9.2573 0
    endloop
  endfacet
  facet normal -0.0995037 0.995037 0
    outer loop
      vertex 45.2143 -7.07159 0
      vertex 34.7857 -8.11445 18
      vertex 45.2143 -7.07159 18
    endloop
  endfacet
  facet normal -0.0995037 0.995037 0
    outer loop
      vertex 34.7857 -8.11445 18
      vertex 45.2143 -7.07159 0
      vertex 34.7857 -8.11445 0
    endloop
  endfacet
  facet normal -0.0995037 0.995037 0
    outer loop
      vertex 56.6429 -5.92873 0
      vertex 46.2143 -6.97159 18
      vertex 56.6429 -5.92873 18
    endloop
  endfacet
  facet normal -0.0995037 0.995037 0
    outer loop
      vertex 46.2143 -6.97159 18
      vertex 56.6429 -5.92873 0
      vertex 46.2143 -6.97159 0
    endloop
  endfacet
  facet normal -0.0995047 0.995037 0
    outer loop
      vertex 68.0714 -4.78587 0
      vertex 57.6429 -5.82873 18
      vertex 68.0714 -4.78587 18
    endloop
  endfacet
  facet normal -0.0995047 0.995037 0
    outer loop
      vertex 57.6429 -5.82873 18
      vertex 68.0714 -4.78587 0
      vertex 57.6429 -5.82873 0
    endloop
  endfacet
  facet normal 1 -0 0
    outer loop
      vertex 2 12.8 18
      vertex 2 13 0
      vertex 2 13 18
    endloop
  endfacet
  facet normal 1 0 0
    outer loop
      vertex 2 13 0
      vertex 2 12.8 18
      vertex 2 12.8 0
    endloop
  endfacet
  facet normal 1 0 0
    outer loop
      vertex 2 -12.8 18
      vertex 2 -12.8173 9.92388
      vertex 2 -12.8 9.91569
    endloop
  endfacet
  facet normal 1 0 0
    outer loop
      vertex 2 -12.8 18
      vertex 2 -12.9097 9.95694
      vertex 2 -12.8173 9.92388
    endloop
  endfacet
  facet normal 1 0 0
    outer loop
      vertex 2 -13 9.97956
      vertex 2 -12.8 18
      vertex 2 -13 18
    endloop
  endfacet
  facet normal 1 0 0
    outer loop
      vertex 2 -12.8 18
      vertex 2 -13 9.97956
      vertex 2 -12.9097 9.95694
    endloop
  endfacet
  facet normal 1 -0 0
    outer loop
      vertex 2 -12.8173 8.07612
      vertex 2 -12.8 0
      vertex 2 -12.8 8.08431
    endloop
  endfacet
  facet normal 1 -0 0
    outer loop
      vertex 2 -12.9097 8.04306
      vertex 2 -12.8 0
      vertex 2 -12.8173 8.07612
    endloop
  endfacet
  facet normal 1 -0 0
    outer loop
      vertex 2 -13 8.02044
      vertex 2 -12.8 0
      vertex 2 -12.9097 8.04306
    endloop
  endfacet
  facet normal 1 0 0
    outer loop
      vertex 2 -12.8 0
      vertex 2 -13 8.02044
      vertex 2 -13 0
    endloop
  endfacet
  facet normal 1 -0 0
    outer loop
      vertex 2 -11.393 18
      vertex 2 11.393 0
      vertex 2 11.393 18
    endloop
  endfacet
  facet normal 1 0 0
    outer loop
      vertex 2 11.393 0
      vertex 2 -11.393 18
      vertex 2 -11.393 0
    endloop
  endfacet
  facet normal -1 0 0
    outer loop
      vertex -8 13 0
      vertex -8 -12.2 9
      vertex -8 13 18
    endloop
  endfacet
  facet normal -1 0 0
    outer loop
      vertex -8 13 0
      vertex -8 -12.2048 8.90198
      vertex -8 -12.2 9
    endloop
  endfacet
  facet normal -1 0 0
    outer loop
      vertex -8 13 0
      vertex -8 -12.2192 8.80491
      vertex -8 -12.2048 8.90198
    endloop
  endfacet
  facet normal -1 0 0
    outer loop
      vertex -8 13 0
      vertex -8 -12.2431 8.70971
      vertex -8 -12.2192 8.80491
    endloop
  endfacet
  facet normal -1 0 0
    outer loop
      vertex -8 13 0
      vertex -8 -12.2761 8.61732
      vertex -8 -12.2431 8.70971
    endloop
  endfacet
  facet normal -1 0 0
    outer loop
      vertex -8 -13 0
      vertex -8 -12.2761 8.61732
      vertex -8 13 0
    endloop
  endfacet
  facet normal -1 0 0
    outer loop
      vertex -8 -12.2761 8.61732
      vertex -8 -13 0
      vertex -8 -12.3181 8.5286
    endloop
  endfacet
  facet normal -1 0 0
    outer loop
      vertex -8 -12.3181 8.5286
      vertex -8 -13 0
      vertex -8 -12.3685 8.44443
    endloop
  endfacet
  facet normal -1 0 0
    outer loop
      vertex -8 -12.3685 8.44443
      vertex -8 -13 0
      vertex -8 -12.427 8.36561
    endloop
  endfacet
  facet normal -1 0 0
    outer loop
      vertex -8 -12.427 8.36561
      vertex -8 -13 0
      vertex -8 -12.4929 8.29289
    endloop
  endfacet
  facet normal -1 0 0
    outer loop
      vertex -8 -12.4929 8.29289
      vertex -8 -13 0
      vertex -8 -12.5656 8.22699
    endloop
  endfacet
  facet normal -1 0 0
    outer loop
      vertex -8 -12.5656 8.22699
      vertex -8 -13 0
      vertex -8 -12.6444 8.16853
    endloop
  endfacet
  facet normal -1 0 0
    outer loop
      vertex -8 -12.6444 8.16853
      vertex -8 -13 0
      vertex -8 -12.7286 8.11808
    endloop
  endfacet
  facet normal -1 0 0
    outer loop
      vertex -8 -12.7286 8.11808
      vertex -8 -13 0
      vertex -8 -12.8173 8.07612
    endloop
  endfacet
  facet normal -1 0 0
    outer loop
      vertex -8 -12.8173 8.07612
      vertex -8 -13 0
      vertex -8 -12.9097 8.04306
    endloop
  endfacet
  facet normal -1 0 0
    outer loop
      vertex -8 -12.9097 8.04306
      vertex -8 -13 0
      vertex -8 -13 8.02044
    endloop
  endfacet
  facet normal -1 0 0
    outer loop
      vertex -8 -12.2048 9.09802
      vertex -8 13 18
      vertex -8 -12.2 9
    endloop
  endfacet
  facet normal -1 0 0
    outer loop
      vertex -8 -12.2192 9.19509
      vertex -8 13 18
      vertex -8 -12.2048 9.09802
    endloop
  endfacet
  facet normal -1 0 0
    outer loop
      vertex -8 -12.2431 9.29028
      vertex -8 13 18
      vertex -8 -12.2192 9.19509
    endloop
  endfacet
  facet normal -1 0 0
    outer loop
      vertex -8 -12.2761 9.38268
      vertex -8 13 18
      vertex -8 -12.2431 9.29028
    endloop
  endfacet
  facet normal -1 0 0
    outer loop
      vertex -8 -13 18
      vertex -8 -12.2761 9.38268
      vertex -8 -12.3181 9.4714
    endloop
  endfacet
  facet normal -1 0 0
    outer loop
      vertex -8 -13 18
      vertex -8 -12.3181 9.4714
      vertex -8 -12.3685 9.55557
    endloop
  endfacet
  facet normal -1 0 0
    outer loop
      vertex -8 -13 18
      vertex -8 -12.3685 9.55557
      vertex -8 -12.427 9.63439
    endloop
  endfacet
  facet normal -1 0 0
    outer loop
      vertex -8 -13 18
      vertex -8 -12.427 9.63439
      vertex -8 -12.4929 9.70711
    endloop
  endfacet
  facet normal -1 0 0
    outer loop
      vertex -8 -13 18
      vertex -8 -12.4929 9.70711
      vertex -8 -12.5656 9.77301
    endloop
  endfacet
  facet normal -1 0 0
    outer loop
      vertex -8 -13 18
      vertex -8 -12.5656 9.77301
      vertex -8 -12.6444 9.83147
    endloop
  endfacet
  facet normal -1 0 0
    outer loop
      vertex -8 -13 18
      vertex -8 -12.6444 9.83147
      vertex -8 -12.7286 9.88192
    endloop
  endfacet
  facet normal -1 0 0
    outer loop
      vertex -8 -13 18
      vertex -8 -12.7286 9.88192
      vertex -8 -12.8173 9.92388
    endloop
  endfacet
  facet normal -1 0 0
    outer loop
      vertex -8 -13 18
      vertex -8 -12.8173 9.92388
      vertex -8 -12.9097 9.95694
    endloop
  endfacet
  facet normal -1 0 0
    outer loop
      vertex -8 -13 18
      vertex -8 -12.9097 9.95694
      vertex -8 -13 9.97956
    endloop
  endfacet
  facet normal -1 0 0
    outer loop
      vertex -8 -12.2761 9.38268
      vertex -8 -13 18
      vertex -8 13 18
    endloop
  endfacet
  facet normal 0 1 -0
    outer loop
      vertex 2 13 0
      vertex -8 13 18
      vertex 2 13 18
    endloop
  endfacet
  facet normal 0 1 0
    outer loop
      vertex -8 13 18
      vertex 2 13 0
      vertex -8 13 0
    endloop
  endfacet
  facet normal 0 -1 0
    outer loop
      vertex -8 -13 9.97956
      vertex 2 -13 18
      vertex -8 -13 18
    endloop
  endfacet
  facet normal 0 -1 -0
    outer loop
      vertex 2 -13 18
      vertex -8 -13 9.97956
      vertex 2 -13 9.97956
    endloop
  endfacet
  facet normal 0 -1 0
    outer loop
      vertex -8 -13 0
      vertex 2 -13 8.02044
      vertex -8 -13 8.02044
    endloop
  endfacet
  facet normal 0 -1 -0
    outer loop
      vertex 2 -13 8.02044
      vertex -8 -13 0
      vertex 2 -13 0
    endloop
  endfacet
  facet normal 1 -0 0
    outer loop
      vertex 82 -5 18
      vertex 82 5 0
      vertex 82 5 18
    endloop
  endfacet
  facet normal 1 0 0
    outer loop
      vertex 82 5 0
      vertex 82 -5 18
      vertex 82 -5 0
    endloop
  endfacet
  facet normal -1 0 0
    outer loop
      vertex 78 -3.79302 0
      vertex 78 3.79302 18
      vertex 78 3.79302 0
    endloop
  endfacet
  facet normal -1 -0 0
    outer loop
      vertex 78 3.79302 18
      vertex 78 -3.79302 0
      vertex 78 -3.79302 18
    endloop
  endfacet
  facet normal 0 1 -0
    outer loop
      vertex 82 5 0
      vertex 80 5 18
      vertex 82 5 18
    endloop
  endfacet
  facet normal 0 1 0
    outer loop
      vertex 80 5 18
      vertex 82 5 0
      vertex 80 5 0
    endloop
  endfacet
  facet normal 0 -1 0
    outer loop
      vertex 80 -5 0
      vertex 82 -5 18
      vertex 80 -5 18
    endloop
  endfacet
  facet normal 0 -1 -0
    outer loop
      vertex 82 -5 18
      vertex 80 -5 0
      vertex 82 -5 0
    endloop
  endfacet
  facet normal -0.24297 -0.970034 0
    outer loop
      vertex -2.68785 -4.43074 0
      vertex -2.53554 -4.46889 18
      vertex -2.68785 -4.43074 18
    endloop
  endfacet
  facet normal -0.24297 -0.970034 -0
    outer loop
      vertex -2.53554 -4.46889 18
      vertex -2.68785 -4.43074 0
      vertex -2.53554 -4.46889 0
    endloop
  endfacet
  facet normal -0.989176 -0.146733 0
    outer loop
      vertex -1.4077 -5.84317 0
      vertex -1.43074 -5.68785 18
      vertex -1.43074 -5.68785 0
    endloop
  endfacet
  facet normal -0.989176 -0.146733 0
    outer loop
      vertex -1.43074 -5.68785 18
      vertex -1.4077 -5.84317 0
      vertex -1.4077 -5.84317 18
    endloop
  endfacet
  facet normal -0.998797 -0.0490387 0
    outer loop
      vertex -1.4 -6 0
      vertex -1.4077 -5.84317 18
      vertex -1.4077 -5.84317 0
    endloop
  endfacet
  facet normal -0.998797 -0.0490387 0
    outer loop
      vertex -1.4077 -5.84317 18
      vertex -1.4 -6 0
      vertex -1.4 -6 18
    endloop
  endfacet
  facet normal -0.970034 -0.24297 0
    outer loop
      vertex -1.43074 -5.68785 0
      vertex -1.46889 -5.53554 18
      vertex -1.46889 -5.53554 0
    endloop
  endfacet
  facet normal -0.970034 -0.24297 0
    outer loop
      vertex -1.46889 -5.53554 18
      vertex -1.43074 -5.68785 0
      vertex -1.43074 -5.68785 18
    endloop
  endfacet
  facet normal 0.857723 -0.514112 0
    outer loop
      vertex -4.41107 -5.24576 18
      vertex -4.33035 -5.11109 0
      vertex -4.33035 -5.11109 18
    endloop
  endfacet
  facet normal 0.857723 -0.514112 0
    outer loop
      vertex -4.33035 -5.11109 0
      vertex -4.41107 -5.24576 18
      vertex -4.41107 -5.24576 0
    endloop
  endfacet
  facet normal 0.740933 -0.671578 0
    outer loop
      vertex -4.23682 -4.98497 18
      vertex -4.13137 -4.86863 0
      vertex -4.13137 -4.86863 18
    endloop
  endfacet
  facet normal 0.740933 -0.671578 0
    outer loop
      vertex -4.13137 -4.86863 0
      vertex -4.23682 -4.98497 18
      vertex -4.23682 -4.98497 0
    endloop
  endfacet
  facet normal -0.24303 0.970019 0
    outer loop
      vertex -2.53554 -7.5311 0
      vertex -2.68785 -7.56926 18
      vertex -2.53554 -7.5311 18
    endloop
  endfacet
  facet normal -0.24303 0.970019 0
    outer loop
      vertex -2.68785 -7.56926 18
      vertex -2.53554 -7.5311 0
      vertex -2.68785 -7.56926 0
    endloop
  endfacet
  facet normal 0.146743 -0.989175 0
    outer loop
      vertex -3.31214 -4.43074 0
      vertex -3.15683 -4.4077 18
      vertex -3.31214 -4.43074 18
    endloop
  endfacet
  facet normal 0.146743 -0.989175 0
    outer loop
      vertex -3.15683 -4.4077 18
      vertex -3.31214 -4.43074 0
      vertex -3.15683 -4.4077 0
    endloop
  endfacet
  facet normal 0.0491022 0.998794 -0
    outer loop
      vertex -3 -7.6 0
      vertex -3.15683 -7.59229 18
      vertex -3 -7.6 18
    endloop
  endfacet
  facet normal 0.0491022 0.998794 0
    outer loop
      vertex -3.15683 -7.59229 18
      vertex -3 -7.6 0
      vertex -3.15683 -7.59229 0
    endloop
  endfacet
  facet normal 0.24297 -0.970034 0
    outer loop
      vertex -3.46445 -4.46889 0
      vertex -3.31214 -4.43074 18
      vertex -3.46445 -4.46889 18
    endloop
  endfacet
  facet normal 0.24297 -0.970034 0
    outer loop
      vertex -3.31214 -4.43074 18
      vertex -3.46445 -4.46889 0
      vertex -3.31214 -4.43074 0
    endloop
  endfacet
  facet normal -0.85774 0.514084 0
    outer loop
      vertex -1.66965 -6.88891 0
      vertex -1.58893 -6.75423 18
      vertex -1.58893 -6.75423 0
    endloop
  endfacet
  facet normal -0.85774 0.514084 0
    outer loop
      vertex -1.58893 -6.75423 18
      vertex -1.66965 -6.88891 0
      vertex -1.66965 -6.88891 18
    endloop
  endfacet
  facet normal -0.336921 -0.941533 0
    outer loop
      vertex -2.53554 -4.46889 0
      vertex -2.38771 -4.52179 18
      vertex -2.53554 -4.46889 18
    endloop
  endfacet
  facet normal -0.336921 -0.941533 -0
    outer loop
      vertex -2.38771 -4.52179 18
      vertex -2.53554 -4.46889 0
      vertex -2.38771 -4.52179 0
    endloop
  endfacet
  facet normal -0.671578 -0.740933 0
    outer loop
      vertex -1.98497 -4.76318 0
      vertex -1.86863 -4.86863 18
      vertex -1.98497 -4.76318 18
    endloop
  endfacet
  facet normal -0.671578 -0.740933 -0
    outer loop
      vertex -1.86863 -4.86863 18
      vertex -1.98497 -4.76318 0
      vertex -1.86863 -4.86863 0
    endloop
  endfacet
  facet normal -0.595671 -0.803229 0
    outer loop
      vertex -2.11109 -4.66965 0
      vertex -1.98497 -4.76318 18
      vertex -2.11109 -4.66965 18
    endloop
  endfacet
  facet normal -0.595671 -0.803229 -0
    outer loop
      vertex -1.98497 -4.76318 18
      vertex -2.11109 -4.66965 0
      vertex -1.98497 -4.76318 0
    endloop
  endfacet
  facet normal -0.998797 0.0490387 0
    outer loop
      vertex -1.4077 -6.15683 0
      vertex -1.4 -6 18
      vertex -1.4 -6 0
    endloop
  endfacet
  facet normal -0.998797 0.0490387 0
    outer loop
      vertex -1.4 -6 18
      vertex -1.4077 -6.15683 0
      vertex -1.4077 -6.15683 18
    endloop
  endfacet
  facet normal -0.803229 -0.595671 0
    outer loop
      vertex -1.66965 -5.11109 0
      vertex -1.76318 -4.98497 18
      vertex -1.76318 -4.98497 0
    endloop
  endfacet
  facet normal -0.803229 -0.595671 0
    outer loop
      vertex -1.76318 -4.98497 18
      vertex -1.66965 -5.11109 0
      vertex -1.66965 -5.11109 18
    endloop
  endfacet
  facet normal -0.0491022 0.998794 0
    outer loop
      vertex -2.84317 -7.59229 0
      vertex -3 -7.6 18
      vertex -2.84317 -7.59229 18
    endloop
  endfacet
  facet normal -0.0491022 0.998794 0
    outer loop
      vertex -3 -7.6 18
      vertex -2.84317 -7.59229 0
      vertex -3 -7.6 0
    endloop
  endfacet
  facet normal 0.0490387 -0.998797 0
    outer loop
      vertex -3.15683 -4.4077 0
      vertex -3 -4.4 18
      vertex -3.15683 -4.4077 18
    endloop
  endfacet
  facet normal 0.0490387 -0.998797 0
    outer loop
      vertex -3 -4.4 18
      vertex -3.15683 -4.4077 0
      vertex -3 -4.4 0
    endloop
  endfacet
  facet normal -0.989175 0.146743 0
    outer loop
      vertex -1.43074 -6.31214 0
      vertex -1.4077 -6.15683 18
      vertex -1.4077 -6.15683 0
    endloop
  endfacet
  facet normal -0.989175 0.146743 0
    outer loop
      vertex -1.4077 -6.15683 18
      vertex -1.43074 -6.31214 0
      vertex -1.43074 -6.31214 18
    endloop
  endfacet
  facet normal 0.970019 0.24303 0
    outer loop
      vertex -4.5311 -6.46445 18
      vertex -4.56926 -6.31214 0
      vertex -4.56926 -6.31214 18
    endloop
  endfacet
  facet normal 0.970019 0.24303 0
    outer loop
      vertex -4.56926 -6.31214 0
      vertex -4.5311 -6.46445 18
      vertex -4.5311 -6.46445 0
    endloop
  endfacet
  facet normal -0.146671 0.989185 0
    outer loop
      vertex -2.68785 -7.56926 0
      vertex -2.84317 -7.59229 18
      vertex -2.68785 -7.56926 18
    endloop
  endfacet
  facet normal -0.146671 0.989185 0
    outer loop
      vertex -2.84317 -7.59229 18
      vertex -2.68785 -7.56926 0
      vertex -2.84317 -7.59229 0
    endloop
  endfacet
  facet normal 0.336901 -0.94154 0
    outer loop
      vertex -3.61229 -4.52179 0
      vertex -3.46445 -4.46889 18
      vertex -3.61229 -4.52179 18
    endloop
  endfacet
  facet normal 0.336901 -0.94154 0
    outer loop
      vertex -3.46445 -4.46889 18
      vertex -3.61229 -4.52179 0
      vertex -3.46445 -4.46889 0
    endloop
  endfacet
  facet normal 0.595671 -0.803229 0
    outer loop
      vertex -4.01503 -4.76318 0
      vertex -3.88891 -4.66965 18
      vertex -4.01503 -4.76318 18
    endloop
  endfacet
  facet normal 0.595671 -0.803229 0
    outer loop
      vertex -3.88891 -4.66965 18
      vertex -4.01503 -4.76318 0
      vertex -3.88891 -4.66965 0
    endloop
  endfacet
  facet normal 0.94156 0.336845 0
    outer loop
      vertex -4.47821 -6.61229 18
      vertex -4.5311 -6.46445 0
      vertex -4.5311 -6.46445 18
    endloop
  endfacet
  facet normal 0.94156 0.336845 0
    outer loop
      vertex -4.5311 -6.46445 0
      vertex -4.47821 -6.61229 18
      vertex -4.47821 -6.61229 0
    endloop
  endfacet
  facet normal -0.740933 0.671578 0
    outer loop
      vertex -1.86863 -7.13137 0
      vertex -1.76318 -7.01503 18
      vertex -1.76318 -7.01503 0
    endloop
  endfacet
  facet normal -0.740933 0.671578 0
    outer loop
      vertex -1.76318 -7.01503 18
      vertex -1.86863 -7.13137 0
      vertex -1.86863 -7.13137 18
    endloop
  endfacet
  facet normal 0.427594 -0.903971 0
    outer loop
      vertex -3.75423 -4.58893 0
      vertex -3.61229 -4.52179 18
      vertex -3.75423 -4.58893 18
    endloop
  endfacet
  facet normal 0.427594 -0.903971 0
    outer loop
      vertex -3.61229 -4.52179 18
      vertex -3.75423 -4.58893 0
      vertex -3.61229 -4.52179 0
    endloop
  endfacet
  facet normal 0.14668 0.989184 -0
    outer loop
      vertex -3.15683 -7.59229 0
      vertex -3.31214 -7.56926 18
      vertex -3.15683 -7.59229 18
    endloop
  endfacet
  facet normal 0.14668 0.989184 0
    outer loop
      vertex -3.31214 -7.56926 18
      vertex -3.15683 -7.59229 0
      vertex -3.31214 -7.56926 0
    endloop
  endfacet
  facet normal -0.427569 0.903983 0
    outer loop
      vertex -2.24576 -7.41107 0
      vertex -2.38771 -7.47821 18
      vertex -2.24576 -7.41107 18
    endloop
  endfacet
  facet normal -0.427569 0.903983 0
    outer loop
      vertex -2.38771 -7.47821 18
      vertex -2.24576 -7.41107 0
      vertex -2.38771 -7.47821 0
    endloop
  endfacet
  facet normal -0.903983 -0.427569 0
    outer loop
      vertex -1.52179 -5.38771 0
      vertex -1.58893 -5.24576 18
      vertex -1.58893 -5.24576 0
    endloop
  endfacet
  facet normal -0.903983 -0.427569 0
    outer loop
      vertex -1.58893 -5.24576 18
      vertex -1.52179 -5.38771 0
      vertex -1.52179 -5.38771 18
    endloop
  endfacet
  facet normal 0.514084 -0.85774 0
    outer loop
      vertex -3.88891 -4.66965 0
      vertex -3.75423 -4.58893 18
      vertex -3.88891 -4.66965 18
    endloop
  endfacet
  facet normal 0.514084 -0.85774 0
    outer loop
      vertex -3.75423 -4.58893 18
      vertex -3.88891 -4.66965 0
      vertex -3.75423 -4.58893 0
    endloop
  endfacet
  facet normal 0.671578 0.740933 -0
    outer loop
      vertex -4.01503 -7.23682 0
      vertex -4.13137 -7.13137 18
      vertex -4.01503 -7.23682 18
    endloop
  endfacet
  facet normal 0.671578 0.740933 0
    outer loop
      vertex -4.13137 -7.13137 18
      vertex -4.01503 -7.23682 0
      vertex -4.13137 -7.13137 0
    endloop
  endfacet
  facet normal -0.514112 -0.857723 0
    outer loop
      vertex -2.24576 -4.58893 0
      vertex -2.11109 -4.66965 18
      vertex -2.24576 -4.58893 18
    endloop
  endfacet
  facet normal -0.514112 -0.857723 -0
    outer loop
      vertex -2.11109 -4.66965 18
      vertex -2.24576 -4.58893 0
      vertex -2.11109 -4.66965 0
    endloop
  endfacet
  facet normal -0.740933 -0.671578 0
    outer loop
      vertex -1.76318 -4.98497 0
      vertex -1.86863 -4.86863 18
      vertex -1.86863 -4.86863 0
    endloop
  endfacet
  facet normal -0.740933 -0.671578 0
    outer loop
      vertex -1.86863 -4.86863 18
      vertex -1.76318 -4.98497 0
      vertex -1.76318 -4.98497 18
    endloop
  endfacet
  facet normal -0.941533 -0.336921 0
    outer loop
      vertex -1.46889 -5.53554 0
      vertex -1.52179 -5.38771 18
      vertex -1.52179 -5.38771 0
    endloop
  endfacet
  facet normal -0.941533 -0.336921 0
    outer loop
      vertex -1.52179 -5.38771 18
      vertex -1.46889 -5.53554 0
      vertex -1.46889 -5.53554 18
    endloop
  endfacet
  facet normal -0.903971 0.427594 0
    outer loop
      vertex -1.58893 -6.75423 0
      vertex -1.52179 -6.61229 18
      vertex -1.52179 -6.61229 0
    endloop
  endfacet
  facet normal -0.903971 0.427594 0
    outer loop
      vertex -1.52179 -6.61229 18
      vertex -1.58893 -6.75423 0
      vertex -1.58893 -6.75423 18
    endloop
  endfacet
  facet normal -0.595671 0.803229 0
    outer loop
      vertex -1.98497 -7.23682 0
      vertex -2.11109 -7.33035 18
      vertex -1.98497 -7.23682 18
    endloop
  endfacet
  facet normal -0.595671 0.803229 0
    outer loop
      vertex -2.11109 -7.33035 18
      vertex -1.98497 -7.23682 0
      vertex -2.11109 -7.33035 0
    endloop
  endfacet
  facet normal 0.595671 0.803229 -0
    outer loop
      vertex -3.88891 -7.33035 0
      vertex -4.01503 -7.23682 18
      vertex -3.88891 -7.33035 18
    endloop
  endfacet
  facet normal 0.595671 0.803229 0
    outer loop
      vertex -4.01503 -7.23682 18
      vertex -3.88891 -7.33035 0
      vertex -4.01503 -7.23682 0
    endloop
  endfacet
  facet normal -0.803229 0.595671 0
    outer loop
      vertex -1.76318 -7.01503 0
      vertex -1.66965 -6.88891 18
      vertex -1.66965 -6.88891 0
    endloop
  endfacet
  facet normal -0.803229 0.595671 0
    outer loop
      vertex -1.66965 -6.88891 18
      vertex -1.76318 -7.01503 0
      vertex -1.76318 -7.01503 18
    endloop
  endfacet
  facet normal -0.427569 -0.903983 0
    outer loop
      vertex -2.38771 -4.52179 0
      vertex -2.24576 -4.58893 18
      vertex -2.38771 -4.52179 18
    endloop
  endfacet
  facet normal -0.427569 -0.903983 -0
    outer loop
      vertex -2.24576 -4.58893 18
      vertex -2.38771 -4.52179 0
      vertex -2.24576 -4.58893 0
    endloop
  endfacet
  facet normal -0.146733 -0.989176 0
    outer loop
      vertex -2.84317 -4.4077 0
      vertex -2.68785 -4.43074 18
      vertex -2.84317 -4.4077 18
    endloop
  endfacet
  facet normal -0.146733 -0.989176 -0
    outer loop
      vertex -2.68785 -4.43074 18
      vertex -2.84317 -4.4077 0
      vertex -2.68785 -4.43074 0
    endloop
  endfacet
  facet normal -0.857723 -0.514112 0
    outer loop
      vertex -1.58893 -5.24576 0
      vertex -1.66965 -5.11109 18
      vertex -1.66965 -5.11109 0
    endloop
  endfacet
  facet normal -0.857723 -0.514112 0
    outer loop
      vertex -1.66965 -5.11109 18
      vertex -1.58893 -5.24576 0
      vertex -1.58893 -5.24576 18
    endloop
  endfacet
  facet normal 0.514084 0.85774 -0
    outer loop
      vertex -3.75423 -7.41107 0
      vertex -3.88891 -7.33035 18
      vertex -3.75423 -7.41107 18
    endloop
  endfacet
  facet normal 0.514084 0.85774 0
    outer loop
      vertex -3.88891 -7.33035 18
      vertex -3.75423 -7.41107 0
      vertex -3.88891 -7.33035 0
    endloop
  endfacet
  facet normal 0.671578 -0.740933 0
    outer loop
      vertex -4.13137 -4.86863 0
      vertex -4.01503 -4.76318 18
      vertex -4.13137 -4.86863 18
    endloop
  endfacet
  facet normal 0.671578 -0.740933 0
    outer loop
      vertex -4.01503 -4.76318 18
      vertex -4.13137 -4.86863 0
      vertex -4.01503 -4.76318 0
    endloop
  endfacet
  facet normal 0.903971 0.427594 0
    outer loop
      vertex -4.41107 -6.75423 18
      vertex -4.47821 -6.61229 0
      vertex -4.47821 -6.61229 18
    endloop
  endfacet
  facet normal 0.903971 0.427594 0
    outer loop
      vertex -4.47821 -6.61229 0
      vertex -4.41107 -6.75423 18
      vertex -4.41107 -6.75423 0
    endloop
  endfacet
  facet normal 0.336845 0.94156 -0
    outer loop
      vertex -3.46445 -7.5311 0
      vertex -3.61229 -7.47821 18
      vertex -3.46445 -7.5311 18
    endloop
  endfacet
  facet normal 0.336845 0.94156 0
    outer loop
      vertex -3.61229 -7.47821 18
      vertex -3.46445 -7.5311 0
      vertex -3.61229 -7.47821 0
    endloop
  endfacet
  facet normal 0.427594 0.903971 -0
    outer loop
      vertex -3.61229 -7.47821 0
      vertex -3.75423 -7.41107 18
      vertex -3.61229 -7.47821 18
    endloop
  endfacet
  facet normal 0.427594 0.903971 0
    outer loop
      vertex -3.75423 -7.41107 18
      vertex -3.61229 -7.47821 0
      vertex -3.75423 -7.41107 0
    endloop
  endfacet
  facet normal -0.94154 0.336901 0
    outer loop
      vertex -1.52179 -6.61229 0
      vertex -1.46889 -6.46445 18
      vertex -1.46889 -6.46445 0
    endloop
  endfacet
  facet normal -0.94154 0.336901 0
    outer loop
      vertex -1.46889 -6.46445 18
      vertex -1.52179 -6.61229 0
      vertex -1.52179 -6.61229 18
    endloop
  endfacet
  facet normal 0.989185 -0.146671 0
    outer loop
      vertex -4.59229 -5.84317 18
      vertex -4.56926 -5.68785 0
      vertex -4.56926 -5.68785 18
    endloop
  endfacet
  facet normal 0.989185 -0.146671 0
    outer loop
      vertex -4.56926 -5.68785 0
      vertex -4.59229 -5.84317 18
      vertex -4.59229 -5.84317 0
    endloop
  endfacet
  facet normal 0.998794 -0.0491022 0
    outer loop
      vertex -4.6 -6 18
      vertex -4.59229 -5.84317 0
      vertex -4.59229 -5.84317 18
    endloop
  endfacet
  facet normal 0.998794 -0.0491022 0
    outer loop
      vertex -4.59229 -5.84317 0
      vertex -4.6 -6 18
      vertex -4.6 -6 0
    endloop
  endfacet
  facet normal 0.740933 0.671578 0
    outer loop
      vertex -4.13137 -7.13137 18
      vertex -4.23682 -7.01503 0
      vertex -4.23682 -7.01503 18
    endloop
  endfacet
  facet normal 0.740933 0.671578 0
    outer loop
      vertex -4.23682 -7.01503 0
      vertex -4.13137 -7.13137 18
      vertex -4.13137 -7.13137 0
    endloop
  endfacet
  facet normal 0.803229 -0.595671 0
    outer loop
      vertex -4.33035 -5.11109 18
      vertex -4.23682 -4.98497 0
      vertex -4.23682 -4.98497 18
    endloop
  endfacet
  facet normal 0.803229 -0.595671 0
    outer loop
      vertex -4.23682 -4.98497 0
      vertex -4.33035 -5.11109 18
      vertex -4.33035 -5.11109 0
    endloop
  endfacet
  facet normal 0.989184 0.14668 0
    outer loop
      vertex -4.56926 -6.31214 18
      vertex -4.59229 -6.15683 0
      vertex -4.59229 -6.15683 18
    endloop
  endfacet
  facet normal 0.989184 0.14668 0
    outer loop
      vertex -4.59229 -6.15683 0
      vertex -4.56926 -6.31214 18
      vertex -4.56926 -6.31214 0
    endloop
  endfacet
  facet normal 0.941553 -0.336865 0
    outer loop
      vertex -4.5311 -5.53554 18
      vertex -4.47821 -5.38771 0
      vertex -4.47821 -5.38771 18
    endloop
  endfacet
  facet normal 0.941553 -0.336865 0
    outer loop
      vertex -4.47821 -5.38771 0
      vertex -4.5311 -5.53554 18
      vertex -4.5311 -5.53554 0
    endloop
  endfacet
  facet normal 0.803229 0.595671 0
    outer loop
      vertex -4.23682 -7.01503 18
      vertex -4.33035 -6.88891 0
      vertex -4.33035 -6.88891 18
    endloop
  endfacet
  facet normal 0.803229 0.595671 0
    outer loop
      vertex -4.33035 -6.88891 0
      vertex -4.23682 -7.01503 18
      vertex -4.23682 -7.01503 0
    endloop
  endfacet
  facet normal -0.336865 0.941553 0
    outer loop
      vertex -2.38771 -7.47821 0
      vertex -2.53554 -7.5311 18
      vertex -2.38771 -7.47821 18
    endloop
  endfacet
  facet normal -0.336865 0.941553 0
    outer loop
      vertex -2.53554 -7.5311 18
      vertex -2.38771 -7.47821 0
      vertex -2.53554 -7.5311 0
    endloop
  endfacet
  facet normal 0.970019 -0.24303 0
    outer loop
      vertex -4.56926 -5.68785 18
      vertex -4.5311 -5.53554 0
      vertex -4.5311 -5.53554 18
    endloop
  endfacet
  facet normal 0.970019 -0.24303 0
    outer loop
      vertex -4.5311 -5.53554 0
      vertex -4.56926 -5.68785 18
      vertex -4.56926 -5.68785 0
    endloop
  endfacet
  facet normal -0.0490387 -0.998797 0
    outer loop
      vertex -3 -4.4 0
      vertex -2.84317 -4.4077 18
      vertex -3 -4.4 18
    endloop
  endfacet
  facet normal -0.0490387 -0.998797 -0
    outer loop
      vertex -2.84317 -4.4077 18
      vertex -3 -4.4 0
      vertex -2.84317 -4.4077 0
    endloop
  endfacet
  facet normal 0.998794 0.0491022 0
    outer loop
      vertex -4.59229 -6.15683 18
      vertex -4.6 -6 0
      vertex -4.6 -6 18
    endloop
  endfacet
  facet normal 0.998794 0.0491022 0
    outer loop
      vertex -4.6 -6 0
      vertex -4.59229 -6.15683 18
      vertex -4.59229 -6.15683 0
    endloop
  endfacet
  facet normal -0.514112 0.857723 0
    outer loop
      vertex -2.11109 -7.33035 0
      vertex -2.24576 -7.41107 18
      vertex -2.11109 -7.33035 18
    endloop
  endfacet
  facet normal -0.514112 0.857723 0
    outer loop
      vertex -2.24576 -7.41107 18
      vertex -2.11109 -7.33035 0
      vertex -2.24576 -7.41107 0
    endloop
  endfacet
  facet normal -0.970034 0.24297 0
    outer loop
      vertex -1.46889 -6.46445 0
      vertex -1.43074 -6.31214 18
      vertex -1.43074 -6.31214 0
    endloop
  endfacet
  facet normal -0.970034 0.24297 0
    outer loop
      vertex -1.43074 -6.31214 18
      vertex -1.46889 -6.46445 0
      vertex -1.46889 -6.46445 18
    endloop
  endfacet
  facet normal 0.24303 0.970019 -0
    outer loop
      vertex -3.31214 -7.56926 0
      vertex -3.46445 -7.5311 18
      vertex -3.31214 -7.56926 18
    endloop
  endfacet
  facet normal 0.24303 0.970019 0
    outer loop
      vertex -3.46445 -7.5311 18
      vertex -3.31214 -7.56926 0
      vertex -3.46445 -7.5311 0
    endloop
  endfacet
  facet normal 0.85774 0.514084 0
    outer loop
      vertex -4.33035 -6.88891 18
      vertex -4.41107 -6.75423 0
      vertex -4.41107 -6.75423 18
    endloop
  endfacet
  facet normal 0.85774 0.514084 0
    outer loop
      vertex -4.41107 -6.75423 0
      vertex -4.33035 -6.88891 18
      vertex -4.33035 -6.88891 0
    endloop
  endfacet
  facet normal 0.903983 -0.427569 0
    outer loop
      vertex -4.47821 -5.38771 18
      vertex -4.41107 -5.24576 0
      vertex -4.41107 -5.24576 18
    endloop
  endfacet
  facet normal 0.903983 -0.427569 0
    outer loop
      vertex -4.41107 -5.24576 0
      vertex -4.47821 -5.38771 18
      vertex -4.47821 -5.38771 0
    endloop
  endfacet
  facet normal -0.671578 0.740933 0
    outer loop
      vertex -1.86863 -7.13137 0
      vertex -1.98497 -7.23682 18
      vertex -1.86863 -7.13137 18
    endloop
  endfacet
  facet normal -0.671578 0.740933 0
    outer loop
      vertex -1.98497 -7.23682 18
      vertex -1.86863 -7.13137 0
      vertex -1.98497 -7.23682 0
    endloop
  endfacet
  facet normal 0.336845 -0.94156 0
    outer loop
      vertex -3.61229 7.47821 0
      vertex -3.46445 7.5311 18
      vertex -3.61229 7.47821 18
    endloop
  endfacet
  facet normal 0.336845 -0.94156 0
    outer loop
      vertex -3.46445 7.5311 18
      vertex -3.61229 7.47821 0
      vertex -3.46445 7.5311 0
    endloop
  endfacet
  facet normal -0.989175 -0.146743 0
    outer loop
      vertex -1.4077 6.15683 0
      vertex -1.43074 6.31214 18
      vertex -1.43074 6.31214 0
    endloop
  endfacet
  facet normal -0.989175 -0.146743 0
    outer loop
      vertex -1.43074 6.31214 18
      vertex -1.4077 6.15683 0
      vertex -1.4077 6.15683 18
    endloop
  endfacet
  facet normal -0.998797 -0.0490387 0
    outer loop
      vertex -1.4 6 0
      vertex -1.4077 6.15683 18
      vertex -1.4077 6.15683 0
    endloop
  endfacet
  facet normal -0.998797 -0.0490387 0
    outer loop
      vertex -1.4077 6.15683 18
      vertex -1.4 6 0
      vertex -1.4 6 18
    endloop
  endfacet
  facet normal -0.970034 -0.24297 0
    outer loop
      vertex -1.43074 6.31214 0
      vertex -1.46889 6.46445 18
      vertex -1.46889 6.46445 0
    endloop
  endfacet
  facet normal -0.970034 -0.24297 0
    outer loop
      vertex -1.46889 6.46445 18
      vertex -1.43074 6.31214 0
      vertex -1.43074 6.31214 18
    endloop
  endfacet
  facet normal 0.427594 0.903971 -0
    outer loop
      vertex -3.61229 4.52179 0
      vertex -3.75423 4.58893 18
      vertex -3.61229 4.52179 18
    endloop
  endfacet
  facet normal 0.427594 0.903971 0
    outer loop
      vertex -3.75423 4.58893 18
      vertex -3.61229 4.52179 0
      vertex -3.75423 4.58893 0
    endloop
  endfacet
  facet normal -0.671578 0.740933 0
    outer loop
      vertex -1.86863 4.86863 0
      vertex -1.98497 4.76318 18
      vertex -1.86863 4.86863 18
    endloop
  endfacet
  facet normal -0.671578 0.740933 0
    outer loop
      vertex -1.98497 4.76318 18
      vertex -1.86863 4.86863 0
      vertex -1.98497 4.76318 0
    endloop
  endfacet
  facet normal -0.903971 -0.427594 0
    outer loop
      vertex -1.52179 6.61229 0
      vertex -1.58893 6.75423 18
      vertex -1.58893 6.75423 0
    endloop
  endfacet
  facet normal -0.903971 -0.427594 0
    outer loop
      vertex -1.58893 6.75423 18
      vertex -1.52179 6.61229 0
      vertex -1.52179 6.61229 18
    endloop
  endfacet
  facet normal -0.336921 0.941533 0
    outer loop
      vertex -2.38771 4.52179 0
      vertex -2.53554 4.46889 18
      vertex -2.38771 4.52179 18
    endloop
  endfacet
  facet normal -0.336921 0.941533 0
    outer loop
      vertex -2.53554 4.46889 18
      vertex -2.38771 4.52179 0
      vertex -2.53554 4.46889 0
    endloop
  endfacet
  facet normal -0.998797 0.0490387 0
    outer loop
      vertex -1.4077 5.84317 0
      vertex -1.4 6 18
      vertex -1.4 6 0
    endloop
  endfacet
  facet normal -0.998797 0.0490387 0
    outer loop
      vertex -1.4 6 18
      vertex -1.4077 5.84317 0
      vertex -1.4077 5.84317 18
    endloop
  endfacet
  facet normal 0.803229 -0.595671 0
    outer loop
      vertex -4.33035 6.88891 18
      vertex -4.23682 7.01503 0
      vertex -4.23682 7.01503 18
    endloop
  endfacet
  facet normal 0.803229 -0.595671 0
    outer loop
      vertex -4.23682 7.01503 0
      vertex -4.33035 6.88891 18
      vertex -4.33035 6.88891 0
    endloop
  endfacet
  facet normal -0.803229 0.595671 0
    outer loop
      vertex -1.76318 4.98497 0
      vertex -1.66965 5.11109 18
      vertex -1.66965 5.11109 0
    endloop
  endfacet
  facet normal -0.803229 0.595671 0
    outer loop
      vertex -1.66965 5.11109 18
      vertex -1.76318 4.98497 0
      vertex -1.76318 4.98497 18
    endloop
  endfacet
  facet normal -0.941533 0.336921 0
    outer loop
      vertex -1.52179 5.38771 0
      vertex -1.46889 5.53554 18
      vertex -1.46889 5.53554 0
    endloop
  endfacet
  facet normal -0.941533 0.336921 0
    outer loop
      vertex -1.46889 5.53554 18
      vertex -1.52179 5.38771 0
      vertex -1.52179 5.38771 18
    endloop
  endfacet
  facet normal 0.514084 -0.85774 0
    outer loop
      vertex -3.88891 7.33035 0
      vertex -3.75423 7.41107 18
      vertex -3.88891 7.33035 18
    endloop
  endfacet
  facet normal 0.514084 -0.85774 0
    outer loop
      vertex -3.75423 7.41107 18
      vertex -3.88891 7.33035 0
      vertex -3.75423 7.41107 0
    endloop
  endfacet
  facet normal 0.903971 -0.427594 0
    outer loop
      vertex -4.47821 6.61229 18
      vertex -4.41107 6.75423 0
      vertex -4.41107 6.75423 18
    endloop
  endfacet
  facet normal 0.903971 -0.427594 0
    outer loop
      vertex -4.41107 6.75423 0
      vertex -4.47821 6.61229 18
      vertex -4.47821 6.61229 0
    endloop
  endfacet
  facet normal -0.0491022 -0.998794 0
    outer loop
      vertex -3 7.6 0
      vertex -2.84317 7.59229 18
      vertex -3 7.6 18
    endloop
  endfacet
  facet normal -0.0491022 -0.998794 -0
    outer loop
      vertex -2.84317 7.59229 18
      vertex -3 7.6 0
      vertex -2.84317 7.59229 0
    endloop
  endfacet
  facet normal 0.740933 0.671578 0
    outer loop
      vertex -4.13137 4.86863 18
      vertex -4.23682 4.98497 0
      vertex -4.23682 4.98497 18
    endloop
  endfacet
  facet normal 0.740933 0.671578 0
    outer loop
      vertex -4.23682 4.98497 0
      vertex -4.13137 4.86863 18
      vertex -4.13137 4.86863 0
    endloop
  endfacet
  facet normal 0.14668 -0.989184 0
    outer loop
      vertex -3.31214 7.56926 0
      vertex -3.15683 7.59229 18
      vertex -3.31214 7.56926 18
    endloop
  endfacet
  facet normal 0.14668 -0.989184 0
    outer loop
      vertex -3.15683 7.59229 18
      vertex -3.31214 7.56926 0
      vertex -3.15683 7.59229 0
    endloop
  endfacet
  facet normal 0.24303 -0.970019 0
    outer loop
      vertex -3.46445 7.5311 0
      vertex -3.31214 7.56926 18
      vertex -3.46445 7.5311 18
    endloop
  endfacet
  facet normal 0.24303 -0.970019 0
    outer loop
      vertex -3.31214 7.56926 18
      vertex -3.46445 7.5311 0
      vertex -3.31214 7.56926 0
    endloop
  endfacet
  facet normal 0.903983 0.427569 0
    outer loop
      vertex -4.41107 5.24576 18
      vertex -4.47821 5.38771 0
      vertex -4.47821 5.38771 18
    endloop
  endfacet
  facet normal 0.903983 0.427569 0
    outer loop
      vertex -4.47821 5.38771 0
      vertex -4.41107 5.24576 18
      vertex -4.41107 5.24576 0
    endloop
  endfacet
  facet normal 0.970019 0.24303 0
    outer loop
      vertex -4.5311 5.53554 18
      vertex -4.56926 5.68785 0
      vertex -4.56926 5.68785 18
    endloop
  endfacet
  facet normal 0.970019 0.24303 0
    outer loop
      vertex -4.56926 5.68785 0
      vertex -4.5311 5.53554 18
      vertex -4.5311 5.53554 0
    endloop
  endfacet
  facet normal 0.0491022 -0.998794 0
    outer loop
      vertex -3.15683 7.59229 0
      vertex -3 7.6 18
      vertex -3.15683 7.59229 18
    endloop
  endfacet
  facet normal 0.0491022 -0.998794 0
    outer loop
      vertex -3 7.6 18
      vertex -3.15683 7.59229 0
      vertex -3 7.6 0
    endloop
  endfacet
  facet normal -0.0490387 0.998797 0
    outer loop
      vertex -2.84317 4.4077 0
      vertex -3 4.4 18
      vertex -2.84317 4.4077 18
    endloop
  endfacet
  facet normal -0.0490387 0.998797 0
    outer loop
      vertex -3 4.4 18
      vertex -2.84317 4.4077 0
      vertex -3 4.4 0
    endloop
  endfacet
  facet normal -0.427569 -0.903983 0
    outer loop
      vertex -2.38771 7.47821 0
      vertex -2.24576 7.41107 18
      vertex -2.38771 7.47821 18
    endloop
  endfacet
  facet normal -0.427569 -0.903983 -0
    outer loop
      vertex -2.24576 7.41107 18
      vertex -2.38771 7.47821 0
      vertex -2.24576 7.41107 0
    endloop
  endfacet
  facet normal -0.146733 0.989176 0
    outer loop
      vertex -2.68785 4.43074 0
      vertex -2.84317 4.4077 18
      vertex -2.68785 4.43074 18
    endloop
  endfacet
  facet normal -0.146733 0.989176 0
    outer loop
      vertex -2.84317 4.4077 18
      vertex -2.68785 4.43074 0
      vertex -2.84317 4.4077 0
    endloop
  endfacet
  facet normal -0.146671 -0.989185 0
    outer loop
      vertex -2.84317 7.59229 0
      vertex -2.68785 7.56926 18
      vertex -2.84317 7.59229 18
    endloop
  endfacet
  facet normal -0.146671 -0.989185 -0
    outer loop
      vertex -2.68785 7.56926 18
      vertex -2.84317 7.59229 0
      vertex -2.68785 7.56926 0
    endloop
  endfacet
  facet normal -0.94154 -0.336901 0
    outer loop
      vertex -1.46889 6.46445 0
      vertex -1.52179 6.61229 18
      vertex -1.52179 6.61229 0
    endloop
  endfacet
  facet normal -0.94154 -0.336901 0
    outer loop
      vertex -1.52179 6.61229 18
      vertex -1.46889 6.46445 0
      vertex -1.46889 6.46445 18
    endloop
  endfacet
  facet normal -0.803229 -0.595671 0
    outer loop
      vertex -1.66965 6.88891 0
      vertex -1.76318 7.01503 18
      vertex -1.76318 7.01503 0
    endloop
  endfacet
  facet normal -0.803229 -0.595671 0
    outer loop
      vertex -1.76318 7.01503 18
      vertex -1.66965 6.88891 0
      vertex -1.66965 6.88891 18
    endloop
  endfacet
  facet normal -0.740933 0.671578 0
    outer loop
      vertex -1.86863 4.86863 0
      vertex -1.76318 4.98497 18
      vertex -1.76318 4.98497 0
    endloop
  endfacet
  facet normal -0.740933 0.671578 0
    outer loop
      vertex -1.76318 4.98497 18
      vertex -1.86863 4.86863 0
      vertex -1.86863 4.86863 18
    endloop
  endfacet
  facet normal -0.671578 -0.740933 0
    outer loop
      vertex -1.98497 7.23682 0
      vertex -1.86863 7.13137 18
      vertex -1.98497 7.23682 18
    endloop
  endfacet
  facet normal -0.671578 -0.740933 -0
    outer loop
      vertex -1.86863 7.13137 18
      vertex -1.98497 7.23682 0
      vertex -1.86863 7.13137 0
    endloop
  endfacet
  facet normal 0.146743 0.989175 -0
    outer loop
      vertex -3.15683 4.4077 0
      vertex -3.31214 4.43074 18
      vertex -3.15683 4.4077 18
    endloop
  endfacet
  facet normal 0.146743 0.989175 0
    outer loop
      vertex -3.31214 4.43074 18
      vertex -3.15683 4.4077 0
      vertex -3.31214 4.43074 0
    endloop
  endfacet
  facet normal -0.24303 -0.970019 0
    outer loop
      vertex -2.68785 7.56926 0
      vertex -2.53554 7.5311 18
      vertex -2.68785 7.56926 18
    endloop
  endfacet
  facet normal -0.24303 -0.970019 -0
    outer loop
      vertex -2.53554 7.5311 18
      vertex -2.68785 7.56926 0
      vertex -2.53554 7.5311 0
    endloop
  endfacet
  facet normal 0.803229 0.595671 0
    outer loop
      vertex -4.23682 4.98497 18
      vertex -4.33035 5.11109 0
      vertex -4.33035 5.11109 18
    endloop
  endfacet
  facet normal 0.803229 0.595671 0
    outer loop
      vertex -4.33035 5.11109 0
      vertex -4.23682 4.98497 18
      vertex -4.23682 4.98497 0
    endloop
  endfacet
  facet normal -0.740933 -0.671578 0
    outer loop
      vertex -1.76318 7.01503 0
      vertex -1.86863 7.13137 18
      vertex -1.86863 7.13137 0
    endloop
  endfacet
  facet normal -0.740933 -0.671578 0
    outer loop
      vertex -1.86863 7.13137 18
      vertex -1.76318 7.01503 0
      vertex -1.76318 7.01503 18
    endloop
  endfacet
  facet normal -0.24297 0.970034 0
    outer loop
      vertex -2.53554 4.46889 0
      vertex -2.68785 4.43074 18
      vertex -2.53554 4.46889 18
    endloop
  endfacet
  facet normal -0.24297 0.970034 0
    outer loop
      vertex -2.68785 4.43074 18
      vertex -2.53554 4.46889 0
      vertex -2.68785 4.43074 0
    endloop
  endfacet
  facet normal -0.427569 0.903983 0
    outer loop
      vertex -2.24576 4.58893 0
      vertex -2.38771 4.52179 18
      vertex -2.24576 4.58893 18
    endloop
  endfacet
  facet normal -0.427569 0.903983 0
    outer loop
      vertex -2.38771 4.52179 18
      vertex -2.24576 4.58893 0
      vertex -2.38771 4.52179 0
    endloop
  endfacet
  facet normal 0.24297 0.970034 -0
    outer loop
      vertex -3.31214 4.43074 0
      vertex -3.46445 4.46889 18
      vertex -3.31214 4.43074 18
    endloop
  endfacet
  facet normal 0.24297 0.970034 0
    outer loop
      vertex -3.46445 4.46889 18
      vertex -3.31214 4.43074 0
      vertex -3.46445 4.46889 0
    endloop
  endfacet
  facet normal -0.595671 -0.803229 0
    outer loop
      vertex -2.11109 7.33035 0
      vertex -1.98497 7.23682 18
      vertex -2.11109 7.33035 18
    endloop
  endfacet
  facet normal -0.595671 -0.803229 -0
    outer loop
      vertex -1.98497 7.23682 18
      vertex -2.11109 7.33035 0
      vertex -1.98497 7.23682 0
    endloop
  endfacet
  facet normal -0.514112 -0.857723 0
    outer loop
      vertex -2.24576 7.41107 0
      vertex -2.11109 7.33035 18
      vertex -2.24576 7.41107 18
    endloop
  endfacet
  facet normal -0.514112 -0.857723 -0
    outer loop
      vertex -2.11109 7.33035 18
      vertex -2.24576 7.41107 0
      vertex -2.11109 7.33035 0
    endloop
  endfacet
  facet normal 0.427594 -0.903971 0
    outer loop
      vertex -3.75423 7.41107 0
      vertex -3.61229 7.47821 18
      vertex -3.75423 7.41107 18
    endloop
  endfacet
  facet normal 0.427594 -0.903971 0
    outer loop
      vertex -3.61229 7.47821 18
      vertex -3.75423 7.41107 0
      vertex -3.61229 7.47821 0
    endloop
  endfacet
  facet normal -0.595671 0.803229 0
    outer loop
      vertex -1.98497 4.76318 0
      vertex -2.11109 4.66965 18
      vertex -1.98497 4.76318 18
    endloop
  endfacet
  facet normal -0.595671 0.803229 0
    outer loop
      vertex -2.11109 4.66965 18
      vertex -1.98497 4.76318 0
      vertex -2.11109 4.66965 0
    endloop
  endfacet
  facet normal -0.970034 0.24297 0
    outer loop
      vertex -1.46889 5.53554 0
      vertex -1.43074 5.68785 18
      vertex -1.43074 5.68785 0
    endloop
  endfacet
  facet normal -0.970034 0.24297 0
    outer loop
      vertex -1.43074 5.68785 18
      vertex -1.46889 5.53554 0
      vertex -1.46889 5.53554 18
    endloop
  endfacet
  facet normal -0.336865 -0.941553 0
    outer loop
      vertex -2.53554 7.5311 0
      vertex -2.38771 7.47821 18
      vertex -2.53554 7.5311 18
    endloop
  endfacet
  facet normal -0.336865 -0.941553 -0
    outer loop
      vertex -2.38771 7.47821 18
      vertex -2.53554 7.5311 0
      vertex -2.38771 7.47821 0
    endloop
  endfacet
  facet normal -0.989176 0.146733 0
    outer loop
      vertex -1.43074 5.68785 0
      vertex -1.4077 5.84317 18
      vertex -1.4077 5.84317 0
    endloop
  endfacet
  facet normal -0.989176 0.146733 0
    outer loop
      vertex -1.4077 5.84317 18
      vertex -1.43074 5.68785 0
      vertex -1.43074 5.68785 18
    endloop
  endfacet
  facet normal 0.671578 -0.740933 0
    outer loop
      vertex -4.13137 7.13137 0
      vertex -4.01503 7.23682 18
      vertex -4.13137 7.13137 18
    endloop
  endfacet
  facet normal 0.671578 -0.740933 0
    outer loop
      vertex -4.01503 7.23682 18
      vertex -4.13137 7.13137 0
      vertex -4.01503 7.23682 0
    endloop
  endfacet
  facet normal -0.85774 -0.514084 0
    outer loop
      vertex -1.58893 6.75423 0
      vertex -1.66965 6.88891 18
      vertex -1.66965 6.88891 0
    endloop
  endfacet
  facet normal -0.85774 -0.514084 0
    outer loop
      vertex -1.66965 6.88891 18
      vertex -1.58893 6.75423 0
      vertex -1.58893 6.75423 18
    endloop
  endfacet
  facet normal 0.941553 0.336865 0
    outer loop
      vertex -4.47821 5.38771 18
      vertex -4.5311 5.53554 0
      vertex -4.5311 5.53554 18
    endloop
  endfacet
  facet normal 0.941553 0.336865 0
    outer loop
      vertex -4.5311 5.53554 0
      vertex -4.47821 5.38771 18
      vertex -4.47821 5.38771 0
    endloop
  endfacet
  facet normal 0.0490387 0.998797 -0
    outer loop
      vertex -3 4.4 0
      vertex -3.15683 4.4077 18
      vertex -3 4.4 18
    endloop
  endfacet
  facet normal 0.0490387 0.998797 0
    outer loop
      vertex -3.15683 4.4077 18
      vertex -3 4.4 0
      vertex -3.15683 4.4077 0
    endloop
  endfacet
  facet normal 0.514084 0.85774 -0
    outer loop
      vertex -3.75423 4.58893 0
      vertex -3.88891 4.66965 18
      vertex -3.75423 4.58893 18
    endloop
  endfacet
  facet normal 0.514084 0.85774 0
    outer loop
      vertex -3.88891 4.66965 18
      vertex -3.75423 4.58893 0
      vertex -3.88891 4.66965 0
    endloop
  endfacet
  facet normal 0.857723 0.514112 0
    outer loop
      vertex -4.33035 5.11109 18
      vertex -4.41107 5.24576 0
      vertex -4.41107 5.24576 18
    endloop
  endfacet
  facet normal 0.857723 0.514112 0
    outer loop
      vertex -4.41107 5.24576 0
      vertex -4.33035 5.11109 18
      vertex -4.33035 5.11109 0
    endloop
  endfacet
  facet normal 0.740933 -0.671578 0
    outer loop
      vertex -4.23682 7.01503 18
      vertex -4.13137 7.13137 0
      vertex -4.13137 7.13137 18
    endloop
  endfacet
  facet normal 0.740933 -0.671578 0
    outer loop
      vertex -4.13137 7.13137 0
      vertex -4.23682 7.01503 18
      vertex -4.23682 7.01503 0
    endloop
  endfacet
  facet normal 0.85774 -0.514084 0
    outer loop
      vertex -4.41107 6.75423 18
      vertex -4.33035 6.88891 0
      vertex -4.33035 6.88891 18
    endloop
  endfacet
  facet normal 0.85774 -0.514084 0
    outer loop
      vertex -4.33035 6.88891 0
      vertex -4.41107 6.75423 18
      vertex -4.41107 6.75423 0
    endloop
  endfacet
  facet normal 0.989185 0.146671 0
    outer loop
      vertex -4.56926 5.68785 18
      vertex -4.59229 5.84317 0
      vertex -4.59229 5.84317 18
    endloop
  endfacet
  facet normal 0.989185 0.146671 0
    outer loop
      vertex -4.59229 5.84317 0
      vertex -4.56926 5.68785 18
      vertex -4.56926 5.68785 0
    endloop
  endfacet
  facet normal 0.336901 0.94154 -0
    outer loop
      vertex -3.46445 4.46889 0
      vertex -3.61229 4.52179 18
      vertex -3.46445 4.46889 18
    endloop
  endfacet
  facet normal 0.336901 0.94154 0
    outer loop
      vertex -3.61229 4.52179 18
      vertex -3.46445 4.46889 0
      vertex -3.61229 4.52179 0
    endloop
  endfacet
  facet normal 0.989184 -0.14668 0
    outer loop
      vertex -4.59229 6.15683 18
      vertex -4.56926 6.31214 0
      vertex -4.56926 6.31214 18
    endloop
  endfacet
  facet normal 0.989184 -0.14668 0
    outer loop
      vertex -4.56926 6.31214 0
      vertex -4.59229 6.15683 18
      vertex -4.59229 6.15683 0
    endloop
  endfacet
  facet normal -0.903983 0.427569 0
    outer loop
      vertex -1.58893 5.24576 0
      vertex -1.52179 5.38771 18
      vertex -1.52179 5.38771 0
    endloop
  endfacet
  facet normal -0.903983 0.427569 0
    outer loop
      vertex -1.52179 5.38771 18
      vertex -1.58893 5.24576 0
      vertex -1.58893 5.24576 18
    endloop
  endfacet
  facet normal 0.595671 -0.803229 0
    outer loop
      vertex -4.01503 7.23682 0
      vertex -3.88891 7.33035 18
      vertex -4.01503 7.23682 18
    endloop
  endfacet
  facet normal 0.595671 -0.803229 0
    outer loop
      vertex -3.88891 7.33035 18
      vertex -4.01503 7.23682 0
      vertex -3.88891 7.33035 0
    endloop
  endfacet
  facet normal -0.514112 0.857723 0
    outer loop
      vertex -2.11109 4.66965 0
      vertex -2.24576 4.58893 18
      vertex -2.11109 4.66965 18
    endloop
  endfacet
  facet normal -0.514112 0.857723 0
    outer loop
      vertex -2.24576 4.58893 18
      vertex -2.11109 4.66965 0
      vertex -2.24576 4.58893 0
    endloop
  endfacet
  facet normal -0.857723 0.514112 0
    outer loop
      vertex -1.66965 5.11109 0
      vertex -1.58893 5.24576 18
      vertex -1.58893 5.24576 0
    endloop
  endfacet
  facet normal -0.857723 0.514112 0
    outer loop
      vertex -1.58893 5.24576 18
      vertex -1.66965 5.11109 0
      vertex -1.66965 5.11109 18
    endloop
  endfacet
  facet normal 0.970019 -0.24303 0
    outer loop
      vertex -4.56926 6.31214 18
      vertex -4.5311 6.46445 0
      vertex -4.5311 6.46445 18
    endloop
  endfacet
  facet normal 0.970019 -0.24303 0
    outer loop
      vertex -4.5311 6.46445 0
      vertex -4.56926 6.31214 18
      vertex -4.56926 6.31214 0
    endloop
  endfacet
  facet normal 0.94156 -0.336845 0
    outer loop
      vertex -4.5311 6.46445 18
      vertex -4.47821 6.61229 0
      vertex -4.47821 6.61229 18
    endloop
  endfacet
  facet normal 0.94156 -0.336845 0
    outer loop
      vertex -4.47821 6.61229 0
      vertex -4.5311 6.46445 18
      vertex -4.5311 6.46445 0
    endloop
  endfacet
  facet normal 0.671578 0.740933 -0
    outer loop
      vertex -4.01503 4.76318 0
      vertex -4.13137 4.86863 18
      vertex -4.01503 4.76318 18
    endloop
  endfacet
  facet normal 0.671578 0.740933 0
    outer loop
      vertex -4.13137 4.86863 18
      vertex -4.01503 4.76318 0
      vertex -4.13137 4.86863 0
    endloop
  endfacet
  facet normal 0.595671 0.803229 -0
    outer loop
      vertex -3.88891 4.66965 0
      vertex -4.01503 4.76318 18
      vertex -3.88891 4.66965 18
    endloop
  endfacet
  facet normal 0.595671 0.803229 0
    outer loop
      vertex -4.01503 4.76318 18
      vertex -3.88891 4.66965 0
      vertex -4.01503 4.76318 0
    endloop
  endfacet
  facet normal 0.998794 -0.0491022 0
    outer loop
      vertex -4.6 6 18
      vertex -4.59229 6.15683 0
      vertex -4.59229 6.15683 18
    endloop
  endfacet
  facet normal 0.998794 -0.0491022 0
    outer loop
      vertex -4.59229 6.15683 0
      vertex -4.6 6 18
      vertex -4.6 6 0
    endloop
  endfacet
  facet normal 0.998794 0.0491022 0
    outer loop
      vertex -4.59229 5.84317 18
      vertex -4.6 6 0
      vertex -4.6 6 18
    endloop
  endfacet
  facet normal 0.998794 0.0491022 0
    outer loop
      vertex -4.6 6 0
      vertex -4.59229 5.84317 18
      vertex -4.59229 5.84317 0
    endloop
  endfacet
  facet normal -1 0 0
    outer loop
      vertex 64 5.19302 5
      vertex 64 6.25 13
      vertex 64 6.25 5
    endloop
  endfacet
  facet normal -1 -0 0
    outer loop
      vertex 64 6.25 13
      vertex 64 5.19302 5
      vertex 64 5.19302 13
    endloop
  endfacet
  facet normal 0 0 -1
    outer loop
      vertex 57.6429 4.05 13
      vertex 56.6429 4.05 13
      vertex 57.6429 5.82873 13
    endloop
  endfacet
  facet normal 0 0 -1
    outer loop
      vertex 57.6429 5.82873 13
      vertex 64 6.25 13
      vertex 64 5.19302 13
    endloop
  endfacet
  facet normal 0 0 -1
    outer loop
      vertex 56.6429 5.92873 13
      vertex 57.6429 5.82873 13
      vertex 56.6429 4.05 13
    endloop
  endfacet
  facet normal 0 0 -1
    outer loop
      vertex 56.6429 5.92873 13
      vertex 64 6.25 13
      vertex 57.6429 5.82873 13
    endloop
  endfacet
  facet normal -0 0 -1
    outer loop
      vertex 64 6.25 13
      vertex 56.6429 5.92873 13
      vertex 53.4302 6.25 13
    endloop
  endfacet
  facet normal 0 0 -1
    outer loop
      vertex 45.2143 4.05 13
      vertex 46.2143 6.25 13
      vertex 46.2143 4.05 13
    endloop
  endfacet
  facet normal -0 0 -1
    outer loop
      vertex 46.2143 6.25 13
      vertex 45.2143 4.05 13
      vertex 45.2143 6.25 13
    endloop
  endfacet
  facet normal 0 0 1
    outer loop
      vertex 64 6.25 5
      vertex 57.6429 5.82873 5
      vertex 64 5.19302 5
    endloop
  endfacet
  facet normal 0 0 1
    outer loop
      vertex 56.6429 4.05 5
      vertex 57.6429 5.82873 5
      vertex 56.6429 5.92873 5
    endloop
  endfacet
  facet normal 0 0 1
    outer loop
      vertex 64 6.25 5
      vertex 56.6429 5.92873 5
      vertex 57.6429 5.82873 5
    endloop
  endfacet
  facet normal 0 -0 1
    outer loop
      vertex 56.6429 5.92873 5
      vertex 64 6.25 5
      vertex 53.4302 6.25 5
    endloop
  endfacet
  facet normal 0 0 1
    outer loop
      vertex 57.6429 5.82873 5
      vertex 56.6429 4.05 5
      vertex 57.6429 4.05 5
    endloop
  endfacet
  facet normal -0 0 1
    outer loop
      vertex 45.2143 6.25 5
      vertex 46.2143 4.05 5
      vertex 46.2143 6.25 5
    endloop
  endfacet
  facet normal 0 0 1
    outer loop
      vertex 46.2143 4.05 5
      vertex 45.2143 6.25 5
      vertex 45.2143 4.05 5
    endloop
  endfacet
  facet normal 0 -1 0
    outer loop
      vertex 53.4302 6.25 5
      vertex 64 6.25 13
      vertex 53.4302 6.25 13
    endloop
  endfacet
  facet normal 0 -1 -0
    outer loop
      vertex 64 6.25 13
      vertex 53.4302 6.25 5
      vertex 64 6.25 5
    endloop
  endfacet
  facet normal 0 -1 0
    outer loop
      vertex 45.2143 6.25 5
      vertex 46.2143 6.25 13
      vertex 45.2143 6.25 13
    endloop
  endfacet
  facet normal 0 -1 -0
    outer loop
      vertex 46.2143 6.25 13
      vertex 45.2143 6.25 5
      vertex 46.2143 6.25 5
    endloop
  endfacet
  facet normal 0 1 -0
    outer loop
      vertex 46.2143 4.05 5
      vertex 45.2143 4.05 13
      vertex 46.2143 4.05 13
    endloop
  endfacet
  facet normal 0 1 0
    outer loop
      vertex 45.2143 4.05 13
      vertex 46.2143 4.05 5
      vertex 45.2143 4.05 5
    endloop
  endfacet
  facet normal 0 1 -0
    outer loop
      vertex 57.6429 4.05 5
      vertex 56.6429 4.05 13
      vertex 57.6429 4.05 13
    endloop
  endfacet
  facet normal 0 1 0
    outer loop
      vertex 56.6429 4.05 13
      vertex 57.6429 4.05 5
      vertex 56.6429 4.05 5
    endloop
  endfacet
  facet normal 0 -0.242991 0.970029
    outer loop
      vertex -8 -12.9097 8.04306
      vertex 2 -13 8.02044
      vertex 2 -12.9097 8.04306
    endloop
  endfacet
  facet normal 0 -0.242991 0.970029
    outer loop
      vertex 2 -13 8.02044
      vertex -8 -12.9097 8.04306
      vertex -8 -13 8.02044
    endloop
  endfacet
  facet normal 0 -0.857951 0.513731
    outer loop
      vertex 6.3147 -12.3685 8.44443
      vertex -8 -12.3181 8.5286
      vertex -8 -12.3685 8.44443
    endloop
  endfacet
  facet normal 0 -0.857951 0.513731
    outer loop
      vertex -8 -12.3181 8.5286
      vertex 6.3147 -12.3685 8.44443
      vertex 6.81922 -12.3181 8.5286
    endloop
  endfacet
  facet normal 0 -0.595817 0.80312
    outer loop
      vertex -8 -12.5656 8.22699
      vertex 3.55571 -12.6444 8.16853
      vertex 4.34394 -12.5656 8.22699
    endloop
  endfacet
  facet normal 0 -0.595817 0.80312
    outer loop
      vertex 3.55571 -12.6444 8.16853
      vertex -8 -12.5656 8.22699
      vertex -8 -12.6444 8.16853
    endloop
  endfacet
  facet normal 0 -0.741 0.671505
    outer loop
      vertex 5.07108 -12.4929 8.29289
      vertex -8 -12.427 8.36561
      vertex -8 -12.4929 8.29289
    endloop
  endfacet
  facet normal 0 -0.741 0.671505
    outer loop
      vertex -8 -12.427 8.36561
      vertex 5.07108 -12.4929 8.29289
      vertex 5.73011 -12.427 8.36561
    endloop
  endfacet
  facet normal 0 -0.671607 0.740908
    outer loop
      vertex -8 -12.4929 8.29289
      vertex 4.34394 -12.5656 8.22699
      vertex 5.07108 -12.4929 8.29289
    endloop
  endfacet
  facet normal 0 -0.671607 0.740908
    outer loop
      vertex 4.34394 -12.5656 8.22699
      vertex -8 -12.4929 8.29289
      vertex -8 -12.5656 8.22699
    endloop
  endfacet
  facet normal 0 -0.336879 0.941548
    outer loop
      vertex -8 -12.8173 8.07612
      vertex 2 -12.9097 8.04306
      vertex 2 -12.8173 8.07612
    endloop
  endfacet
  facet normal 0 -0.336879 0.941548
    outer loop
      vertex 2 -12.9097 8.04306
      vertex -8 -12.8173 8.07612
      vertex -8 -12.9097 8.04306
    endloop
  endfacet
  facet normal 0 -0.427558 0.903988
    outer loop
      vertex -8 -12.7286 8.11808
      vertex 2 -12.8 8.08431
      vertex 2.71398 -12.7286 8.11808
    endloop
  endfacet
  facet normal -2.84734e-06 -0.427884 0.903834
    outer loop
      vertex -8 -12.7286 8.11808
      vertex 2 -12.8173 8.07612
      vertex 2 -12.8 8.08431
    endloop
  endfacet
  facet normal 0 -0.427622 0.903958
    outer loop
      vertex 2 -12.8173 8.07612
      vertex -8 -12.7286 8.11808
      vertex -8 -12.8173 8.07612
    endloop
  endfacet
  facet normal 0 -0.998803 -0.048911
    outer loop
      vertex -8 -12.2 9
      vertex 7.95185 -12.2048 9.09802
      vertex -8 -12.2048 9.09802
    endloop
  endfacet
  facet normal 0 -0.998803 -0.048911
    outer loop
      vertex 7.95185 -12.2048 9.09802
      vertex -8 -12.2 9
      vertex 8 -12.2 9
    endloop
  endfacet
  facet normal 0 -0.741 -0.671505
    outer loop
      vertex -8 -12.427 9.63439
      vertex 5.07108 -12.4929 9.70711
      vertex -8 -12.4929 9.70711
    endloop
  endfacet
  facet normal 0 -0.741 -0.671505
    outer loop
      vertex 5.07108 -12.4929 9.70711
      vertex -8 -12.427 9.63439
      vertex 5.73011 -12.427 9.63439
    endloop
  endfacet
  facet normal 0 -0.802997 0.595983
    outer loop
      vertex 5.73011 -12.427 8.36561
      vertex -8 -12.3685 8.44443
      vertex -8 -12.427 8.36561
    endloop
  endfacet
  facet normal 0 -0.802997 0.595983
    outer loop
      vertex -8 -12.3685 8.44443
      vertex 5.73011 -12.427 8.36561
      vertex 6.3147 -12.3685 8.44443
    endloop
  endfacet
  facet normal 0 -0.903837 -0.427876
    outer loop
      vertex -8 -12.2761 9.38268
      vertex 6.81922 -12.3181 9.4714
      vertex -8 -12.3181 9.4714
    endloop
  endfacet
  facet normal 0 -0.903837 -0.427876
    outer loop
      vertex 6.81922 -12.3181 9.4714
      vertex -8 -12.2761 9.38268
      vertex 7.2388 -12.2761 9.38268
    endloop
  endfacet
  facet normal -0 -0.427884 -0.903834
    outer loop
      vertex 2 -12.8173 9.92388
      vertex -8 -12.8173 9.92388
      vertex 2 -12.8 9.91569
    endloop
  endfacet
  facet normal -5.55419e-07 -0.427622 -0.903958
    outer loop
      vertex -8 -12.7286 9.88192
      vertex 2 -12.8 9.91569
      vertex -8 -12.8173 9.92388
    endloop
  endfacet
  facet normal 0 -0.427558 -0.903988
    outer loop
      vertex 2 -12.8 9.91569
      vertex -8 -12.7286 9.88192
      vertex 2.71398 -12.7286 9.88192
    endloop
  endfacet
  facet normal 0 -0.969896 -0.243518
    outer loop
      vertex -8 -12.2192 9.19509
      vertex 7.56941 -12.2431 9.29028
      vertex -8 -12.2431 9.29028
    endloop
  endfacet
  facet normal 0 -0.969896 -0.243518
    outer loop
      vertex 7.56941 -12.2431 9.29028
      vertex -8 -12.2192 9.19509
      vertex 7.80786 -12.2192 9.19509
    endloop
  endfacet
  facet normal 0 -0.969902 0.243494
    outer loop
      vertex 7.56941 -12.2431 8.70971
      vertex -8 -12.2192 8.80491
      vertex -8 -12.2431 8.70971
    endloop
  endfacet
  facet normal 0 -0.969902 0.243494
    outer loop
      vertex -8 -12.2192 8.80491
      vertex 7.56941 -12.2431 8.70971
      vertex 7.80786 -12.2192 8.80491
    endloop
  endfacet
  facet normal 0 -0.513971 -0.857807
    outer loop
      vertex -8 -12.6444 9.83147
      vertex 2.71398 -12.7286 9.88192
      vertex -8 -12.7286 9.88192
    endloop
  endfacet
  facet normal 0 -0.513971 -0.857807
    outer loop
      vertex 2.71398 -12.7286 9.88192
      vertex -8 -12.6444 9.83147
      vertex 3.55571 -12.6444 9.83147
    endloop
  endfacet
  facet normal 0 -0.94173 0.336369
    outer loop
      vertex 7.2388 -12.2761 8.61732
      vertex -8 -12.2431 8.70971
      vertex -8 -12.2761 8.61732
    endloop
  endfacet
  facet normal 0 -0.94173 0.336369
    outer loop
      vertex -8 -12.2431 8.70971
      vertex 7.2388 -12.2761 8.61732
      vertex 7.56941 -12.2431 8.70971
    endloop
  endfacet
  facet normal 0 -0.941742 -0.336336
    outer loop
      vertex -8 -12.2431 9.29028
      vertex 7.2388 -12.2761 9.38268
      vertex -8 -12.2761 9.38268
    endloop
  endfacet
  facet normal 0 -0.941742 -0.336336
    outer loop
      vertex 7.2388 -12.2761 9.38268
      vertex -8 -12.2431 9.29028
      vertex 7.56941 -12.2431 9.29028
    endloop
  endfacet
  facet normal 0 -0.336879 -0.941548
    outer loop
      vertex -8 -12.9097 9.95694
      vertex 2 -12.8173 9.92388
      vertex 2 -12.9097 9.95694
    endloop
  endfacet
  facet normal -0 -0.336879 -0.941548
    outer loop
      vertex 2 -12.8173 9.92388
      vertex -8 -12.9097 9.95694
      vertex -8 -12.8173 9.92388
    endloop
  endfacet
  facet normal 0 -0.903837 0.427876
    outer loop
      vertex 6.81922 -12.3181 8.5286
      vertex -8 -12.2761 8.61732
      vertex -8 -12.3181 8.5286
    endloop
  endfacet
  facet normal 0 -0.903837 0.427876
    outer loop
      vertex -8 -12.2761 8.61732
      vertex 6.81922 -12.3181 8.5286
      vertex 7.2388 -12.2761 8.61732
    endloop
  endfacet
  facet normal 0 -0.998803 0.048911
    outer loop
      vertex 7.95185 -12.2048 8.90198
      vertex -8 -12.2 9
      vertex -8 -12.2048 8.90198
    endloop
  endfacet
  facet normal 0 -0.998803 0.048911
    outer loop
      vertex -8 -12.2 9
      vertex 7.95185 -12.2048 8.90198
      vertex 8 -12.2 9
    endloop
  endfacet
  facet normal 0 -0.989175 -0.146741
    outer loop
      vertex -8 -12.2048 9.09802
      vertex 7.80786 -12.2192 9.19509
      vertex -8 -12.2192 9.19509
    endloop
  endfacet
  facet normal 0 -0.989175 -0.146741
    outer loop
      vertex 7.80786 -12.2192 9.19509
      vertex -8 -12.2048 9.09802
      vertex 7.95185 -12.2048 9.09802
    endloop
  endfacet
  facet normal 0 -0.513971 0.857807
    outer loop
      vertex -8 -12.6444 8.16853
      vertex 2.71398 -12.7286 8.11808
      vertex 3.55571 -12.6444 8.16853
    endloop
  endfacet
  facet normal 0 -0.513971 0.857807
    outer loop
      vertex 2.71398 -12.7286 8.11808
      vertex -8 -12.6444 8.16853
      vertex -8 -12.7286 8.11808
    endloop
  endfacet
  facet normal 0 -0.802997 -0.595983
    outer loop
      vertex -8 -12.3685 9.55557
      vertex 5.73011 -12.427 9.63439
      vertex -8 -12.427 9.63439
    endloop
  endfacet
  facet normal 0 -0.802997 -0.595983
    outer loop
      vertex 5.73011 -12.427 9.63439
      vertex -8 -12.3685 9.55557
      vertex 6.3147 -12.3685 9.55557
    endloop
  endfacet
  facet normal 0 -0.857951 -0.513731
    outer loop
      vertex -8 -12.3181 9.4714
      vertex 6.3147 -12.3685 9.55557
      vertex -8 -12.3685 9.55557
    endloop
  endfacet
  facet normal 0 -0.857951 -0.513731
    outer loop
      vertex 6.3147 -12.3685 9.55557
      vertex -8 -12.3181 9.4714
      vertex 6.81922 -12.3181 9.4714
    endloop
  endfacet
  facet normal 0 -0.242991 -0.970029
    outer loop
      vertex -8 -13 9.97956
      vertex 2 -12.9097 9.95694
      vertex 2 -13 9.97956
    endloop
  endfacet
  facet normal -0 -0.242991 -0.970029
    outer loop
      vertex 2 -12.9097 9.95694
      vertex -8 -13 9.97956
      vertex -8 -12.9097 9.95694
    endloop
  endfacet
  facet normal 0 -0.595817 -0.80312
    outer loop
      vertex -8 -12.5656 9.77301
      vertex 3.55571 -12.6444 9.83147
      vertex -8 -12.6444 9.83147
    endloop
  endfacet
  facet normal 0 -0.595817 -0.80312
    outer loop
      vertex 3.55571 -12.6444 9.83147
      vertex -8 -12.5656 9.77301
      vertex 4.34394 -12.5656 9.77301
    endloop
  endfacet
  facet normal 0 -0.671607 -0.740908
    outer loop
      vertex -8 -12.4929 9.70711
      vertex 4.34394 -12.5656 9.77301
      vertex -8 -12.5656 9.77301
    endloop
  endfacet
  facet normal 0 -0.671607 -0.740908
    outer loop
      vertex 4.34394 -12.5656 9.77301
      vertex -8 -12.4929 9.70711
      vertex 5.07108 -12.4929 9.70711
    endloop
  endfacet
  facet normal 0 -0.989175 0.146741
    outer loop
      vertex 7.80786 -12.2192 8.80491
      vertex -8 -12.2048 8.90198
      vertex -8 -12.2192 8.80491
    endloop
  endfacet
  facet normal 0 -0.989175 0.146741
    outer loop
      vertex -8 -12.2048 8.90198
      vertex 7.80786 -12.2192 8.80491
      vertex 7.95185 -12.2048 8.90198
    endloop
  endfacet
  facet normal -0.146597 -0.989196 0
    outer loop
      vertex 76.098 -4.00482 9
      vertex 76.1951 -4.01921 18
      vertex 76.098 -4.00482 18
    endloop
  endfacet
  facet normal -0.146597 -0.989196 -0
    outer loop
      vertex 76.1951 -4.01921 18
      vertex 76.098 -4.00482 9
      vertex 76.1951 -4.01921 9
    endloop
  endfacet
  facet normal -0.989175 -0.146741 0
    outer loop
      vertex 76.9952 -4.90198 9
      vertex 76.9808 -4.80491 18
      vertex 76.9808 -4.80491 9
    endloop
  endfacet
  facet normal -0.989175 -0.146741 0
    outer loop
      vertex 76.9808 -4.80491 18
      vertex 76.9952 -4.90198 9
      vertex 76.9952 -4.90198 18
    endloop
  endfacet
  facet normal -0.998803 -0.048911 0
    outer loop
      vertex 77 -5 9
      vertex 76.9952 -4.90198 18
      vertex 76.9952 -4.90198 9
    endloop
  endfacet
  facet normal -0.998803 -0.048911 0
    outer loop
      vertex 76.9952 -4.90198 18
      vertex 77 -5 9
      vertex 77 -5 18
    endloop
  endfacet
  facet normal -0.969902 -0.243494 0
    outer loop
      vertex 76.9808 -4.80491 9
      vertex 76.9569 -4.70971 18
      vertex 76.9569 -4.70971 9
    endloop
  endfacet
  facet normal -0.969902 -0.243494 0
    outer loop
      vertex 76.9569 -4.70971 18
      vertex 76.9808 -4.80491 9
      vertex 76.9808 -4.80491 18
    endloop
  endfacet
  facet normal -0.0491243 -0.998793 0
    outer loop
      vertex 76 -4 9
      vertex 76.098 -4.00482 18
      vertex 76 -4 18
    endloop
  endfacet
  facet normal -0.0491243 -0.998793 -0
    outer loop
      vertex 76.098 -4.00482 18
      vertex 76 -4 9
      vertex 76.098 -4.00482 9
    endloop
  endfacet
  facet normal -0.802997 -0.595983 0
    outer loop
      vertex 76.8315 -4.44443 9
      vertex 76.773 -4.36561 18
      vertex 76.773 -4.36561 9
    endloop
  endfacet
  facet normal -0.802997 -0.595983 0
    outer loop
      vertex 76.773 -4.36561 18
      vertex 76.8315 -4.44443 9
      vertex 76.8315 -4.44443 18
    endloop
  endfacet
  facet normal 0.941742 0.336336 0
    outer loop
      vertex 75.0761 -5.38268 18
      vertex 75.0431 -5.29028 9
      vertex 75.0431 -5.29028 18
    endloop
  endfacet
  facet normal 0.941742 0.336336 0
    outer loop
      vertex 75.0431 -5.29028 9
      vertex 75.0761 -5.38268 18
      vertex 75.0761 -5.38268 9
    endloop
  endfacet
  facet normal -0.741 -0.671505 0
    outer loop
      vertex 76.773 -4.36561 9
      vertex 76.7071 -4.29289 18
      vertex 76.7071 -4.29289 9
    endloop
  endfacet
  facet normal -0.741 -0.671505 0
    outer loop
      vertex 76.7071 -4.29289 18
      vertex 76.773 -4.36561 9
      vertex 76.773 -4.36561 18
    endloop
  endfacet
  facet normal -0.998803 0.048911 0
    outer loop
      vertex 76.9952 -5.09802 9
      vertex 77 -5 18
      vertex 77 -5 9
    endloop
  endfacet
  facet normal -0.998803 0.048911 0
    outer loop
      vertex 77 -5 18
      vertex 76.9952 -5.09802 9
      vertex 76.9952 -5.09802 18
    endloop
  endfacet
  facet normal -0.243015 -0.970023 0
    outer loop
      vertex 76.1951 -4.01921 9
      vertex 76.2903 -4.04306 18
      vertex 76.1951 -4.01921 18
    endloop
  endfacet
  facet normal -0.243015 -0.970023 -0
    outer loop
      vertex 76.2903 -4.04306 18
      vertex 76.1951 -4.01921 9
      vertex 76.2903 -4.04306 9
    endloop
  endfacet
  facet normal 0.0491243 -0.998793 0
    outer loop
      vertex 75.902 -4.00482 9
      vertex 76 -4 18
      vertex 75.902 -4.00482 18
    endloop
  endfacet
  facet normal 0.0491243 -0.998793 0
    outer loop
      vertex 76 -4 18
      vertex 75.902 -4.00482 9
      vertex 76 -4 9
    endloop
  endfacet
  facet normal 0.243015 -0.970023 0
    outer loop
      vertex 75.7097 -4.04306 9
      vertex 75.8049 -4.01921 18
      vertex 75.7097 -4.04306 18
    endloop
  endfacet
  facet normal 0.243015 -0.970023 0
    outer loop
      vertex 75.8049 -4.01921 18
      vertex 75.7097 -4.04306 9
      vertex 75.8049 -4.01921 9
    endloop
  endfacet
  facet normal -0.595817 -0.80312 0
    outer loop
      vertex 76.5556 -4.16853 9
      vertex 76.6344 -4.22699 18
      vertex 76.5556 -4.16853 18
    endloop
  endfacet
  facet normal -0.595817 -0.80312 -0
    outer loop
      vertex 76.6344 -4.22699 18
      vertex 76.5556 -4.16853 9
      vertex 76.6344 -4.22699 9
    endloop
  endfacet
  facet normal -0.969896 0.243518 0
    outer loop
      vertex 76.9569 -5.29028 9
      vertex 76.9808 -5.19509 18
      vertex 76.9808 -5.19509 9
    endloop
  endfacet
  facet normal -0.969896 0.243518 0
    outer loop
      vertex 76.9808 -5.19509 18
      vertex 76.9569 -5.29028 9
      vertex 76.9569 -5.29028 18
    endloop
  endfacet
  facet normal 0.969902 -0.243494 0
    outer loop
      vertex 75.0192 -4.80491 18
      vertex 75.0431 -4.70971 9
      vertex 75.0431 -4.70971 18
    endloop
  endfacet
  facet normal 0.969902 -0.243494 0
    outer loop
      vertex 75.0431 -4.70971 9
      vertex 75.0192 -4.80491 18
      vertex 75.0192 -4.80491 9
    endloop
  endfacet
  facet normal 0.903837 0.427876 0
    outer loop
      vertex 75.1181 -5.4714 18
      vertex 75.0761 -5.38268 9
      vertex 75.0761 -5.38268 18
    endloop
  endfacet
  facet normal 0.903837 0.427876 0
    outer loop
      vertex 75.0761 -5.38268 9
      vertex 75.1181 -5.4714 18
      vertex 75.1181 -5.4714 9
    endloop
  endfacet
  facet normal 0.595817 -0.80312 0
    outer loop
      vertex 75.3656 -4.22699 9
      vertex 75.4444 -4.16853 18
      vertex 75.3656 -4.22699 18
    endloop
  endfacet
  facet normal 0.595817 -0.80312 0
    outer loop
      vertex 75.4444 -4.16853 18
      vertex 75.3656 -4.22699 9
      vertex 75.4444 -4.16853 9
    endloop
  endfacet
  facet normal -0.513971 -0.857807 0
    outer loop
      vertex 76.4714 -4.11808 9
      vertex 76.5556 -4.16853 18
      vertex 76.4714 -4.11808 18
    endloop
  endfacet
  facet normal -0.513971 -0.857807 -0
    outer loop
      vertex 76.5556 -4.16853 18
      vertex 76.4714 -4.11808 9
      vertex 76.5556 -4.16853 9
    endloop
  endfacet
  facet normal 0.671607 -0.740908 0
    outer loop
      vertex 75.2929 -4.29289 9
      vertex 75.3656 -4.22699 18
      vertex 75.2929 -4.29289 18
    endloop
  endfacet
  facet normal 0.671607 -0.740908 0
    outer loop
      vertex 75.3656 -4.22699 18
      vertex 75.2929 -4.29289 9
      vertex 75.3656 -4.22699 9
    endloop
  endfacet
  facet normal -0.903837 -0.427876 0
    outer loop
      vertex 76.9239 -4.61732 9
      vertex 76.8819 -4.5286 18
      vertex 76.8819 -4.5286 9
    endloop
  endfacet
  facet normal -0.903837 -0.427876 0
    outer loop
      vertex 76.8819 -4.5286 18
      vertex 76.9239 -4.61732 9
      vertex 76.9239 -4.61732 18
    endloop
  endfacet
  facet normal 0.969896 0.243518 0
    outer loop
      vertex 75.0431 -5.29028 18
      vertex 75.0192 -5.19509 9
      vertex 75.0192 -5.19509 18
    endloop
  endfacet
  facet normal 0.969896 0.243518 0
    outer loop
      vertex 75.0192 -5.19509 9
      vertex 75.0431 -5.29028 18
      vertex 75.0431 -5.29028 9
    endloop
  endfacet
  facet normal -0.94173 -0.336369 0
    outer loop
      vertex 76.9569 -4.70971 9
      vertex 76.9239 -4.61732 18
      vertex 76.9239 -4.61732 9
    endloop
  endfacet
  facet normal -0.94173 -0.336369 0
    outer loop
      vertex 76.9239 -4.61732 18
      vertex 76.9569 -4.70971 9
      vertex 76.9569 -4.70971 18
    endloop
  endfacet
  facet normal -0.427622 -0.903958 0
    outer loop
      vertex 76.3827 -4.07612 9
      vertex 76.4714 -4.11808 18
      vertex 76.3827 -4.07612 18
    endloop
  endfacet
  facet normal -0.427622 -0.903958 -0
    outer loop
      vertex 76.4714 -4.11808 18
      vertex 76.3827 -4.07612 9
      vertex 76.4714 -4.11808 9
    endloop
  endfacet
  facet normal -0.989175 0.146741 0
    outer loop
      vertex 76.9808 -5.19509 9
      vertex 76.9952 -5.09802 18
      vertex 76.9952 -5.09802 9
    endloop
  endfacet
  facet normal -0.989175 0.146741 0
    outer loop
      vertex 76.9952 -5.09802 18
      vertex 76.9808 -5.19509 9
      vertex 76.9808 -5.19509 18
    endloop
  endfacet
  facet normal 0.336879 -0.941548 0
    outer loop
      vertex 75.6173 -4.07612 9
      vertex 75.7097 -4.04306 18
      vertex 75.6173 -4.07612 18
    endloop
  endfacet
  facet normal 0.336879 -0.941548 0
    outer loop
      vertex 75.7097 -4.04306 18
      vertex 75.6173 -4.07612 9
      vertex 75.7097 -4.04306 9
    endloop
  endfacet
  facet normal -0.336879 -0.941548 0
    outer loop
      vertex 76.2903 -4.04306 9
      vertex 76.3827 -4.07612 18
      vertex 76.2903 -4.04306 18
    endloop
  endfacet
  facet normal -0.336879 -0.941548 -0
    outer loop
      vertex 76.3827 -4.07612 18
      vertex 76.2903 -4.04306 9
      vertex 76.3827 -4.07612 9
    endloop
  endfacet
  facet normal 0.989175 -0.146741 0
    outer loop
      vertex 75.0048 -4.90198 18
      vertex 75.0192 -4.80491 9
      vertex 75.0192 -4.80491 18
    endloop
  endfacet
  facet normal 0.989175 -0.146741 0
    outer loop
      vertex 75.0192 -4.80491 9
      vertex 75.0048 -4.90198 18
      vertex 75.0048 -4.90198 9
    endloop
  endfacet
  facet normal 0.146597 -0.989196 0
    outer loop
      vertex 75.8049 -4.01921 9
      vertex 75.902 -4.00482 18
      vertex 75.8049 -4.01921 18
    endloop
  endfacet
  facet normal 0.146597 -0.989196 0
    outer loop
      vertex 75.902 -4.00482 18
      vertex 75.8049 -4.01921 9
      vertex 75.902 -4.00482 9
    endloop
  endfacet
  facet normal 0.513971 -0.857807 0
    outer loop
      vertex 75.4444 -4.16853 9
      vertex 75.5286 -4.11808 18
      vertex 75.4444 -4.16853 18
    endloop
  endfacet
  facet normal 0.513971 -0.857807 0
    outer loop
      vertex 75.5286 -4.11808 18
      vertex 75.4444 -4.16853 9
      vertex 75.5286 -4.11808 9
    endloop
  endfacet
  facet normal 0.427622 -0.903958 0
    outer loop
      vertex 75.5286 -4.11808 9
      vertex 75.6173 -4.07612 18
      vertex 75.5286 -4.11808 18
    endloop
  endfacet
  facet normal 0.427622 -0.903958 0
    outer loop
      vertex 75.6173 -4.07612 18
      vertex 75.5286 -4.11808 9
      vertex 75.6173 -4.07612 9
    endloop
  endfacet
  facet normal 0.998803 -0.048911 0
    outer loop
      vertex 75 -5 18
      vertex 75.0048 -4.90198 9
      vertex 75.0048 -4.90198 18
    endloop
  endfacet
  facet normal 0.998803 -0.048911 0
    outer loop
      vertex 75.0048 -4.90198 9
      vertex 75 -5 18
      vertex 75 -5 9
    endloop
  endfacet
  facet normal -0.857951 -0.513731 0
    outer loop
      vertex 76.8819 -4.5286 9
      vertex 76.8315 -4.44443 18
      vertex 76.8315 -4.44443 9
    endloop
  endfacet
  facet normal -0.857951 -0.513731 0
    outer loop
      vertex 76.8315 -4.44443 18
      vertex 76.8819 -4.5286 9
      vertex 76.8819 -4.5286 18
    endloop
  endfacet
  facet normal 0.857951 -0.513731 0
    outer loop
      vertex 75.1181 -4.5286 18
      vertex 75.1685 -4.44443 9
      vertex 75.1685 -4.44443 18
    endloop
  endfacet
  facet normal 0.857951 -0.513731 0
    outer loop
      vertex 75.1685 -4.44443 9
      vertex 75.1181 -4.5286 18
      vertex 75.1181 -4.5286 9
    endloop
  endfacet
  facet normal -0.941669 0.336541 0
    outer loop
      vertex 76.9517 -5.30483 9
      vertex 76.9569 -5.29028 18
      vertex 76.9569 -5.29028 9
    endloop
  endfacet
  facet normal -0.941669 0.336541 0
    outer loop
      vertex 76.9569 -5.29028 18
      vertex 76.9517 -5.30483 9
      vertex 76.9517 -5.30483 18
    endloop
  endfacet
  facet normal -0.671607 -0.740908 0
    outer loop
      vertex 76.6344 -4.22699 9
      vertex 76.7071 -4.29289 18
      vertex 76.6344 -4.22699 18
    endloop
  endfacet
  facet normal -0.671607 -0.740908 -0
    outer loop
      vertex 76.7071 -4.29289 18
      vertex 76.6344 -4.22699 9
      vertex 76.7071 -4.29289 9
    endloop
  endfacet
  facet normal 0.989175 0.146741 0
    outer loop
      vertex 75.0192 -5.19509 18
      vertex 75.0048 -5.09802 9
      vertex 75.0048 -5.09802 18
    endloop
  endfacet
  facet normal 0.989175 0.146741 0
    outer loop
      vertex 75.0048 -5.09802 9
      vertex 75.0192 -5.19509 18
      vertex 75.0192 -5.19509 9
    endloop
  endfacet
  facet normal 0.741 -0.671505 0
    outer loop
      vertex 75.227 -4.36561 18
      vertex 75.2929 -4.29289 9
      vertex 75.2929 -4.29289 18
    endloop
  endfacet
  facet normal 0.741 -0.671505 0
    outer loop
      vertex 75.2929 -4.29289 9
      vertex 75.227 -4.36561 18
      vertex 75.227 -4.36561 9
    endloop
  endfacet
  facet normal 0.857588 0.514337 0
    outer loop
      vertex 75.1276 -5.48724 18
      vertex 75.1181 -5.4714 9
      vertex 75.1181 -5.4714 18
    endloop
  endfacet
  facet normal 0.857588 0.514337 0
    outer loop
      vertex 75.1181 -5.4714 9
      vertex 75.1276 -5.48724 18
      vertex 75.1276 -5.48724 9
    endloop
  endfacet
  facet normal 0.802997 -0.595983 0
    outer loop
      vertex 75.1685 -4.44443 18
      vertex 75.227 -4.36561 9
      vertex 75.227 -4.36561 18
    endloop
  endfacet
  facet normal 0.802997 -0.595983 0
    outer loop
      vertex 75.227 -4.36561 9
      vertex 75.1685 -4.44443 18
      vertex 75.1685 -4.44443 9
    endloop
  endfacet
  facet normal 0.998803 0.048911 0
    outer loop
      vertex 75.0048 -5.09802 18
      vertex 75 -5 9
      vertex 75 -5 18
    endloop
  endfacet
  facet normal 0.998803 0.048911 0
    outer loop
      vertex 75 -5 9
      vertex 75.0048 -5.09802 18
      vertex 75.0048 -5.09802 9
    endloop
  endfacet
  facet normal 0.903837 -0.427876 0
    outer loop
      vertex 75.0761 -4.61732 18
      vertex 75.1181 -4.5286 9
      vertex 75.1181 -4.5286 18
    endloop
  endfacet
  facet normal 0.903837 -0.427876 0
    outer loop
      vertex 75.1181 -4.5286 9
      vertex 75.0761 -4.61732 18
      vertex 75.0761 -4.61732 9
    endloop
  endfacet
  facet normal 0.94173 -0.336369 0
    outer loop
      vertex 75.0431 -4.70971 18
      vertex 75.0761 -4.61732 9
      vertex 75.0761 -4.61732 18
    endloop
  endfacet
  facet normal 0.94173 -0.336369 0
    outer loop
      vertex 75.0761 -4.61732 9
      vertex 75.0431 -4.70971 18
      vertex 75.0431 -4.70971 9
    endloop
  endfacet
  facet normal 0 0 1
    outer loop
      vertex 76.9952 -4.90198 9
      vertex 76.9952 -5.09802 9
      vertex 77 -5 9
    endloop
  endfacet
  facet normal 0 0 1
    outer loop
      vertex 76.9808 -4.80491 9
      vertex 76.9952 -5.09802 9
      vertex 76.9952 -4.90198 9
    endloop
  endfacet
  facet normal 0 0 1
    outer loop
      vertex 76.9808 -4.80491 9
      vertex 76.9808 -5.19509 9
      vertex 76.9952 -5.09802 9
    endloop
  endfacet
  facet normal 0 0 1
    outer loop
      vertex 76.9569 -4.70971 9
      vertex 76.9808 -5.19509 9
      vertex 76.9808 -4.80491 9
    endloop
  endfacet
  facet normal 0 0 1
    outer loop
      vertex 76.9517 -5.30483 9
      vertex 76.9808 -5.19509 9
      vertex 76.9569 -4.70971 9
    endloop
  endfacet
  facet normal 0 0 1
    outer loop
      vertex 76.9808 -5.19509 9
      vertex 76.9517 -5.30483 9
      vertex 76.9569 -5.29028 9
    endloop
  endfacet
  facet normal 0 0 1
    outer loop
      vertex 76.9239 -4.61732 9
      vertex 76.9517 -5.30483 9
      vertex 76.9569 -4.70971 9
    endloop
  endfacet
  facet normal 0 0 1
    outer loop
      vertex 76.8819 -4.5286 9
      vertex 76.9517 -5.30483 9
      vertex 76.9239 -4.61732 9
    endloop
  endfacet
  facet normal 0 0 1
    outer loop
      vertex 76.8315 -4.44443 9
      vertex 76.9517 -5.30483 9
      vertex 76.8819 -4.5286 9
    endloop
  endfacet
  facet normal 0 0 1
    outer loop
      vertex 76.773 -4.36561 9
      vertex 76.9517 -5.30483 9
      vertex 76.8315 -4.44443 9
    endloop
  endfacet
  facet normal 0 0 1
    outer loop
      vertex 76.7071 -4.29289 9
      vertex 76.9517 -5.30483 9
      vertex 76.773 -4.36561 9
    endloop
  endfacet
  facet normal 0 0 1
    outer loop
      vertex 76.6344 -4.22699 9
      vertex 76.9517 -5.30483 9
      vertex 76.7071 -4.29289 9
    endloop
  endfacet
  facet normal 0 0 1
    outer loop
      vertex 76.5556 -4.16853 9
      vertex 76.9517 -5.30483 9
      vertex 76.6344 -4.22699 9
    endloop
  endfacet
  facet normal 0 0 1
    outer loop
      vertex 76.4714 -4.11808 9
      vertex 76.9517 -5.30483 9
      vertex 76.5556 -4.16853 9
    endloop
  endfacet
  facet normal 0 0 1
    outer loop
      vertex 76.3827 -4.07612 9
      vertex 76.9517 -5.30483 9
      vertex 76.4714 -4.11808 9
    endloop
  endfacet
  facet normal 0 0 1
    outer loop
      vertex 76.2903 -4.04306 9
      vertex 76.9517 -5.30483 9
      vertex 76.3827 -4.07612 9
    endloop
  endfacet
  facet normal 0 0 1
    outer loop
      vertex 76.1951 -4.01921 9
      vertex 76.9517 -5.30483 9
      vertex 76.2903 -4.04306 9
    endloop
  endfacet
  facet normal 0 0 1
    outer loop
      vertex 76.098 -4.00482 9
      vertex 76.9517 -5.30483 9
      vertex 76.1951 -4.01921 9
    endloop
  endfacet
  facet normal 0 0 1
    outer loop
      vertex 76 -4 9
      vertex 76.9517 -5.30483 9
      vertex 76.098 -4.00482 9
    endloop
  endfacet
  facet normal -0 0 1
    outer loop
      vertex 75.902 -4.00482 9
      vertex 76.9517 -5.30483 9
      vertex 76 -4 9
    endloop
  endfacet
  facet normal -0 0 1
    outer loop
      vertex 75.8049 -4.01921 9
      vertex 76.9517 -5.30483 9
      vertex 75.902 -4.00482 9
    endloop
  endfacet
  facet normal -0 0 1
    outer loop
      vertex 75.7097 -4.04306 9
      vertex 76.9517 -5.30483 9
      vertex 75.8049 -4.01921 9
    endloop
  endfacet
  facet normal -0 0 1
    outer loop
      vertex 75.6173 -4.07612 9
      vertex 76.9517 -5.30483 9
      vertex 75.7097 -4.04306 9
    endloop
  endfacet
  facet normal -0 0 1
    outer loop
      vertex 75.5286 -4.11808 9
      vertex 76.9517 -5.30483 9
      vertex 75.6173 -4.07612 9
    endloop
  endfacet
  facet normal -0 0 1
    outer loop
      vertex 75.4444 -4.16853 9
      vertex 76.9517 -5.30483 9
      vertex 75.5286 -4.11808 9
    endloop
  endfacet
  facet normal -0 0 1
    outer loop
      vertex 75.3656 -4.22699 9
      vertex 76.9517 -5.30483 9
      vertex 75.4444 -4.16853 9
    endloop
  endfacet
  facet normal -0 0 1
    outer loop
      vertex 75.2929 -4.29289 9
      vertex 76.9517 -5.30483 9
      vertex 75.3656 -4.22699 9
    endloop
  endfacet
  facet normal -0 0 1
    outer loop
      vertex 75.227 -4.36561 9
      vertex 76.9517 -5.30483 9
      vertex 75.2929 -4.29289 9
    endloop
  endfacet
  facet normal -0 0 1
    outer loop
      vertex 75.1685 -4.44443 9
      vertex 76.9517 -5.30483 9
      vertex 75.227 -4.36561 9
    endloop
  endfacet
  facet normal 0 0 1
    outer loop
      vertex 75.1685 -4.44443 9
      vertex 75.1276 -5.48724 9
      vertex 76.9517 -5.30483 9
    endloop
  endfacet
  facet normal -0 0 1
    outer loop
      vertex 75.1181 -4.5286 9
      vertex 75.1276 -5.48724 9
      vertex 75.1685 -4.44443 9
    endloop
  endfacet
  facet normal -0 0 1
    outer loop
      vertex 75.0761 -4.61732 9
      vertex 75.1276 -5.48724 9
      vertex 75.1181 -4.5286 9
    endloop
  endfacet
  facet normal -0 0 1
    outer loop
      vertex 75.0761 -5.38268 9
      vertex 75.1276 -5.48724 9
      vertex 75.0761 -4.61732 9
    endloop
  endfacet
  facet normal 0 0 1
    outer loop
      vertex 75.1276 -5.48724 9
      vertex 75.0761 -5.38268 9
      vertex 75.1181 -5.4714 9
    endloop
  endfacet
  facet normal -0 0 1
    outer loop
      vertex 75.0431 -4.70971 9
      vertex 75.0761 -5.38268 9
      vertex 75.0761 -4.61732 9
    endloop
  endfacet
  facet normal 0 0 1
    outer loop
      vertex 75.0431 -4.70971 9
      vertex 75.0431 -5.29028 9
      vertex 75.0761 -5.38268 9
    endloop
  endfacet
  facet normal -0 0 1
    outer loop
      vertex 75.0192 -4.80491 9
      vertex 75.0431 -5.29028 9
      vertex 75.0431 -4.70971 9
    endloop
  endfacet
  facet normal 0 0 1
    outer loop
      vertex 75.0192 -4.80491 9
      vertex 75.0192 -5.19509 9
      vertex 75.0431 -5.29028 9
    endloop
  endfacet
  facet normal -0 0 1
    outer loop
      vertex 75.0048 -4.90198 9
      vertex 75.0192 -5.19509 9
      vertex 75.0192 -4.80491 9
    endloop
  endfacet
  facet normal 0 0 1
    outer loop
      vertex 75.0048 -4.90198 9
      vertex 75.0048 -5.09802 9
      vertex 75.0192 -5.19509 9
    endloop
  endfacet
  facet normal 0 -0 1
    outer loop
      vertex 75.0048 -5.09802 9
      vertex 75.0048 -4.90198 9
      vertex 75 -5 9
    endloop
  endfacet
  facet normal 0 -0.336882 0.941547
    outer loop
      vertex -6 0.382683 8.07612
      vertex 0 0.290284 8.04306
      vertex 0 0.382683 8.07612
    endloop
  endfacet
  facet normal 0 -0.336882 0.941547
    outer loop
      vertex 0 0.290284 8.04306
      vertex -6 0.382683 8.07612
      vertex -6 0.290284 8.04306
    endloop
  endfacet
  facet normal 0 -0.146636 0.989191
    outer loop
      vertex -6 0.19509 8.01921
      vertex 0 0.0980167 8.00482
      vertex 0 0.19509 8.01921
    endloop
  endfacet
  facet normal 0 -0.146636 0.989191
    outer loop
      vertex 0 0.0980167 8.00482
      vertex -6 0.19509 8.01921
      vertex -6 0.0980167 8.00482
    endloop
  endfacet
  facet normal 0 -0.24303 0.970019
    outer loop
      vertex -6 0.290284 8.04306
      vertex 0 0.19509 8.01921
      vertex 0 0.290284 8.04306
    endloop
  endfacet
  facet normal 0 -0.24303 0.970019
    outer loop
      vertex 0 0.19509 8.01921
      vertex -6 0.290284 8.04306
      vertex -6 0.19509 8.01921
    endloop
  endfacet
  facet normal 0 0.941533 0.33692
    outer loop
      vertex 0 -0.923879 8.61732
      vertex -6 -0.95694 8.70971
      vertex 0 -0.95694 8.70971
    endloop
  endfacet
  facet normal 0 0.941533 0.33692
    outer loop
      vertex -6 -0.95694 8.70971
      vertex 0 -0.923879 8.61732
      vertex -6 -0.923879 8.61732
    endloop
  endfacet
  facet normal 0 0.336882 -0.941547
    outer loop
      vertex -6 -0.382683 9.92388
      vertex 0 -0.290284 9.95694
      vertex 0 -0.382683 9.92388
    endloop
  endfacet
  facet normal 0 0.336882 -0.941547
    outer loop
      vertex 0 -0.290284 9.95694
      vertex -6 -0.382683 9.92388
      vertex -6 -0.290284 9.95694
    endloop
  endfacet
  facet normal 0 -0.0491159 0.998793
    outer loop
      vertex -6 0.0980167 8.00482
      vertex 0 0 8
      vertex 0 0.0980167 8.00482
    endloop
  endfacet
  facet normal 0 -0.0491159 0.998793
    outer loop
      vertex 0 0 8
      vertex -6 0.0980167 8.00482
      vertex -6 0 8
    endloop
  endfacet
  facet normal -0 0.336882 0.941547
    outer loop
      vertex -6 -0.290284 8.04306
      vertex 0 -0.382683 8.07612
      vertex 0 -0.290284 8.04306
    endloop
  endfacet
  facet normal 0 0.336882 0.941547
    outer loop
      vertex 0 -0.382683 8.07612
      vertex -6 -0.290284 8.04306
      vertex -6 -0.382683 8.07612
    endloop
  endfacet
  facet normal 0 -0.595705 0.803203
    outer loop
      vertex -6 0.634393 8.22699
      vertex 0 0.55557 8.16853
      vertex 0 0.634393 8.22699
    endloop
  endfacet
  facet normal 0 -0.595705 0.803203
    outer loop
      vertex 0 0.55557 8.16853
      vertex -6 0.634393 8.22699
      vertex -6 0.55557 8.16853
    endloop
  endfacet
  facet normal 0 0.989175 -0.146741
    outer loop
      vertex 0 -0.995184 9.09802
      vertex -6 -0.980784 9.19509
      vertex 0 -0.980784 9.19509
    endloop
  endfacet
  facet normal 0 0.989175 -0.146741
    outer loop
      vertex -6 -0.980784 9.19509
      vertex 0 -0.995184 9.09802
      vertex -6 -0.995184 9.09802
    endloop
  endfacet
  facet normal 0 0.857722 0.514114
    outer loop
      vertex 0 -0.83147 8.44443
      vertex -6 -0.881921 8.5286
      vertex 0 -0.881921 8.5286
    endloop
  endfacet
  facet normal 0 0.857722 0.514114
    outer loop
      vertex -6 -0.881921 8.5286
      vertex 0 -0.83147 8.44443
      vertex -6 -0.83147 8.44443
    endloop
  endfacet
  facet normal 0 -0.857722 0.514114
    outer loop
      vertex -6 0.83147 8.44443
      vertex 0 0.881921 8.5286
      vertex -6 0.881921 8.5286
    endloop
  endfacet
  facet normal 0 -0.857722 0.514114
    outer loop
      vertex 0 0.881921 8.5286
      vertex -6 0.83147 8.44443
      vertex 0 0.83147 8.44443
    endloop
  endfacet
  facet normal -0 0.24303 0.970019
    outer loop
      vertex -6 -0.19509 8.01921
      vertex 0 -0.290284 8.04306
      vertex 0 -0.19509 8.01921
    endloop
  endfacet
  facet normal 0 0.24303 0.970019
    outer loop
      vertex 0 -0.290284 8.04306
      vertex -6 -0.19509 8.01921
      vertex -6 -0.290284 8.04306
    endloop
  endfacet
  facet normal 0 -0.671536 -0.740972
    outer loop
      vertex -6 0.634393 9.77301
      vertex 0 0.707107 9.70711
      vertex 0 0.634393 9.77301
    endloop
  endfacet
  facet normal -0 -0.671536 -0.740972
    outer loop
      vertex 0 0.707107 9.70711
      vertex -6 0.634393 9.77301
      vertex -6 0.707107 9.70711
    endloop
  endfacet
  facet normal 0 -0.989175 0.146741
    outer loop
      vertex -6 0.980784 8.80491
      vertex 0 0.995184 8.90198
      vertex -6 0.995184 8.90198
    endloop
  endfacet
  facet normal 0 -0.989175 0.146741
    outer loop
      vertex 0 0.995184 8.90198
      vertex -6 0.980784 8.80491
      vertex 0 0.980784 8.80491
    endloop
  endfacet
  facet normal 0 -0.803192 0.59572
    outer loop
      vertex -6 0.77301 8.36561
      vertex 0 0.83147 8.44443
      vertex -6 0.83147 8.44443
    endloop
  endfacet
  facet normal 0 -0.803192 0.59572
    outer loop
      vertex 0 0.83147 8.44443
      vertex -6 0.77301 8.36561
      vertex 0 0.77301 8.36561
    endloop
  endfacet
  facet normal -0 0.146636 0.989191
    outer loop
      vertex -6 -0.0980167 8.00482
      vertex 0 -0.19509 8.01921
      vertex 0 -0.0980167 8.00482
    endloop
  endfacet
  facet normal 0 0.146636 0.989191
    outer loop
      vertex 0 -0.19509 8.01921
      vertex -6 -0.0980167 8.00482
      vertex -6 -0.19509 8.01921
    endloop
  endfacet
  facet normal 0 0.970031 -0.242982
    outer loop
      vertex 0 -0.980784 9.19509
      vertex -6 -0.95694 9.29028
      vertex 0 -0.95694 9.29028
    endloop
  endfacet
  facet normal 0 0.970031 -0.242982
    outer loop
      vertex -6 -0.95694 9.29028
      vertex 0 -0.980784 9.19509
      vertex -6 -0.980784 9.19509
    endloop
  endfacet
  facet normal 0 0.0491159 -0.998793
    outer loop
      vertex -6 -0.0980167 9.99518
      vertex 0 0 10
      vertex 0 -0.0980167 9.99518
    endloop
  endfacet
  facet normal 0 0.0491159 -0.998793
    outer loop
      vertex 0 0 10
      vertex -6 -0.0980167 9.99518
      vertex -6 0 10
    endloop
  endfacet
  facet normal 0 -0.989175 -0.146741
    outer loop
      vertex -6 0.995184 9.09802
      vertex 0 0.980784 9.19509
      vertex -6 0.980784 9.19509
    endloop
  endfacet
  facet normal 0 -0.989175 -0.146741
    outer loop
      vertex 0 0.980784 9.19509
      vertex -6 0.995184 9.09802
      vertex 0 0.995184 9.09802
    endloop
  endfacet
  facet normal 0 0.242934 -0.970043
    outer loop
      vertex -6 -0.290284 9.95694
      vertex 0 -0.19509 9.98078
      vertex 0 -0.290284 9.95694
    endloop
  endfacet
  facet normal 0 0.242934 -0.970043
    outer loop
      vertex 0 -0.19509 9.98078
      vertex -6 -0.290284 9.95694
      vertex -6 -0.19509 9.98078
    endloop
  endfacet
  facet normal 0 -0.857722 -0.514114
    outer loop
      vertex -6 0.881921 9.4714
      vertex 0 0.83147 9.55557
      vertex -6 0.83147 9.55557
    endloop
  endfacet
  facet normal 0 -0.857722 -0.514114
    outer loop
      vertex 0 0.83147 9.55557
      vertex -6 0.881921 9.4714
      vertex 0 0.881921 9.4714
    endloop
  endfacet
  facet normal -0 0.0491159 0.998793
    outer loop
      vertex -6 0 8
      vertex 0 -0.0980167 8.00482
      vertex 0 0 8
    endloop
  endfacet
  facet normal 0 0.0491159 0.998793
    outer loop
      vertex 0 -0.0980167 8.00482
      vertex -6 0 8
      vertex -6 -0.0980167 8.00482
    endloop
  endfacet
  facet normal 0 -0.740984 0.671522
    outer loop
      vertex -6 0.707107 8.29289
      vertex 0 0.77301 8.36561
      vertex -6 0.77301 8.36561
    endloop
  endfacet
  facet normal 0 -0.740984 0.671522
    outer loop
      vertex 0 0.77301 8.36561
      vertex -6 0.707107 8.29289
      vertex 0 0.707107 8.29289
    endloop
  endfacet
  facet normal 1 0 0
    outer loop
      vertex -6 0.995184 9.09802
      vertex -6 0.995184 8.90198
      vertex -6 1 9
    endloop
  endfacet
  facet normal 1 0 0
    outer loop
      vertex -6 0.980784 9.19509
      vertex -6 0.995184 8.90198
      vertex -6 0.995184 9.09802
    endloop
  endfacet
  facet normal 1 0 0
    outer loop
      vertex -6 0.980784 9.19509
      vertex -6 0.980784 8.80491
      vertex -6 0.995184 8.90198
    endloop
  endfacet
  facet normal 1 0 0
    outer loop
      vertex -6 0.95694 9.29028
      vertex -6 0.980784 8.80491
      vertex -6 0.980784 9.19509
    endloop
  endfacet
  facet normal 1 0 0
    outer loop
      vertex -6 0.95694 9.29028
      vertex -6 0.95694 8.70971
      vertex -6 0.980784 8.80491
    endloop
  endfacet
  facet normal 1 0 0
    outer loop
      vertex -6 0.923879 9.38268
      vertex -6 0.95694 8.70971
      vertex -6 0.95694 9.29028
    endloop
  endfacet
  facet normal 1 0 0
    outer loop
      vertex -6 0.923879 9.38268
      vertex -6 0.923879 8.61732
      vertex -6 0.95694 8.70971
    endloop
  endfacet
  facet normal 1 0 0
    outer loop
      vertex -6 0.881921 9.4714
      vertex -6 0.923879 8.61732
      vertex -6 0.923879 9.38268
    endloop
  endfacet
  facet normal 1 0 0
    outer loop
      vertex -6 0.881921 9.4714
      vertex -6 0.881921 8.5286
      vertex -6 0.923879 8.61732
    endloop
  endfacet
  facet normal 1 0 0
    outer loop
      vertex -6 0.83147 9.55557
      vertex -6 0.881921 8.5286
      vertex -6 0.881921 9.4714
    endloop
  endfacet
  facet normal 1 0 0
    outer loop
      vertex -6 0.83147 9.55557
      vertex -6 0.83147 8.44443
      vertex -6 0.881921 8.5286
    endloop
  endfacet
  facet normal 1 0 0
    outer loop
      vertex -6 0.77301 9.63439
      vertex -6 0.83147 8.44443
      vertex -6 0.83147 9.55557
    endloop
  endfacet
  facet normal 1 0 0
    outer loop
      vertex -6 0.77301 9.63439
      vertex -6 0.77301 8.36561
      vertex -6 0.83147 8.44443
    endloop
  endfacet
  facet normal 1 0 0
    outer loop
      vertex -6 0.707107 9.70711
      vertex -6 0.77301 8.36561
      vertex -6 0.77301 9.63439
    endloop
  endfacet
  facet normal 1 0 0
    outer loop
      vertex -6 0.707107 9.70711
      vertex -6 0.707107 8.29289
      vertex -6 0.77301 8.36561
    endloop
  endfacet
  facet normal 1 0 0
    outer loop
      vertex -6 0.634393 9.77301
      vertex -6 0.707107 8.29289
      vertex -6 0.707107 9.70711
    endloop
  endfacet
  facet normal 1 0 0
    outer loop
      vertex -6 0.634393 9.77301
      vertex -6 0.634393 8.22699
      vertex -6 0.707107 8.29289
    endloop
  endfacet
  facet normal 1 0 0
    outer loop
      vertex -6 0.55557 9.83147
      vertex -6 0.634393 8.22699
      vertex -6 0.634393 9.77301
    endloop
  endfacet
  facet normal 1 0 0
    outer loop
      vertex -6 0.55557 9.83147
      vertex -6 0.55557 8.16853
      vertex -6 0.634393 8.22699
    endloop
  endfacet
  facet normal 1 0 0
    outer loop
      vertex -6 0.471396 9.88192
      vertex -6 0.55557 8.16853
      vertex -6 0.55557 9.83147
    endloop
  endfacet
  facet normal 1 0 0
    outer loop
      vertex -6 0.471396 9.88192
      vertex -6 0.471396 8.11808
      vertex -6 0.55557 8.16853
    endloop
  endfacet
  facet normal 1 0 0
    outer loop
      vertex -6 0.382683 9.92388
      vertex -6 0.471396 8.11808
      vertex -6 0.471396 9.88192
    endloop
  endfacet
  facet normal 1 0 0
    outer loop
      vertex -6 0.382683 9.92388
      vertex -6 0.382683 8.07612
      vertex -6 0.471396 8.11808
    endloop
  endfacet
  facet normal 1 0 0
    outer loop
      vertex -6 0.290284 9.95694
      vertex -6 0.382683 8.07612
      vertex -6 0.382683 9.92388
    endloop
  endfacet
  facet normal 1 0 0
    outer loop
      vertex -6 0.290284 9.95694
      vertex -6 0.290284 8.04306
      vertex -6 0.382683 8.07612
    endloop
  endfacet
  facet normal 1 0 0
    outer loop
      vertex -6 0.19509 9.98078
      vertex -6 0.290284 8.04306
      vertex -6 0.290284 9.95694
    endloop
  endfacet
  facet normal 1 0 0
    outer loop
      vertex -6 0.19509 9.98078
      vertex -6 0.19509 8.01921
      vertex -6 0.290284 8.04306
    endloop
  endfacet
  facet normal 1 0 0
    outer loop
      vertex -6 0.0980167 9.99518
      vertex -6 0.19509 8.01921
      vertex -6 0.19509 9.98078
    endloop
  endfacet
  facet normal 1 0 0
    outer loop
      vertex -6 0.0980167 9.99518
      vertex -6 0.0980167 8.00482
      vertex -6 0.19509 8.01921
    endloop
  endfacet
  facet normal 1 0 0
    outer loop
      vertex -6 0 10
      vertex -6 0.0980167 8.00482
      vertex -6 0.0980167 9.99518
    endloop
  endfacet
  facet normal 1 0 0
    outer loop
      vertex -6 0 10
      vertex -6 0 8
      vertex -6 0.0980167 8.00482
    endloop
  endfacet
  facet normal 1 -0 0
    outer loop
      vertex -6 -0.0980167 9.99518
      vertex -6 0 8
      vertex -6 0 10
    endloop
  endfacet
  facet normal 1 0 0
    outer loop
      vertex -6 -0.0980167 9.99518
      vertex -6 -0.0980167 8.00482
      vertex -6 0 8
    endloop
  endfacet
  facet normal 1 -0 0
    outer loop
      vertex -6 -0.19509 9.98078
      vertex -6 -0.0980167 8.00482
      vertex -6 -0.0980167 9.99518
    endloop
  endfacet
  facet normal 1 0 0
    outer loop
      vertex -6 -0.19509 9.98078
      vertex -6 -0.19509 8.01921
      vertex -6 -0.0980167 8.00482
    endloop
  endfacet
  facet normal 1 -0 0
    outer loop
      vertex -6 -0.290284 9.95694
      vertex -6 -0.19509 8.01921
      vertex -6 -0.19509 9.98078
    endloop
  endfacet
  facet normal 1 0 0
    outer loop
      vertex -6 -0.290284 9.95694
      vertex -6 -0.290284 8.04306
      vertex -6 -0.19509 8.01921
    endloop
  endfacet
  facet normal 1 -0 0
    outer loop
      vertex -6 -0.382683 9.92388
      vertex -6 -0.290284 8.04306
      vertex -6 -0.290284 9.95694
    endloop
  endfacet
  facet normal 1 0 0
    outer loop
      vertex -6 -0.382683 9.92388
      vertex -6 -0.382683 8.07612
      vertex -6 -0.290284 8.04306
    endloop
  endfacet
  facet normal 1 -0 0
    outer loop
      vertex -6 -0.471396 9.88192
      vertex -6 -0.382683 8.07612
      vertex -6 -0.382683 9.92388
    endloop
  endfacet
  facet normal 1 0 0
    outer loop
      vertex -6 -0.471396 9.88192
      vertex -6 -0.471396 8.11808
      vertex -6 -0.382683 8.07612
    endloop
  endfacet
  facet normal 1 -0 0
    outer loop
      vertex -6 -0.55557 9.83147
      vertex -6 -0.471396 8.11808
      vertex -6 -0.471396 9.88192
    endloop
  endfacet
  facet normal 1 0 0
    outer loop
      vertex -6 -0.55557 9.83147
      vertex -6 -0.55557 8.16853
      vertex -6 -0.471396 8.11808
    endloop
  endfacet
  facet normal 1 -0 0
    outer loop
      vertex -6 -0.634393 9.77301
      vertex -6 -0.55557 8.16853
      vertex -6 -0.55557 9.83147
    endloop
  endfacet
  facet normal 1 0 0
    outer loop
      vertex -6 -0.634393 9.77301
      vertex -6 -0.634393 8.22699
      vertex -6 -0.55557 8.16853
    endloop
  endfacet
  facet normal 1 -0 0
    outer loop
      vertex -6 -0.707107 9.70711
      vertex -6 -0.634393 8.22699
      vertex -6 -0.634393 9.77301
    endloop
  endfacet
  facet normal 1 0 0
    outer loop
      vertex -6 -0.707107 9.70711
      vertex -6 -0.707107 8.29289
      vertex -6 -0.634393 8.22699
    endloop
  endfacet
  facet normal 1 -0 0
    outer loop
      vertex -6 -0.77301 9.63439
      vertex -6 -0.707107 8.29289
      vertex -6 -0.707107 9.70711
    endloop
  endfacet
  facet normal 1 0 0
    outer loop
      vertex -6 -0.77301 9.63439
      vertex -6 -0.77301 8.36561
      vertex -6 -0.707107 8.29289
    endloop
  endfacet
  facet normal 1 -0 0
    outer loop
      vertex -6 -0.83147 9.55557
      vertex -6 -0.77301 8.36561
      vertex -6 -0.77301 9.63439
    endloop
  endfacet
  facet normal 1 0 0
    outer loop
      vertex -6 -0.83147 9.55557
      vertex -6 -0.83147 8.44443
      vertex -6 -0.77301 8.36561
    endloop
  endfacet
  facet normal 1 -0 0
    outer loop
      vertex -6 -0.881921 9.4714
      vertex -6 -0.83147 8.44443
      vertex -6 -0.83147 9.55557
    endloop
  endfacet
  facet normal 1 0 0
    outer loop
      vertex -6 -0.881921 9.4714
      vertex -6 -0.881921 8.5286
      vertex -6 -0.83147 8.44443
    endloop
  endfacet
  facet normal 1 -0 0
    outer loop
      vertex -6 -0.923879 9.38268
      vertex -6 -0.881921 8.5286
      vertex -6 -0.881921 9.4714
    endloop
  endfacet
  facet normal 1 0 0
    outer loop
      vertex -6 -0.923879 9.38268
      vertex -6 -0.923879 8.61732
      vertex -6 -0.881921 8.5286
    endloop
  endfacet
  facet normal 1 -0 0
    outer loop
      vertex -6 -0.95694 9.29028
      vertex -6 -0.923879 8.61732
      vertex -6 -0.923879 9.38268
    endloop
  endfacet
  facet normal 1 0 0
    outer loop
      vertex -6 -0.95694 9.29028
      vertex -6 -0.95694 8.70971
      vertex -6 -0.923879 8.61732
    endloop
  endfacet
  facet normal 1 -0 0
    outer loop
      vertex -6 -0.980784 9.19509
      vertex -6 -0.95694 8.70971
      vertex -6 -0.95694 9.29028
    endloop
  endfacet
  facet normal 1 0 0
    outer loop
      vertex -6 -0.980784 9.19509
      vertex -6 -0.980784 8.80491
      vertex -6 -0.95694 8.70971
    endloop
  endfacet
  facet normal 1 -0 0
    outer loop
      vertex -6 -0.995184 9.09802
      vertex -6 -0.980784 8.80491
      vertex -6 -0.980784 9.19509
    endloop
  endfacet
  facet normal 1 0 0
    outer loop
      vertex -6 -0.995184 9.09802
      vertex -6 -0.995184 8.90198
      vertex -6 -0.980784 8.80491
    endloop
  endfacet
  facet normal 1 0 -0
    outer loop
      vertex -6 -0.995184 8.90198
      vertex -6 -0.995184 9.09802
      vertex -6 -1 9
    endloop
  endfacet
  facet normal -0 0.514088 0.857737
    outer loop
      vertex -6 -0.471396 8.11808
      vertex 0 -0.55557 8.16853
      vertex 0 -0.471396 8.11808
    endloop
  endfacet
  facet normal 0 0.514088 0.857737
    outer loop
      vertex 0 -0.55557 8.16853
      vertex -6 -0.471396 8.11808
      vertex -6 -0.55557 8.16853
    endloop
  endfacet
  facet normal 0 0.998795 0.0490736
    outer loop
      vertex 0 -0.995184 8.90198
      vertex -6 -1 9
      vertex 0 -1 9
    endloop
  endfacet
  facet normal 0 0.998795 0.0490736
    outer loop
      vertex -6 -1 9
      vertex 0 -0.995184 8.90198
      vertex -6 -0.995184 8.90198
    endloop
  endfacet
  facet normal 0 -0.514088 0.857737
    outer loop
      vertex -6 0.55557 8.16853
      vertex 0 0.471396 8.11808
      vertex 0 0.55557 8.16853
    endloop
  endfacet
  facet normal 0 -0.514088 0.857737
    outer loop
      vertex 0 0.471396 8.11808
      vertex -6 0.55557 8.16853
      vertex -6 0.471396 8.11808
    endloop
  endfacet
  facet normal 0 0.970037 0.242958
    outer loop
      vertex 0 -0.95694 8.70971
      vertex -6 -0.980784 8.80491
      vertex 0 -0.980784 8.80491
    endloop
  endfacet
  facet normal 0 0.970037 0.242958
    outer loop
      vertex -6 -0.980784 8.80491
      vertex 0 -0.95694 8.70971
      vertex -6 -0.95694 8.70971
    endloop
  endfacet
  facet normal -0 0.427571 0.903982
    outer loop
      vertex -6 -0.382683 8.07612
      vertex 0 -0.471396 8.11808
      vertex 0 -0.382683 8.07612
    endloop
  endfacet
  facet normal 0 0.427571 0.903982
    outer loop
      vertex 0 -0.471396 8.11808
      vertex -6 -0.382683 8.07612
      vertex -6 -0.471396 8.11808
    endloop
  endfacet
  facet normal 0 0.904003 0.427526
    outer loop
      vertex 0 -0.881921 8.5286
      vertex -6 -0.923879 8.61732
      vertex 0 -0.923879 8.61732
    endloop
  endfacet
  facet normal 0 0.904003 0.427526
    outer loop
      vertex -6 -0.923879 8.61732
      vertex 0 -0.881921 8.5286
      vertex -6 -0.881921 8.5286
    endloop
  endfacet
  facet normal 0 -0.998795 0.0490736
    outer loop
      vertex -6 0.995184 8.90198
      vertex 0 1 9
      vertex -6 1 9
    endloop
  endfacet
  facet normal 0 -0.998795 0.0490736
    outer loop
      vertex 0 1 9
      vertex -6 0.995184 8.90198
      vertex 0 0.995184 8.90198
    endloop
  endfacet
  facet normal 0 -0.970037 0.242958
    outer loop
      vertex -6 0.95694 8.70971
      vertex 0 0.980784 8.80491
      vertex -6 0.980784 8.80491
    endloop
  endfacet
  facet normal 0 -0.970037 0.242958
    outer loop
      vertex 0 0.980784 8.80491
      vertex -6 0.95694 8.70971
      vertex 0 0.95694 8.70971
    endloop
  endfacet
  facet normal 0 -0.427571 0.903982
    outer loop
      vertex -6 0.471396 8.11808
      vertex 0 0.382683 8.07612
      vertex 0 0.471396 8.11808
    endloop
  endfacet
  facet normal 0 -0.427571 0.903982
    outer loop
      vertex 0 0.382683 8.07612
      vertex -6 0.471396 8.11808
      vertex -6 0.382683 8.07612
    endloop
  endfacet
  facet normal 0 -0.970031 -0.242982
    outer loop
      vertex -6 0.980784 9.19509
      vertex 0 0.95694 9.29028
      vertex -6 0.95694 9.29028
    endloop
  endfacet
  facet normal 0 -0.970031 -0.242982
    outer loop
      vertex 0 0.95694 9.29028
      vertex -6 0.980784 9.19509
      vertex 0 0.980784 9.19509
    endloop
  endfacet
  facet normal 0 -0.904003 0.427526
    outer loop
      vertex -6 0.881921 8.5286
      vertex 0 0.923879 8.61732
      vertex -6 0.923879 8.61732
    endloop
  endfacet
  facet normal 0 -0.904003 0.427526
    outer loop
      vertex 0 0.923879 8.61732
      vertex -6 0.881921 8.5286
      vertex 0 0.881921 8.5286
    endloop
  endfacet
  facet normal 0 0.989175 0.146741
    outer loop
      vertex 0 -0.980784 8.80491
      vertex -6 -0.995184 8.90198
      vertex 0 -0.995184 8.90198
    endloop
  endfacet
  facet normal 0 0.989175 0.146741
    outer loop
      vertex -6 -0.995184 8.90198
      vertex 0 -0.980784 8.80491
      vertex -6 -0.980784 8.80491
    endloop
  endfacet
  facet normal -0 0.671536 0.740972
    outer loop
      vertex -6 -0.634393 8.22699
      vertex 0 -0.707107 8.29289
      vertex 0 -0.634393 8.22699
    endloop
  endfacet
  facet normal 0 0.671536 0.740972
    outer loop
      vertex 0 -0.707107 8.29289
      vertex -6 -0.634393 8.22699
      vertex -6 -0.707107 8.29289
    endloop
  endfacet
  facet normal -0 0.595705 0.803203
    outer loop
      vertex -6 -0.55557 8.16853
      vertex 0 -0.634393 8.22699
      vertex 0 -0.55557 8.16853
    endloop
  endfacet
  facet normal 0 0.595705 0.803203
    outer loop
      vertex 0 -0.634393 8.22699
      vertex -6 -0.55557 8.16853
      vertex -6 -0.634393 8.22699
    endloop
  endfacet
  facet normal 0 -0.803192 -0.59572
    outer loop
      vertex -6 0.83147 9.55557
      vertex 0 0.77301 9.63439
      vertex -6 0.77301 9.63439
    endloop
  endfacet
  facet normal 0 -0.803192 -0.59572
    outer loop
      vertex 0 0.77301 9.63439
      vertex -6 0.83147 9.55557
      vertex 0 0.83147 9.55557
    endloop
  endfacet
  facet normal 0 -0.740984 -0.671522
    outer loop
      vertex -6 0.77301 9.63439
      vertex 0 0.707107 9.70711
      vertex -6 0.707107 9.70711
    endloop
  endfacet
  facet normal 0 -0.740984 -0.671522
    outer loop
      vertex 0 0.707107 9.70711
      vertex -6 0.77301 9.63439
      vertex 0 0.77301 9.63439
    endloop
  endfacet
  facet normal 0 -0.514088 -0.857737
    outer loop
      vertex -6 0.471396 9.88192
      vertex 0 0.55557 9.83147
      vertex 0 0.471396 9.88192
    endloop
  endfacet
  facet normal -0 -0.514088 -0.857737
    outer loop
      vertex 0 0.55557 9.83147
      vertex -6 0.471396 9.88192
      vertex -6 0.55557 9.83147
    endloop
  endfacet
  facet normal 0 -0.904003 -0.427526
    outer loop
      vertex -6 0.923879 9.38268
      vertex 0 0.881921 9.4714
      vertex -6 0.881921 9.4714
    endloop
  endfacet
  facet normal 0 -0.904003 -0.427526
    outer loop
      vertex 0 0.881921 9.4714
      vertex -6 0.923879 9.38268
      vertex 0 0.923879 9.38268
    endloop
  endfacet
  facet normal 0 0.514088 -0.857737
    outer loop
      vertex -6 -0.55557 9.83147
      vertex 0 -0.471396 9.88192
      vertex 0 -0.55557 9.83147
    endloop
  endfacet
  facet normal 0 0.514088 -0.857737
    outer loop
      vertex 0 -0.471396 9.88192
      vertex -6 -0.55557 9.83147
      vertex -6 -0.471396 9.88192
    endloop
  endfacet
  facet normal 0 0.904003 -0.427526
    outer loop
      vertex 0 -0.923879 9.38268
      vertex -6 -0.881921 9.4714
      vertex 0 -0.881921 9.4714
    endloop
  endfacet
  facet normal 0 0.904003 -0.427526
    outer loop
      vertex -6 -0.881921 9.4714
      vertex 0 -0.923879 9.38268
      vertex -6 -0.923879 9.38268
    endloop
  endfacet
  facet normal 0 0.941545 -0.336888
    outer loop
      vertex 0 -0.95694 9.29028
      vertex -6 -0.923879 9.38268
      vertex 0 -0.923879 9.38268
    endloop
  endfacet
  facet normal 0 0.941545 -0.336888
    outer loop
      vertex -6 -0.923879 9.38268
      vertex 0 -0.95694 9.29028
      vertex -6 -0.95694 9.29028
    endloop
  endfacet
  facet normal 0 -0.941545 -0.336888
    outer loop
      vertex -6 0.95694 9.29028
      vertex 0 0.923879 9.38268
      vertex -6 0.923879 9.38268
    endloop
  endfacet
  facet normal 0 -0.941545 -0.336888
    outer loop
      vertex 0 0.923879 9.38268
      vertex -6 0.95694 9.29028
      vertex 0 0.95694 9.29028
    endloop
  endfacet
  facet normal 0 -0.671536 0.740972
    outer loop
      vertex -6 0.707107 8.29289
      vertex 0 0.634393 8.22699
      vertex 0 0.707107 8.29289
    endloop
  endfacet
  facet normal 0 -0.671536 0.740972
    outer loop
      vertex 0 0.634393 8.22699
      vertex -6 0.707107 8.29289
      vertex -6 0.634393 8.22699
    endloop
  endfacet
  facet normal 0 0.803192 0.59572
    outer loop
      vertex 0 -0.77301 8.36561
      vertex -6 -0.83147 8.44443
      vertex 0 -0.83147 8.44443
    endloop
  endfacet
  facet normal 0 0.803192 0.59572
    outer loop
      vertex -6 -0.83147 8.44443
      vertex 0 -0.77301 8.36561
      vertex -6 -0.77301 8.36561
    endloop
  endfacet
  facet normal 0 -0.998795 -0.0490736
    outer loop
      vertex -6 1 9
      vertex 0 0.995184 9.09802
      vertex -6 0.995184 9.09802
    endloop
  endfacet
  facet normal 0 -0.998795 -0.0490736
    outer loop
      vertex 0 0.995184 9.09802
      vertex -6 1 9
      vertex 0 1 9
    endloop
  endfacet
  facet normal 0 -0.242934 -0.970043
    outer loop
      vertex -6 0.19509 9.98078
      vertex 0 0.290284 9.95694
      vertex 0 0.19509 9.98078
    endloop
  endfacet
  facet normal -0 -0.242934 -0.970043
    outer loop
      vertex 0 0.290284 9.95694
      vertex -6 0.19509 9.98078
      vertex -6 0.290284 9.95694
    endloop
  endfacet
  facet normal 0 -0.336882 -0.941547
    outer loop
      vertex -6 0.290284 9.95694
      vertex 0 0.382683 9.92388
      vertex 0 0.290284 9.95694
    endloop
  endfacet
  facet normal -0 -0.336882 -0.941547
    outer loop
      vertex 0 0.382683 9.92388
      vertex -6 0.290284 9.95694
      vertex -6 0.382683 9.92388
    endloop
  endfacet
  facet normal 0 0.146736 -0.989176
    outer loop
      vertex -6 -0.19509 9.98078
      vertex 0 -0.0980167 9.99518
      vertex 0 -0.19509 9.98078
    endloop
  endfacet
  facet normal 0 0.146736 -0.989176
    outer loop
      vertex 0 -0.0980167 9.99518
      vertex -6 -0.19509 9.98078
      vertex -6 -0.0980167 9.99518
    endloop
  endfacet
  facet normal 0 0.671536 -0.740972
    outer loop
      vertex -6 -0.707107 9.70711
      vertex 0 -0.634393 9.77301
      vertex 0 -0.707107 9.70711
    endloop
  endfacet
  facet normal 0 0.671536 -0.740972
    outer loop
      vertex 0 -0.634393 9.77301
      vertex -6 -0.707107 9.70711
      vertex -6 -0.634393 9.77301
    endloop
  endfacet
  facet normal 0 -0.941533 0.33692
    outer loop
      vertex -6 0.923879 8.61732
      vertex 0 0.95694 8.70971
      vertex -6 0.95694 8.70971
    endloop
  endfacet
  facet normal 0 -0.941533 0.33692
    outer loop
      vertex 0 0.95694 8.70971
      vertex -6 0.923879 8.61732
      vertex 0 0.923879 8.61732
    endloop
  endfacet
  facet normal 0 0.857722 -0.514114
    outer loop
      vertex 0 -0.881921 9.4714
      vertex -6 -0.83147 9.55557
      vertex 0 -0.83147 9.55557
    endloop
  endfacet
  facet normal 0 0.857722 -0.514114
    outer loop
      vertex -6 -0.83147 9.55557
      vertex 0 -0.881921 9.4714
      vertex -6 -0.881921 9.4714
    endloop
  endfacet
  facet normal 0 0.595705 -0.803203
    outer loop
      vertex -6 -0.634393 9.77301
      vertex 0 -0.55557 9.83147
      vertex 0 -0.634393 9.77301
    endloop
  endfacet
  facet normal 0 0.595705 -0.803203
    outer loop
      vertex 0 -0.55557 9.83147
      vertex -6 -0.634393 9.77301
      vertex -6 -0.55557 9.83147
    endloop
  endfacet
  facet normal -1 0 0
    outer loop
      vertex 0 0.995184 8.90198
      vertex 0 0.995184 9.09802
      vertex 0 1 9
    endloop
  endfacet
  facet normal -1 0 0
    outer loop
      vertex 0 0.980784 8.80491
      vertex 0 0.995184 9.09802
      vertex 0 0.995184 8.90198
    endloop
  endfacet
  facet normal -1 0 0
    outer loop
      vertex 0 0.980784 8.80491
      vertex 0 0.980784 9.19509
      vertex 0 0.995184 9.09802
    endloop
  endfacet
  facet normal -1 0 0
    outer loop
      vertex 0 0.95694 8.70971
      vertex 0 0.980784 9.19509
      vertex 0 0.980784 8.80491
    endloop
  endfacet
  facet normal -1 0 0
    outer loop
      vertex 0 0.95694 8.70971
      vertex 0 0.95694 9.29028
      vertex 0 0.980784 9.19509
    endloop
  endfacet
  facet normal -1 0 0
    outer loop
      vertex 0 0.923879 8.61732
      vertex 0 0.95694 9.29028
      vertex 0 0.95694 8.70971
    endloop
  endfacet
  facet normal -1 0 0
    outer loop
      vertex 0 0.923879 8.61732
      vertex 0 0.923879 9.38268
      vertex 0 0.95694 9.29028
    endloop
  endfacet
  facet normal -1 0 0
    outer loop
      vertex 0 0.881921 8.5286
      vertex 0 0.923879 9.38268
      vertex 0 0.923879 8.61732
    endloop
  endfacet
  facet normal -1 0 0
    outer loop
      vertex 0 0.881921 8.5286
      vertex 0 0.881921 9.4714
      vertex 0 0.923879 9.38268
    endloop
  endfacet
  facet normal -1 0 0
    outer loop
      vertex 0 0.83147 8.44443
      vertex 0 0.881921 9.4714
      vertex 0 0.881921 8.5286
    endloop
  endfacet
  facet normal -1 0 0
    outer loop
      vertex 0 0.83147 8.44443
      vertex 0 0.83147 9.55557
      vertex 0 0.881921 9.4714
    endloop
  endfacet
  facet normal -1 0 0
    outer loop
      vertex 0 0.77301 8.36561
      vertex 0 0.83147 9.55557
      vertex 0 0.83147 8.44443
    endloop
  endfacet
  facet normal -1 0 0
    outer loop
      vertex 0 0.77301 8.36561
      vertex 0 0.77301 9.63439
      vertex 0 0.83147 9.55557
    endloop
  endfacet
  facet normal -1 0 0
    outer loop
      vertex 0 0.707107 8.29289
      vertex 0 0.77301 9.63439
      vertex 0 0.77301 8.36561
    endloop
  endfacet
  facet normal -1 0 0
    outer loop
      vertex 0 0.707107 8.29289
      vertex 0 0.707107 9.70711
      vertex 0 0.77301 9.63439
    endloop
  endfacet
  facet normal -1 0 0
    outer loop
      vertex 0 0.634393 8.22699
      vertex 0 0.707107 9.70711
      vertex 0 0.707107 8.29289
    endloop
  endfacet
  facet normal -1 0 0
    outer loop
      vertex 0 0.634393 8.22699
      vertex 0 0.634393 9.77301
      vertex 0 0.707107 9.70711
    endloop
  endfacet
  facet normal -1 0 0
    outer loop
      vertex 0 0.55557 8.16853
      vertex 0 0.634393 9.77301
      vertex 0 0.634393 8.22699
    endloop
  endfacet
  facet normal -1 0 0
    outer loop
      vertex 0 0.55557 8.16853
      vertex 0 0.55557 9.83147
      vertex 0 0.634393 9.77301
    endloop
  endfacet
  facet normal -1 0 0
    outer loop
      vertex 0 0.471396 8.11808
      vertex 0 0.55557 9.83147
      vertex 0 0.55557 8.16853
    endloop
  endfacet
  facet normal -1 0 0
    outer loop
      vertex 0 0.471396 8.11808
      vertex 0 0.471396 9.88192
      vertex 0 0.55557 9.83147
    endloop
  endfacet
  facet normal -1 0 0
    outer loop
      vertex 0 0.382683 8.07612
      vertex 0 0.471396 9.88192
      vertex 0 0.471396 8.11808
    endloop
  endfacet
  facet normal -1 0 0
    outer loop
      vertex 0 0.382683 8.07612
      vertex 0 0.382683 9.92388
      vertex 0 0.471396 9.88192
    endloop
  endfacet
  facet normal -1 0 0
    outer loop
      vertex 0 0.290284 8.04306
      vertex 0 0.382683 9.92388
      vertex 0 0.382683 8.07612
    endloop
  endfacet
  facet normal -1 0 0
    outer loop
      vertex 0 0.290284 8.04306
      vertex 0 0.290284 9.95694
      vertex 0 0.382683 9.92388
    endloop
  endfacet
  facet normal -1 0 0
    outer loop
      vertex 0 0.19509 8.01921
      vertex 0 0.290284 9.95694
      vertex 0 0.290284 8.04306
    endloop
  endfacet
  facet normal -1 0 0
    outer loop
      vertex 0 0.19509 8.01921
      vertex 0 0.19509 9.98078
      vertex 0 0.290284 9.95694
    endloop
  endfacet
  facet normal -1 0 0
    outer loop
      vertex 0 0.0980167 8.00482
      vertex 0 0.19509 9.98078
      vertex 0 0.19509 8.01921
    endloop
  endfacet
  facet normal -1 0 0
    outer loop
      vertex 0 0.0980167 8.00482
      vertex 0 0.0980167 9.99518
      vertex 0 0.19509 9.98078
    endloop
  endfacet
  facet normal -1 0 0
    outer loop
      vertex 0 0 8
      vertex 0 0.0980167 9.99518
      vertex 0 0.0980167 8.00482
    endloop
  endfacet
  facet normal -1 0 0
    outer loop
      vertex 0 0 8
      vertex 0 0 10
      vertex 0 0.0980167 9.99518
    endloop
  endfacet
  facet normal -1 0 0
    outer loop
      vertex 0 -0.0980167 8.00482
      vertex 0 0 10
      vertex 0 0 8
    endloop
  endfacet
  facet normal -1 0 0
    outer loop
      vertex 0 -0.0980167 8.00482
      vertex 0 -0.0980167 9.99518
      vertex 0 0 10
    endloop
  endfacet
  facet normal -1 0 0
    outer loop
      vertex 0 -0.19509 8.01921
      vertex 0 -0.0980167 9.99518
      vertex 0 -0.0980167 8.00482
    endloop
  endfacet
  facet normal -1 0 0
    outer loop
      vertex 0 -0.19509 8.01921
      vertex 0 -0.19509 9.98078
      vertex 0 -0.0980167 9.99518
    endloop
  endfacet
  facet normal -1 0 0
    outer loop
      vertex 0 -0.290284 8.04306
      vertex 0 -0.19509 9.98078
      vertex 0 -0.19509 8.01921
    endloop
  endfacet
  facet normal -1 0 0
    outer loop
      vertex 0 -0.290284 8.04306
      vertex 0 -0.290284 9.95694
      vertex 0 -0.19509 9.98078
    endloop
  endfacet
  facet normal -1 0 0
    outer loop
      vertex 0 -0.382683 8.07612
      vertex 0 -0.290284 9.95694
      vertex 0 -0.290284 8.04306
    endloop
  endfacet
  facet normal -1 0 0
    outer loop
      vertex 0 -0.382683 8.07612
      vertex 0 -0.382683 9.92388
      vertex 0 -0.290284 9.95694
    endloop
  endfacet
  facet normal -1 0 0
    outer loop
      vertex 0 -0.471396 8.11808
      vertex 0 -0.382683 9.92388
      vertex 0 -0.382683 8.07612
    endloop
  endfacet
  facet normal -1 0 0
    outer loop
      vertex 0 -0.471396 8.11808
      vertex 0 -0.471396 9.88192
      vertex 0 -0.382683 9.92388
    endloop
  endfacet
  facet normal -1 0 0
    outer loop
      vertex 0 -0.55557 8.16853
      vertex 0 -0.471396 9.88192
      vertex 0 -0.471396 8.11808
    endloop
  endfacet
  facet normal -1 0 0
    outer loop
      vertex 0 -0.55557 8.16853
      vertex 0 -0.55557 9.83147
      vertex 0 -0.471396 9.88192
    endloop
  endfacet
  facet normal -1 0 0
    outer loop
      vertex 0 -0.634393 8.22699
      vertex 0 -0.55557 9.83147
      vertex 0 -0.55557 8.16853
    endloop
  endfacet
  facet normal -1 0 0
    outer loop
      vertex 0 -0.634393 8.22699
      vertex 0 -0.634393 9.77301
      vertex 0 -0.55557 9.83147
    endloop
  endfacet
  facet normal -1 0 0
    outer loop
      vertex 0 -0.707107 8.29289
      vertex 0 -0.634393 9.77301
      vertex 0 -0.634393 8.22699
    endloop
  endfacet
  facet normal -1 0 0
    outer loop
      vertex 0 -0.707107 8.29289
      vertex 0 -0.707107 9.70711
      vertex 0 -0.634393 9.77301
    endloop
  endfacet
  facet normal -1 0 0
    outer loop
      vertex 0 -0.77301 8.36561
      vertex 0 -0.707107 9.70711
      vertex 0 -0.707107 8.29289
    endloop
  endfacet
  facet normal -1 0 0
    outer loop
      vertex 0 -0.77301 8.36561
      vertex 0 -0.77301 9.63439
      vertex 0 -0.707107 9.70711
    endloop
  endfacet
  facet normal -1 0 0
    outer loop
      vertex 0 -0.83147 8.44443
      vertex 0 -0.77301 9.63439
      vertex 0 -0.77301 8.36561
    endloop
  endfacet
  facet normal -1 0 0
    outer loop
      vertex 0 -0.83147 8.44443
      vertex 0 -0.83147 9.55557
      vertex 0 -0.77301 9.63439
    endloop
  endfacet
  facet normal -1 0 0
    outer loop
      vertex 0 -0.881921 8.5286
      vertex 0 -0.83147 9.55557
      vertex 0 -0.83147 8.44443
    endloop
  endfacet
  facet normal -1 0 0
    outer loop
      vertex 0 -0.881921 8.5286
      vertex 0 -0.881921 9.4714
      vertex 0 -0.83147 9.55557
    endloop
  endfacet
  facet normal -1 0 0
    outer loop
      vertex 0 -0.923879 8.61732
      vertex 0 -0.881921 9.4714
      vertex 0 -0.881921 8.5286
    endloop
  endfacet
  facet normal -1 0 0
    outer loop
      vertex 0 -0.923879 8.61732
      vertex 0 -0.923879 9.38268
      vertex 0 -0.881921 9.4714
    endloop
  endfacet
  facet normal -1 0 0
    outer loop
      vertex 0 -0.95694 8.70971
      vertex 0 -0.923879 9.38268
      vertex 0 -0.923879 8.61732
    endloop
  endfacet
  facet normal -1 0 0
    outer loop
      vertex 0 -0.95694 8.70971
      vertex 0 -0.95694 9.29028
      vertex 0 -0.923879 9.38268
    endloop
  endfacet
  facet normal -1 0 0
    outer loop
      vertex 0 -0.980784 8.80491
      vertex 0 -0.95694 9.29028
      vertex 0 -0.95694 8.70971
    endloop
  endfacet
  facet normal -1 0 0
    outer loop
      vertex 0 -0.980784 8.80491
      vertex 0 -0.980784 9.19509
      vertex 0 -0.95694 9.29028
    endloop
  endfacet
  facet normal -1 0 0
    outer loop
      vertex 0 -0.995184 8.90198
      vertex 0 -0.980784 9.19509
      vertex 0 -0.980784 8.80491
    endloop
  endfacet
  facet normal -1 0 0
    outer loop
      vertex 0 -0.995184 8.90198
      vertex 0 -0.995184 9.09802
      vertex 0 -0.980784 9.19509
    endloop
  endfacet
  facet normal -1 0 -0
    outer loop
      vertex 0 -0.995184 9.09802
      vertex 0 -0.995184 8.90198
      vertex 0 -1 9
    endloop
  endfacet
  facet normal 0 -0.427571 -0.903982
    outer loop
      vertex -6 0.382683 9.92388
      vertex 0 0.471396 9.88192
      vertex 0 0.382683 9.92388
    endloop
  endfacet
  facet normal -0 -0.427571 -0.903982
    outer loop
      vertex 0 0.471396 9.88192
      vertex -6 0.382683 9.92388
      vertex -6 0.471396 9.88192
    endloop
  endfacet
  facet normal 0 0.803192 -0.59572
    outer loop
      vertex 0 -0.83147 9.55557
      vertex -6 -0.77301 9.63439
      vertex 0 -0.77301 9.63439
    endloop
  endfacet
  facet normal 0 0.803192 -0.59572
    outer loop
      vertex -6 -0.77301 9.63439
      vertex 0 -0.83147 9.55557
      vertex -6 -0.83147 9.55557
    endloop
  endfacet
  facet normal 0 0.740984 -0.671522
    outer loop
      vertex 0 -0.77301 9.63439
      vertex -6 -0.707107 9.70711
      vertex 0 -0.707107 9.70711
    endloop
  endfacet
  facet normal 0 0.740984 -0.671522
    outer loop
      vertex -6 -0.707107 9.70711
      vertex 0 -0.77301 9.63439
      vertex -6 -0.77301 9.63439
    endloop
  endfacet
  facet normal 0 -0.595705 -0.803203
    outer loop
      vertex -6 0.55557 9.83147
      vertex 0 0.634393 9.77301
      vertex 0 0.55557 9.83147
    endloop
  endfacet
  facet normal -0 -0.595705 -0.803203
    outer loop
      vertex 0 0.634393 9.77301
      vertex -6 0.55557 9.83147
      vertex -6 0.634393 9.77301
    endloop
  endfacet
  facet normal 0 0.998795 -0.0490736
    outer loop
      vertex 0 -1 9
      vertex -6 -0.995184 9.09802
      vertex 0 -0.995184 9.09802
    endloop
  endfacet
  facet normal 0 0.998795 -0.0490736
    outer loop
      vertex -6 -0.995184 9.09802
      vertex 0 -1 9
      vertex -6 -1 9
    endloop
  endfacet
  facet normal 0 0.427571 -0.903982
    outer loop
      vertex -6 -0.471396 9.88192
      vertex 0 -0.382683 9.92388
      vertex 0 -0.471396 9.88192
    endloop
  endfacet
  facet normal 0 0.427571 -0.903982
    outer loop
      vertex 0 -0.382683 9.92388
      vertex -6 -0.471396 9.88192
      vertex -6 -0.382683 9.92388
    endloop
  endfacet
  facet normal 0 -0.146736 -0.989176
    outer loop
      vertex -6 0.0980167 9.99518
      vertex 0 0.19509 9.98078
      vertex 0 0.0980167 9.99518
    endloop
  endfacet
  facet normal -0 -0.146736 -0.989176
    outer loop
      vertex 0 0.19509 9.98078
      vertex -6 0.0980167 9.99518
      vertex -6 0.19509 9.98078
    endloop
  endfacet
  facet normal 0 -0.0491159 -0.998793
    outer loop
      vertex -6 0 10
      vertex 0 0.0980167 9.99518
      vertex 0 0 10
    endloop
  endfacet
  facet normal -0 -0.0491159 -0.998793
    outer loop
      vertex 0 0.0980167 9.99518
      vertex -6 0 10
      vertex -6 0.0980167 9.99518
    endloop
  endfacet
  facet normal 0 0.740984 0.671522
    outer loop
      vertex 0 -0.707107 8.29289
      vertex -6 -0.77301 8.36561
      vertex 0 -0.77301 8.36561
    endloop
  endfacet
  facet normal 0 0.740984 0.671522
    outer loop
      vertex -6 -0.77301 8.36561
      vertex 0 -0.707107 8.29289
      vertex -6 -0.707107 8.29289
    endloop
  endfacet
endsolid OpenSCAD_Model
