solid OpenSCAD_Model
  facet normal 0 0 -1
    outer loop
      vertex 4.75375 -19.4846 0
      vertex 7.60692 -18.5576 0
      vertex 7.4641 -20.7069 0
    endloop
  endfacet
  facet normal -0 0 -1
    outer loop
      vertex 7.60692 -18.5576 0
      vertex 4.75375 -19.4846 0
      vertex 7.13043 -15.9628 0
    endloop
  endfacet
  facet normal 0 0 -1
    outer loop
      vertex 4.75375 -19.4846 0
      vertex 7.4641 -20.7069 0
      vertex 6.13263 -21.1395 0
    endloop
  endfacet
  facet normal 0 0 -1
    outer loop
      vertex 12.365 -18.2098 0
      vertex 12.9692 -15.2987 0
      vertex 13.4976 -17.3869 0
    endloop
  endfacet
  facet normal 0 0 -1
    outer loop
      vertex 10.5422 -17.062 0
      vertex 12.9692 -15.2987 0
      vertex 12.365 -18.2098 0
    endloop
  endfacet
  facet normal 0 0 -1
    outer loop
      vertex 12.6067 5.86278 0
      vertex 11.7122 12.9745 0
      vertex 12.6 6 0
    endloop
  endfacet
  facet normal -0 0 -1
    outer loop
      vertex 12.9692 -15.2987 0
      vertex 10.5422 -17.062 0
      vertex 11.7122 -12.9745 0
    endloop
  endfacet
  facet normal 0 0 -1
    outer loop
      vertex 17.3869 -13.4976 0
      vertex 17.062 -10.5422 0
      vertex 18.2098 -12.365 0
    endloop
  endfacet
  facet normal 0 0 -1
    outer loop
      vertex 15.2987 -12.9692 0
      vertex 17.062 -10.5422 0
      vertex 17.3869 -13.4976 0
    endloop
  endfacet
  facet normal 0 0 -1
    outer loop
      vertex 15.2987 -12.9692 0
      vertex 15.1503 -8.72206 0
      vertex 17.062 -10.5422 0
    endloop
  endfacet
  facet normal 0 0 -1
    outer loop
      vertex 12.9745 -11.7122 0
      vertex 15.1503 -8.72206 0
      vertex 15.2987 -12.9692 0
    endloop
  endfacet
  facet normal 0 0 -1
    outer loop
      vertex 15.1503 -8.72206 0
      vertex 14.9899 -6.98995 0
      vertex 15.0822 -6.88815 0
    endloop
  endfacet
  facet normal 0 0 -1
    outer loop
      vertex 15.1503 -8.72206 0
      vertex 14.8882 -7.08221 0
      vertex 14.9899 -6.98995 0
    endloop
  endfacet
  facet normal 0 0 -1
    outer loop
      vertex 15.1503 -8.72206 0
      vertex 14.7778 -7.16406 0
      vertex 14.8882 -7.08221 0
    endloop
  endfacet
  facet normal 0 0 -1
    outer loop
      vertex 15.1503 -8.72206 0
      vertex 14.66 -7.23469 0
      vertex 14.7778 -7.16406 0
    endloop
  endfacet
  facet normal 0 0 -1
    outer loop
      vertex 15.1503 -8.72206 0
      vertex 14.5358 -7.29343 0
      vertex 14.66 -7.23469 0
    endloop
  endfacet
  facet normal 0 0 -1
    outer loop
      vertex 15.1503 -8.72206 0
      vertex 14.4064 -7.33972 0
      vertex 14.5358 -7.29343 0
    endloop
  endfacet
  facet normal 0 -0 -1
    outer loop
      vertex 13.5936 -7.33972 0
      vertex 15.1503 -8.72206 0
      vertex 12.9745 -11.7122 0
    endloop
  endfacet
  facet normal 0 0 -1
    outer loop
      vertex 15.1503 -8.72206 0
      vertex 14.2731 -7.3731 0
      vertex 14.4064 -7.33972 0
    endloop
  endfacet
  facet normal 0 0 -1
    outer loop
      vertex 15.1503 -8.72206 0
      vertex 14.1372 -7.39326 0
      vertex 14.2731 -7.3731 0
    endloop
  endfacet
  facet normal 0 0 -1
    outer loop
      vertex 15.1503 -8.72206 0
      vertex 14 -7.4 0
      vertex 14.1372 -7.39326 0
    endloop
  endfacet
  facet normal 0 0 -1
    outer loop
      vertex 15.1503 -8.72206 0
      vertex 13.8628 -7.39326 0
      vertex 14 -7.4 0
    endloop
  endfacet
  facet normal 0 0 -1
    outer loop
      vertex 15.1503 -8.72206 0
      vertex 13.7269 -7.3731 0
      vertex 13.8628 -7.39326 0
    endloop
  endfacet
  facet normal 0 0 -1
    outer loop
      vertex 15.1503 -8.72206 0
      vertex 13.5936 -7.33972 0
      vertex 13.7269 -7.3731 0
    endloop
  endfacet
  facet normal -0 0 -1
    outer loop
      vertex 13.5936 -7.33972 0
      vertex 12.9745 -11.7122 0
      vertex 13.4642 -7.29343 0
    endloop
  endfacet
  facet normal -0 0 -1
    outer loop
      vertex 13.4642 -7.29343 0
      vertex 12.9745 -11.7122 0
      vertex 13.34 -7.23469 0
    endloop
  endfacet
  facet normal -0 0 -1
    outer loop
      vertex 13.34 -7.23469 0
      vertex 12.9745 -11.7122 0
      vertex 13.2222 -7.16406 0
    endloop
  endfacet
  facet normal -0 0 -1
    outer loop
      vertex 13.2222 -7.16406 0
      vertex 12.9745 -11.7122 0
      vertex 13.1118 -7.08221 0
    endloop
  endfacet
  facet normal -0 0 -1
    outer loop
      vertex 13.1118 -7.08221 0
      vertex 12.9745 -11.7122 0
      vertex 13.01 -6.98995 0
    endloop
  endfacet
  facet normal 0 0 -1
    outer loop
      vertex 12.9745 -11.7122 0
      vertex 12.9178 -6.88815 0
      vertex 13.01 -6.98995 0
    endloop
  endfacet
  facet normal 0 0 -1
    outer loop
      vertex 12.3744 -12.3744 0
      vertex 12.9178 -6.88815 0
      vertex 12.9745 -11.7122 0
    endloop
  endfacet
  facet normal -0 0 -1
    outer loop
      vertex 12.9178 -6.88815 0
      vertex 12.3744 -12.3744 0
      vertex 12.8359 -6.7778 0
    endloop
  endfacet
  facet normal 0 0 -1
    outer loop
      vertex 11.7122 -12.9745 0
      vertex 12.8359 -6.7778 0
      vertex 12.3744 -12.3744 0
    endloop
  endfacet
  facet normal -0 0 -1
    outer loop
      vertex 12.8359 -6.7778 0
      vertex 11.7122 -12.9745 0
      vertex 12.7653 -6.65996 0
    endloop
  endfacet
  facet normal -0 0 -1
    outer loop
      vertex 12.7653 -6.65996 0
      vertex 11.7122 -12.9745 0
      vertex 12.7066 -6.53576 0
    endloop
  endfacet
  facet normal 0 0 -1
    outer loop
      vertex 8.72206 -15.1503 0
      vertex 12.7066 -6.53576 0
      vertex 11.7122 -12.9745 0
    endloop
  endfacet
  facet normal 0 0 -1
    outer loop
      vertex 7.13043 -15.9628 0
      vertex 12.6269 -6.27313 0
      vertex 8.72206 -15.1503 0
    endloop
  endfacet
  facet normal -0 0 -1
    outer loop
      vertex 12.6603 -6.4064 0
      vertex 8.72206 -15.1503 0
      vertex 12.6269 -6.27313 0
    endloop
  endfacet
  facet normal -0 0 -1
    outer loop
      vertex 12.7066 -6.53576 0
      vertex 8.72206 -15.1503 0
      vertex 12.6603 -6.4064 0
    endloop
  endfacet
  facet normal 0 0 -1
    outer loop
      vertex 17.3962 1.84717 0
      vertex 15.4 6 0
      vertex 17.1128 3.6176 0
    endloop
  endfacet
  facet normal 0 0 -1
    outer loop
      vertex 17.3962 1.84717 0
      vertex 15.3933 5.86278 0
      vertex 15.4 6 0
    endloop
  endfacet
  facet normal 0 0 -1
    outer loop
      vertex 15.1641 -5.2222 0
      vertex 17.1128 -3.6176 0
      vertex 15.2347 -5.34004 0
    endloop
  endfacet
  facet normal 0 0 -1
    outer loop
      vertex 17.3962 1.84717 0
      vertex 15.3731 5.72687 0
      vertex 15.3933 5.86278 0
    endloop
  endfacet
  facet normal 0 0 -1
    outer loop
      vertex 15.0822 -5.11185 0
      vertex 17.1128 -3.6176 0
      vertex 15.1641 -5.2222 0
    endloop
  endfacet
  facet normal 0 0 -1
    outer loop
      vertex 17.3962 1.84717 0
      vertex 15.3397 5.5936 0
      vertex 15.3731 5.72687 0
    endloop
  endfacet
  facet normal 0 0 -1
    outer loop
      vertex 14.9899 -5.01005 0
      vertex 17.1128 -3.6176 0
      vertex 15.0822 -5.11185 0
    endloop
  endfacet
  facet normal 0 0 -1
    outer loop
      vertex 17.3962 1.84717 0
      vertex 15.2934 5.46424 0
      vertex 15.3397 5.5936 0
    endloop
  endfacet
  facet normal 0 0 -1
    outer loop
      vertex 14.8882 -4.91778 0
      vertex 17.1128 -3.6176 0
      vertex 14.9899 -5.01005 0
    endloop
  endfacet
  facet normal 0 0 -1
    outer loop
      vertex 17.3962 1.84717 0
      vertex 15.2347 5.34004 0
      vertex 15.2934 5.46424 0
    endloop
  endfacet
  facet normal 0 0 -1
    outer loop
      vertex 14.7778 -4.83594 0
      vertex 17.1128 -3.6176 0
      vertex 14.8882 -4.91778 0
    endloop
  endfacet
  facet normal 0 0 -1
    outer loop
      vertex 17.3962 1.84717 0
      vertex 15.1641 5.2222 0
      vertex 15.2347 5.34004 0
    endloop
  endfacet
  facet normal 0 0 -1
    outer loop
      vertex 14.66 -4.76531 0
      vertex 17.1128 -3.6176 0
      vertex 14.7778 -4.83594 0
    endloop
  endfacet
  facet normal 0 0 -1
    outer loop
      vertex 17.3962 1.84717 0
      vertex 15.0822 5.11185 0
      vertex 15.1641 5.2222 0
    endloop
  endfacet
  facet normal 0 0 -1
    outer loop
      vertex 14.5358 -4.70657 0
      vertex 17.1128 -3.6176 0
      vertex 14.66 -4.76531 0
    endloop
  endfacet
  facet normal 0 0 -1
    outer loop
      vertex 17.3962 1.84717 0
      vertex 14.9899 5.01005 0
      vertex 15.0822 5.11185 0
    endloop
  endfacet
  facet normal -0 0 -1
    outer loop
      vertex 17.1128 -3.6176 0
      vertex 14.5358 -4.70657 0
      vertex 17.1637 -3.41408 0
    endloop
  endfacet
  facet normal 0 0 -1
    outer loop
      vertex 17.3962 1.84717 0
      vertex 14.8882 4.91778 0
      vertex 14.9899 5.01005 0
    endloop
  endfacet
  facet normal 0 0 -1
    outer loop
      vertex 14.4064 -4.66028 0
      vertex 17.1637 -3.41408 0
      vertex 14.5358 -4.70657 0
    endloop
  endfacet
  facet normal 0 0 -1
    outer loop
      vertex 17.3962 1.84717 0
      vertex 14.7778 4.83594 0
      vertex 14.8882 4.91778 0
    endloop
  endfacet
  facet normal -0 0 -1
    outer loop
      vertex 17.1637 -3.41408 0
      vertex 14.4064 -4.66028 0
      vertex 17.3962 -1.84717 0
    endloop
  endfacet
  facet normal 0 0 -1
    outer loop
      vertex 17.3962 1.84717 0
      vertex 14.66 4.76531 0
      vertex 14.7778 4.83594 0
    endloop
  endfacet
  facet normal 0 0 -1
    outer loop
      vertex 14.2731 -4.6269 0
      vertex 17.3962 -1.84717 0
      vertex 14.4064 -4.66028 0
    endloop
  endfacet
  facet normal 0 0 -1
    outer loop
      vertex 17.3962 1.84717 0
      vertex 14.5358 4.70657 0
      vertex 14.66 4.76531 0
    endloop
  endfacet
  facet normal 0 0 -1
    outer loop
      vertex 14.1372 -4.60674 0
      vertex 17.3962 -1.84717 0
      vertex 14.2731 -4.6269 0
    endloop
  endfacet
  facet normal 0 0 -1
    outer loop
      vertex 17.3962 1.84717 0
      vertex 14.4064 4.66028 0
      vertex 14.5358 4.70657 0
    endloop
  endfacet
  facet normal 0 0 -1
    outer loop
      vertex 14 -4.6 0
      vertex 17.3962 -1.84717 0
      vertex 14.1372 -4.60674 0
    endloop
  endfacet
  facet normal 0 0 -1
    outer loop
      vertex 17.3962 1.84717 0
      vertex 14.2731 4.6269 0
      vertex 14.4064 4.66028 0
    endloop
  endfacet
  facet normal 0 0 -1
    outer loop
      vertex 13.8628 -4.60674 0
      vertex 17.3962 -1.84717 0
      vertex 14 -4.6 0
    endloop
  endfacet
  facet normal 0 0 -1
    outer loop
      vertex 17.3962 1.84717 0
      vertex 14.1372 4.60674 0
      vertex 14.2731 4.6269 0
    endloop
  endfacet
  facet normal -0 0 -1
    outer loop
      vertex 17.3962 -1.84717 0
      vertex 13.8628 -4.60674 0
      vertex 17.3962 1.84717 0
    endloop
  endfacet
  facet normal 0 0 -1
    outer loop
      vertex 17.3962 1.84717 0
      vertex 14 4.6 0
      vertex 14.1372 4.60674 0
    endloop
  endfacet
  facet normal 0 0 -1
    outer loop
      vertex 13.8628 4.60674 0
      vertex 17.3962 1.84717 0
      vertex 13.8628 -4.60674 0
    endloop
  endfacet
  facet normal 0 0 -1
    outer loop
      vertex 17.3962 1.84717 0
      vertex 13.8628 4.60674 0
      vertex 14 4.6 0
    endloop
  endfacet
  facet normal 0 0 -1
    outer loop
      vertex 13.7269 -4.6269 0
      vertex 13.8628 4.60674 0
      vertex 13.8628 -4.60674 0
    endloop
  endfacet
  facet normal 0 0 -1
    outer loop
      vertex 13.7269 -4.6269 0
      vertex 13.7269 4.6269 0
      vertex 13.8628 4.60674 0
    endloop
  endfacet
  facet normal 0 0 -1
    outer loop
      vertex 13.5936 -4.66028 0
      vertex 13.7269 4.6269 0
      vertex 13.7269 -4.6269 0
    endloop
  endfacet
  facet normal 0 0 -1
    outer loop
      vertex 13.5936 -4.66028 0
      vertex 13.5936 4.66028 0
      vertex 13.7269 4.6269 0
    endloop
  endfacet
  facet normal 0 0 -1
    outer loop
      vertex 13.4642 -4.70657 0
      vertex 13.5936 4.66028 0
      vertex 13.5936 -4.66028 0
    endloop
  endfacet
  facet normal 0 0 -1
    outer loop
      vertex 13.4642 -4.70657 0
      vertex 13.4642 4.70657 0
      vertex 13.5936 4.66028 0
    endloop
  endfacet
  facet normal 0 0 -1
    outer loop
      vertex 13.34 -4.76531 0
      vertex 13.4642 4.70657 0
      vertex 13.4642 -4.70657 0
    endloop
  endfacet
  facet normal 0 0 -1
    outer loop
      vertex 13.34 -4.76531 0
      vertex 13.34 4.76531 0
      vertex 13.4642 4.70657 0
    endloop
  endfacet
  facet normal 0 0 -1
    outer loop
      vertex 13.2222 -4.83594 0
      vertex 13.34 4.76531 0
      vertex 13.34 -4.76531 0
    endloop
  endfacet
  facet normal 0 0 -1
    outer loop
      vertex 13.2222 -4.83594 0
      vertex 13.2222 4.83594 0
      vertex 13.34 4.76531 0
    endloop
  endfacet
  facet normal 0 0 -1
    outer loop
      vertex 13.1118 -4.91778 0
      vertex 13.2222 4.83594 0
      vertex 13.2222 -4.83594 0
    endloop
  endfacet
  facet normal 0 0 -1
    outer loop
      vertex 13.1118 -4.91778 0
      vertex 13.1118 4.91778 0
      vertex 13.2222 4.83594 0
    endloop
  endfacet
  facet normal 0 0 -1
    outer loop
      vertex 13.01 -5.01005 0
      vertex 13.1118 4.91778 0
      vertex 13.1118 -4.91778 0
    endloop
  endfacet
  facet normal 0 0 -1
    outer loop
      vertex 13.01 -5.01005 0
      vertex 13.01 5.01005 0
      vertex 13.1118 4.91778 0
    endloop
  endfacet
  facet normal 0 0 -1
    outer loop
      vertex 12.9178 -5.11185 0
      vertex 13.01 5.01005 0
      vertex 13.01 -5.01005 0
    endloop
  endfacet
  facet normal 0 0 -1
    outer loop
      vertex 12.9178 -5.11185 0
      vertex 12.9178 5.11185 0
      vertex 13.01 5.01005 0
    endloop
  endfacet
  facet normal 0 0 -1
    outer loop
      vertex 12.8359 -5.2222 0
      vertex 12.9178 5.11185 0
      vertex 12.9178 -5.11185 0
    endloop
  endfacet
  facet normal 0 0 -1
    outer loop
      vertex 12.8359 -5.2222 0
      vertex 12.8359 5.2222 0
      vertex 12.9178 5.11185 0
    endloop
  endfacet
  facet normal 0 0 -1
    outer loop
      vertex 12.7653 -5.34004 0
      vertex 12.8359 5.2222 0
      vertex 12.8359 -5.2222 0
    endloop
  endfacet
  facet normal 0 0 -1
    outer loop
      vertex 12.7653 -5.34004 0
      vertex 12.7653 5.34004 0
      vertex 12.8359 5.2222 0
    endloop
  endfacet
  facet normal 0 0 -1
    outer loop
      vertex 12.7066 -5.46424 0
      vertex 12.7653 5.34004 0
      vertex 12.7653 -5.34004 0
    endloop
  endfacet
  facet normal 0 0 -1
    outer loop
      vertex 12.7066 -5.46424 0
      vertex 12.7066 5.46424 0
      vertex 12.7653 5.34004 0
    endloop
  endfacet
  facet normal 0 0 -1
    outer loop
      vertex 12.6603 -5.5936 0
      vertex 12.7066 5.46424 0
      vertex 12.7066 -5.46424 0
    endloop
  endfacet
  facet normal 0 0 -1
    outer loop
      vertex 12.6603 -5.5936 0
      vertex 12.6603 5.5936 0
      vertex 12.7066 5.46424 0
    endloop
  endfacet
  facet normal 0 0 -1
    outer loop
      vertex 12.6269 -5.72687 0
      vertex 12.6603 5.5936 0
      vertex 12.6603 -5.5936 0
    endloop
  endfacet
  facet normal 0 0 -1
    outer loop
      vertex 12.6269 -5.72687 0
      vertex 12.6269 5.72687 0
      vertex 12.6603 5.5936 0
    endloop
  endfacet
  facet normal -0 0 -1
    outer loop
      vertex 12.6 -6 0
      vertex 7.13043 -15.9628 0
      vertex 12.6067 -5.86278 0
    endloop
  endfacet
  facet normal -0 0 -1
    outer loop
      vertex 12.6067 -5.86278 0
      vertex 7.13043 -15.9628 0
      vertex 12.6269 -5.72687 0
    endloop
  endfacet
  facet normal -0 0 -1
    outer loop
      vertex 12.6269 -6.27313 0
      vertex 7.13043 -15.9628 0
      vertex 12.6067 -6.13722 0
    endloop
  endfacet
  facet normal -0 0 -1
    outer loop
      vertex 12.6067 -6.13722 0
      vertex 7.13043 -15.9628 0
      vertex 12.6 -6 0
    endloop
  endfacet
  facet normal 0 0 -1
    outer loop
      vertex 15.3933 6.13722 0
      vertex 15.9628 7.13043 0
      vertex 15.4 6 0
    endloop
  endfacet
  facet normal 0 0 -1
    outer loop
      vertex 15.3731 6.27313 0
      vertex 15.9628 7.13043 0
      vertex 15.3933 6.13722 0
    endloop
  endfacet
  facet normal 0 0 -1
    outer loop
      vertex 15.3397 6.4064 0
      vertex 15.9628 7.13043 0
      vertex 15.3731 6.27313 0
    endloop
  endfacet
  facet normal 0 0 -1
    outer loop
      vertex 15.2934 6.53576 0
      vertex 15.9628 7.13043 0
      vertex 15.3397 6.4064 0
    endloop
  endfacet
  facet normal 0 0 -1
    outer loop
      vertex 15.2347 6.65996 0
      vertex 15.9628 7.13043 0
      vertex 15.2934 6.53576 0
    endloop
  endfacet
  facet normal 0 0 -1
    outer loop
      vertex 15.1641 6.7778 0
      vertex 15.9628 7.13043 0
      vertex 15.2347 6.65996 0
    endloop
  endfacet
  facet normal 0 0 -1
    outer loop
      vertex 15.0822 6.88815 0
      vertex 15.9628 7.13043 0
      vertex 15.1641 6.7778 0
    endloop
  endfacet
  facet normal 0 0 -1
    outer loop
      vertex 14.9899 6.98995 0
      vertex 15.9628 7.13043 0
      vertex 15.0822 6.88815 0
    endloop
  endfacet
  facet normal -0 0 -1
    outer loop
      vertex 15.9628 7.13043 0
      vertex 14.9899 6.98995 0
      vertex 15.4336 8.24944 0
    endloop
  endfacet
  facet normal 0 0 -1
    outer loop
      vertex 20.7069 -7.4641 0
      vertex 19.4846 -4.75375 0
      vertex 21.1395 -6.13263 0
    endloop
  endfacet
  facet normal 0 0 -1
    outer loop
      vertex 18.5576 -7.60692 0
      vertex 19.4846 -4.75375 0
      vertex 20.7069 -7.4641 0
    endloop
  endfacet
  facet normal 0 0 -1
    outer loop
      vertex 18.5576 -7.60692 0
      vertex 17.1128 -3.6176 0
      vertex 19.4846 -4.75375 0
    endloop
  endfacet
  facet normal 0 0 -1
    outer loop
      vertex 15.3933 -5.86278 0
      vertex 15.9628 -7.13043 0
      vertex 15.4 -6 0
    endloop
  endfacet
  facet normal 0 0 -1
    outer loop
      vertex 15.9628 -7.13043 0
      vertex 17.1128 -3.6176 0
      vertex 18.5576 -7.60692 0
    endloop
  endfacet
  facet normal 0 0 -1
    outer loop
      vertex 20 -1.5 0
      vertex 22 0.699997 0
      vertex 22 -0.699997 0
    endloop
  endfacet
  facet normal 0 0 -1
    outer loop
      vertex 20 -1.5 0
      vertex 20 1.5 0
      vertex 22 0.699997 0
    endloop
  endfacet
  facet normal 0 0 -1
    outer loop
      vertex 17.3962 -1.84717 0
      vertex 20 1.5 0
      vertex 20 -1.5 0
    endloop
  endfacet
  facet normal 0 0 -1
    outer loop
      vertex 17.3962 -1.84717 0
      vertex 17.3962 1.84717 0
      vertex 20 1.5 0
    endloop
  endfacet
  facet normal 0 0 -1
    outer loop
      vertex 15.3731 -5.72687 0
      vertex 17.1128 -3.6176 0
      vertex 15.3933 -5.86278 0
    endloop
  endfacet
  facet normal 0 0 -1
    outer loop
      vertex 15.3397 -5.5936 0
      vertex 17.1128 -3.6176 0
      vertex 15.3731 -5.72687 0
    endloop
  endfacet
  facet normal 0 0 -1
    outer loop
      vertex 15.2934 -5.46424 0
      vertex 17.1128 -3.6176 0
      vertex 15.3397 -5.5936 0
    endloop
  endfacet
  facet normal 0 0 -1
    outer loop
      vertex 17.3962 1.84717 0
      vertex 17.1128 3.6176 0
      vertex 17.1637 3.41408 0
    endloop
  endfacet
  facet normal 0 0 -1
    outer loop
      vertex 19.4846 4.75375 0
      vertex 20.7069 7.4641 0
      vertex 21.1395 6.13263 0
    endloop
  endfacet
  facet normal 0 0 -1
    outer loop
      vertex 19.4846 4.75375 0
      vertex 18.5576 7.60692 0
      vertex 20.7069 7.4641 0
    endloop
  endfacet
  facet normal 0 0 -1
    outer loop
      vertex 17.1128 3.6176 0
      vertex 18.5576 7.60692 0
      vertex 19.4846 4.75375 0
    endloop
  endfacet
  facet normal 0 0 -1
    outer loop
      vertex 17.1128 3.6176 0
      vertex 15.9628 7.13043 0
      vertex 18.5576 7.60692 0
    endloop
  endfacet
  facet normal 0 0 -1
    outer loop
      vertex 15.9628 -7.13043 0
      vertex 15.3933 -5.86278 0
      vertex 17.1128 -3.6176 0
    endloop
  endfacet
  facet normal 0 0 -1
    outer loop
      vertex 15.0822 -6.88815 0
      vertex 15.9628 -7.13043 0
      vertex 15.4336 -8.24944 0
    endloop
  endfacet
  facet normal 0 0 -1
    outer loop
      vertex 15.2347 -5.34004 0
      vertex 17.1128 -3.6176 0
      vertex 15.2934 -5.46424 0
    endloop
  endfacet
  facet normal 0 0 -1
    outer loop
      vertex 17.1128 3.6176 0
      vertex 15.4 6 0
      vertex 15.9628 7.13043 0
    endloop
  endfacet
  facet normal 0 0 -1
    outer loop
      vertex 15.9628 -7.13043 0
      vertex 15.3933 -6.13722 0
      vertex 15.4 -6 0
    endloop
  endfacet
  facet normal 0 0 -1
    outer loop
      vertex 15.9628 -7.13043 0
      vertex 15.3731 -6.27313 0
      vertex 15.3933 -6.13722 0
    endloop
  endfacet
  facet normal 0 0 -1
    outer loop
      vertex 15.9628 -7.13043 0
      vertex 15.3397 -6.4064 0
      vertex 15.3731 -6.27313 0
    endloop
  endfacet
  facet normal 0 0 -1
    outer loop
      vertex 15.9628 -7.13043 0
      vertex 15.2934 -6.53576 0
      vertex 15.3397 -6.4064 0
    endloop
  endfacet
  facet normal 0 0 -1
    outer loop
      vertex 15.9628 -7.13043 0
      vertex 15.2347 -6.65996 0
      vertex 15.2934 -6.53576 0
    endloop
  endfacet
  facet normal 0 0 -1
    outer loop
      vertex 15.9628 -7.13043 0
      vertex 15.1641 -6.7778 0
      vertex 15.2347 -6.65996 0
    endloop
  endfacet
  facet normal 0 0 -1
    outer loop
      vertex 15.0822 -6.88815 0
      vertex 15.4336 -8.24944 0
      vertex 15.1503 -8.72206 0
    endloop
  endfacet
  facet normal 0 0 -1
    outer loop
      vertex 15.9628 -7.13043 0
      vertex 15.0822 -6.88815 0
      vertex 15.1641 -6.7778 0
    endloop
  endfacet
  facet normal 0 0 -1
    outer loop
      vertex 17.062 10.5422 0
      vertex 17.3869 13.4976 0
      vertex 18.2098 12.365 0
    endloop
  endfacet
  facet normal 0 0 -1
    outer loop
      vertex 17.062 10.5422 0
      vertex 15.2987 12.9692 0
      vertex 17.3869 13.4976 0
    endloop
  endfacet
  facet normal 0 0 -1
    outer loop
      vertex 15.1503 8.72206 0
      vertex 15.2987 12.9692 0
      vertex 17.062 10.5422 0
    endloop
  endfacet
  facet normal 0 0 -1
    outer loop
      vertex 14.8882 7.08221 0
      vertex 15.4336 8.24944 0
      vertex 14.9899 6.98995 0
    endloop
  endfacet
  facet normal 0 0 -1
    outer loop
      vertex 14.7778 7.16406 0
      vertex 15.4336 8.24944 0
      vertex 14.8882 7.08221 0
    endloop
  endfacet
  facet normal 0 0 -1
    outer loop
      vertex 14.66 7.23469 0
      vertex 15.4336 8.24944 0
      vertex 14.7778 7.16406 0
    endloop
  endfacet
  facet normal 0 0 -1
    outer loop
      vertex 14.5358 7.29343 0
      vertex 15.4336 8.24944 0
      vertex 14.66 7.23469 0
    endloop
  endfacet
  facet normal 0 0 -1
    outer loop
      vertex 14.4064 7.33972 0
      vertex 15.4336 8.24944 0
      vertex 14.5358 7.29343 0
    endloop
  endfacet
  facet normal -0 0 -1
    outer loop
      vertex 15.4336 8.24944 0
      vertex 14.4064 7.33972 0
      vertex 15.1503 8.72206 0
    endloop
  endfacet
  facet normal 0 0 -1
    outer loop
      vertex 14.2731 7.3731 0
      vertex 15.1503 8.72206 0
      vertex 14.4064 7.33972 0
    endloop
  endfacet
  facet normal 0 0 -1
    outer loop
      vertex 14.1372 7.39326 0
      vertex 15.1503 8.72206 0
      vertex 14.2731 7.3731 0
    endloop
  endfacet
  facet normal 0 0 -1
    outer loop
      vertex 14 7.4 0
      vertex 15.1503 8.72206 0
      vertex 14.1372 7.39326 0
    endloop
  endfacet
  facet normal 0 0 -1
    outer loop
      vertex 13.8628 7.39326 0
      vertex 15.1503 8.72206 0
      vertex 14 7.4 0
    endloop
  endfacet
  facet normal 0 0 -1
    outer loop
      vertex 13.7269 7.3731 0
      vertex 15.1503 8.72206 0
      vertex 13.8628 7.39326 0
    endloop
  endfacet
  facet normal 0 0 -1
    outer loop
      vertex 13.5936 7.33972 0
      vertex 15.1503 8.72206 0
      vertex 13.7269 7.3731 0
    endloop
  endfacet
  facet normal -0 0 -1
    outer loop
      vertex 15.1503 8.72206 0
      vertex 13.5936 7.33972 0
      vertex 12.9745 11.7122 0
    endloop
  endfacet
  facet normal 0 0 -1
    outer loop
      vertex 12.9745 11.7122 0
      vertex 13.5936 7.33972 0
      vertex 13.4642 7.29343 0
    endloop
  endfacet
  facet normal 0 0 -1
    outer loop
      vertex 12.9745 11.7122 0
      vertex 13.4642 7.29343 0
      vertex 13.34 7.23469 0
    endloop
  endfacet
  facet normal 0 0 -1
    outer loop
      vertex 12.9745 11.7122 0
      vertex 13.34 7.23469 0
      vertex 13.2222 7.16406 0
    endloop
  endfacet
  facet normal 0 0 -1
    outer loop
      vertex 12.9745 11.7122 0
      vertex 13.2222 7.16406 0
      vertex 13.1118 7.08221 0
    endloop
  endfacet
  facet normal 0 0 -1
    outer loop
      vertex 12.9745 11.7122 0
      vertex 13.1118 7.08221 0
      vertex 13.01 6.98995 0
    endloop
  endfacet
  facet normal 0 0 -1
    outer loop
      vertex 15.1503 8.72206 0
      vertex 12.9745 11.7122 0
      vertex 15.2987 12.9692 0
    endloop
  endfacet
  facet normal 0 0 -1
    outer loop
      vertex 12.9178 6.88815 0
      vertex 12.9745 11.7122 0
      vertex 13.01 6.98995 0
    endloop
  endfacet
  facet normal 0 0 -1
    outer loop
      vertex 12.3744 12.3744 0
      vertex 12.9178 6.88815 0
      vertex 12.8359 6.7778 0
    endloop
  endfacet
  facet normal 0 0 -1
    outer loop
      vertex 11.7122 12.9745 0
      vertex 12.8359 6.7778 0
      vertex 12.7653 6.65996 0
    endloop
  endfacet
  facet normal 0 0 -1
    outer loop
      vertex 11.7122 12.9745 0
      vertex 12.7653 6.65996 0
      vertex 12.7066 6.53576 0
    endloop
  endfacet
  facet normal 0 0 -1
    outer loop
      vertex 11.7122 12.9745 0
      vertex 12.7066 6.53576 0
      vertex 12.6603 6.4064 0
    endloop
  endfacet
  facet normal 0 0 -1
    outer loop
      vertex 11.7122 12.9745 0
      vertex 12.6603 6.4064 0
      vertex 12.6269 6.27313 0
    endloop
  endfacet
  facet normal 0 0 -1
    outer loop
      vertex 11.7122 12.9745 0
      vertex 12.6269 6.27313 0
      vertex 12.6067 6.13722 0
    endloop
  endfacet
  facet normal 0 0 -1
    outer loop
      vertex 12.9178 6.88815 0
      vertex 12.3744 12.3744 0
      vertex 12.9745 11.7122 0
    endloop
  endfacet
  facet normal 0 0 -1
    outer loop
      vertex 11.7122 12.9745 0
      vertex 12.6067 6.13722 0
      vertex 12.6 6 0
    endloop
  endfacet
  facet normal 0 0 -1
    outer loop
      vertex 8.72206 -15.1503 0
      vertex 11.7122 -12.9745 0
      vertex 10.5422 -17.062 0
    endloop
  endfacet
  facet normal -0 0 -1
    outer loop
      vertex 12.6269 -5.72687 0
      vertex 7.13043 -15.9628 0
      vertex 12.6269 5.72687 0
    endloop
  endfacet
  facet normal 0 0 -1
    outer loop
      vertex 12.8359 6.7778 0
      vertex 11.7122 12.9745 0
      vertex 12.3744 12.3744 0
    endloop
  endfacet
  facet normal 0 0 -1
    outer loop
      vertex 12.9692 15.2987 0
      vertex 12.365 18.2098 0
      vertex 13.4976 17.3869 0
    endloop
  endfacet
  facet normal 0 0 -1
    outer loop
      vertex 10.5422 17.062 0
      vertex 12.9692 15.2987 0
      vertex 11.7122 12.9745 0
    endloop
  endfacet
  facet normal 0 0 -1
    outer loop
      vertex 12.9692 15.2987 0
      vertex 10.5422 17.062 0
      vertex 12.365 18.2098 0
    endloop
  endfacet
  facet normal 0 0 -1
    outer loop
      vertex 7.13043 15.9628 0
      vertex 12.6269 5.72687 0
      vertex 7.13043 -15.9628 0
    endloop
  endfacet
  facet normal 0 0 -1
    outer loop
      vertex 12.6067 5.86278 0
      vertex 8.72206 15.1503 0
      vertex 11.7122 12.9745 0
    endloop
  endfacet
  facet normal 0 0 -1
    outer loop
      vertex 11.7122 12.9745 0
      vertex 8.72206 15.1503 0
      vertex 10.5422 17.062 0
    endloop
  endfacet
  facet normal 0 0 -1
    outer loop
      vertex 7.13043 -15.9628 0
      vertex 8.72206 -15.1503 0
      vertex 8.24944 -15.4336 0
    endloop
  endfacet
  facet normal 0 0 -1
    outer loop
      vertex 12.6269 5.72687 0
      vertex 7.13043 15.9628 0
      vertex 12.6067 5.86278 0
    endloop
  endfacet
  facet normal 0 0 -1
    outer loop
      vertex 12.6067 5.86278 0
      vertex 7.13043 15.9628 0
      vertex 8.72206 15.1503 0
    endloop
  endfacet
  facet normal 0 0 -1
    outer loop
      vertex 8.72206 15.1503 0
      vertex 7.13043 15.9628 0
      vertex 8.24944 15.4336 0
    endloop
  endfacet
  facet normal 0 0 -1
    outer loop
      vertex 4.75375 19.4846 0
      vertex 7.60692 18.5576 0
      vertex 7.13043 15.9628 0
    endloop
  endfacet
  facet normal 0 0 -1
    outer loop
      vertex 7.60692 18.5576 0
      vertex 4.75375 19.4846 0
      vertex 7.4641 20.7069 0
    endloop
  endfacet
  facet normal 0 -0 -1
    outer loop
      vertex 4.1 0 0
      vertex 7.13043 -15.9628 0
      vertex 4.08026 -0.40187 0
    endloop
  endfacet
  facet normal 0 0 -1
    outer loop
      vertex 7.13043 -15.9628 0
      vertex 4.75375 -19.4846 0
      vertex 3.6176 -17.1128 0
    endloop
  endfacet
  facet normal 0 0 -1
    outer loop
      vertex 4.08026 0.40187 0
      vertex 7.13043 15.9628 0
      vertex 4.1 0 0
    endloop
  endfacet
  facet normal 0 0 -1
    outer loop
      vertex 4.02122 0.79987 0
      vertex 7.13043 15.9628 0
      vertex 4.08026 0.40187 0
    endloop
  endfacet
  facet normal 0 0 -1
    outer loop
      vertex 7.13043 -15.9628 0
      vertex 4.1 0 0
      vertex 7.13043 15.9628 0
    endloop
  endfacet
  facet normal 0 0 -1
    outer loop
      vertex 7.13043 -15.9628 0
      vertex 4.02122 -0.79987 0
      vertex 4.08026 -0.40187 0
    endloop
  endfacet
  facet normal 0 0 -1
    outer loop
      vertex 7.13043 -15.9628 0
      vertex 3.92346 -1.19017 0
      vertex 4.02122 -0.79987 0
    endloop
  endfacet
  facet normal 0 0 -1
    outer loop
      vertex 7.13043 -15.9628 0
      vertex 3.78791 -1.569 0
      vertex 3.92346 -1.19017 0
    endloop
  endfacet
  facet normal 0 0 -1
    outer loop
      vertex 1.19017 -3.92346 0
      vertex 7.13043 -15.9628 0
      vertex 3.6176 -17.1128 0
    endloop
  endfacet
  facet normal 0 0 -1
    outer loop
      vertex 7.13043 -15.9628 0
      vertex 3.61588 -1.93273 0
      vertex 3.78791 -1.569 0
    endloop
  endfacet
  facet normal 0 0 -1
    outer loop
      vertex 0.79987 -4.02122 0
      vertex 3.6176 -17.1128 0
      vertex 3.41408 -17.1637 0
    endloop
  endfacet
  facet normal 0 0 -1
    outer loop
      vertex 7.13043 -15.9628 0
      vertex 3.40903 -2.27784 0
      vertex 3.61588 -1.93273 0
    endloop
  endfacet
  facet normal 0 0 -1
    outer loop
      vertex 7.13043 -15.9628 0
      vertex 3.16934 -2.60101 0
      vertex 3.40903 -2.27784 0
    endloop
  endfacet
  facet normal 0 0 -1
    outer loop
      vertex 7.13043 -15.9628 0
      vertex 2.89914 -2.89914 0
      vertex 3.16934 -2.60101 0
    endloop
  endfacet
  facet normal 0 0 -1
    outer loop
      vertex 7.13043 -15.9628 0
      vertex 2.60101 -3.16934 0
      vertex 2.89914 -2.89914 0
    endloop
  endfacet
  facet normal 0 0 -1
    outer loop
      vertex 7.13043 -15.9628 0
      vertex 2.27784 -3.40903 0
      vertex 2.60101 -3.16934 0
    endloop
  endfacet
  facet normal 0 0 -1
    outer loop
      vertex 7.13043 -15.9628 0
      vertex 1.93273 -3.61588 0
      vertex 2.27784 -3.40903 0
    endloop
  endfacet
  facet normal 0 0 -1
    outer loop
      vertex 0.79987 -4.02122 0
      vertex 3.41408 -17.1637 0
      vertex 1.84717 -17.3962 0
    endloop
  endfacet
  facet normal 0 0 -1
    outer loop
      vertex 7.13043 -15.9628 0
      vertex 1.569 -3.78791 0
      vertex 1.93273 -3.61588 0
    endloop
  endfacet
  facet normal 0 0 -1
    outer loop
      vertex -1.84717 -17.3962 0
      vertex 1.84717 -17.3962 0
      vertex 1.5 -20 0
    endloop
  endfacet
  facet normal 0 -0 -1
    outer loop
      vertex 0 -4.1 0
      vertex 1.84717 -17.3962 0
      vertex -1.84717 -17.3962 0
    endloop
  endfacet
  facet normal 0 0 -1
    outer loop
      vertex 7.13043 -15.9628 0
      vertex 1.19017 -3.92346 0
      vertex 1.569 -3.78791 0
    endloop
  endfacet
  facet normal 0 0 -1
    outer loop
      vertex -1.5 -20 0
      vertex 1.5 -20 0
      vertex 0.699997 -22 0
    endloop
  endfacet
  facet normal 0 0 -1
    outer loop
      vertex 3.6176 -17.1128 0
      vertex 0.79987 -4.02122 0
      vertex 1.19017 -3.92346 0
    endloop
  endfacet
  facet normal 0 0 -1
    outer loop
      vertex 1.84717 -17.3962 0
      vertex 0.40187 -4.08026 0
      vertex 0.79987 -4.02122 0
    endloop
  endfacet
  facet normal 0 0 -1
    outer loop
      vertex 1.84717 -17.3962 0
      vertex 0 -4.1 0
      vertex 0.40187 -4.08026 0
    endloop
  endfacet
  facet normal 0 0 -1
    outer loop
      vertex -1.5 -20 0
      vertex 0.699997 -22 0
      vertex -0.699997 -22 0
    endloop
  endfacet
  facet normal -0 0 -1
    outer loop
      vertex 0 -4.1 0
      vertex -1.84717 -17.3962 0
      vertex -0.40187 -4.08026 0
    endloop
  endfacet
  facet normal -0 0 -1
    outer loop
      vertex -0.40187 -4.08026 0
      vertex -1.84717 -17.3962 0
      vertex -0.79987 -4.02122 0
    endloop
  endfacet
  facet normal 0 0 -1
    outer loop
      vertex 1.5 -20 0
      vertex -1.5 -20 0
      vertex -1.84717 -17.3962 0
    endloop
  endfacet
  facet normal 0 0 -1
    outer loop
      vertex -3.41408 -17.1637 0
      vertex -0.79987 -4.02122 0
      vertex -1.84717 -17.3962 0
    endloop
  endfacet
  facet normal 0 0 -1
    outer loop
      vertex -3.6176 -17.1128 0
      vertex -0.79987 -4.02122 0
      vertex -3.41408 -17.1637 0
    endloop
  endfacet
  facet normal -0 0 -1
    outer loop
      vertex -0.79987 -4.02122 0
      vertex -3.6176 -17.1128 0
      vertex -1.19017 -3.92346 0
    endloop
  endfacet
  facet normal 0 0 -1
    outer loop
      vertex -7.13043 -15.9628 0
      vertex -1.19017 -3.92346 0
      vertex -3.6176 -17.1128 0
    endloop
  endfacet
  facet normal -0 0 -1
    outer loop
      vertex -1.19017 -3.92346 0
      vertex -7.13043 -15.9628 0
      vertex -1.569 -3.78791 0
    endloop
  endfacet
  facet normal -0 0 -1
    outer loop
      vertex -1.569 -3.78791 0
      vertex -7.13043 -15.9628 0
      vertex -1.93273 -3.61588 0
    endloop
  endfacet
  facet normal 0 0 -1
    outer loop
      vertex -8.24944 -15.4336 0
      vertex -1.93273 -3.61588 0
      vertex -7.13043 -15.9628 0
    endloop
  endfacet
  facet normal 0 0 -1
    outer loop
      vertex -8.72206 -15.1503 0
      vertex -1.93273 -3.61588 0
      vertex -8.24944 -15.4336 0
    endloop
  endfacet
  facet normal -0 0 -1
    outer loop
      vertex -1.93273 -3.61588 0
      vertex -8.72206 -15.1503 0
      vertex -2.27784 -3.40903 0
    endloop
  endfacet
  facet normal 0 0 -1
    outer loop
      vertex -11.7122 -12.9745 0
      vertex -2.27784 -3.40903 0
      vertex -8.72206 -15.1503 0
    endloop
  endfacet
  facet normal -0 0 -1
    outer loop
      vertex -2.27784 -3.40903 0
      vertex -11.7122 -12.9745 0
      vertex -2.60101 -3.16934 0
    endloop
  endfacet
  facet normal -0 0 -1
    outer loop
      vertex -2.60101 -3.16934 0
      vertex -11.7122 -12.9745 0
      vertex -2.89914 -2.89914 0
    endloop
  endfacet
  facet normal 0 0 -1
    outer loop
      vertex -12.3744 -12.3744 0
      vertex -2.89914 -2.89914 0
      vertex -11.7122 -12.9745 0
    endloop
  endfacet
  facet normal 0 0 -1
    outer loop
      vertex -12.9745 -11.7122 0
      vertex -2.89914 -2.89914 0
      vertex -12.3744 -12.3744 0
    endloop
  endfacet
  facet normal -0 0 -1
    outer loop
      vertex -2.89914 -2.89914 0
      vertex -12.9745 -11.7122 0
      vertex -3.16934 -2.60101 0
    endloop
  endfacet
  facet normal -0 0 -1
    outer loop
      vertex -3.16934 -2.60101 0
      vertex -12.9745 -11.7122 0
      vertex -3.40903 -2.27784 0
    endloop
  endfacet
  facet normal 0 0 -1
    outer loop
      vertex -7.13043 -15.9628 0
      vertex -3.6176 -17.1128 0
      vertex -4.75375 -19.4846 0
    endloop
  endfacet
  facet normal -0 0 -1
    outer loop
      vertex -4.08026 -0.40187 0
      vertex -17.3962 -1.84717 0
      vertex -4.1 0 0
    endloop
  endfacet
  facet normal 0 0 -1
    outer loop
      vertex -17.3962 1.84717 0
      vertex -4.1 0 0
      vertex -17.3962 -1.84717 0
    endloop
  endfacet
  facet normal 0 -0 -1
    outer loop
      vertex -17.1637 3.41408 0
      vertex -4.1 0 0
      vertex -17.3962 1.84717 0
    endloop
  endfacet
  facet normal 0 0 -1
    outer loop
      vertex -4.1 0 0
      vertex -17.1637 3.41408 0
      vertex -17.1128 3.6176 0
    endloop
  endfacet
  facet normal 0 0 -1
    outer loop
      vertex -20 -1.5 0
      vertex -17.3962 1.84717 0
      vertex -17.3962 -1.84717 0
    endloop
  endfacet
  facet normal 0 0 -1
    outer loop
      vertex -20 -1.5 0
      vertex -20 1.5 0
      vertex -17.3962 1.84717 0
    endloop
  endfacet
  facet normal 0 0 -1
    outer loop
      vertex -22 -0.699997 0
      vertex -20 1.5 0
      vertex -20 -1.5 0
    endloop
  endfacet
  facet normal 0 0 -1
    outer loop
      vertex -20 1.5 0
      vertex -22 -0.699997 0
      vertex -22 0.699997 0
    endloop
  endfacet
  facet normal 0 0 -1
    outer loop
      vertex -17.1637 -3.41408 0
      vertex -4.02122 -0.79987 0
      vertex -17.1128 -3.6176 0
    endloop
  endfacet
  facet normal -0 0 -1
    outer loop
      vertex -4.02122 -0.79987 0
      vertex -17.1637 -3.41408 0
      vertex -4.08026 -0.40187 0
    endloop
  endfacet
  facet normal 0 -0 -1
    outer loop
      vertex -15.4336 8.24944 0
      vertex -4.1 0 0
      vertex -15.9628 7.13043 0
    endloop
  endfacet
  facet normal 0 0 -1
    outer loop
      vertex -4.1 0 0
      vertex -15.4336 8.24944 0
      vertex -15.1503 8.72206 0
    endloop
  endfacet
  facet normal 0 0 -1
    outer loop
      vertex -17.3962 -1.84717 0
      vertex -4.08026 -0.40187 0
      vertex -17.1637 -3.41408 0
    endloop
  endfacet
  facet normal 0 0 -1
    outer loop
      vertex -18.5576 -7.60692 0
      vertex -17.1128 -3.6176 0
      vertex -15.9628 -7.13043 0
    endloop
  endfacet
  facet normal 0 0 -1
    outer loop
      vertex -18.5576 -7.60692 0
      vertex -19.4846 -4.75375 0
      vertex -17.1128 -3.6176 0
    endloop
  endfacet
  facet normal 0 0 -1
    outer loop
      vertex -20.7069 -7.4641 0
      vertex -19.4846 -4.75375 0
      vertex -18.5576 -7.60692 0
    endloop
  endfacet
  facet normal 0 0 -1
    outer loop
      vertex -19.4846 -4.75375 0
      vertex -20.7069 -7.4641 0
      vertex -21.1395 -6.13263 0
    endloop
  endfacet
  facet normal -0 0 -1
    outer loop
      vertex -3.78791 -1.569 0
      vertex -15.9628 -7.13043 0
      vertex -3.92346 -1.19017 0
    endloop
  endfacet
  facet normal 0 0 -1
    outer loop
      vertex -17.1128 -3.6176 0
      vertex -3.92346 -1.19017 0
      vertex -15.9628 -7.13043 0
    endloop
  endfacet
  facet normal 0 -0 -1
    outer loop
      vertex -12.3744 12.3744 0
      vertex -4.1 0 0
      vertex -12.9745 11.7122 0
    endloop
  endfacet
  facet normal 0 0 -1
    outer loop
      vertex -4.1 0 0
      vertex -12.3744 12.3744 0
      vertex -11.7122 12.9745 0
    endloop
  endfacet
  facet normal -0 0 -1
    outer loop
      vertex -3.92346 -1.19017 0
      vertex -17.1128 -3.6176 0
      vertex -4.02122 -0.79987 0
    endloop
  endfacet
  facet normal 0 0 -1
    outer loop
      vertex -15.2987 -12.9692 0
      vertex -15.1503 -8.72206 0
      vertex -12.9745 -11.7122 0
    endloop
  endfacet
  facet normal 0 0 -1
    outer loop
      vertex -15.2987 -12.9692 0
      vertex -17.062 -10.5422 0
      vertex -15.1503 -8.72206 0
    endloop
  endfacet
  facet normal 0 0 -1
    outer loop
      vertex -17.3869 -13.4976 0
      vertex -17.062 -10.5422 0
      vertex -15.2987 -12.9692 0
    endloop
  endfacet
  facet normal 0 0 -1
    outer loop
      vertex -17.062 -10.5422 0
      vertex -17.3869 -13.4976 0
      vertex -18.2098 -12.365 0
    endloop
  endfacet
  facet normal 0 0 -1
    outer loop
      vertex -15.4336 -8.24944 0
      vertex -3.61588 -1.93273 0
      vertex -15.1503 -8.72206 0
    endloop
  endfacet
  facet normal 0 0 -1
    outer loop
      vertex -15.9628 -7.13043 0
      vertex -3.61588 -1.93273 0
      vertex -15.4336 -8.24944 0
    endloop
  endfacet
  facet normal 0 -0 -1
    outer loop
      vertex -8.24944 15.4336 0
      vertex -4.1 0 0
      vertex -8.72206 15.1503 0
    endloop
  endfacet
  facet normal 0 0 -1
    outer loop
      vertex -4.1 0 0
      vertex -8.24944 15.4336 0
      vertex -7.13043 15.9628 0
    endloop
  endfacet
  facet normal 0 0 -1
    outer loop
      vertex -11.7122 -12.9745 0
      vertex -8.72206 -15.1503 0
      vertex -10.5422 -17.062 0
    endloop
  endfacet
  facet normal -0 0 -1
    outer loop
      vertex -3.61588 -1.93273 0
      vertex -15.9628 -7.13043 0
      vertex -3.78791 -1.569 0
    endloop
  endfacet
  facet normal 0 0 -1
    outer loop
      vertex -4.1 0 0
      vertex -11.7122 12.9745 0
      vertex -8.72206 15.1503 0
    endloop
  endfacet
  facet normal 0 0 -1
    outer loop
      vertex -12.9692 -15.2987 0
      vertex -10.5422 -17.062 0
      vertex -12.365 -18.2098 0
    endloop
  endfacet
  facet normal 0 0 -1
    outer loop
      vertex -10.5422 -17.062 0
      vertex -12.9692 -15.2987 0
      vertex -11.7122 -12.9745 0
    endloop
  endfacet
  facet normal 0 -0 -1
    outer loop
      vertex -12.9692 -15.2987 0
      vertex -12.365 -18.2098 0
      vertex -13.4976 -17.3869 0
    endloop
  endfacet
  facet normal 0 0 -1
    outer loop
      vertex -7.60692 18.5576 0
      vertex -4.75375 19.4846 0
      vertex -7.13043 15.9628 0
    endloop
  endfacet
  facet normal -0 0 -1
    outer loop
      vertex -4.75375 19.4846 0
      vertex -7.60692 18.5576 0
      vertex -6.13263 21.1395 0
    endloop
  endfacet
  facet normal 0 0 -1
    outer loop
      vertex -6.13263 21.1395 0
      vertex -7.60692 18.5576 0
      vertex -7.4641 20.7069 0
    endloop
  endfacet
  facet normal -0 0 -1
    outer loop
      vertex -8.72206 15.1503 0
      vertex -11.7122 12.9745 0
      vertex -10.5422 17.062 0
    endloop
  endfacet
  facet normal 0 0 -1
    outer loop
      vertex -12.9692 15.2987 0
      vertex -10.5422 17.062 0
      vertex -11.7122 12.9745 0
    endloop
  endfacet
  facet normal -0 0 -1
    outer loop
      vertex -10.5422 17.062 0
      vertex -12.9692 15.2987 0
      vertex -12.365 18.2098 0
    endloop
  endfacet
  facet normal 0 0 -1
    outer loop
      vertex -12.365 18.2098 0
      vertex -12.9692 15.2987 0
      vertex -13.4976 17.3869 0
    endloop
  endfacet
  facet normal 0 0 -1
    outer loop
      vertex -4.1 0 0
      vertex -15.1503 8.72206 0
      vertex -12.9745 11.7122 0
    endloop
  endfacet
  facet normal 0 0 -1
    outer loop
      vertex -15.1503 8.72206 0
      vertex -15.2987 12.9692 0
      vertex -12.9745 11.7122 0
    endloop
  endfacet
  facet normal 0 0 -1
    outer loop
      vertex -17.062 10.5422 0
      vertex -15.2987 12.9692 0
      vertex -15.1503 8.72206 0
    endloop
  endfacet
  facet normal 0 0 -1
    outer loop
      vertex -17.062 10.5422 0
      vertex -17.3869 13.4976 0
      vertex -15.2987 12.9692 0
    endloop
  endfacet
  facet normal 0 -0 -1
    outer loop
      vertex -17.3869 13.4976 0
      vertex -17.062 10.5422 0
      vertex -18.2098 12.365 0
    endloop
  endfacet
  facet normal 0 0 -1
    outer loop
      vertex -4.1 0 0
      vertex -17.1128 3.6176 0
      vertex -15.9628 7.13043 0
    endloop
  endfacet
  facet normal 0 0 -1
    outer loop
      vertex -17.1128 3.6176 0
      vertex -18.5576 7.60692 0
      vertex -15.9628 7.13043 0
    endloop
  endfacet
  facet normal 0 0 -1
    outer loop
      vertex -19.4846 4.75375 0
      vertex -18.5576 7.60692 0
      vertex -17.1128 3.6176 0
    endloop
  endfacet
  facet normal 0 0 -1
    outer loop
      vertex -19.4846 4.75375 0
      vertex -20.7069 7.4641 0
      vertex -18.5576 7.60692 0
    endloop
  endfacet
  facet normal 0 -0 -1
    outer loop
      vertex -20.7069 7.4641 0
      vertex -19.4846 4.75375 0
      vertex -21.1395 6.13263 0
    endloop
  endfacet
  facet normal 0 0 -1
    outer loop
      vertex 3.92346 1.19017 0
      vertex 7.13043 15.9628 0
      vertex 4.02122 0.79987 0
    endloop
  endfacet
  facet normal 0 0 -1
    outer loop
      vertex 3.78791 1.569 0
      vertex 7.13043 15.9628 0
      vertex 3.92346 1.19017 0
    endloop
  endfacet
  facet normal 0 0 -1
    outer loop
      vertex 3.61588 1.93273 0
      vertex 7.13043 15.9628 0
      vertex 3.78791 1.569 0
    endloop
  endfacet
  facet normal 0 -0 -1
    outer loop
      vertex 4.75375 19.4846 0
      vertex 7.13043 15.9628 0
      vertex 3.6176 17.1128 0
    endloop
  endfacet
  facet normal -0 0 -1
    outer loop
      vertex 7.4641 20.7069 0
      vertex 4.75375 19.4846 0
      vertex 6.13263 21.1395 0
    endloop
  endfacet
  facet normal 0 0 -1
    outer loop
      vertex 3.40903 2.27784 0
      vertex 7.13043 15.9628 0
      vertex 3.61588 1.93273 0
    endloop
  endfacet
  facet normal 0 0 -1
    outer loop
      vertex 3.16934 2.60101 0
      vertex 7.13043 15.9628 0
      vertex 3.40903 2.27784 0
    endloop
  endfacet
  facet normal 0 0 -1
    outer loop
      vertex 2.89914 2.89914 0
      vertex 7.13043 15.9628 0
      vertex 3.16934 2.60101 0
    endloop
  endfacet
  facet normal 0 0 -1
    outer loop
      vertex 2.60101 3.16934 0
      vertex 7.13043 15.9628 0
      vertex 2.89914 2.89914 0
    endloop
  endfacet
  facet normal 0 0 -1
    outer loop
      vertex 2.27784 3.40903 0
      vertex 7.13043 15.9628 0
      vertex 2.60101 3.16934 0
    endloop
  endfacet
  facet normal 0 0 -1
    outer loop
      vertex 1.93273 3.61588 0
      vertex 7.13043 15.9628 0
      vertex 2.27784 3.40903 0
    endloop
  endfacet
  facet normal 0 0 -1
    outer loop
      vertex 1.569 3.78791 0
      vertex 7.13043 15.9628 0
      vertex 1.93273 3.61588 0
    endloop
  endfacet
  facet normal 0 0 -1
    outer loop
      vertex 1.19017 3.92346 0
      vertex 7.13043 15.9628 0
      vertex 1.569 3.78791 0
    endloop
  endfacet
  facet normal -0 0 -1
    outer loop
      vertex 7.13043 15.9628 0
      vertex 1.19017 3.92346 0
      vertex 3.6176 17.1128 0
    endloop
  endfacet
  facet normal 0 0 -1
    outer loop
      vertex 0.79987 4.02122 0
      vertex 3.6176 17.1128 0
      vertex 1.19017 3.92346 0
    endloop
  endfacet
  facet normal -0 0 -1
    outer loop
      vertex 3.6176 17.1128 0
      vertex 0.79987 4.02122 0
      vertex 3.41408 17.1637 0
    endloop
  endfacet
  facet normal -0 0 -1
    outer loop
      vertex 3.41408 17.1637 0
      vertex 0.79987 4.02122 0
      vertex 1.84717 17.3962 0
    endloop
  endfacet
  facet normal 0 0 -1
    outer loop
      vertex 0.40187 4.08026 0
      vertex 1.84717 17.3962 0
      vertex 0.79987 4.02122 0
    endloop
  endfacet
  facet normal 0 0 -1
    outer loop
      vertex 1.84717 17.3962 0
      vertex -1.84717 17.3962 0
      vertex 1.5 20 0
    endloop
  endfacet
  facet normal 0 0 -1
    outer loop
      vertex 0 4.1 0
      vertex 1.84717 17.3962 0
      vertex 0.40187 4.08026 0
    endloop
  endfacet
  facet normal -0 0 -1
    outer loop
      vertex 1.84717 17.3962 0
      vertex 0 4.1 0
      vertex -1.84717 17.3962 0
    endloop
  endfacet
  facet normal 0 0 -1
    outer loop
      vertex -1.84717 17.3962 0
      vertex 0 4.1 0
      vertex -0.40187 4.08026 0
    endloop
  endfacet
  facet normal 0 -0 -1
    outer loop
      vertex -1.5 20 0
      vertex 1.5 20 0
      vertex -1.84717 17.3962 0
    endloop
  endfacet
  facet normal 0 0 -1
    outer loop
      vertex -1.84717 17.3962 0
      vertex -0.40187 4.08026 0
      vertex -0.79987 4.02122 0
    endloop
  endfacet
  facet normal 0 0 -1
    outer loop
      vertex -3.6176 17.1128 0
      vertex -0.79987 4.02122 0
      vertex -1.19017 3.92346 0
    endloop
  endfacet
  facet normal 0 0 -1
    outer loop
      vertex 1.5 20 0
      vertex -1.5 20 0
      vertex 0.699997 22 0
    endloop
  endfacet
  facet normal 0 0 -1
    outer loop
      vertex -7.13043 15.9628 0
      vertex -1.19017 3.92346 0
      vertex -1.569 3.78791 0
    endloop
  endfacet
  facet normal -0 0 -1
    outer loop
      vertex 0.699997 22 0
      vertex -1.5 20 0
      vertex -0.699997 22 0
    endloop
  endfacet
  facet normal 0 0 -1
    outer loop
      vertex -7.13043 15.9628 0
      vertex -1.569 3.78791 0
      vertex -1.93273 3.61588 0
    endloop
  endfacet
  facet normal 0 0 -1
    outer loop
      vertex -7.13043 15.9628 0
      vertex -1.93273 3.61588 0
      vertex -2.27784 3.40903 0
    endloop
  endfacet
  facet normal 0 0 -1
    outer loop
      vertex -7.13043 15.9628 0
      vertex -2.27784 3.40903 0
      vertex -2.60101 3.16934 0
    endloop
  endfacet
  facet normal 0 0 -1
    outer loop
      vertex -7.13043 15.9628 0
      vertex -2.60101 3.16934 0
      vertex -2.89914 2.89914 0
    endloop
  endfacet
  facet normal 0 0 -1
    outer loop
      vertex -7.13043 15.9628 0
      vertex -2.89914 2.89914 0
      vertex -3.16934 2.60101 0
    endloop
  endfacet
  facet normal 0 0 -1
    outer loop
      vertex -7.13043 15.9628 0
      vertex -3.16934 2.60101 0
      vertex -3.40903 2.27784 0
    endloop
  endfacet
  facet normal 0 0 -1
    outer loop
      vertex -0.79987 4.02122 0
      vertex -3.41408 17.1637 0
      vertex -1.84717 17.3962 0
    endloop
  endfacet
  facet normal 0 0 -1
    outer loop
      vertex -7.13043 15.9628 0
      vertex -3.40903 2.27784 0
      vertex -3.61588 1.93273 0
    endloop
  endfacet
  facet normal 0 0 -1
    outer loop
      vertex -0.79987 4.02122 0
      vertex -3.6176 17.1128 0
      vertex -3.41408 17.1637 0
    endloop
  endfacet
  facet normal 0 0 -1
    outer loop
      vertex -7.13043 15.9628 0
      vertex -3.61588 1.93273 0
      vertex -3.78791 1.569 0
    endloop
  endfacet
  facet normal 0 0 -1
    outer loop
      vertex -7.13043 15.9628 0
      vertex -3.78791 1.569 0
      vertex -3.92346 1.19017 0
    endloop
  endfacet
  facet normal 0 0 -1
    outer loop
      vertex -7.13043 15.9628 0
      vertex -3.92346 1.19017 0
      vertex -4.02122 0.79987 0
    endloop
  endfacet
  facet normal 0 0 -1
    outer loop
      vertex -7.13043 15.9628 0
      vertex -4.02122 0.79987 0
      vertex -4.08026 0.40187 0
    endloop
  endfacet
  facet normal -0 0 -1
    outer loop
      vertex -3.40903 -2.27784 0
      vertex -15.1503 -8.72206 0
      vertex -3.61588 -1.93273 0
    endloop
  endfacet
  facet normal 0 0 -1
    outer loop
      vertex -15.1503 -8.72206 0
      vertex -3.40903 -2.27784 0
      vertex -12.9745 -11.7122 0
    endloop
  endfacet
  facet normal 0 0 -1
    outer loop
      vertex -4.1 0 0
      vertex -7.13043 15.9628 0
      vertex -4.08026 0.40187 0
    endloop
  endfacet
  facet normal 0 0 -1
    outer loop
      vertex -7.60692 -18.5576 0
      vertex -4.75375 -19.4846 0
      vertex -6.13263 -21.1395 0
    endloop
  endfacet
  facet normal 0 0 -1
    outer loop
      vertex -1.19017 3.92346 0
      vertex -7.13043 15.9628 0
      vertex -3.6176 17.1128 0
    endloop
  endfacet
  facet normal 0 0 -1
    outer loop
      vertex -7.13043 15.9628 0
      vertex -4.75375 19.4846 0
      vertex -3.6176 17.1128 0
    endloop
  endfacet
  facet normal 0 0 -1
    outer loop
      vertex -7.60692 -18.5576 0
      vertex -6.13263 -21.1395 0
      vertex -7.4641 -20.7069 0
    endloop
  endfacet
  facet normal 0 0 -1
    outer loop
      vertex -4.75375 -19.4846 0
      vertex -7.60692 -18.5576 0
      vertex -7.13043 -15.9628 0
    endloop
  endfacet
  facet normal -0 0 1
    outer loop
      vertex 4.75375 19.4846 8
      vertex 7.60692 18.5576 8
      vertex 7.4641 20.7069 8
    endloop
  endfacet
  facet normal 0 0 1
    outer loop
      vertex 7.60692 18.5576 8
      vertex 4.75375 19.4846 8
      vertex 7.13043 15.9628 8
    endloop
  endfacet
  facet normal 0 0 1
    outer loop
      vertex 4.75375 19.4846 8
      vertex 7.4641 20.7069 8
      vertex 6.13263 21.1395 8
    endloop
  endfacet
  facet normal 0 0 1
    outer loop
      vertex 12.365 18.2098 8
      vertex 12.9692 15.2987 8
      vertex 13.4976 17.3869 8
    endloop
  endfacet
  facet normal -0 0 1
    outer loop
      vertex 10.5422 17.062 8
      vertex 12.9692 15.2987 8
      vertex 12.365 18.2098 8
    endloop
  endfacet
  facet normal 0 0 1
    outer loop
      vertex 12.6067 -5.86278 8
      vertex 11.7122 -12.9745 8
      vertex 12.6 -6 8
    endloop
  endfacet
  facet normal 0 0 1
    outer loop
      vertex 12.9692 15.2987 8
      vertex 10.5422 17.062 8
      vertex 11.7122 12.9745 8
    endloop
  endfacet
  facet normal 0 0 1
    outer loop
      vertex 17.3869 13.4976 8
      vertex 17.062 10.5422 8
      vertex 18.2098 12.365 8
    endloop
  endfacet
  facet normal -0 0 1
    outer loop
      vertex 15.2987 12.9692 8
      vertex 17.062 10.5422 8
      vertex 17.3869 13.4976 8
    endloop
  endfacet
  facet normal 0 0 1
    outer loop
      vertex 15.2987 12.9692 8
      vertex 15.1503 8.72206 8
      vertex 17.062 10.5422 8
    endloop
  endfacet
  facet normal -0 0 1
    outer loop
      vertex 12.9745 11.7122 8
      vertex 15.1503 8.72206 8
      vertex 15.2987 12.9692 8
    endloop
  endfacet
  facet normal 0 0 1
    outer loop
      vertex 15.1503 8.72206 8
      vertex 14.9899 6.98995 8
      vertex 15.0822 6.88815 8
    endloop
  endfacet
  facet normal 0 0 1
    outer loop
      vertex 15.1503 8.72206 8
      vertex 14.8882 7.08221 8
      vertex 14.9899 6.98995 8
    endloop
  endfacet
  facet normal 0 0 1
    outer loop
      vertex 15.1503 8.72206 8
      vertex 14.7778 7.16406 8
      vertex 14.8882 7.08221 8
    endloop
  endfacet
  facet normal 0 0 1
    outer loop
      vertex 15.1503 8.72206 8
      vertex 14.66 7.23469 8
      vertex 14.7778 7.16406 8
    endloop
  endfacet
  facet normal 0 0 1
    outer loop
      vertex 15.1503 8.72206 8
      vertex 14.5358 7.29343 8
      vertex 14.66 7.23469 8
    endloop
  endfacet
  facet normal 0 0 1
    outer loop
      vertex 15.1503 8.72206 8
      vertex 14.4064 7.33972 8
      vertex 14.5358 7.29343 8
    endloop
  endfacet
  facet normal 0 -0 1
    outer loop
      vertex 13.5936 7.33972 8
      vertex 15.1503 8.72206 8
      vertex 12.9745 11.7122 8
    endloop
  endfacet
  facet normal 0 0 1
    outer loop
      vertex 15.1503 8.72206 8
      vertex 14.2731 7.3731 8
      vertex 14.4064 7.33972 8
    endloop
  endfacet
  facet normal 0 0 1
    outer loop
      vertex 15.1503 8.72206 8
      vertex 14.1372 7.39326 8
      vertex 14.2731 7.3731 8
    endloop
  endfacet
  facet normal 0 0 1
    outer loop
      vertex 15.1503 8.72206 8
      vertex 14 7.4 8
      vertex 14.1372 7.39326 8
    endloop
  endfacet
  facet normal 0 0 1
    outer loop
      vertex 15.1503 8.72206 8
      vertex 13.8628 7.39326 8
      vertex 14 7.4 8
    endloop
  endfacet
  facet normal 0 0 1
    outer loop
      vertex 15.1503 8.72206 8
      vertex 13.7269 7.3731 8
      vertex 13.8628 7.39326 8
    endloop
  endfacet
  facet normal 0 0 1
    outer loop
      vertex 15.1503 8.72206 8
      vertex 13.5936 7.33972 8
      vertex 13.7269 7.3731 8
    endloop
  endfacet
  facet normal 0 0 1
    outer loop
      vertex 13.5936 7.33972 8
      vertex 12.9745 11.7122 8
      vertex 13.4642 7.29343 8
    endloop
  endfacet
  facet normal 0 0 1
    outer loop
      vertex 13.4642 7.29343 8
      vertex 12.9745 11.7122 8
      vertex 13.34 7.23469 8
    endloop
  endfacet
  facet normal 0 0 1
    outer loop
      vertex 13.34 7.23469 8
      vertex 12.9745 11.7122 8
      vertex 13.2222 7.16406 8
    endloop
  endfacet
  facet normal 0 0 1
    outer loop
      vertex 13.2222 7.16406 8
      vertex 12.9745 11.7122 8
      vertex 13.1118 7.08221 8
    endloop
  endfacet
  facet normal 0 0 1
    outer loop
      vertex 13.1118 7.08221 8
      vertex 12.9745 11.7122 8
      vertex 13.01 6.98995 8
    endloop
  endfacet
  facet normal 0 0 1
    outer loop
      vertex 12.9745 11.7122 8
      vertex 12.9178 6.88815 8
      vertex 13.01 6.98995 8
    endloop
  endfacet
  facet normal 0 0 1
    outer loop
      vertex 12.3744 12.3744 8
      vertex 12.9178 6.88815 8
      vertex 12.9745 11.7122 8
    endloop
  endfacet
  facet normal 0 0 1
    outer loop
      vertex 12.9178 6.88815 8
      vertex 12.3744 12.3744 8
      vertex 12.8359 6.7778 8
    endloop
  endfacet
  facet normal 0 0 1
    outer loop
      vertex 11.7122 12.9745 8
      vertex 12.8359 6.7778 8
      vertex 12.3744 12.3744 8
    endloop
  endfacet
  facet normal 0 0 1
    outer loop
      vertex 12.8359 6.7778 8
      vertex 11.7122 12.9745 8
      vertex 12.7653 6.65996 8
    endloop
  endfacet
  facet normal 0 0 1
    outer loop
      vertex 12.7653 6.65996 8
      vertex 11.7122 12.9745 8
      vertex 12.7066 6.53576 8
    endloop
  endfacet
  facet normal 0 0 1
    outer loop
      vertex 8.72206 15.1503 8
      vertex 12.7066 6.53576 8
      vertex 11.7122 12.9745 8
    endloop
  endfacet
  facet normal 0 0 1
    outer loop
      vertex 7.13043 15.9628 8
      vertex 12.6269 6.27313 8
      vertex 8.72206 15.1503 8
    endloop
  endfacet
  facet normal 0 0 1
    outer loop
      vertex 12.6603 6.4064 8
      vertex 8.72206 15.1503 8
      vertex 12.6269 6.27313 8
    endloop
  endfacet
  facet normal 0 0 1
    outer loop
      vertex 12.7066 6.53576 8
      vertex 8.72206 15.1503 8
      vertex 12.6603 6.4064 8
    endloop
  endfacet
  facet normal 0 0 1
    outer loop
      vertex 17.3962 -1.84717 8
      vertex 15.4 -6 8
      vertex 17.1128 -3.6176 8
    endloop
  endfacet
  facet normal 0 0 1
    outer loop
      vertex 17.3962 -1.84717 8
      vertex 15.3933 -5.86278 8
      vertex 15.4 -6 8
    endloop
  endfacet
  facet normal -0 0 1
    outer loop
      vertex 15.1641 5.2222 8
      vertex 17.1128 3.6176 8
      vertex 15.2347 5.34004 8
    endloop
  endfacet
  facet normal 0 0 1
    outer loop
      vertex 17.3962 -1.84717 8
      vertex 15.3731 -5.72687 8
      vertex 15.3933 -5.86278 8
    endloop
  endfacet
  facet normal -0 0 1
    outer loop
      vertex 15.0822 5.11185 8
      vertex 17.1128 3.6176 8
      vertex 15.1641 5.2222 8
    endloop
  endfacet
  facet normal 0 0 1
    outer loop
      vertex 17.3962 -1.84717 8
      vertex 15.3397 -5.5936 8
      vertex 15.3731 -5.72687 8
    endloop
  endfacet
  facet normal -0 0 1
    outer loop
      vertex 14.9899 5.01005 8
      vertex 17.1128 3.6176 8
      vertex 15.0822 5.11185 8
    endloop
  endfacet
  facet normal 0 0 1
    outer loop
      vertex 17.3962 -1.84717 8
      vertex 15.2934 -5.46424 8
      vertex 15.3397 -5.5936 8
    endloop
  endfacet
  facet normal -0 0 1
    outer loop
      vertex 14.8882 4.91778 8
      vertex 17.1128 3.6176 8
      vertex 14.9899 5.01005 8
    endloop
  endfacet
  facet normal 0 0 1
    outer loop
      vertex 17.3962 -1.84717 8
      vertex 15.2347 -5.34004 8
      vertex 15.2934 -5.46424 8
    endloop
  endfacet
  facet normal -0 0 1
    outer loop
      vertex 14.7778 4.83594 8
      vertex 17.1128 3.6176 8
      vertex 14.8882 4.91778 8
    endloop
  endfacet
  facet normal 0 0 1
    outer loop
      vertex 17.3962 -1.84717 8
      vertex 15.1641 -5.2222 8
      vertex 15.2347 -5.34004 8
    endloop
  endfacet
  facet normal -0 0 1
    outer loop
      vertex 14.66 4.76531 8
      vertex 17.1128 3.6176 8
      vertex 14.7778 4.83594 8
    endloop
  endfacet
  facet normal 0 0 1
    outer loop
      vertex 17.3962 -1.84717 8
      vertex 15.0822 -5.11185 8
      vertex 15.1641 -5.2222 8
    endloop
  endfacet
  facet normal -0 0 1
    outer loop
      vertex 14.5358 4.70657 8
      vertex 17.1128 3.6176 8
      vertex 14.66 4.76531 8
    endloop
  endfacet
  facet normal 0 0 1
    outer loop
      vertex 17.3962 -1.84717 8
      vertex 14.9899 -5.01005 8
      vertex 15.0822 -5.11185 8
    endloop
  endfacet
  facet normal 0 0 1
    outer loop
      vertex 17.1128 3.6176 8
      vertex 14.5358 4.70657 8
      vertex 17.1637 3.41408 8
    endloop
  endfacet
  facet normal 0 0 1
    outer loop
      vertex 17.3962 -1.84717 8
      vertex 14.8882 -4.91778 8
      vertex 14.9899 -5.01005 8
    endloop
  endfacet
  facet normal -0 0 1
    outer loop
      vertex 14.4064 4.66028 8
      vertex 17.1637 3.41408 8
      vertex 14.5358 4.70657 8
    endloop
  endfacet
  facet normal 0 0 1
    outer loop
      vertex 17.3962 -1.84717 8
      vertex 14.7778 -4.83594 8
      vertex 14.8882 -4.91778 8
    endloop
  endfacet
  facet normal 0 0 1
    outer loop
      vertex 17.1637 3.41408 8
      vertex 14.4064 4.66028 8
      vertex 17.3962 1.84717 8
    endloop
  endfacet
  facet normal 0 0 1
    outer loop
      vertex 17.3962 -1.84717 8
      vertex 14.66 -4.76531 8
      vertex 14.7778 -4.83594 8
    endloop
  endfacet
  facet normal -0 0 1
    outer loop
      vertex 14.2731 4.6269 8
      vertex 17.3962 1.84717 8
      vertex 14.4064 4.66028 8
    endloop
  endfacet
  facet normal 0 0 1
    outer loop
      vertex 17.3962 -1.84717 8
      vertex 14.5358 -4.70657 8
      vertex 14.66 -4.76531 8
    endloop
  endfacet
  facet normal -0 0 1
    outer loop
      vertex 14.1372 4.60674 8
      vertex 17.3962 1.84717 8
      vertex 14.2731 4.6269 8
    endloop
  endfacet
  facet normal 0 0 1
    outer loop
      vertex 17.3962 -1.84717 8
      vertex 14.4064 -4.66028 8
      vertex 14.5358 -4.70657 8
    endloop
  endfacet
  facet normal -0 0 1
    outer loop
      vertex 14 4.6 8
      vertex 17.3962 1.84717 8
      vertex 14.1372 4.60674 8
    endloop
  endfacet
  facet normal 0 0 1
    outer loop
      vertex 17.3962 -1.84717 8
      vertex 14.2731 -4.6269 8
      vertex 14.4064 -4.66028 8
    endloop
  endfacet
  facet normal 0 0 1
    outer loop
      vertex 13.8628 4.60674 8
      vertex 17.3962 1.84717 8
      vertex 14 4.6 8
    endloop
  endfacet
  facet normal 0 0 1
    outer loop
      vertex 17.3962 -1.84717 8
      vertex 14.1372 -4.60674 8
      vertex 14.2731 -4.6269 8
    endloop
  endfacet
  facet normal 0 0 1
    outer loop
      vertex 17.3962 1.84717 8
      vertex 13.8628 4.60674 8
      vertex 17.3962 -1.84717 8
    endloop
  endfacet
  facet normal 0 0 1
    outer loop
      vertex 17.3962 -1.84717 8
      vertex 14 -4.6 8
      vertex 14.1372 -4.60674 8
    endloop
  endfacet
  facet normal 0 0 1
    outer loop
      vertex 13.8628 -4.60674 8
      vertex 17.3962 -1.84717 8
      vertex 13.8628 4.60674 8
    endloop
  endfacet
  facet normal 0 0 1
    outer loop
      vertex 17.3962 -1.84717 8
      vertex 13.8628 -4.60674 8
      vertex 14 -4.6 8
    endloop
  endfacet
  facet normal 0 0 1
    outer loop
      vertex 13.7269 4.6269 8
      vertex 13.8628 -4.60674 8
      vertex 13.8628 4.60674 8
    endloop
  endfacet
  facet normal 0 0 1
    outer loop
      vertex 13.7269 4.6269 8
      vertex 13.7269 -4.6269 8
      vertex 13.8628 -4.60674 8
    endloop
  endfacet
  facet normal 0 0 1
    outer loop
      vertex 13.5936 4.66028 8
      vertex 13.7269 -4.6269 8
      vertex 13.7269 4.6269 8
    endloop
  endfacet
  facet normal 0 0 1
    outer loop
      vertex 13.5936 4.66028 8
      vertex 13.5936 -4.66028 8
      vertex 13.7269 -4.6269 8
    endloop
  endfacet
  facet normal 0 0 1
    outer loop
      vertex 13.4642 4.70657 8
      vertex 13.5936 -4.66028 8
      vertex 13.5936 4.66028 8
    endloop
  endfacet
  facet normal 0 0 1
    outer loop
      vertex 13.4642 4.70657 8
      vertex 13.4642 -4.70657 8
      vertex 13.5936 -4.66028 8
    endloop
  endfacet
  facet normal 0 0 1
    outer loop
      vertex 13.34 4.76531 8
      vertex 13.4642 -4.70657 8
      vertex 13.4642 4.70657 8
    endloop
  endfacet
  facet normal 0 0 1
    outer loop
      vertex 13.34 4.76531 8
      vertex 13.34 -4.76531 8
      vertex 13.4642 -4.70657 8
    endloop
  endfacet
  facet normal 0 0 1
    outer loop
      vertex 13.2222 4.83594 8
      vertex 13.34 -4.76531 8
      vertex 13.34 4.76531 8
    endloop
  endfacet
  facet normal 0 0 1
    outer loop
      vertex 13.2222 4.83594 8
      vertex 13.2222 -4.83594 8
      vertex 13.34 -4.76531 8
    endloop
  endfacet
  facet normal 0 0 1
    outer loop
      vertex 13.1118 4.91778 8
      vertex 13.2222 -4.83594 8
      vertex 13.2222 4.83594 8
    endloop
  endfacet
  facet normal 0 0 1
    outer loop
      vertex 13.1118 4.91778 8
      vertex 13.1118 -4.91778 8
      vertex 13.2222 -4.83594 8
    endloop
  endfacet
  facet normal 0 0 1
    outer loop
      vertex 13.01 5.01005 8
      vertex 13.1118 -4.91778 8
      vertex 13.1118 4.91778 8
    endloop
  endfacet
  facet normal 0 0 1
    outer loop
      vertex 13.01 5.01005 8
      vertex 13.01 -5.01005 8
      vertex 13.1118 -4.91778 8
    endloop
  endfacet
  facet normal 0 0 1
    outer loop
      vertex 12.9178 5.11185 8
      vertex 13.01 -5.01005 8
      vertex 13.01 5.01005 8
    endloop
  endfacet
  facet normal 0 0 1
    outer loop
      vertex 12.9178 5.11185 8
      vertex 12.9178 -5.11185 8
      vertex 13.01 -5.01005 8
    endloop
  endfacet
  facet normal 0 0 1
    outer loop
      vertex 12.8359 5.2222 8
      vertex 12.9178 -5.11185 8
      vertex 12.9178 5.11185 8
    endloop
  endfacet
  facet normal 0 0 1
    outer loop
      vertex 12.8359 5.2222 8
      vertex 12.8359 -5.2222 8
      vertex 12.9178 -5.11185 8
    endloop
  endfacet
  facet normal 0 0 1
    outer loop
      vertex 12.7653 5.34004 8
      vertex 12.8359 -5.2222 8
      vertex 12.8359 5.2222 8
    endloop
  endfacet
  facet normal 0 0 1
    outer loop
      vertex 12.7653 5.34004 8
      vertex 12.7653 -5.34004 8
      vertex 12.8359 -5.2222 8
    endloop
  endfacet
  facet normal 0 0 1
    outer loop
      vertex 12.7066 5.46424 8
      vertex 12.7653 -5.34004 8
      vertex 12.7653 5.34004 8
    endloop
  endfacet
  facet normal 0 0 1
    outer loop
      vertex 12.7066 5.46424 8
      vertex 12.7066 -5.46424 8
      vertex 12.7653 -5.34004 8
    endloop
  endfacet
  facet normal 0 0 1
    outer loop
      vertex 12.6603 5.5936 8
      vertex 12.7066 -5.46424 8
      vertex 12.7066 5.46424 8
    endloop
  endfacet
  facet normal 0 0 1
    outer loop
      vertex 12.6603 5.5936 8
      vertex 12.6603 -5.5936 8
      vertex 12.7066 -5.46424 8
    endloop
  endfacet
  facet normal 0 0 1
    outer loop
      vertex 12.6269 5.72687 8
      vertex 12.6603 -5.5936 8
      vertex 12.6603 5.5936 8
    endloop
  endfacet
  facet normal 0 0 1
    outer loop
      vertex 12.6269 5.72687 8
      vertex 12.6269 -5.72687 8
      vertex 12.6603 -5.5936 8
    endloop
  endfacet
  facet normal 0 0 1
    outer loop
      vertex 12.6 6 8
      vertex 7.13043 15.9628 8
      vertex 12.6067 5.86278 8
    endloop
  endfacet
  facet normal 0 0 1
    outer loop
      vertex 12.6067 5.86278 8
      vertex 7.13043 15.9628 8
      vertex 12.6269 5.72687 8
    endloop
  endfacet
  facet normal 0 0 1
    outer loop
      vertex 12.6269 6.27313 8
      vertex 7.13043 15.9628 8
      vertex 12.6067 6.13722 8
    endloop
  endfacet
  facet normal 0 0 1
    outer loop
      vertex 12.6067 6.13722 8
      vertex 7.13043 15.9628 8
      vertex 12.6 6 8
    endloop
  endfacet
  facet normal -0 0 1
    outer loop
      vertex 15.3933 -6.13722 8
      vertex 15.9628 -7.13043 8
      vertex 15.4 -6 8
    endloop
  endfacet
  facet normal -0 0 1
    outer loop
      vertex 15.3731 -6.27313 8
      vertex 15.9628 -7.13043 8
      vertex 15.3933 -6.13722 8
    endloop
  endfacet
  facet normal -0 0 1
    outer loop
      vertex 15.3397 -6.4064 8
      vertex 15.9628 -7.13043 8
      vertex 15.3731 -6.27313 8
    endloop
  endfacet
  facet normal -0 0 1
    outer loop
      vertex 15.2934 -6.53576 8
      vertex 15.9628 -7.13043 8
      vertex 15.3397 -6.4064 8
    endloop
  endfacet
  facet normal -0 0 1
    outer loop
      vertex 15.2347 -6.65996 8
      vertex 15.9628 -7.13043 8
      vertex 15.2934 -6.53576 8
    endloop
  endfacet
  facet normal -0 0 1
    outer loop
      vertex 15.1641 -6.7778 8
      vertex 15.9628 -7.13043 8
      vertex 15.2347 -6.65996 8
    endloop
  endfacet
  facet normal -0 0 1
    outer loop
      vertex 15.0822 -6.88815 8
      vertex 15.9628 -7.13043 8
      vertex 15.1641 -6.7778 8
    endloop
  endfacet
  facet normal -0 0 1
    outer loop
      vertex 14.9899 -6.98995 8
      vertex 15.9628 -7.13043 8
      vertex 15.0822 -6.88815 8
    endloop
  endfacet
  facet normal 0 0 1
    outer loop
      vertex 15.9628 -7.13043 8
      vertex 14.9899 -6.98995 8
      vertex 15.4336 -8.24944 8
    endloop
  endfacet
  facet normal 0 0 1
    outer loop
      vertex 20.7069 7.4641 8
      vertex 19.4846 4.75375 8
      vertex 21.1395 6.13263 8
    endloop
  endfacet
  facet normal 0 0 1
    outer loop
      vertex 18.5576 7.60692 8
      vertex 19.4846 4.75375 8
      vertex 20.7069 7.4641 8
    endloop
  endfacet
  facet normal 0 0 1
    outer loop
      vertex 18.5576 7.60692 8
      vertex 17.1128 3.6176 8
      vertex 19.4846 4.75375 8
    endloop
  endfacet
  facet normal 0 0 1
    outer loop
      vertex 15.3933 5.86278 8
      vertex 15.9628 7.13043 8
      vertex 15.4 6 8
    endloop
  endfacet
  facet normal -0 0 1
    outer loop
      vertex 15.9628 7.13043 8
      vertex 17.1128 3.6176 8
      vertex 18.5576 7.60692 8
    endloop
  endfacet
  facet normal 0 0 1
    outer loop
      vertex 20 1.5 8
      vertex 22 -0.699997 8
      vertex 22 0.699997 8
    endloop
  endfacet
  facet normal 0 0 1
    outer loop
      vertex 20 1.5 8
      vertex 20 -1.5 8
      vertex 22 -0.699997 8
    endloop
  endfacet
  facet normal 0 0 1
    outer loop
      vertex 17.3962 1.84717 8
      vertex 20 -1.5 8
      vertex 20 1.5 8
    endloop
  endfacet
  facet normal 0 0 1
    outer loop
      vertex 17.3962 1.84717 8
      vertex 17.3962 -1.84717 8
      vertex 20 -1.5 8
    endloop
  endfacet
  facet normal -0 0 1
    outer loop
      vertex 15.3731 5.72687 8
      vertex 17.1128 3.6176 8
      vertex 15.3933 5.86278 8
    endloop
  endfacet
  facet normal -0 0 1
    outer loop
      vertex 15.3397 5.5936 8
      vertex 17.1128 3.6176 8
      vertex 15.3731 5.72687 8
    endloop
  endfacet
  facet normal -0 0 1
    outer loop
      vertex 15.2934 5.46424 8
      vertex 17.1128 3.6176 8
      vertex 15.3397 5.5936 8
    endloop
  endfacet
  facet normal 0 0 1
    outer loop
      vertex 17.3962 -1.84717 8
      vertex 17.1128 -3.6176 8
      vertex 17.1637 -3.41408 8
    endloop
  endfacet
  facet normal 0 0 1
    outer loop
      vertex 19.4846 -4.75375 8
      vertex 20.7069 -7.4641 8
      vertex 21.1395 -6.13263 8
    endloop
  endfacet
  facet normal 0 0 1
    outer loop
      vertex 19.4846 -4.75375 8
      vertex 18.5576 -7.60692 8
      vertex 20.7069 -7.4641 8
    endloop
  endfacet
  facet normal 0 0 1
    outer loop
      vertex 17.1128 -3.6176 8
      vertex 18.5576 -7.60692 8
      vertex 19.4846 -4.75375 8
    endloop
  endfacet
  facet normal 0 0 1
    outer loop
      vertex 17.1128 -3.6176 8
      vertex 15.9628 -7.13043 8
      vertex 18.5576 -7.60692 8
    endloop
  endfacet
  facet normal 0 0 1
    outer loop
      vertex 15.9628 7.13043 8
      vertex 15.3933 5.86278 8
      vertex 17.1128 3.6176 8
    endloop
  endfacet
  facet normal 0 0 1
    outer loop
      vertex 15.0822 6.88815 8
      vertex 15.9628 7.13043 8
      vertex 15.4336 8.24944 8
    endloop
  endfacet
  facet normal -0 0 1
    outer loop
      vertex 15.2347 5.34004 8
      vertex 17.1128 3.6176 8
      vertex 15.2934 5.46424 8
    endloop
  endfacet
  facet normal 0 0 1
    outer loop
      vertex 17.1128 -3.6176 8
      vertex 15.4 -6 8
      vertex 15.9628 -7.13043 8
    endloop
  endfacet
  facet normal 0 0 1
    outer loop
      vertex 15.9628 7.13043 8
      vertex 15.3933 6.13722 8
      vertex 15.4 6 8
    endloop
  endfacet
  facet normal 0 0 1
    outer loop
      vertex 15.9628 7.13043 8
      vertex 15.3731 6.27313 8
      vertex 15.3933 6.13722 8
    endloop
  endfacet
  facet normal 0 0 1
    outer loop
      vertex 15.9628 7.13043 8
      vertex 15.3397 6.4064 8
      vertex 15.3731 6.27313 8
    endloop
  endfacet
  facet normal 0 0 1
    outer loop
      vertex 15.9628 7.13043 8
      vertex 15.2934 6.53576 8
      vertex 15.3397 6.4064 8
    endloop
  endfacet
  facet normal 0 0 1
    outer loop
      vertex 15.9628 7.13043 8
      vertex 15.2347 6.65996 8
      vertex 15.2934 6.53576 8
    endloop
  endfacet
  facet normal 0 0 1
    outer loop
      vertex 15.9628 7.13043 8
      vertex 15.1641 6.7778 8
      vertex 15.2347 6.65996 8
    endloop
  endfacet
  facet normal 0 0 1
    outer loop
      vertex 15.0822 6.88815 8
      vertex 15.4336 8.24944 8
      vertex 15.1503 8.72206 8
    endloop
  endfacet
  facet normal 0 0 1
    outer loop
      vertex 15.9628 7.13043 8
      vertex 15.0822 6.88815 8
      vertex 15.1641 6.7778 8
    endloop
  endfacet
  facet normal 0 0 1
    outer loop
      vertex 17.062 -10.5422 8
      vertex 17.3869 -13.4976 8
      vertex 18.2098 -12.365 8
    endloop
  endfacet
  facet normal 0 0 1
    outer loop
      vertex 17.062 -10.5422 8
      vertex 15.2987 -12.9692 8
      vertex 17.3869 -13.4976 8
    endloop
  endfacet
  facet normal 0 0 1
    outer loop
      vertex 15.1503 -8.72206 8
      vertex 15.2987 -12.9692 8
      vertex 17.062 -10.5422 8
    endloop
  endfacet
  facet normal -0 0 1
    outer loop
      vertex 14.8882 -7.08221 8
      vertex 15.4336 -8.24944 8
      vertex 14.9899 -6.98995 8
    endloop
  endfacet
  facet normal -0 0 1
    outer loop
      vertex 14.7778 -7.16406 8
      vertex 15.4336 -8.24944 8
      vertex 14.8882 -7.08221 8
    endloop
  endfacet
  facet normal -0 0 1
    outer loop
      vertex 14.66 -7.23469 8
      vertex 15.4336 -8.24944 8
      vertex 14.7778 -7.16406 8
    endloop
  endfacet
  facet normal -0 0 1
    outer loop
      vertex 14.5358 -7.29343 8
      vertex 15.4336 -8.24944 8
      vertex 14.66 -7.23469 8
    endloop
  endfacet
  facet normal -0 0 1
    outer loop
      vertex 14.4064 -7.33972 8
      vertex 15.4336 -8.24944 8
      vertex 14.5358 -7.29343 8
    endloop
  endfacet
  facet normal 0 0 1
    outer loop
      vertex 15.4336 -8.24944 8
      vertex 14.4064 -7.33972 8
      vertex 15.1503 -8.72206 8
    endloop
  endfacet
  facet normal -0 0 1
    outer loop
      vertex 14.2731 -7.3731 8
      vertex 15.1503 -8.72206 8
      vertex 14.4064 -7.33972 8
    endloop
  endfacet
  facet normal -0 0 1
    outer loop
      vertex 14.1372 -7.39326 8
      vertex 15.1503 -8.72206 8
      vertex 14.2731 -7.3731 8
    endloop
  endfacet
  facet normal -0 0 1
    outer loop
      vertex 14 -7.4 8
      vertex 15.1503 -8.72206 8
      vertex 14.1372 -7.39326 8
    endloop
  endfacet
  facet normal 0 0 1
    outer loop
      vertex 13.8628 -7.39326 8
      vertex 15.1503 -8.72206 8
      vertex 14 -7.4 8
    endloop
  endfacet
  facet normal 0 0 1
    outer loop
      vertex 13.7269 -7.3731 8
      vertex 15.1503 -8.72206 8
      vertex 13.8628 -7.39326 8
    endloop
  endfacet
  facet normal 0 0 1
    outer loop
      vertex 13.5936 -7.33972 8
      vertex 15.1503 -8.72206 8
      vertex 13.7269 -7.3731 8
    endloop
  endfacet
  facet normal 0 0 1
    outer loop
      vertex 15.1503 -8.72206 8
      vertex 13.5936 -7.33972 8
      vertex 12.9745 -11.7122 8
    endloop
  endfacet
  facet normal 0 0 1
    outer loop
      vertex 12.9745 -11.7122 8
      vertex 13.5936 -7.33972 8
      vertex 13.4642 -7.29343 8
    endloop
  endfacet
  facet normal 0 0 1
    outer loop
      vertex 12.9745 -11.7122 8
      vertex 13.4642 -7.29343 8
      vertex 13.34 -7.23469 8
    endloop
  endfacet
  facet normal 0 0 1
    outer loop
      vertex 12.9745 -11.7122 8
      vertex 13.34 -7.23469 8
      vertex 13.2222 -7.16406 8
    endloop
  endfacet
  facet normal 0 0 1
    outer loop
      vertex 12.9745 -11.7122 8
      vertex 13.2222 -7.16406 8
      vertex 13.1118 -7.08221 8
    endloop
  endfacet
  facet normal 0 0 1
    outer loop
      vertex 12.9745 -11.7122 8
      vertex 13.1118 -7.08221 8
      vertex 13.01 -6.98995 8
    endloop
  endfacet
  facet normal 0 0 1
    outer loop
      vertex 15.1503 -8.72206 8
      vertex 12.9745 -11.7122 8
      vertex 15.2987 -12.9692 8
    endloop
  endfacet
  facet normal 0 0 1
    outer loop
      vertex 12.9178 -6.88815 8
      vertex 12.9745 -11.7122 8
      vertex 13.01 -6.98995 8
    endloop
  endfacet
  facet normal 0 0 1
    outer loop
      vertex 12.3744 -12.3744 8
      vertex 12.9178 -6.88815 8
      vertex 12.8359 -6.7778 8
    endloop
  endfacet
  facet normal 0 0 1
    outer loop
      vertex 11.7122 -12.9745 8
      vertex 12.8359 -6.7778 8
      vertex 12.7653 -6.65996 8
    endloop
  endfacet
  facet normal 0 0 1
    outer loop
      vertex 11.7122 -12.9745 8
      vertex 12.7653 -6.65996 8
      vertex 12.7066 -6.53576 8
    endloop
  endfacet
  facet normal 0 0 1
    outer loop
      vertex 11.7122 -12.9745 8
      vertex 12.7066 -6.53576 8
      vertex 12.6603 -6.4064 8
    endloop
  endfacet
  facet normal 0 0 1
    outer loop
      vertex 11.7122 -12.9745 8
      vertex 12.6603 -6.4064 8
      vertex 12.6269 -6.27313 8
    endloop
  endfacet
  facet normal 0 0 1
    outer loop
      vertex 11.7122 -12.9745 8
      vertex 12.6269 -6.27313 8
      vertex 12.6067 -6.13722 8
    endloop
  endfacet
  facet normal 0 0 1
    outer loop
      vertex 12.9178 -6.88815 8
      vertex 12.3744 -12.3744 8
      vertex 12.9745 -11.7122 8
    endloop
  endfacet
  facet normal 0 0 1
    outer loop
      vertex 11.7122 -12.9745 8
      vertex 12.6067 -6.13722 8
      vertex 12.6 -6 8
    endloop
  endfacet
  facet normal -0 0 1
    outer loop
      vertex 8.72206 15.1503 8
      vertex 11.7122 12.9745 8
      vertex 10.5422 17.062 8
    endloop
  endfacet
  facet normal 0 0 1
    outer loop
      vertex 12.6269 5.72687 8
      vertex 7.13043 15.9628 8
      vertex 12.6269 -5.72687 8
    endloop
  endfacet
  facet normal 0 0 1
    outer loop
      vertex 12.8359 -6.7778 8
      vertex 11.7122 -12.9745 8
      vertex 12.3744 -12.3744 8
    endloop
  endfacet
  facet normal 0 0 1
    outer loop
      vertex 12.9692 -15.2987 8
      vertex 12.365 -18.2098 8
      vertex 13.4976 -17.3869 8
    endloop
  endfacet
  facet normal 0 0 1
    outer loop
      vertex 10.5422 -17.062 8
      vertex 12.9692 -15.2987 8
      vertex 11.7122 -12.9745 8
    endloop
  endfacet
  facet normal 0 0 1
    outer loop
      vertex 12.9692 -15.2987 8
      vertex 10.5422 -17.062 8
      vertex 12.365 -18.2098 8
    endloop
  endfacet
  facet normal 0 0 1
    outer loop
      vertex 7.13043 -15.9628 8
      vertex 12.6269 -5.72687 8
      vertex 7.13043 15.9628 8
    endloop
  endfacet
  facet normal 0 0 1
    outer loop
      vertex 12.6067 -5.86278 8
      vertex 8.72206 -15.1503 8
      vertex 11.7122 -12.9745 8
    endloop
  endfacet
  facet normal 0 0 1
    outer loop
      vertex 11.7122 -12.9745 8
      vertex 8.72206 -15.1503 8
      vertex 10.5422 -17.062 8
    endloop
  endfacet
  facet normal 0 0 1
    outer loop
      vertex 7.13043 15.9628 8
      vertex 8.72206 15.1503 8
      vertex 8.24944 15.4336 8
    endloop
  endfacet
  facet normal 0 0 1
    outer loop
      vertex 12.6269 -5.72687 8
      vertex 7.13043 -15.9628 8
      vertex 12.6067 -5.86278 8
    endloop
  endfacet
  facet normal 0 0 1
    outer loop
      vertex 12.6067 -5.86278 8
      vertex 7.13043 -15.9628 8
      vertex 8.72206 -15.1503 8
    endloop
  endfacet
  facet normal 0 0 1
    outer loop
      vertex 8.72206 -15.1503 8
      vertex 7.13043 -15.9628 8
      vertex 8.24944 -15.4336 8
    endloop
  endfacet
  facet normal 0 0 1
    outer loop
      vertex 4.75375 -19.4846 8
      vertex 7.60692 -18.5576 8
      vertex 7.13043 -15.9628 8
    endloop
  endfacet
  facet normal 0 0 1
    outer loop
      vertex 7.60692 -18.5576 8
      vertex 4.75375 -19.4846 8
      vertex 7.4641 -20.7069 8
    endloop
  endfacet
  facet normal 0 -0 1
    outer loop
      vertex 4.1 0 8
      vertex 7.13043 15.9628 8
      vertex 4.08026 0.40187 8
    endloop
  endfacet
  facet normal 0 0 1
    outer loop
      vertex 7.13043 15.9628 8
      vertex 4.75375 19.4846 8
      vertex 3.6176 17.1128 8
    endloop
  endfacet
  facet normal -0 0 1
    outer loop
      vertex 4.08026 -0.40187 8
      vertex 7.13043 -15.9628 8
      vertex 4.1 0 8
    endloop
  endfacet
  facet normal -0 0 1
    outer loop
      vertex 4.02122 -0.79987 8
      vertex 7.13043 -15.9628 8
      vertex 4.08026 -0.40187 8
    endloop
  endfacet
  facet normal 0 0 1
    outer loop
      vertex 7.13043 15.9628 8
      vertex 4.1 0 8
      vertex 7.13043 -15.9628 8
    endloop
  endfacet
  facet normal 0 0 1
    outer loop
      vertex 7.13043 15.9628 8
      vertex 4.02122 0.79987 8
      vertex 4.08026 0.40187 8
    endloop
  endfacet
  facet normal 0 0 1
    outer loop
      vertex 7.13043 15.9628 8
      vertex 3.92346 1.19017 8
      vertex 4.02122 0.79987 8
    endloop
  endfacet
  facet normal 0 0 1
    outer loop
      vertex 7.13043 15.9628 8
      vertex 3.78791 1.569 8
      vertex 3.92346 1.19017 8
    endloop
  endfacet
  facet normal 0 0 1
    outer loop
      vertex 1.19017 3.92346 8
      vertex 7.13043 15.9628 8
      vertex 3.6176 17.1128 8
    endloop
  endfacet
  facet normal 0 0 1
    outer loop
      vertex 7.13043 15.9628 8
      vertex 3.61588 1.93273 8
      vertex 3.78791 1.569 8
    endloop
  endfacet
  facet normal 0 0 1
    outer loop
      vertex 0.79987 4.02122 8
      vertex 3.6176 17.1128 8
      vertex 3.41408 17.1637 8
    endloop
  endfacet
  facet normal 0 0 1
    outer loop
      vertex 7.13043 15.9628 8
      vertex 3.40903 2.27784 8
      vertex 3.61588 1.93273 8
    endloop
  endfacet
  facet normal 0 0 1
    outer loop
      vertex 7.13043 15.9628 8
      vertex 3.16934 2.60101 8
      vertex 3.40903 2.27784 8
    endloop
  endfacet
  facet normal 0 0 1
    outer loop
      vertex 7.13043 15.9628 8
      vertex 2.89914 2.89914 8
      vertex 3.16934 2.60101 8
    endloop
  endfacet
  facet normal 0 0 1
    outer loop
      vertex 7.13043 15.9628 8
      vertex 2.60101 3.16934 8
      vertex 2.89914 2.89914 8
    endloop
  endfacet
  facet normal 0 0 1
    outer loop
      vertex 7.13043 15.9628 8
      vertex 2.27784 3.40903 8
      vertex 2.60101 3.16934 8
    endloop
  endfacet
  facet normal 0 0 1
    outer loop
      vertex 7.13043 15.9628 8
      vertex 1.93273 3.61588 8
      vertex 2.27784 3.40903 8
    endloop
  endfacet
  facet normal 0 0 1
    outer loop
      vertex 0.79987 4.02122 8
      vertex 3.41408 17.1637 8
      vertex 1.84717 17.3962 8
    endloop
  endfacet
  facet normal 0 0 1
    outer loop
      vertex 7.13043 15.9628 8
      vertex 1.569 3.78791 8
      vertex 1.93273 3.61588 8
    endloop
  endfacet
  facet normal 0 0 1
    outer loop
      vertex -1.84717 17.3962 8
      vertex 1.84717 17.3962 8
      vertex 1.5 20 8
    endloop
  endfacet
  facet normal 0 -0 1
    outer loop
      vertex 0 4.1 8
      vertex 1.84717 17.3962 8
      vertex -1.84717 17.3962 8
    endloop
  endfacet
  facet normal 0 0 1
    outer loop
      vertex 7.13043 15.9628 8
      vertex 1.19017 3.92346 8
      vertex 1.569 3.78791 8
    endloop
  endfacet
  facet normal 0 0 1
    outer loop
      vertex -1.5 20 8
      vertex 1.5 20 8
      vertex 0.699997 22 8
    endloop
  endfacet
  facet normal 0 0 1
    outer loop
      vertex 3.6176 17.1128 8
      vertex 0.79987 4.02122 8
      vertex 1.19017 3.92346 8
    endloop
  endfacet
  facet normal 0 0 1
    outer loop
      vertex 1.84717 17.3962 8
      vertex 0.40187 4.08026 8
      vertex 0.79987 4.02122 8
    endloop
  endfacet
  facet normal 0 0 1
    outer loop
      vertex 1.84717 17.3962 8
      vertex 0 4.1 8
      vertex 0.40187 4.08026 8
    endloop
  endfacet
  facet normal 0 0 1
    outer loop
      vertex -1.5 20 8
      vertex 0.699997 22 8
      vertex -0.699997 22 8
    endloop
  endfacet
  facet normal 0 0 1
    outer loop
      vertex 0 4.1 8
      vertex -1.84717 17.3962 8
      vertex -0.40187 4.08026 8
    endloop
  endfacet
  facet normal 0 0 1
    outer loop
      vertex -0.40187 4.08026 8
      vertex -1.84717 17.3962 8
      vertex -0.79987 4.02122 8
    endloop
  endfacet
  facet normal 0 0 1
    outer loop
      vertex 1.5 20 8
      vertex -1.5 20 8
      vertex -1.84717 17.3962 8
    endloop
  endfacet
  facet normal -0 0 1
    outer loop
      vertex -3.41408 17.1637 8
      vertex -0.79987 4.02122 8
      vertex -1.84717 17.3962 8
    endloop
  endfacet
  facet normal -0 0 1
    outer loop
      vertex -3.6176 17.1128 8
      vertex -0.79987 4.02122 8
      vertex -3.41408 17.1637 8
    endloop
  endfacet
  facet normal 0 0 1
    outer loop
      vertex -0.79987 4.02122 8
      vertex -3.6176 17.1128 8
      vertex -1.19017 3.92346 8
    endloop
  endfacet
  facet normal -0 0 1
    outer loop
      vertex -7.13043 15.9628 8
      vertex -1.19017 3.92346 8
      vertex -3.6176 17.1128 8
    endloop
  endfacet
  facet normal 0 0 1
    outer loop
      vertex -1.19017 3.92346 8
      vertex -7.13043 15.9628 8
      vertex -1.569 3.78791 8
    endloop
  endfacet
  facet normal 0 0 1
    outer loop
      vertex -1.569 3.78791 8
      vertex -7.13043 15.9628 8
      vertex -1.93273 3.61588 8
    endloop
  endfacet
  facet normal -0 0 1
    outer loop
      vertex -8.24944 15.4336 8
      vertex -1.93273 3.61588 8
      vertex -7.13043 15.9628 8
    endloop
  endfacet
  facet normal -0 0 1
    outer loop
      vertex -8.72206 15.1503 8
      vertex -1.93273 3.61588 8
      vertex -8.24944 15.4336 8
    endloop
  endfacet
  facet normal 0 0 1
    outer loop
      vertex -1.93273 3.61588 8
      vertex -8.72206 15.1503 8
      vertex -2.27784 3.40903 8
    endloop
  endfacet
  facet normal -0 0 1
    outer loop
      vertex -11.7122 12.9745 8
      vertex -2.27784 3.40903 8
      vertex -8.72206 15.1503 8
    endloop
  endfacet
  facet normal 0 0 1
    outer loop
      vertex -2.27784 3.40903 8
      vertex -11.7122 12.9745 8
      vertex -2.60101 3.16934 8
    endloop
  endfacet
  facet normal 0 0 1
    outer loop
      vertex -2.60101 3.16934 8
      vertex -11.7122 12.9745 8
      vertex -2.89914 2.89914 8
    endloop
  endfacet
  facet normal -0 0 1
    outer loop
      vertex -12.3744 12.3744 8
      vertex -2.89914 2.89914 8
      vertex -11.7122 12.9745 8
    endloop
  endfacet
  facet normal -0 0 1
    outer loop
      vertex -12.9745 11.7122 8
      vertex -2.89914 2.89914 8
      vertex -12.3744 12.3744 8
    endloop
  endfacet
  facet normal 0 0 1
    outer loop
      vertex -2.89914 2.89914 8
      vertex -12.9745 11.7122 8
      vertex -3.16934 2.60101 8
    endloop
  endfacet
  facet normal 0 0 1
    outer loop
      vertex -3.16934 2.60101 8
      vertex -12.9745 11.7122 8
      vertex -3.40903 2.27784 8
    endloop
  endfacet
  facet normal 0 0 1
    outer loop
      vertex -7.13043 15.9628 8
      vertex -3.6176 17.1128 8
      vertex -4.75375 19.4846 8
    endloop
  endfacet
  facet normal 0 0 1
    outer loop
      vertex -4.08026 0.40187 8
      vertex -17.3962 1.84717 8
      vertex -4.1 0 8
    endloop
  endfacet
  facet normal 0 0 1
    outer loop
      vertex -17.3962 -1.84717 8
      vertex -4.1 0 8
      vertex -17.3962 1.84717 8
    endloop
  endfacet
  facet normal 0 -0 1
    outer loop
      vertex -17.1637 -3.41408 8
      vertex -4.1 0 8
      vertex -17.3962 -1.84717 8
    endloop
  endfacet
  facet normal 0 0 1
    outer loop
      vertex -4.1 0 8
      vertex -17.1637 -3.41408 8
      vertex -17.1128 -3.6176 8
    endloop
  endfacet
  facet normal -0 0 1
    outer loop
      vertex -20 1.5 8
      vertex -17.3962 -1.84717 8
      vertex -17.3962 1.84717 8
    endloop
  endfacet
  facet normal 0 0 1
    outer loop
      vertex -20 1.5 8
      vertex -20 -1.5 8
      vertex -17.3962 -1.84717 8
    endloop
  endfacet
  facet normal -0 0 1
    outer loop
      vertex -22 0.699997 8
      vertex -20 -1.5 8
      vertex -20 1.5 8
    endloop
  endfacet
  facet normal 0 0 1
    outer loop
      vertex -20 -1.5 8
      vertex -22 0.699997 8
      vertex -22 -0.699997 8
    endloop
  endfacet
  facet normal -0 0 1
    outer loop
      vertex -17.1637 3.41408 8
      vertex -4.02122 0.79987 8
      vertex -17.1128 3.6176 8
    endloop
  endfacet
  facet normal 0 0 1
    outer loop
      vertex -4.02122 0.79987 8
      vertex -17.1637 3.41408 8
      vertex -4.08026 0.40187 8
    endloop
  endfacet
  facet normal 0 -0 1
    outer loop
      vertex -15.4336 -8.24944 8
      vertex -4.1 0 8
      vertex -15.9628 -7.13043 8
    endloop
  endfacet
  facet normal 0 0 1
    outer loop
      vertex -4.1 0 8
      vertex -15.4336 -8.24944 8
      vertex -15.1503 -8.72206 8
    endloop
  endfacet
  facet normal -0 0 1
    outer loop
      vertex -17.3962 1.84717 8
      vertex -4.08026 0.40187 8
      vertex -17.1637 3.41408 8
    endloop
  endfacet
  facet normal 0 0 1
    outer loop
      vertex -18.5576 7.60692 8
      vertex -17.1128 3.6176 8
      vertex -15.9628 7.13043 8
    endloop
  endfacet
  facet normal 0 0 1
    outer loop
      vertex -18.5576 7.60692 8
      vertex -19.4846 4.75375 8
      vertex -17.1128 3.6176 8
    endloop
  endfacet
  facet normal -0 0 1
    outer loop
      vertex -20.7069 7.4641 8
      vertex -19.4846 4.75375 8
      vertex -18.5576 7.60692 8
    endloop
  endfacet
  facet normal 0 0 1
    outer loop
      vertex -19.4846 4.75375 8
      vertex -20.7069 7.4641 8
      vertex -21.1395 6.13263 8
    endloop
  endfacet
  facet normal 0 0 1
    outer loop
      vertex -3.78791 1.569 8
      vertex -15.9628 7.13043 8
      vertex -3.92346 1.19017 8
    endloop
  endfacet
  facet normal -0 0 1
    outer loop
      vertex -17.1128 3.6176 8
      vertex -3.92346 1.19017 8
      vertex -15.9628 7.13043 8
    endloop
  endfacet
  facet normal 0 -0 1
    outer loop
      vertex -12.3744 -12.3744 8
      vertex -4.1 0 8
      vertex -12.9745 -11.7122 8
    endloop
  endfacet
  facet normal 0 0 1
    outer loop
      vertex -4.1 0 8
      vertex -12.3744 -12.3744 8
      vertex -11.7122 -12.9745 8
    endloop
  endfacet
  facet normal 0 0 1
    outer loop
      vertex -3.92346 1.19017 8
      vertex -17.1128 3.6176 8
      vertex -4.02122 0.79987 8
    endloop
  endfacet
  facet normal 0 0 1
    outer loop
      vertex -15.2987 12.9692 8
      vertex -15.1503 8.72206 8
      vertex -12.9745 11.7122 8
    endloop
  endfacet
  facet normal 0 0 1
    outer loop
      vertex -15.2987 12.9692 8
      vertex -17.062 10.5422 8
      vertex -15.1503 8.72206 8
    endloop
  endfacet
  facet normal 0 0 1
    outer loop
      vertex -17.3869 13.4976 8
      vertex -17.062 10.5422 8
      vertex -15.2987 12.9692 8
    endloop
  endfacet
  facet normal 0 0 1
    outer loop
      vertex -17.062 10.5422 8
      vertex -17.3869 13.4976 8
      vertex -18.2098 12.365 8
    endloop
  endfacet
  facet normal -0 0 1
    outer loop
      vertex -15.4336 8.24944 8
      vertex -3.61588 1.93273 8
      vertex -15.1503 8.72206 8
    endloop
  endfacet
  facet normal -0 0 1
    outer loop
      vertex -15.9628 7.13043 8
      vertex -3.61588 1.93273 8
      vertex -15.4336 8.24944 8
    endloop
  endfacet
  facet normal 0 -0 1
    outer loop
      vertex -8.24944 -15.4336 8
      vertex -4.1 0 8
      vertex -8.72206 -15.1503 8
    endloop
  endfacet
  facet normal 0 0 1
    outer loop
      vertex -4.1 0 8
      vertex -8.24944 -15.4336 8
      vertex -7.13043 -15.9628 8
    endloop
  endfacet
  facet normal 0 0 1
    outer loop
      vertex -11.7122 12.9745 8
      vertex -8.72206 15.1503 8
      vertex -10.5422 17.062 8
    endloop
  endfacet
  facet normal 0 0 1
    outer loop
      vertex -3.61588 1.93273 8
      vertex -15.9628 7.13043 8
      vertex -3.78791 1.569 8
    endloop
  endfacet
  facet normal 0 0 1
    outer loop
      vertex -4.1 0 8
      vertex -11.7122 -12.9745 8
      vertex -8.72206 -15.1503 8
    endloop
  endfacet
  facet normal 0 0 1
    outer loop
      vertex -12.9692 15.2987 8
      vertex -10.5422 17.062 8
      vertex -12.365 18.2098 8
    endloop
  endfacet
  facet normal 0 0 1
    outer loop
      vertex -10.5422 17.062 8
      vertex -12.9692 15.2987 8
      vertex -11.7122 12.9745 8
    endloop
  endfacet
  facet normal 0 -0 1
    outer loop
      vertex -12.9692 15.2987 8
      vertex -12.365 18.2098 8
      vertex -13.4976 17.3869 8
    endloop
  endfacet
  facet normal -0 0 1
    outer loop
      vertex -7.60692 -18.5576 8
      vertex -4.75375 -19.4846 8
      vertex -7.13043 -15.9628 8
    endloop
  endfacet
  facet normal 0 0 1
    outer loop
      vertex -4.75375 -19.4846 8
      vertex -7.60692 -18.5576 8
      vertex -6.13263 -21.1395 8
    endloop
  endfacet
  facet normal 0 0 1
    outer loop
      vertex -6.13263 -21.1395 8
      vertex -7.60692 -18.5576 8
      vertex -7.4641 -20.7069 8
    endloop
  endfacet
  facet normal 0 0 1
    outer loop
      vertex -8.72206 -15.1503 8
      vertex -11.7122 -12.9745 8
      vertex -10.5422 -17.062 8
    endloop
  endfacet
  facet normal -0 0 1
    outer loop
      vertex -12.9692 -15.2987 8
      vertex -10.5422 -17.062 8
      vertex -11.7122 -12.9745 8
    endloop
  endfacet
  facet normal 0 0 1
    outer loop
      vertex -10.5422 -17.062 8
      vertex -12.9692 -15.2987 8
      vertex -12.365 -18.2098 8
    endloop
  endfacet
  facet normal 0 0 1
    outer loop
      vertex -12.365 -18.2098 8
      vertex -12.9692 -15.2987 8
      vertex -13.4976 -17.3869 8
    endloop
  endfacet
  facet normal 0 0 1
    outer loop
      vertex -4.1 0 8
      vertex -15.1503 -8.72206 8
      vertex -12.9745 -11.7122 8
    endloop
  endfacet
  facet normal 0 0 1
    outer loop
      vertex -15.1503 -8.72206 8
      vertex -15.2987 -12.9692 8
      vertex -12.9745 -11.7122 8
    endloop
  endfacet
  facet normal -0 0 1
    outer loop
      vertex -17.062 -10.5422 8
      vertex -15.2987 -12.9692 8
      vertex -15.1503 -8.72206 8
    endloop
  endfacet
  facet normal 0 0 1
    outer loop
      vertex -17.062 -10.5422 8
      vertex -17.3869 -13.4976 8
      vertex -15.2987 -12.9692 8
    endloop
  endfacet
  facet normal 0 -0 1
    outer loop
      vertex -17.3869 -13.4976 8
      vertex -17.062 -10.5422 8
      vertex -18.2098 -12.365 8
    endloop
  endfacet
  facet normal 0 0 1
    outer loop
      vertex -4.1 0 8
      vertex -17.1128 -3.6176 8
      vertex -15.9628 -7.13043 8
    endloop
  endfacet
  facet normal 0 0 1
    outer loop
      vertex -17.1128 -3.6176 8
      vertex -18.5576 -7.60692 8
      vertex -15.9628 -7.13043 8
    endloop
  endfacet
  facet normal -0 0 1
    outer loop
      vertex -19.4846 -4.75375 8
      vertex -18.5576 -7.60692 8
      vertex -17.1128 -3.6176 8
    endloop
  endfacet
  facet normal 0 0 1
    outer loop
      vertex -19.4846 -4.75375 8
      vertex -20.7069 -7.4641 8
      vertex -18.5576 -7.60692 8
    endloop
  endfacet
  facet normal 0 -0 1
    outer loop
      vertex -20.7069 -7.4641 8
      vertex -19.4846 -4.75375 8
      vertex -21.1395 -6.13263 8
    endloop
  endfacet
  facet normal -0 0 1
    outer loop
      vertex 3.92346 -1.19017 8
      vertex 7.13043 -15.9628 8
      vertex 4.02122 -0.79987 8
    endloop
  endfacet
  facet normal -0 0 1
    outer loop
      vertex 3.78791 -1.569 8
      vertex 7.13043 -15.9628 8
      vertex 3.92346 -1.19017 8
    endloop
  endfacet
  facet normal -0 0 1
    outer loop
      vertex 3.61588 -1.93273 8
      vertex 7.13043 -15.9628 8
      vertex 3.78791 -1.569 8
    endloop
  endfacet
  facet normal 0 -0 1
    outer loop
      vertex 4.75375 -19.4846 8
      vertex 7.13043 -15.9628 8
      vertex 3.6176 -17.1128 8
    endloop
  endfacet
  facet normal 0 0 1
    outer loop
      vertex 7.4641 -20.7069 8
      vertex 4.75375 -19.4846 8
      vertex 6.13263 -21.1395 8
    endloop
  endfacet
  facet normal -0 0 1
    outer loop
      vertex 3.40903 -2.27784 8
      vertex 7.13043 -15.9628 8
      vertex 3.61588 -1.93273 8
    endloop
  endfacet
  facet normal -0 0 1
    outer loop
      vertex 3.16934 -2.60101 8
      vertex 7.13043 -15.9628 8
      vertex 3.40903 -2.27784 8
    endloop
  endfacet
  facet normal -0 0 1
    outer loop
      vertex 2.89914 -2.89914 8
      vertex 7.13043 -15.9628 8
      vertex 3.16934 -2.60101 8
    endloop
  endfacet
  facet normal -0 0 1
    outer loop
      vertex 2.60101 -3.16934 8
      vertex 7.13043 -15.9628 8
      vertex 2.89914 -2.89914 8
    endloop
  endfacet
  facet normal -0 0 1
    outer loop
      vertex 2.27784 -3.40903 8
      vertex 7.13043 -15.9628 8
      vertex 2.60101 -3.16934 8
    endloop
  endfacet
  facet normal -0 0 1
    outer loop
      vertex 1.93273 -3.61588 8
      vertex 7.13043 -15.9628 8
      vertex 2.27784 -3.40903 8
    endloop
  endfacet
  facet normal -0 0 1
    outer loop
      vertex 1.569 -3.78791 8
      vertex 7.13043 -15.9628 8
      vertex 1.93273 -3.61588 8
    endloop
  endfacet
  facet normal -0 0 1
    outer loop
      vertex 1.19017 -3.92346 8
      vertex 7.13043 -15.9628 8
      vertex 1.569 -3.78791 8
    endloop
  endfacet
  facet normal 0 0 1
    outer loop
      vertex 7.13043 -15.9628 8
      vertex 1.19017 -3.92346 8
      vertex 3.6176 -17.1128 8
    endloop
  endfacet
  facet normal -0 0 1
    outer loop
      vertex 0.79987 -4.02122 8
      vertex 3.6176 -17.1128 8
      vertex 1.19017 -3.92346 8
    endloop
  endfacet
  facet normal 0 0 1
    outer loop
      vertex 3.6176 -17.1128 8
      vertex 0.79987 -4.02122 8
      vertex 3.41408 -17.1637 8
    endloop
  endfacet
  facet normal 0 0 1
    outer loop
      vertex 3.41408 -17.1637 8
      vertex 0.79987 -4.02122 8
      vertex 1.84717 -17.3962 8
    endloop
  endfacet
  facet normal -0 0 1
    outer loop
      vertex 0.40187 -4.08026 8
      vertex 1.84717 -17.3962 8
      vertex 0.79987 -4.02122 8
    endloop
  endfacet
  facet normal 0 0 1
    outer loop
      vertex 1.84717 -17.3962 8
      vertex -1.84717 -17.3962 8
      vertex 1.5 -20 8
    endloop
  endfacet
  facet normal -0 0 1
    outer loop
      vertex 0 -4.1 8
      vertex 1.84717 -17.3962 8
      vertex 0.40187 -4.08026 8
    endloop
  endfacet
  facet normal 0 0 1
    outer loop
      vertex 1.84717 -17.3962 8
      vertex 0 -4.1 8
      vertex -1.84717 -17.3962 8
    endloop
  endfacet
  facet normal 0 0 1
    outer loop
      vertex -1.84717 -17.3962 8
      vertex 0 -4.1 8
      vertex -0.40187 -4.08026 8
    endloop
  endfacet
  facet normal 0 -0 1
    outer loop
      vertex -1.5 -20 8
      vertex 1.5 -20 8
      vertex -1.84717 -17.3962 8
    endloop
  endfacet
  facet normal 0 0 1
    outer loop
      vertex -1.84717 -17.3962 8
      vertex -0.40187 -4.08026 8
      vertex -0.79987 -4.02122 8
    endloop
  endfacet
  facet normal 0 0 1
    outer loop
      vertex -3.6176 -17.1128 8
      vertex -0.79987 -4.02122 8
      vertex -1.19017 -3.92346 8
    endloop
  endfacet
  facet normal 0 0 1
    outer loop
      vertex 1.5 -20 8
      vertex -1.5 -20 8
      vertex 0.699997 -22 8
    endloop
  endfacet
  facet normal 0 0 1
    outer loop
      vertex -7.13043 -15.9628 8
      vertex -1.19017 -3.92346 8
      vertex -1.569 -3.78791 8
    endloop
  endfacet
  facet normal 0 0 1
    outer loop
      vertex 0.699997 -22 8
      vertex -1.5 -20 8
      vertex -0.699997 -22 8
    endloop
  endfacet
  facet normal 0 0 1
    outer loop
      vertex -7.13043 -15.9628 8
      vertex -1.569 -3.78791 8
      vertex -1.93273 -3.61588 8
    endloop
  endfacet
  facet normal 0 0 1
    outer loop
      vertex -7.13043 -15.9628 8
      vertex -1.93273 -3.61588 8
      vertex -2.27784 -3.40903 8
    endloop
  endfacet
  facet normal 0 0 1
    outer loop
      vertex -7.13043 -15.9628 8
      vertex -2.27784 -3.40903 8
      vertex -2.60101 -3.16934 8
    endloop
  endfacet
  facet normal 0 0 1
    outer loop
      vertex -7.13043 -15.9628 8
      vertex -2.60101 -3.16934 8
      vertex -2.89914 -2.89914 8
    endloop
  endfacet
  facet normal 0 0 1
    outer loop
      vertex -7.13043 -15.9628 8
      vertex -2.89914 -2.89914 8
      vertex -3.16934 -2.60101 8
    endloop
  endfacet
  facet normal 0 0 1
    outer loop
      vertex -7.13043 -15.9628 8
      vertex -3.16934 -2.60101 8
      vertex -3.40903 -2.27784 8
    endloop
  endfacet
  facet normal 0 0 1
    outer loop
      vertex -0.79987 -4.02122 8
      vertex -3.41408 -17.1637 8
      vertex -1.84717 -17.3962 8
    endloop
  endfacet
  facet normal 0 0 1
    outer loop
      vertex -7.13043 -15.9628 8
      vertex -3.40903 -2.27784 8
      vertex -3.61588 -1.93273 8
    endloop
  endfacet
  facet normal 0 0 1
    outer loop
      vertex -0.79987 -4.02122 8
      vertex -3.6176 -17.1128 8
      vertex -3.41408 -17.1637 8
    endloop
  endfacet
  facet normal 0 0 1
    outer loop
      vertex -7.13043 -15.9628 8
      vertex -3.61588 -1.93273 8
      vertex -3.78791 -1.569 8
    endloop
  endfacet
  facet normal 0 0 1
    outer loop
      vertex -7.13043 -15.9628 8
      vertex -3.78791 -1.569 8
      vertex -3.92346 -1.19017 8
    endloop
  endfacet
  facet normal 0 0 1
    outer loop
      vertex -7.13043 -15.9628 8
      vertex -3.92346 -1.19017 8
      vertex -4.02122 -0.79987 8
    endloop
  endfacet
  facet normal 0 0 1
    outer loop
      vertex -7.13043 -15.9628 8
      vertex -4.02122 -0.79987 8
      vertex -4.08026 -0.40187 8
    endloop
  endfacet
  facet normal 0 0 1
    outer loop
      vertex -3.40903 2.27784 8
      vertex -15.1503 8.72206 8
      vertex -3.61588 1.93273 8
    endloop
  endfacet
  facet normal -0 0 1
    outer loop
      vertex -15.1503 8.72206 8
      vertex -3.40903 2.27784 8
      vertex -12.9745 11.7122 8
    endloop
  endfacet
  facet normal 0 0 1
    outer loop
      vertex -4.1 0 8
      vertex -7.13043 -15.9628 8
      vertex -4.08026 -0.40187 8
    endloop
  endfacet
  facet normal 0 0 1
    outer loop
      vertex -7.60692 18.5576 8
      vertex -4.75375 19.4846 8
      vertex -6.13263 21.1395 8
    endloop
  endfacet
  facet normal 0 0 1
    outer loop
      vertex -1.19017 -3.92346 8
      vertex -7.13043 -15.9628 8
      vertex -3.6176 -17.1128 8
    endloop
  endfacet
  facet normal 0 0 1
    outer loop
      vertex -7.13043 -15.9628 8
      vertex -4.75375 -19.4846 8
      vertex -3.6176 -17.1128 8
    endloop
  endfacet
  facet normal 0 0 1
    outer loop
      vertex -7.60692 18.5576 8
      vertex -6.13263 21.1395 8
      vertex -7.4641 20.7069 8
    endloop
  endfacet
  facet normal 0 0 1
    outer loop
      vertex -4.75375 19.4846 8
      vertex -7.60692 18.5576 8
      vertex -7.13043 15.9628 8
    endloop
  endfacet
  facet normal 0.991228 -0.132162 0
    outer loop
      vertex 1.5 -20 8
      vertex 1.84717 -17.3962 0
      vertex 1.84717 -17.3962 8
    endloop
  endfacet
  facet normal 0.991228 -0.132162 0
    outer loop
      vertex 1.84717 -17.3962 0
      vertex 1.5 -20 8
      vertex 1.5 -20 0
    endloop
  endfacet
  facet normal 0.146774 -0.98917 0
    outer loop
      vertex 1.84717 -17.3962 0
      vertex 3.41408 -17.1637 8
      vertex 1.84717 -17.3962 8
    endloop
  endfacet
  facet normal 0.146774 -0.98917 0
    outer loop
      vertex 3.41408 -17.1637 8
      vertex 1.84717 -17.3962 0
      vertex 3.41408 -17.1637 0
    endloop
  endfacet
  facet normal 0.242625 -0.97012 0
    outer loop
      vertex 3.41408 -17.1637 0
      vertex 3.6176 -17.1128 8
      vertex 3.41408 -17.1637 8
    endloop
  endfacet
  facet normal 0.242625 -0.97012 0
    outer loop
      vertex 3.6176 -17.1128 8
      vertex 3.41408 -17.1637 0
      vertex 3.6176 -17.1128 0
    endloop
  endfacet
  facet normal -0.901866 -0.432016 0
    outer loop
      vertex 4.75375 -19.4846 0
      vertex 3.6176 -17.1128 8
      vertex 3.6176 -17.1128 0
    endloop
  endfacet
  facet normal -0.901866 -0.432016 0
    outer loop
      vertex 3.6176 -17.1128 8
      vertex 4.75375 -19.4846 0
      vertex 4.75375 -19.4846 8
    endloop
  endfacet
  facet normal -0.768268 -0.640129 0
    outer loop
      vertex 6.13263 -21.1395 0
      vertex 4.75375 -19.4846 8
      vertex 4.75375 -19.4846 0
    endloop
  endfacet
  facet normal -0.768268 -0.640129 0
    outer loop
      vertex 4.75375 -19.4846 8
      vertex 6.13263 -21.1395 0
      vertex 6.13263 -21.1395 8
    endloop
  endfacet
  facet normal 0.309004 -0.951061 0
    outer loop
      vertex 6.13263 -21.1395 0
      vertex 7.4641 -20.7069 8
      vertex 6.13263 -21.1395 8
    endloop
  endfacet
  facet normal 0.309004 -0.951061 0
    outer loop
      vertex 7.4641 -20.7069 8
      vertex 6.13263 -21.1395 0
      vertex 7.4641 -20.7069 0
    endloop
  endfacet
  facet normal 0.9978 -0.0663033 0
    outer loop
      vertex 7.4641 -20.7069 8
      vertex 7.60692 -18.5576 0
      vertex 7.60692 -18.5576 8
    endloop
  endfacet
  facet normal 0.9978 -0.0663033 0
    outer loop
      vertex 7.60692 -18.5576 0
      vertex 7.4641 -20.7069 8
      vertex 7.4641 -20.7069 0
    endloop
  endfacet
  facet normal 0.983554 0.180613 0
    outer loop
      vertex 7.60692 -18.5576 8
      vertex 7.13043 -15.9628 0
      vertex 7.13043 -15.9628 8
    endloop
  endfacet
  facet normal 0.983554 0.180613 0
    outer loop
      vertex 7.13043 -15.9628 0
      vertex 7.60692 -18.5576 8
      vertex 7.60692 -18.5576 0
    endloop
  endfacet
  facet normal 0.427521 -0.904006 0
    outer loop
      vertex 7.13043 -15.9628 0
      vertex 8.24944 -15.4336 8
      vertex 7.13043 -15.9628 8
    endloop
  endfacet
  facet normal 0.427521 -0.904006 0
    outer loop
      vertex 8.24944 -15.4336 8
      vertex 7.13043 -15.9628 0
      vertex 8.24944 -15.4336 0
    endloop
  endfacet
  facet normal 0.514133 -0.857711 0
    outer loop
      vertex 8.24944 -15.4336 0
      vertex 8.72206 -15.1503 8
      vertex 8.24944 -15.4336 8
    endloop
  endfacet
  facet normal 0.514133 -0.857711 0
    outer loop
      vertex 8.72206 -15.1503 8
      vertex 8.24944 -15.4336 0
      vertex 8.72206 -15.1503 0
    endloop
  endfacet
  facet normal -0.724238 -0.689551 0
    outer loop
      vertex 10.5422 -17.062 0
      vertex 8.72206 -15.1503 8
      vertex 8.72206 -15.1503 0
    endloop
  endfacet
  facet normal -0.724238 -0.689551 0
    outer loop
      vertex 8.72206 -15.1503 8
      vertex 10.5422 -17.062 0
      vertex 10.5422 -17.062 8
    endloop
  endfacet
  facet normal -0.53285 -0.84621 0
    outer loop
      vertex 10.5422 -17.062 0
      vertex 12.365 -18.2098 8
      vertex 10.5422 -17.062 8
    endloop
  endfacet
  facet normal -0.53285 -0.84621 -0
    outer loop
      vertex 12.365 -18.2098 8
      vertex 10.5422 -17.062 0
      vertex 12.365 -18.2098 0
    endloop
  endfacet
  facet normal 0.587794 -0.809011 0
    outer loop
      vertex 12.365 -18.2098 0
      vertex 13.4976 -17.3869 8
      vertex 12.365 -18.2098 8
    endloop
  endfacet
  facet normal 0.587794 -0.809011 0
    outer loop
      vertex 13.4976 -17.3869 8
      vertex 12.365 -18.2098 0
      vertex 13.4976 -17.3869 0
    endloop
  endfacet
  facet normal 0.969445 0.245309 0
    outer loop
      vertex 13.4976 -17.3869 8
      vertex 12.9692 -15.2987 0
      vertex 12.9692 -15.2987 8
    endloop
  endfacet
  facet normal 0.969445 0.245309 0
    outer loop
      vertex 12.9692 -15.2987 0
      vertex 13.4976 -17.3869 8
      vertex 13.4976 -17.3869 0
    endloop
  endfacet
  facet normal 0.8796 0.475715 0
    outer loop
      vertex 12.9692 -15.2987 8
      vertex 11.7122 -12.9745 0
      vertex 11.7122 -12.9745 8
    endloop
  endfacet
  facet normal 0.8796 0.475715 0
    outer loop
      vertex 11.7122 -12.9745 0
      vertex 12.9692 -15.2987 8
      vertex 12.9692 -15.2987 0
    endloop
  endfacet
  facet normal 0.671508 -0.740997 0
    outer loop
      vertex 11.7122 -12.9745 0
      vertex 12.3744 -12.3744 8
      vertex 11.7122 -12.9745 8
    endloop
  endfacet
  facet normal 0.671508 -0.740997 0
    outer loop
      vertex 12.3744 -12.3744 8
      vertex 11.7122 -12.9745 0
      vertex 12.3744 -12.3744 0
    endloop
  endfacet
  facet normal 0.740997 -0.671508 0
    outer loop
      vertex 12.3744 -12.3744 8
      vertex 12.9745 -11.7122 0
      vertex 12.9745 -11.7122 8
    endloop
  endfacet
  facet normal 0.740997 -0.671508 0
    outer loop
      vertex 12.9745 -11.7122 0
      vertex 12.3744 -12.3744 8
      vertex 12.3744 -12.3744 0
    endloop
  endfacet
  facet normal -0.475715 -0.8796 0
    outer loop
      vertex 12.9745 -11.7122 0
      vertex 15.2987 -12.9692 8
      vertex 12.9745 -11.7122 8
    endloop
  endfacet
  facet normal -0.475715 -0.8796 -0
    outer loop
      vertex 15.2987 -12.9692 8
      vertex 12.9745 -11.7122 0
      vertex 15.2987 -12.9692 0
    endloop
  endfacet
  facet normal -0.245309 -0.969445 0
    outer loop
      vertex 15.2987 -12.9692 0
      vertex 17.3869 -13.4976 8
      vertex 15.2987 -12.9692 8
    endloop
  endfacet
  facet normal -0.245309 -0.969445 -0
    outer loop
      vertex 17.3869 -13.4976 8
      vertex 15.2987 -12.9692 0
      vertex 17.3869 -13.4976 0
    endloop
  endfacet
  facet normal 0.809011 -0.587794 0
    outer loop
      vertex 17.3869 -13.4976 8
      vertex 18.2098 -12.365 0
      vertex 18.2098 -12.365 8
    endloop
  endfacet
  facet normal 0.809011 -0.587794 0
    outer loop
      vertex 18.2098 -12.365 0
      vertex 17.3869 -13.4976 8
      vertex 17.3869 -13.4976 0
    endloop
  endfacet
  facet normal 0.84621 0.53285 0
    outer loop
      vertex 18.2098 -12.365 8
      vertex 17.062 -10.5422 0
      vertex 17.062 -10.5422 8
    endloop
  endfacet
  facet normal 0.84621 0.53285 0
    outer loop
      vertex 17.062 -10.5422 0
      vertex 18.2098 -12.365 8
      vertex 18.2098 -12.365 0
    endloop
  endfacet
  facet normal 0.689551 0.724238 -0
    outer loop
      vertex 17.062 -10.5422 0
      vertex 15.1503 -8.72206 8
      vertex 17.062 -10.5422 8
    endloop
  endfacet
  facet normal 0.689551 0.724238 0
    outer loop
      vertex 15.1503 -8.72206 8
      vertex 17.062 -10.5422 0
      vertex 15.1503 -8.72206 0
    endloop
  endfacet
  facet normal 0.857711 -0.514133 0
    outer loop
      vertex 15.1503 -8.72206 8
      vertex 15.4336 -8.24944 0
      vertex 15.4336 -8.24944 8
    endloop
  endfacet
  facet normal 0.857711 -0.514133 0
    outer loop
      vertex 15.4336 -8.24944 0
      vertex 15.1503 -8.72206 8
      vertex 15.1503 -8.72206 0
    endloop
  endfacet
  facet normal 0.904006 -0.427521 0
    outer loop
      vertex 15.4336 -8.24944 8
      vertex 15.9628 -7.13043 0
      vertex 15.9628 -7.13043 8
    endloop
  endfacet
  facet normal 0.904006 -0.427521 0
    outer loop
      vertex 15.9628 -7.13043 0
      vertex 15.4336 -8.24944 8
      vertex 15.4336 -8.24944 0
    endloop
  endfacet
  facet normal -0.180613 -0.983554 0
    outer loop
      vertex 15.9628 -7.13043 0
      vertex 18.5576 -7.60692 8
      vertex 15.9628 -7.13043 8
    endloop
  endfacet
  facet normal -0.180613 -0.983554 -0
    outer loop
      vertex 18.5576 -7.60692 8
      vertex 15.9628 -7.13043 0
      vertex 18.5576 -7.60692 0
    endloop
  endfacet
  facet normal 0.0663033 -0.9978 0
    outer loop
      vertex 18.5576 -7.60692 0
      vertex 20.7069 -7.4641 8
      vertex 18.5576 -7.60692 8
    endloop
  endfacet
  facet normal 0.0663033 -0.9978 0
    outer loop
      vertex 20.7069 -7.4641 8
      vertex 18.5576 -7.60692 0
      vertex 20.7069 -7.4641 0
    endloop
  endfacet
  facet normal 0.951061 -0.309004 0
    outer loop
      vertex 20.7069 -7.4641 8
      vertex 21.1395 -6.13263 0
      vertex 21.1395 -6.13263 8
    endloop
  endfacet
  facet normal 0.951061 -0.309004 0
    outer loop
      vertex 21.1395 -6.13263 0
      vertex 20.7069 -7.4641 8
      vertex 20.7069 -7.4641 0
    endloop
  endfacet
  facet normal 0.640129 0.768268 -0
    outer loop
      vertex 21.1395 -6.13263 0
      vertex 19.4846 -4.75375 8
      vertex 21.1395 -6.13263 8
    endloop
  endfacet
  facet normal 0.640129 0.768268 0
    outer loop
      vertex 19.4846 -4.75375 8
      vertex 21.1395 -6.13263 0
      vertex 19.4846 -4.75375 0
    endloop
  endfacet
  facet normal 0.432016 0.901866 -0
    outer loop
      vertex 19.4846 -4.75375 0
      vertex 17.1128 -3.6176 8
      vertex 19.4846 -4.75375 8
    endloop
  endfacet
  facet normal 0.432016 0.901866 0
    outer loop
      vertex 17.1128 -3.6176 8
      vertex 19.4846 -4.75375 0
      vertex 17.1128 -3.6176 0
    endloop
  endfacet
  facet normal 0.97012 -0.242625 0
    outer loop
      vertex 17.1128 -3.6176 8
      vertex 17.1637 -3.41408 0
      vertex 17.1637 -3.41408 8
    endloop
  endfacet
  facet normal 0.97012 -0.242625 0
    outer loop
      vertex 17.1637 -3.41408 0
      vertex 17.1128 -3.6176 8
      vertex 17.1128 -3.6176 0
    endloop
  endfacet
  facet normal 0.98917 -0.146774 0
    outer loop
      vertex 17.1637 -3.41408 8
      vertex 17.3962 -1.84717 0
      vertex 17.3962 -1.84717 8
    endloop
  endfacet
  facet normal 0.98917 -0.146774 0
    outer loop
      vertex 17.3962 -1.84717 0
      vertex 17.1637 -3.41408 8
      vertex 17.1637 -3.41408 0
    endloop
  endfacet
  facet normal 0.132162 -0.991228 0
    outer loop
      vertex 17.3962 -1.84717 0
      vertex 20 -1.5 8
      vertex 17.3962 -1.84717 8
    endloop
  endfacet
  facet normal 0.132162 -0.991228 0
    outer loop
      vertex 20 -1.5 8
      vertex 17.3962 -1.84717 0
      vertex 20 -1.5 0
    endloop
  endfacet
  facet normal 0.371392 -0.928476 0
    outer loop
      vertex 20 -1.5 0
      vertex 22 -0.699997 8
      vertex 20 -1.5 8
    endloop
  endfacet
  facet normal 0.371392 -0.928476 0
    outer loop
      vertex 22 -0.699997 8
      vertex 20 -1.5 0
      vertex 22 -0.699997 0
    endloop
  endfacet
  facet normal 1 -0 0
    outer loop
      vertex 22 -0.699997 8
      vertex 22 0.699997 0
      vertex 22 0.699997 8
    endloop
  endfacet
  facet normal 1 0 0
    outer loop
      vertex 22 0.699997 0
      vertex 22 -0.699997 8
      vertex 22 -0.699997 0
    endloop
  endfacet
  facet normal 0.371392 0.928476 -0
    outer loop
      vertex 22 0.699997 0
      vertex 20 1.5 8
      vertex 22 0.699997 8
    endloop
  endfacet
  facet normal 0.371392 0.928476 0
    outer loop
      vertex 20 1.5 8
      vertex 22 0.699997 0
      vertex 20 1.5 0
    endloop
  endfacet
  facet normal 0.132162 0.991228 -0
    outer loop
      vertex 20 1.5 0
      vertex 17.3962 1.84717 8
      vertex 20 1.5 8
    endloop
  endfacet
  facet normal 0.132162 0.991228 0
    outer loop
      vertex 17.3962 1.84717 8
      vertex 20 1.5 0
      vertex 17.3962 1.84717 0
    endloop
  endfacet
  facet normal 0.98917 0.146774 0
    outer loop
      vertex 17.3962 1.84717 8
      vertex 17.1637 3.41408 0
      vertex 17.1637 3.41408 8
    endloop
  endfacet
  facet normal 0.98917 0.146774 0
    outer loop
      vertex 17.1637 3.41408 0
      vertex 17.3962 1.84717 8
      vertex 17.3962 1.84717 0
    endloop
  endfacet
  facet normal 0.97012 0.242625 0
    outer loop
      vertex 17.1637 3.41408 8
      vertex 17.1128 3.6176 0
      vertex 17.1128 3.6176 8
    endloop
  endfacet
  facet normal 0.97012 0.242625 0
    outer loop
      vertex 17.1128 3.6176 0
      vertex 17.1637 3.41408 8
      vertex 17.1637 3.41408 0
    endloop
  endfacet
  facet normal 0.432016 -0.901866 0
    outer loop
      vertex 17.1128 3.6176 0
      vertex 19.4846 4.75375 8
      vertex 17.1128 3.6176 8
    endloop
  endfacet
  facet normal 0.432016 -0.901866 0
    outer loop
      vertex 19.4846 4.75375 8
      vertex 17.1128 3.6176 0
      vertex 19.4846 4.75375 0
    endloop
  endfacet
  facet normal 0.640129 -0.768268 0
    outer loop
      vertex 19.4846 4.75375 0
      vertex 21.1395 6.13263 8
      vertex 19.4846 4.75375 8
    endloop
  endfacet
  facet normal 0.640129 -0.768268 0
    outer loop
      vertex 21.1395 6.13263 8
      vertex 19.4846 4.75375 0
      vertex 21.1395 6.13263 0
    endloop
  endfacet
  facet normal 0.951061 0.309004 0
    outer loop
      vertex 21.1395 6.13263 8
      vertex 20.7069 7.4641 0
      vertex 20.7069 7.4641 8
    endloop
  endfacet
  facet normal 0.951061 0.309004 0
    outer loop
      vertex 20.7069 7.4641 0
      vertex 21.1395 6.13263 8
      vertex 21.1395 6.13263 0
    endloop
  endfacet
  facet normal 0.0663033 0.9978 -0
    outer loop
      vertex 20.7069 7.4641 0
      vertex 18.5576 7.60692 8
      vertex 20.7069 7.4641 8
    endloop
  endfacet
  facet normal 0.0663033 0.9978 0
    outer loop
      vertex 18.5576 7.60692 8
      vertex 20.7069 7.4641 0
      vertex 18.5576 7.60692 0
    endloop
  endfacet
  facet normal -0.180613 0.983554 0
    outer loop
      vertex 18.5576 7.60692 0
      vertex 15.9628 7.13043 8
      vertex 18.5576 7.60692 8
    endloop
  endfacet
  facet normal -0.180613 0.983554 0
    outer loop
      vertex 15.9628 7.13043 8
      vertex 18.5576 7.60692 0
      vertex 15.9628 7.13043 0
    endloop
  endfacet
  facet normal 0.904006 0.427521 0
    outer loop
      vertex 15.9628 7.13043 8
      vertex 15.4336 8.24944 0
      vertex 15.4336 8.24944 8
    endloop
  endfacet
  facet normal 0.904006 0.427521 0
    outer loop
      vertex 15.4336 8.24944 0
      vertex 15.9628 7.13043 8
      vertex 15.9628 7.13043 0
    endloop
  endfacet
  facet normal 0.857711 0.514133 0
    outer loop
      vertex 15.4336 8.24944 8
      vertex 15.1503 8.72206 0
      vertex 15.1503 8.72206 8
    endloop
  endfacet
  facet normal 0.857711 0.514133 0
    outer loop
      vertex 15.1503 8.72206 0
      vertex 15.4336 8.24944 8
      vertex 15.4336 8.24944 0
    endloop
  endfacet
  facet normal 0.689551 -0.724238 0
    outer loop
      vertex 15.1503 8.72206 0
      vertex 17.062 10.5422 8
      vertex 15.1503 8.72206 8
    endloop
  endfacet
  facet normal 0.689551 -0.724238 0
    outer loop
      vertex 17.062 10.5422 8
      vertex 15.1503 8.72206 0
      vertex 17.062 10.5422 0
    endloop
  endfacet
  facet normal 0.84621 -0.53285 0
    outer loop
      vertex 17.062 10.5422 8
      vertex 18.2098 12.365 0
      vertex 18.2098 12.365 8
    endloop
  endfacet
  facet normal 0.84621 -0.53285 0
    outer loop
      vertex 18.2098 12.365 0
      vertex 17.062 10.5422 8
      vertex 17.062 10.5422 0
    endloop
  endfacet
  facet normal 0.809011 0.587794 0
    outer loop
      vertex 18.2098 12.365 8
      vertex 17.3869 13.4976 0
      vertex 17.3869 13.4976 8
    endloop
  endfacet
  facet normal 0.809011 0.587794 0
    outer loop
      vertex 17.3869 13.4976 0
      vertex 18.2098 12.365 8
      vertex 18.2098 12.365 0
    endloop
  endfacet
  facet normal -0.245309 0.969445 0
    outer loop
      vertex 17.3869 13.4976 0
      vertex 15.2987 12.9692 8
      vertex 17.3869 13.4976 8
    endloop
  endfacet
  facet normal -0.245309 0.969445 0
    outer loop
      vertex 15.2987 12.9692 8
      vertex 17.3869 13.4976 0
      vertex 15.2987 12.9692 0
    endloop
  endfacet
  facet normal -0.475715 0.8796 0
    outer loop
      vertex 15.2987 12.9692 0
      vertex 12.9745 11.7122 8
      vertex 15.2987 12.9692 8
    endloop
  endfacet
  facet normal -0.475715 0.8796 0
    outer loop
      vertex 12.9745 11.7122 8
      vertex 15.2987 12.9692 0
      vertex 12.9745 11.7122 0
    endloop
  endfacet
  facet normal 0.740997 0.671508 0
    outer loop
      vertex 12.9745 11.7122 8
      vertex 12.3744 12.3744 0
      vertex 12.3744 12.3744 8
    endloop
  endfacet
  facet normal 0.740997 0.671508 0
    outer loop
      vertex 12.3744 12.3744 0
      vertex 12.9745 11.7122 8
      vertex 12.9745 11.7122 0
    endloop
  endfacet
  facet normal 0.671508 0.740997 -0
    outer loop
      vertex 12.3744 12.3744 0
      vertex 11.7122 12.9745 8
      vertex 12.3744 12.3744 8
    endloop
  endfacet
  facet normal 0.671508 0.740997 0
    outer loop
      vertex 11.7122 12.9745 8
      vertex 12.3744 12.3744 0
      vertex 11.7122 12.9745 0
    endloop
  endfacet
  facet normal 0.8796 -0.475715 0
    outer loop
      vertex 11.7122 12.9745 8
      vertex 12.9692 15.2987 0
      vertex 12.9692 15.2987 8
    endloop
  endfacet
  facet normal 0.8796 -0.475715 0
    outer loop
      vertex 12.9692 15.2987 0
      vertex 11.7122 12.9745 8
      vertex 11.7122 12.9745 0
    endloop
  endfacet
  facet normal 0.969445 -0.245309 0
    outer loop
      vertex 12.9692 15.2987 8
      vertex 13.4976 17.3869 0
      vertex 13.4976 17.3869 8
    endloop
  endfacet
  facet normal 0.969445 -0.245309 0
    outer loop
      vertex 13.4976 17.3869 0
      vertex 12.9692 15.2987 8
      vertex 12.9692 15.2987 0
    endloop
  endfacet
  facet normal 0.587794 0.809011 -0
    outer loop
      vertex 13.4976 17.3869 0
      vertex 12.365 18.2098 8
      vertex 13.4976 17.3869 8
    endloop
  endfacet
  facet normal 0.587794 0.809011 0
    outer loop
      vertex 12.365 18.2098 8
      vertex 13.4976 17.3869 0
      vertex 12.365 18.2098 0
    endloop
  endfacet
  facet normal -0.53285 0.84621 0
    outer loop
      vertex 12.365 18.2098 0
      vertex 10.5422 17.062 8
      vertex 12.365 18.2098 8
    endloop
  endfacet
  facet normal -0.53285 0.84621 0
    outer loop
      vertex 10.5422 17.062 8
      vertex 12.365 18.2098 0
      vertex 10.5422 17.062 0
    endloop
  endfacet
  facet normal -0.724238 0.689551 0
    outer loop
      vertex 8.72206 15.1503 0
      vertex 10.5422 17.062 8
      vertex 10.5422 17.062 0
    endloop
  endfacet
  facet normal -0.724238 0.689551 0
    outer loop
      vertex 10.5422 17.062 8
      vertex 8.72206 15.1503 0
      vertex 8.72206 15.1503 8
    endloop
  endfacet
  facet normal 0.514133 0.857711 -0
    outer loop
      vertex 8.72206 15.1503 0
      vertex 8.24944 15.4336 8
      vertex 8.72206 15.1503 8
    endloop
  endfacet
  facet normal 0.514133 0.857711 0
    outer loop
      vertex 8.24944 15.4336 8
      vertex 8.72206 15.1503 0
      vertex 8.24944 15.4336 0
    endloop
  endfacet
  facet normal 0.427521 0.904006 -0
    outer loop
      vertex 8.24944 15.4336 0
      vertex 7.13043 15.9628 8
      vertex 8.24944 15.4336 8
    endloop
  endfacet
  facet normal 0.427521 0.904006 0
    outer loop
      vertex 7.13043 15.9628 8
      vertex 8.24944 15.4336 0
      vertex 7.13043 15.9628 0
    endloop
  endfacet
  facet normal 0.983554 -0.180613 0
    outer loop
      vertex 7.13043 15.9628 8
      vertex 7.60692 18.5576 0
      vertex 7.60692 18.5576 8
    endloop
  endfacet
  facet normal 0.983554 -0.180613 0
    outer loop
      vertex 7.60692 18.5576 0
      vertex 7.13043 15.9628 8
      vertex 7.13043 15.9628 0
    endloop
  endfacet
  facet normal 0.9978 0.0663033 0
    outer loop
      vertex 7.60692 18.5576 8
      vertex 7.4641 20.7069 0
      vertex 7.4641 20.7069 8
    endloop
  endfacet
  facet normal 0.9978 0.0663033 0
    outer loop
      vertex 7.4641 20.7069 0
      vertex 7.60692 18.5576 8
      vertex 7.60692 18.5576 0
    endloop
  endfacet
  facet normal 0.309004 0.951061 -0
    outer loop
      vertex 7.4641 20.7069 0
      vertex 6.13263 21.1395 8
      vertex 7.4641 20.7069 8
    endloop
  endfacet
  facet normal 0.309004 0.951061 0
    outer loop
      vertex 6.13263 21.1395 8
      vertex 7.4641 20.7069 0
      vertex 6.13263 21.1395 0
    endloop
  endfacet
  facet normal -0.768268 0.640129 0
    outer loop
      vertex 4.75375 19.4846 0
      vertex 6.13263 21.1395 8
      vertex 6.13263 21.1395 0
    endloop
  endfacet
  facet normal -0.768268 0.640129 0
    outer loop
      vertex 6.13263 21.1395 8
      vertex 4.75375 19.4846 0
      vertex 4.75375 19.4846 8
    endloop
  endfacet
  facet normal -0.901866 0.432016 0
    outer loop
      vertex 3.6176 17.1128 0
      vertex 4.75375 19.4846 8
      vertex 4.75375 19.4846 0
    endloop
  endfacet
  facet normal -0.901866 0.432016 0
    outer loop
      vertex 4.75375 19.4846 8
      vertex 3.6176 17.1128 0
      vertex 3.6176 17.1128 8
    endloop
  endfacet
  facet normal 0.242625 0.97012 -0
    outer loop
      vertex 3.6176 17.1128 0
      vertex 3.41408 17.1637 8
      vertex 3.6176 17.1128 8
    endloop
  endfacet
  facet normal 0.242625 0.97012 0
    outer loop
      vertex 3.41408 17.1637 8
      vertex 3.6176 17.1128 0
      vertex 3.41408 17.1637 0
    endloop
  endfacet
  facet normal 0.146774 0.98917 -0
    outer loop
      vertex 3.41408 17.1637 0
      vertex 1.84717 17.3962 8
      vertex 3.41408 17.1637 8
    endloop
  endfacet
  facet normal 0.146774 0.98917 0
    outer loop
      vertex 1.84717 17.3962 8
      vertex 3.41408 17.1637 0
      vertex 1.84717 17.3962 0
    endloop
  endfacet
  facet normal 0.991228 0.132162 0
    outer loop
      vertex 1.84717 17.3962 8
      vertex 1.5 20 0
      vertex 1.5 20 8
    endloop
  endfacet
  facet normal 0.991228 0.132162 0
    outer loop
      vertex 1.5 20 0
      vertex 1.84717 17.3962 8
      vertex 1.84717 17.3962 0
    endloop
  endfacet
  facet normal 0.928476 0.371392 0
    outer loop
      vertex 1.5 20 8
      vertex 0.699997 22 0
      vertex 0.699997 22 8
    endloop
  endfacet
  facet normal 0.928476 0.371392 0
    outer loop
      vertex 0.699997 22 0
      vertex 1.5 20 8
      vertex 1.5 20 0
    endloop
  endfacet
  facet normal 0 1 -0
    outer loop
      vertex 0.699997 22 0
      vertex -0.699997 22 8
      vertex 0.699997 22 8
    endloop
  endfacet
  facet normal 0 1 0
    outer loop
      vertex -0.699997 22 8
      vertex 0.699997 22 0
      vertex -0.699997 22 0
    endloop
  endfacet
  facet normal -0.928476 0.371392 0
    outer loop
      vertex -1.5 20 0
      vertex -0.699997 22 8
      vertex -0.699997 22 0
    endloop
  endfacet
  facet normal -0.928476 0.371392 0
    outer loop
      vertex -0.699997 22 8
      vertex -1.5 20 0
      vertex -1.5 20 8
    endloop
  endfacet
  facet normal -0.991228 0.132162 0
    outer loop
      vertex -1.84717 17.3962 0
      vertex -1.5 20 8
      vertex -1.5 20 0
    endloop
  endfacet
  facet normal -0.991228 0.132162 0
    outer loop
      vertex -1.5 20 8
      vertex -1.84717 17.3962 0
      vertex -1.84717 17.3962 8
    endloop
  endfacet
  facet normal -0.146774 0.98917 0
    outer loop
      vertex -1.84717 17.3962 0
      vertex -3.41408 17.1637 8
      vertex -1.84717 17.3962 8
    endloop
  endfacet
  facet normal -0.146774 0.98917 0
    outer loop
      vertex -3.41408 17.1637 8
      vertex -1.84717 17.3962 0
      vertex -3.41408 17.1637 0
    endloop
  endfacet
  facet normal -0.242625 0.97012 0
    outer loop
      vertex -3.41408 17.1637 0
      vertex -3.6176 17.1128 8
      vertex -3.41408 17.1637 8
    endloop
  endfacet
  facet normal -0.242625 0.97012 0
    outer loop
      vertex -3.6176 17.1128 8
      vertex -3.41408 17.1637 0
      vertex -3.6176 17.1128 0
    endloop
  endfacet
  facet normal 0.901866 0.432016 0
    outer loop
      vertex -3.6176 17.1128 8
      vertex -4.75375 19.4846 0
      vertex -4.75375 19.4846 8
    endloop
  endfacet
  facet normal 0.901866 0.432016 0
    outer loop
      vertex -4.75375 19.4846 0
      vertex -3.6176 17.1128 8
      vertex -3.6176 17.1128 0
    endloop
  endfacet
  facet normal 0.768268 0.640129 0
    outer loop
      vertex -4.75375 19.4846 8
      vertex -6.13263 21.1395 0
      vertex -6.13263 21.1395 8
    endloop
  endfacet
  facet normal 0.768268 0.640129 0
    outer loop
      vertex -6.13263 21.1395 0
      vertex -4.75375 19.4846 8
      vertex -4.75375 19.4846 0
    endloop
  endfacet
  facet normal -0.309004 0.951061 0
    outer loop
      vertex -6.13263 21.1395 0
      vertex -7.4641 20.7069 8
      vertex -6.13263 21.1395 8
    endloop
  endfacet
  facet normal -0.309004 0.951061 0
    outer loop
      vertex -7.4641 20.7069 8
      vertex -6.13263 21.1395 0
      vertex -7.4641 20.7069 0
    endloop
  endfacet
  facet normal -0.9978 0.0663033 0
    outer loop
      vertex -7.60692 18.5576 0
      vertex -7.4641 20.7069 8
      vertex -7.4641 20.7069 0
    endloop
  endfacet
  facet normal -0.9978 0.0663033 0
    outer loop
      vertex -7.4641 20.7069 8
      vertex -7.60692 18.5576 0
      vertex -7.60692 18.5576 8
    endloop
  endfacet
  facet normal -0.983554 -0.180613 0
    outer loop
      vertex -7.13043 15.9628 0
      vertex -7.60692 18.5576 8
      vertex -7.60692 18.5576 0
    endloop
  endfacet
  facet normal -0.983554 -0.180613 0
    outer loop
      vertex -7.60692 18.5576 8
      vertex -7.13043 15.9628 0
      vertex -7.13043 15.9628 8
    endloop
  endfacet
  facet normal -0.427521 0.904006 0
    outer loop
      vertex -7.13043 15.9628 0
      vertex -8.24944 15.4336 8
      vertex -7.13043 15.9628 8
    endloop
  endfacet
  facet normal -0.427521 0.904006 0
    outer loop
      vertex -8.24944 15.4336 8
      vertex -7.13043 15.9628 0
      vertex -8.24944 15.4336 0
    endloop
  endfacet
  facet normal -0.514133 0.857711 0
    outer loop
      vertex -8.24944 15.4336 0
      vertex -8.72206 15.1503 8
      vertex -8.24944 15.4336 8
    endloop
  endfacet
  facet normal -0.514133 0.857711 0
    outer loop
      vertex -8.72206 15.1503 8
      vertex -8.24944 15.4336 0
      vertex -8.72206 15.1503 0
    endloop
  endfacet
  facet normal 0.724238 0.689551 0
    outer loop
      vertex -8.72206 15.1503 8
      vertex -10.5422 17.062 0
      vertex -10.5422 17.062 8
    endloop
  endfacet
  facet normal 0.724238 0.689551 0
    outer loop
      vertex -10.5422 17.062 0
      vertex -8.72206 15.1503 8
      vertex -8.72206 15.1503 0
    endloop
  endfacet
  facet normal 0.53285 0.84621 -0
    outer loop
      vertex -10.5422 17.062 0
      vertex -12.365 18.2098 8
      vertex -10.5422 17.062 8
    endloop
  endfacet
  facet normal 0.53285 0.84621 0
    outer loop
      vertex -12.365 18.2098 8
      vertex -10.5422 17.062 0
      vertex -12.365 18.2098 0
    endloop
  endfacet
  facet normal -0.587794 0.809011 0
    outer loop
      vertex -12.365 18.2098 0
      vertex -13.4976 17.3869 8
      vertex -12.365 18.2098 8
    endloop
  endfacet
  facet normal -0.587794 0.809011 0
    outer loop
      vertex -13.4976 17.3869 8
      vertex -12.365 18.2098 0
      vertex -13.4976 17.3869 0
    endloop
  endfacet
  facet normal -0.969445 -0.245309 0
    outer loop
      vertex -12.9692 15.2987 0
      vertex -13.4976 17.3869 8
      vertex -13.4976 17.3869 0
    endloop
  endfacet
  facet normal -0.969445 -0.245309 0
    outer loop
      vertex -13.4976 17.3869 8
      vertex -12.9692 15.2987 0
      vertex -12.9692 15.2987 8
    endloop
  endfacet
  facet normal -0.8796 -0.475715 0
    outer loop
      vertex -11.7122 12.9745 0
      vertex -12.9692 15.2987 8
      vertex -12.9692 15.2987 0
    endloop
  endfacet
  facet normal -0.8796 -0.475715 0
    outer loop
      vertex -12.9692 15.2987 8
      vertex -11.7122 12.9745 0
      vertex -11.7122 12.9745 8
    endloop
  endfacet
  facet normal -0.671508 0.740997 0
    outer loop
      vertex -11.7122 12.9745 0
      vertex -12.3744 12.3744 8
      vertex -11.7122 12.9745 8
    endloop
  endfacet
  facet normal -0.671508 0.740997 0
    outer loop
      vertex -12.3744 12.3744 8
      vertex -11.7122 12.9745 0
      vertex -12.3744 12.3744 0
    endloop
  endfacet
  facet normal -0.740997 0.671508 0
    outer loop
      vertex -12.9745 11.7122 0
      vertex -12.3744 12.3744 8
      vertex -12.3744 12.3744 0
    endloop
  endfacet
  facet normal -0.740997 0.671508 0
    outer loop
      vertex -12.3744 12.3744 8
      vertex -12.9745 11.7122 0
      vertex -12.9745 11.7122 8
    endloop
  endfacet
  facet normal 0.475715 0.8796 -0
    outer loop
      vertex -12.9745 11.7122 0
      vertex -15.2987 12.9692 8
      vertex -12.9745 11.7122 8
    endloop
  endfacet
  facet normal 0.475715 0.8796 0
    outer loop
      vertex -15.2987 12.9692 8
      vertex -12.9745 11.7122 0
      vertex -15.2987 12.9692 0
    endloop
  endfacet
  facet normal 0.245309 0.969445 -0
    outer loop
      vertex -15.2987 12.9692 0
      vertex -17.3869 13.4976 8
      vertex -15.2987 12.9692 8
    endloop
  endfacet
  facet normal 0.245309 0.969445 0
    outer loop
      vertex -17.3869 13.4976 8
      vertex -15.2987 12.9692 0
      vertex -17.3869 13.4976 0
    endloop
  endfacet
  facet normal -0.809011 0.587794 0
    outer loop
      vertex -18.2098 12.365 0
      vertex -17.3869 13.4976 8
      vertex -17.3869 13.4976 0
    endloop
  endfacet
  facet normal -0.809011 0.587794 0
    outer loop
      vertex -17.3869 13.4976 8
      vertex -18.2098 12.365 0
      vertex -18.2098 12.365 8
    endloop
  endfacet
  facet normal -0.84621 -0.53285 0
    outer loop
      vertex -17.062 10.5422 0
      vertex -18.2098 12.365 8
      vertex -18.2098 12.365 0
    endloop
  endfacet
  facet normal -0.84621 -0.53285 0
    outer loop
      vertex -18.2098 12.365 8
      vertex -17.062 10.5422 0
      vertex -17.062 10.5422 8
    endloop
  endfacet
  facet normal -0.689551 -0.724238 0
    outer loop
      vertex -17.062 10.5422 0
      vertex -15.1503 8.72206 8
      vertex -17.062 10.5422 8
    endloop
  endfacet
  facet normal -0.689551 -0.724238 -0
    outer loop
      vertex -15.1503 8.72206 8
      vertex -17.062 10.5422 0
      vertex -15.1503 8.72206 0
    endloop
  endfacet
  facet normal -0.857711 0.514133 0
    outer loop
      vertex -15.4336 8.24944 0
      vertex -15.1503 8.72206 8
      vertex -15.1503 8.72206 0
    endloop
  endfacet
  facet normal -0.857711 0.514133 0
    outer loop
      vertex -15.1503 8.72206 8
      vertex -15.4336 8.24944 0
      vertex -15.4336 8.24944 8
    endloop
  endfacet
  facet normal -0.904006 0.427521 0
    outer loop
      vertex -15.9628 7.13043 0
      vertex -15.4336 8.24944 8
      vertex -15.4336 8.24944 0
    endloop
  endfacet
  facet normal -0.904006 0.427521 0
    outer loop
      vertex -15.4336 8.24944 8
      vertex -15.9628 7.13043 0
      vertex -15.9628 7.13043 8
    endloop
  endfacet
  facet normal 0.180613 0.983554 -0
    outer loop
      vertex -15.9628 7.13043 0
      vertex -18.5576 7.60692 8
      vertex -15.9628 7.13043 8
    endloop
  endfacet
  facet normal 0.180613 0.983554 0
    outer loop
      vertex -18.5576 7.60692 8
      vertex -15.9628 7.13043 0
      vertex -18.5576 7.60692 0
    endloop
  endfacet
  facet normal -0.0663033 0.9978 0
    outer loop
      vertex -18.5576 7.60692 0
      vertex -20.7069 7.4641 8
      vertex -18.5576 7.60692 8
    endloop
  endfacet
  facet normal -0.0663033 0.9978 0
    outer loop
      vertex -20.7069 7.4641 8
      vertex -18.5576 7.60692 0
      vertex -20.7069 7.4641 0
    endloop
  endfacet
  facet normal -0.951061 0.309004 0
    outer loop
      vertex -21.1395 6.13263 0
      vertex -20.7069 7.4641 8
      vertex -20.7069 7.4641 0
    endloop
  endfacet
  facet normal -0.951061 0.309004 0
    outer loop
      vertex -20.7069 7.4641 8
      vertex -21.1395 6.13263 0
      vertex -21.1395 6.13263 8
    endloop
  endfacet
  facet normal -0.640129 -0.768268 0
    outer loop
      vertex -21.1395 6.13263 0
      vertex -19.4846 4.75375 8
      vertex -21.1395 6.13263 8
    endloop
  endfacet
  facet normal -0.640129 -0.768268 -0
    outer loop
      vertex -19.4846 4.75375 8
      vertex -21.1395 6.13263 0
      vertex -19.4846 4.75375 0
    endloop
  endfacet
  facet normal -0.432016 -0.901866 0
    outer loop
      vertex -19.4846 4.75375 0
      vertex -17.1128 3.6176 8
      vertex -19.4846 4.75375 8
    endloop
  endfacet
  facet normal -0.432016 -0.901866 -0
    outer loop
      vertex -17.1128 3.6176 8
      vertex -19.4846 4.75375 0
      vertex -17.1128 3.6176 0
    endloop
  endfacet
  facet normal -0.97012 0.242625 0
    outer loop
      vertex -17.1637 3.41408 0
      vertex -17.1128 3.6176 8
      vertex -17.1128 3.6176 0
    endloop
  endfacet
  facet normal -0.97012 0.242625 0
    outer loop
      vertex -17.1128 3.6176 8
      vertex -17.1637 3.41408 0
      vertex -17.1637 3.41408 8
    endloop
  endfacet
  facet normal -0.98917 0.146774 0
    outer loop
      vertex -17.3962 1.84717 0
      vertex -17.1637 3.41408 8
      vertex -17.1637 3.41408 0
    endloop
  endfacet
  facet normal -0.98917 0.146774 0
    outer loop
      vertex -17.1637 3.41408 8
      vertex -17.3962 1.84717 0
      vertex -17.3962 1.84717 8
    endloop
  endfacet
  facet normal -0.132162 0.991228 0
    outer loop
      vertex -17.3962 1.84717 0
      vertex -20 1.5 8
      vertex -17.3962 1.84717 8
    endloop
  endfacet
  facet normal -0.132162 0.991228 0
    outer loop
      vertex -20 1.5 8
      vertex -17.3962 1.84717 0
      vertex -20 1.5 0
    endloop
  endfacet
  facet normal -0.371392 0.928476 0
    outer loop
      vertex -20 1.5 0
      vertex -22 0.699997 8
      vertex -20 1.5 8
    endloop
  endfacet
  facet normal -0.371392 0.928476 0
    outer loop
      vertex -22 0.699997 8
      vertex -20 1.5 0
      vertex -22 0.699997 0
    endloop
  endfacet
  facet normal -1 0 0
    outer loop
      vertex -22 -0.699997 0
      vertex -22 0.699997 8
      vertex -22 0.699997 0
    endloop
  endfacet
  facet normal -1 -0 0
    outer loop
      vertex -22 0.699997 8
      vertex -22 -0.699997 0
      vertex -22 -0.699997 8
    endloop
  endfacet
  facet normal -0.371392 -0.928476 0
    outer loop
      vertex -22 -0.699997 0
      vertex -20 -1.5 8
      vertex -22 -0.699997 8
    endloop
  endfacet
  facet normal -0.371392 -0.928476 -0
    outer loop
      vertex -20 -1.5 8
      vertex -22 -0.699997 0
      vertex -20 -1.5 0
    endloop
  endfacet
  facet normal -0.132162 -0.991228 0
    outer loop
      vertex -20 -1.5 0
      vertex -17.3962 -1.84717 8
      vertex -20 -1.5 8
    endloop
  endfacet
  facet normal -0.132162 -0.991228 -0
    outer loop
      vertex -17.3962 -1.84717 8
      vertex -20 -1.5 0
      vertex -17.3962 -1.84717 0
    endloop
  endfacet
  facet normal -0.98917 -0.146774 0
    outer loop
      vertex -17.1637 -3.41408 0
      vertex -17.3962 -1.84717 8
      vertex -17.3962 -1.84717 0
    endloop
  endfacet
  facet normal -0.98917 -0.146774 0
    outer loop
      vertex -17.3962 -1.84717 8
      vertex -17.1637 -3.41408 0
      vertex -17.1637 -3.41408 8
    endloop
  endfacet
  facet normal -0.97012 -0.242625 0
    outer loop
      vertex -17.1128 -3.6176 0
      vertex -17.1637 -3.41408 8
      vertex -17.1637 -3.41408 0
    endloop
  endfacet
  facet normal -0.97012 -0.242625 0
    outer loop
      vertex -17.1637 -3.41408 8
      vertex -17.1128 -3.6176 0
      vertex -17.1128 -3.6176 8
    endloop
  endfacet
  facet normal -0.432016 0.901866 0
    outer loop
      vertex -17.1128 -3.6176 0
      vertex -19.4846 -4.75375 8
      vertex -17.1128 -3.6176 8
    endloop
  endfacet
  facet normal -0.432016 0.901866 0
    outer loop
      vertex -19.4846 -4.75375 8
      vertex -17.1128 -3.6176 0
      vertex -19.4846 -4.75375 0
    endloop
  endfacet
  facet normal -0.640129 0.768268 0
    outer loop
      vertex -19.4846 -4.75375 0
      vertex -21.1395 -6.13263 8
      vertex -19.4846 -4.75375 8
    endloop
  endfacet
  facet normal -0.640129 0.768268 0
    outer loop
      vertex -21.1395 -6.13263 8
      vertex -19.4846 -4.75375 0
      vertex -21.1395 -6.13263 0
    endloop
  endfacet
  facet normal -0.951061 -0.309004 0
    outer loop
      vertex -20.7069 -7.4641 0
      vertex -21.1395 -6.13263 8
      vertex -21.1395 -6.13263 0
    endloop
  endfacet
  facet normal -0.951061 -0.309004 0
    outer loop
      vertex -21.1395 -6.13263 8
      vertex -20.7069 -7.4641 0
      vertex -20.7069 -7.4641 8
    endloop
  endfacet
  facet normal -0.0663033 -0.9978 0
    outer loop
      vertex -20.7069 -7.4641 0
      vertex -18.5576 -7.60692 8
      vertex -20.7069 -7.4641 8
    endloop
  endfacet
  facet normal -0.0663033 -0.9978 -0
    outer loop
      vertex -18.5576 -7.60692 8
      vertex -20.7069 -7.4641 0
      vertex -18.5576 -7.60692 0
    endloop
  endfacet
  facet normal 0.180613 -0.983554 0
    outer loop
      vertex -18.5576 -7.60692 0
      vertex -15.9628 -7.13043 8
      vertex -18.5576 -7.60692 8
    endloop
  endfacet
  facet normal 0.180613 -0.983554 0
    outer loop
      vertex -15.9628 -7.13043 8
      vertex -18.5576 -7.60692 0
      vertex -15.9628 -7.13043 0
    endloop
  endfacet
  facet normal -0.904006 -0.427521 0
    outer loop
      vertex -15.4336 -8.24944 0
      vertex -15.9628 -7.13043 8
      vertex -15.9628 -7.13043 0
    endloop
  endfacet
  facet normal -0.904006 -0.427521 0
    outer loop
      vertex -15.9628 -7.13043 8
      vertex -15.4336 -8.24944 0
      vertex -15.4336 -8.24944 8
    endloop
  endfacet
  facet normal -0.857711 -0.514133 0
    outer loop
      vertex -15.1503 -8.72206 0
      vertex -15.4336 -8.24944 8
      vertex -15.4336 -8.24944 0
    endloop
  endfacet
  facet normal -0.857711 -0.514133 0
    outer loop
      vertex -15.4336 -8.24944 8
      vertex -15.1503 -8.72206 0
      vertex -15.1503 -8.72206 8
    endloop
  endfacet
  facet normal -0.689551 0.724238 0
    outer loop
      vertex -15.1503 -8.72206 0
      vertex -17.062 -10.5422 8
      vertex -15.1503 -8.72206 8
    endloop
  endfacet
  facet normal -0.689551 0.724238 0
    outer loop
      vertex -17.062 -10.5422 8
      vertex -15.1503 -8.72206 0
      vertex -17.062 -10.5422 0
    endloop
  endfacet
  facet normal -0.84621 0.53285 0
    outer loop
      vertex -18.2098 -12.365 0
      vertex -17.062 -10.5422 8
      vertex -17.062 -10.5422 0
    endloop
  endfacet
  facet normal -0.84621 0.53285 0
    outer loop
      vertex -17.062 -10.5422 8
      vertex -18.2098 -12.365 0
      vertex -18.2098 -12.365 8
    endloop
  endfacet
  facet normal -0.809011 -0.587794 0
    outer loop
      vertex -17.3869 -13.4976 0
      vertex -18.2098 -12.365 8
      vertex -18.2098 -12.365 0
    endloop
  endfacet
  facet normal -0.809011 -0.587794 0
    outer loop
      vertex -18.2098 -12.365 8
      vertex -17.3869 -13.4976 0
      vertex -17.3869 -13.4976 8
    endloop
  endfacet
  facet normal 0.245309 -0.969445 0
    outer loop
      vertex -17.3869 -13.4976 0
      vertex -15.2987 -12.9692 8
      vertex -17.3869 -13.4976 8
    endloop
  endfacet
  facet normal 0.245309 -0.969445 0
    outer loop
      vertex -15.2987 -12.9692 8
      vertex -17.3869 -13.4976 0
      vertex -15.2987 -12.9692 0
    endloop
  endfacet
  facet normal 0.475715 -0.8796 0
    outer loop
      vertex -15.2987 -12.9692 0
      vertex -12.9745 -11.7122 8
      vertex -15.2987 -12.9692 8
    endloop
  endfacet
  facet normal 0.475715 -0.8796 0
    outer loop
      vertex -12.9745 -11.7122 8
      vertex -15.2987 -12.9692 0
      vertex -12.9745 -11.7122 0
    endloop
  endfacet
  facet normal -0.740997 -0.671508 0
    outer loop
      vertex -12.3744 -12.3744 0
      vertex -12.9745 -11.7122 8
      vertex -12.9745 -11.7122 0
    endloop
  endfacet
  facet normal -0.740997 -0.671508 0
    outer loop
      vertex -12.9745 -11.7122 8
      vertex -12.3744 -12.3744 0
      vertex -12.3744 -12.3744 8
    endloop
  endfacet
  facet normal -0.671508 -0.740997 0
    outer loop
      vertex -12.3744 -12.3744 0
      vertex -11.7122 -12.9745 8
      vertex -12.3744 -12.3744 8
    endloop
  endfacet
  facet normal -0.671508 -0.740997 -0
    outer loop
      vertex -11.7122 -12.9745 8
      vertex -12.3744 -12.3744 0
      vertex -11.7122 -12.9745 0
    endloop
  endfacet
  facet normal -0.8796 0.475715 0
    outer loop
      vertex -12.9692 -15.2987 0
      vertex -11.7122 -12.9745 8
      vertex -11.7122 -12.9745 0
    endloop
  endfacet
  facet normal -0.8796 0.475715 0
    outer loop
      vertex -11.7122 -12.9745 8
      vertex -12.9692 -15.2987 0
      vertex -12.9692 -15.2987 8
    endloop
  endfacet
  facet normal -0.969445 0.245309 0
    outer loop
      vertex -13.4976 -17.3869 0
      vertex -12.9692 -15.2987 8
      vertex -12.9692 -15.2987 0
    endloop
  endfacet
  facet normal -0.969445 0.245309 0
    outer loop
      vertex -12.9692 -15.2987 8
      vertex -13.4976 -17.3869 0
      vertex -13.4976 -17.3869 8
    endloop
  endfacet
  facet normal -0.587794 -0.809011 0
    outer loop
      vertex -13.4976 -17.3869 0
      vertex -12.365 -18.2098 8
      vertex -13.4976 -17.3869 8
    endloop
  endfacet
  facet normal -0.587794 -0.809011 -0
    outer loop
      vertex -12.365 -18.2098 8
      vertex -13.4976 -17.3869 0
      vertex -12.365 -18.2098 0
    endloop
  endfacet
  facet normal 0.53285 -0.84621 0
    outer loop
      vertex -12.365 -18.2098 0
      vertex -10.5422 -17.062 8
      vertex -12.365 -18.2098 8
    endloop
  endfacet
  facet normal 0.53285 -0.84621 0
    outer loop
      vertex -10.5422 -17.062 8
      vertex -12.365 -18.2098 0
      vertex -10.5422 -17.062 0
    endloop
  endfacet
  facet normal 0.724238 -0.689551 0
    outer loop
      vertex -10.5422 -17.062 8
      vertex -8.72206 -15.1503 0
      vertex -8.72206 -15.1503 8
    endloop
  endfacet
  facet normal 0.724238 -0.689551 0
    outer loop
      vertex -8.72206 -15.1503 0
      vertex -10.5422 -17.062 8
      vertex -10.5422 -17.062 0
    endloop
  endfacet
  facet normal -0.514133 -0.857711 0
    outer loop
      vertex -8.72206 -15.1503 0
      vertex -8.24944 -15.4336 8
      vertex -8.72206 -15.1503 8
    endloop
  endfacet
  facet normal -0.514133 -0.857711 -0
    outer loop
      vertex -8.24944 -15.4336 8
      vertex -8.72206 -15.1503 0
      vertex -8.24944 -15.4336 0
    endloop
  endfacet
  facet normal -0.427521 -0.904006 0
    outer loop
      vertex -8.24944 -15.4336 0
      vertex -7.13043 -15.9628 8
      vertex -8.24944 -15.4336 8
    endloop
  endfacet
  facet normal -0.427521 -0.904006 -0
    outer loop
      vertex -7.13043 -15.9628 8
      vertex -8.24944 -15.4336 0
      vertex -7.13043 -15.9628 0
    endloop
  endfacet
  facet normal -0.983554 0.180613 0
    outer loop
      vertex -7.60692 -18.5576 0
      vertex -7.13043 -15.9628 8
      vertex -7.13043 -15.9628 0
    endloop
  endfacet
  facet normal -0.983554 0.180613 0
    outer loop
      vertex -7.13043 -15.9628 8
      vertex -7.60692 -18.5576 0
      vertex -7.60692 -18.5576 8
    endloop
  endfacet
  facet normal -0.9978 -0.0663033 0
    outer loop
      vertex -7.4641 -20.7069 0
      vertex -7.60692 -18.5576 8
      vertex -7.60692 -18.5576 0
    endloop
  endfacet
  facet normal -0.9978 -0.0663033 0
    outer loop
      vertex -7.60692 -18.5576 8
      vertex -7.4641 -20.7069 0
      vertex -7.4641 -20.7069 8
    endloop
  endfacet
  facet normal -0.309004 -0.951061 0
    outer loop
      vertex -7.4641 -20.7069 0
      vertex -6.13263 -21.1395 8
      vertex -7.4641 -20.7069 8
    endloop
  endfacet
  facet normal -0.309004 -0.951061 -0
    outer loop
      vertex -6.13263 -21.1395 8
      vertex -7.4641 -20.7069 0
      vertex -6.13263 -21.1395 0
    endloop
  endfacet
  facet normal 0.768268 -0.640129 0
    outer loop
      vertex -6.13263 -21.1395 8
      vertex -4.75375 -19.4846 0
      vertex -4.75375 -19.4846 8
    endloop
  endfacet
  facet normal 0.768268 -0.640129 0
    outer loop
      vertex -4.75375 -19.4846 0
      vertex -6.13263 -21.1395 8
      vertex -6.13263 -21.1395 0
    endloop
  endfacet
  facet normal 0.901866 -0.432016 0
    outer loop
      vertex -4.75375 -19.4846 8
      vertex -3.6176 -17.1128 0
      vertex -3.6176 -17.1128 8
    endloop
  endfacet
  facet normal 0.901866 -0.432016 0
    outer loop
      vertex -3.6176 -17.1128 0
      vertex -4.75375 -19.4846 8
      vertex -4.75375 -19.4846 0
    endloop
  endfacet
  facet normal -0.242625 -0.97012 0
    outer loop
      vertex -3.6176 -17.1128 0
      vertex -3.41408 -17.1637 8
      vertex -3.6176 -17.1128 8
    endloop
  endfacet
  facet normal -0.242625 -0.97012 -0
    outer loop
      vertex -3.41408 -17.1637 8
      vertex -3.6176 -17.1128 0
      vertex -3.41408 -17.1637 0
    endloop
  endfacet
  facet normal -0.146774 -0.98917 0
    outer loop
      vertex -3.41408 -17.1637 0
      vertex -1.84717 -17.3962 8
      vertex -3.41408 -17.1637 8
    endloop
  endfacet
  facet normal -0.146774 -0.98917 -0
    outer loop
      vertex -1.84717 -17.3962 8
      vertex -3.41408 -17.1637 0
      vertex -1.84717 -17.3962 0
    endloop
  endfacet
  facet normal -0.991228 -0.132162 0
    outer loop
      vertex -1.5 -20 0
      vertex -1.84717 -17.3962 8
      vertex -1.84717 -17.3962 0
    endloop
  endfacet
  facet normal -0.991228 -0.132162 0
    outer loop
      vertex -1.84717 -17.3962 8
      vertex -1.5 -20 0
      vertex -1.5 -20 8
    endloop
  endfacet
  facet normal -0.928476 -0.371392 0
    outer loop
      vertex -0.699997 -22 0
      vertex -1.5 -20 8
      vertex -1.5 -20 0
    endloop
  endfacet
  facet normal -0.928476 -0.371392 0
    outer loop
      vertex -1.5 -20 8
      vertex -0.699997 -22 0
      vertex -0.699997 -22 8
    endloop
  endfacet
  facet normal 0 -1 0
    outer loop
      vertex -0.699997 -22 0
      vertex 0.699997 -22 8
      vertex -0.699997 -22 8
    endloop
  endfacet
  facet normal 0 -1 -0
    outer loop
      vertex 0.699997 -22 8
      vertex -0.699997 -22 0
      vertex 0.699997 -22 0
    endloop
  endfacet
  facet normal 0.928476 -0.371392 0
    outer loop
      vertex 0.699997 -22 8
      vertex 1.5 -20 0
      vertex 1.5 -20 8
    endloop
  endfacet
  facet normal 0.928476 -0.371392 0
    outer loop
      vertex 1.5 -20 0
      vertex 0.699997 -22 8
      vertex 0.699997 -22 0
    endloop
  endfacet
  facet normal 0.970034 -0.242968 0
    outer loop
      vertex -4.02122 0.79987 8
      vertex -3.92346 1.19017 0
      vertex -3.92346 1.19017 8
    endloop
  endfacet
  facet normal 0.970034 -0.242968 0
    outer loop
      vertex -3.92346 1.19017 0
      vertex -4.02122 0.79987 8
      vertex -4.02122 0.79987 0
    endloop
  endfacet
  facet normal -0.146736 -0.989176 0
    outer loop
      vertex 0.40187 4.08026 0
      vertex 0.79987 4.02122 8
      vertex 0.40187 4.08026 8
    endloop
  endfacet
  facet normal -0.146736 -0.989176 -0
    outer loop
      vertex 0.79987 4.02122 8
      vertex 0.40187 4.08026 0
      vertex 0.79987 4.02122 0
    endloop
  endfacet
  facet normal 0.514101 -0.85773 0
    outer loop
      vertex -2.27784 3.40903 0
      vertex -1.93273 3.61588 8
      vertex -2.27784 3.40903 8
    endloop
  endfacet
  facet normal 0.514101 -0.85773 0
    outer loop
      vertex -1.93273 3.61588 8
      vertex -2.27784 3.40903 0
      vertex -1.93273 3.61588 0
    endloop
  endfacet
  facet normal 0.903991 -0.427552 0
    outer loop
      vertex -3.78791 1.569 8
      vertex -3.61588 1.93273 0
      vertex -3.61588 1.93273 8
    endloop
  endfacet
  facet normal 0.903991 -0.427552 0
    outer loop
      vertex -3.61588 1.93273 0
      vertex -3.78791 1.569 8
      vertex -3.78791 1.569 0
    endloop
  endfacet
  facet normal 0.0490612 0.998796 -0
    outer loop
      vertex 0 -4.1 0
      vertex -0.40187 -4.08026 8
      vertex 0 -4.1 8
    endloop
  endfacet
  facet normal 0.0490612 0.998796 0
    outer loop
      vertex -0.40187 -4.08026 8
      vertex 0 -4.1 0
      vertex -0.40187 -4.08026 0
    endloop
  endfacet
  facet normal -0.85773 0.514101 0
    outer loop
      vertex 3.40903 -2.27784 0
      vertex 3.61588 -1.93273 8
      vertex 3.61588 -1.93273 0
    endloop
  endfacet
  facet normal -0.85773 0.514101 0
    outer loop
      vertex 3.61588 -1.93273 8
      vertex 3.40903 -2.27784 0
      vertex 3.40903 -2.27784 8
    endloop
  endfacet
  facet normal -0.803195 -0.595717 0
    outer loop
      vertex 3.40903 2.27784 0
      vertex 3.16934 2.60101 8
      vertex 3.16934 2.60101 0
    endloop
  endfacet
  facet normal -0.803195 -0.595717 0
    outer loop
      vertex 3.16934 2.60101 8
      vertex 3.40903 2.27784 0
      vertex 3.40903 2.27784 8
    endloop
  endfacet
  facet normal 0.336895 0.941542 -0
    outer loop
      vertex -1.19017 -3.92346 0
      vertex -1.569 -3.78791 8
      vertex -1.19017 -3.92346 8
    endloop
  endfacet
  facet normal 0.336895 0.941542 0
    outer loop
      vertex -1.569 -3.78791 8
      vertex -1.19017 -3.92346 0
      vertex -1.569 -3.78791 0
    endloop
  endfacet
  facet normal 0.998796 0.0490612 0
    outer loop
      vertex -4.08026 -0.40187 8
      vertex -4.1 0 0
      vertex -4.1 0 8
    endloop
  endfacet
  facet normal 0.998796 0.0490612 0
    outer loop
      vertex -4.1 0 0
      vertex -4.08026 -0.40187 8
      vertex -4.08026 -0.40187 0
    endloop
  endfacet
  facet normal -0.242968 -0.970034 0
    outer loop
      vertex 0.79987 4.02122 0
      vertex 1.19017 3.92346 8
      vertex 0.79987 4.02122 8
    endloop
  endfacet
  facet normal -0.242968 -0.970034 -0
    outer loop
      vertex 1.19017 3.92346 8
      vertex 0.79987 4.02122 0
      vertex 1.19017 3.92346 0
    endloop
  endfacet
  facet normal 0.336895 -0.941542 0
    outer loop
      vertex -1.569 3.78791 0
      vertex -1.19017 3.92346 8
      vertex -1.569 3.78791 8
    endloop
  endfacet
  facet normal 0.336895 -0.941542 0
    outer loop
      vertex -1.19017 3.92346 8
      vertex -1.569 3.78791 0
      vertex -1.19017 3.92346 0
    endloop
  endfacet
  facet normal -0.989176 -0.146736 0
    outer loop
      vertex 4.08026 0.40187 0
      vertex 4.02122 0.79987 8
      vertex 4.02122 0.79987 0
    endloop
  endfacet
  facet normal -0.989176 -0.146736 0
    outer loop
      vertex 4.02122 0.79987 8
      vertex 4.08026 0.40187 0
      vertex 4.08026 0.40187 8
    endloop
  endfacet
  facet normal 0.671546 0.740963 -0
    outer loop
      vertex -2.60101 -3.16934 0
      vertex -2.89914 -2.89914 8
      vertex -2.60101 -3.16934 8
    endloop
  endfacet
  facet normal 0.671546 0.740963 0
    outer loop
      vertex -2.89914 -2.89914 8
      vertex -2.60101 -3.16934 0
      vertex -2.89914 -2.89914 0
    endloop
  endfacet
  facet normal 0.970034 0.242968 0
    outer loop
      vertex -3.92346 -1.19017 8
      vertex -4.02122 -0.79987 0
      vertex -4.02122 -0.79987 8
    endloop
  endfacet
  facet normal 0.970034 0.242968 0
    outer loop
      vertex -4.02122 -0.79987 0
      vertex -3.92346 -1.19017 8
      vertex -3.92346 -1.19017 0
    endloop
  endfacet
  facet normal -0.903991 0.427552 0
    outer loop
      vertex 3.61588 -1.93273 0
      vertex 3.78791 -1.569 8
      vertex 3.78791 -1.569 0
    endloop
  endfacet
  facet normal -0.903991 0.427552 0
    outer loop
      vertex 3.78791 -1.569 8
      vertex 3.61588 -1.93273 0
      vertex 3.61588 -1.93273 8
    endloop
  endfacet
  facet normal 0.671546 -0.740963 0
    outer loop
      vertex -2.89914 2.89914 0
      vertex -2.60101 3.16934 8
      vertex -2.89914 2.89914 8
    endloop
  endfacet
  facet normal 0.671546 -0.740963 0
    outer loop
      vertex -2.60101 3.16934 8
      vertex -2.89914 2.89914 0
      vertex -2.60101 3.16934 0
    endloop
  endfacet
  facet normal 0.595717 0.803195 -0
    outer loop
      vertex -2.27784 -3.40903 0
      vertex -2.60101 -3.16934 8
      vertex -2.27784 -3.40903 8
    endloop
  endfacet
  facet normal 0.595717 0.803195 0
    outer loop
      vertex -2.60101 -3.16934 8
      vertex -2.27784 -3.40903 0
      vertex -2.60101 -3.16934 0
    endloop
  endfacet
  facet normal -0.970034 -0.242968 0
    outer loop
      vertex 4.02122 0.79987 0
      vertex 3.92346 1.19017 8
      vertex 3.92346 1.19017 0
    endloop
  endfacet
  facet normal -0.970034 -0.242968 0
    outer loop
      vertex 3.92346 1.19017 8
      vertex 4.02122 0.79987 0
      vertex 4.02122 0.79987 8
    endloop
  endfacet
  facet normal -0.998796 -0.0490612 0
    outer loop
      vertex 4.1 0 0
      vertex 4.08026 0.40187 8
      vertex 4.08026 0.40187 0
    endloop
  endfacet
  facet normal -0.998796 -0.0490612 0
    outer loop
      vertex 4.08026 0.40187 8
      vertex 4.1 0 0
      vertex 4.1 0 8
    endloop
  endfacet
  facet normal -0.941542 -0.336895 0
    outer loop
      vertex 3.92346 1.19017 0
      vertex 3.78791 1.569 8
      vertex 3.78791 1.569 0
    endloop
  endfacet
  facet normal -0.941542 -0.336895 0
    outer loop
      vertex 3.78791 1.569 8
      vertex 3.92346 1.19017 0
      vertex 3.92346 1.19017 8
    endloop
  endfacet
  facet normal 0.998796 -0.0490612 0
    outer loop
      vertex -4.1 0 8
      vertex -4.08026 0.40187 0
      vertex -4.08026 0.40187 8
    endloop
  endfacet
  facet normal 0.998796 -0.0490612 0
    outer loop
      vertex -4.08026 0.40187 0
      vertex -4.1 0 8
      vertex -4.1 0 0
    endloop
  endfacet
  facet normal -0.989176 0.146736 0
    outer loop
      vertex 4.02122 -0.79987 0
      vertex 4.08026 -0.40187 8
      vertex 4.08026 -0.40187 0
    endloop
  endfacet
  facet normal -0.989176 0.146736 0
    outer loop
      vertex 4.08026 -0.40187 8
      vertex 4.02122 -0.79987 0
      vertex 4.02122 -0.79987 8
    endloop
  endfacet
  facet normal 0.514101 0.85773 -0
    outer loop
      vertex -1.93273 -3.61588 0
      vertex -2.27784 -3.40903 8
      vertex -1.93273 -3.61588 8
    endloop
  endfacet
  facet normal 0.514101 0.85773 0
    outer loop
      vertex -2.27784 -3.40903 8
      vertex -1.93273 -3.61588 0
      vertex -2.27784 -3.40903 0
    endloop
  endfacet
  facet normal -0.740963 -0.671546 0
    outer loop
      vertex 3.16934 2.60101 0
      vertex 2.89914 2.89914 8
      vertex 2.89914 2.89914 0
    endloop
  endfacet
  facet normal -0.740963 -0.671546 0
    outer loop
      vertex 2.89914 2.89914 8
      vertex 3.16934 2.60101 0
      vertex 3.16934 2.60101 8
    endloop
  endfacet
  facet normal -0.998796 0.0490612 0
    outer loop
      vertex 4.08026 -0.40187 0
      vertex 4.1 0 8
      vertex 4.1 0 0
    endloop
  endfacet
  facet normal -0.998796 0.0490612 0
    outer loop
      vertex 4.1 0 8
      vertex 4.08026 -0.40187 0
      vertex 4.08026 -0.40187 8
    endloop
  endfacet
  facet normal -0.0490612 -0.998796 0
    outer loop
      vertex 0 4.1 0
      vertex 0.40187 4.08026 8
      vertex 0 4.1 8
    endloop
  endfacet
  facet normal -0.0490612 -0.998796 -0
    outer loop
      vertex 0.40187 4.08026 8
      vertex 0 4.1 0
      vertex 0.40187 4.08026 0
    endloop
  endfacet
  facet normal -0.671546 -0.740963 0
    outer loop
      vertex 2.60101 3.16934 0
      vertex 2.89914 2.89914 8
      vertex 2.60101 3.16934 8
    endloop
  endfacet
  facet normal -0.671546 -0.740963 -0
    outer loop
      vertex 2.89914 2.89914 8
      vertex 2.60101 3.16934 0
      vertex 2.89914 2.89914 0
    endloop
  endfacet
  facet normal -0.85773 -0.514101 0
    outer loop
      vertex 3.61588 1.93273 0
      vertex 3.40903 2.27784 8
      vertex 3.40903 2.27784 0
    endloop
  endfacet
  facet normal -0.85773 -0.514101 0
    outer loop
      vertex 3.40903 2.27784 8
      vertex 3.61588 1.93273 0
      vertex 3.61588 1.93273 8
    endloop
  endfacet
  facet normal -0.146736 0.989176 0
    outer loop
      vertex 0.79987 -4.02122 0
      vertex 0.40187 -4.08026 8
      vertex 0.79987 -4.02122 8
    endloop
  endfacet
  facet normal -0.146736 0.989176 0
    outer loop
      vertex 0.40187 -4.08026 8
      vertex 0.79987 -4.02122 0
      vertex 0.40187 -4.08026 0
    endloop
  endfacet
  facet normal -0.970034 0.242968 0
    outer loop
      vertex 3.92346 -1.19017 0
      vertex 4.02122 -0.79987 8
      vertex 4.02122 -0.79987 0
    endloop
  endfacet
  facet normal -0.970034 0.242968 0
    outer loop
      vertex 4.02122 -0.79987 8
      vertex 3.92346 -1.19017 0
      vertex 3.92346 -1.19017 8
    endloop
  endfacet
  facet normal -0.803195 0.595717 0
    outer loop
      vertex 3.16934 -2.60101 0
      vertex 3.40903 -2.27784 8
      vertex 3.40903 -2.27784 0
    endloop
  endfacet
  facet normal -0.803195 0.595717 0
    outer loop
      vertex 3.40903 -2.27784 8
      vertex 3.16934 -2.60101 0
      vertex 3.16934 -2.60101 8
    endloop
  endfacet
  facet normal 0.740963 0.671546 0
    outer loop
      vertex -2.89914 -2.89914 8
      vertex -3.16934 -2.60101 0
      vertex -3.16934 -2.60101 8
    endloop
  endfacet
  facet normal 0.740963 0.671546 0
    outer loop
      vertex -3.16934 -2.60101 0
      vertex -2.89914 -2.89914 8
      vertex -2.89914 -2.89914 0
    endloop
  endfacet
  facet normal 0.803195 0.595717 0
    outer loop
      vertex -3.16934 -2.60101 8
      vertex -3.40903 -2.27784 0
      vertex -3.40903 -2.27784 8
    endloop
  endfacet
  facet normal 0.803195 0.595717 0
    outer loop
      vertex -3.40903 -2.27784 0
      vertex -3.16934 -2.60101 8
      vertex -3.16934 -2.60101 0
    endloop
  endfacet
  facet normal 0.903991 0.427552 0
    outer loop
      vertex -3.61588 -1.93273 8
      vertex -3.78791 -1.569 0
      vertex -3.78791 -1.569 8
    endloop
  endfacet
  facet normal 0.903991 0.427552 0
    outer loop
      vertex -3.78791 -1.569 0
      vertex -3.61588 -1.93273 8
      vertex -3.61588 -1.93273 0
    endloop
  endfacet
  facet normal 0.989176 -0.146736 0
    outer loop
      vertex -4.08026 0.40187 8
      vertex -4.02122 0.79987 0
      vertex -4.02122 0.79987 8
    endloop
  endfacet
  facet normal 0.989176 -0.146736 0
    outer loop
      vertex -4.02122 0.79987 0
      vertex -4.08026 0.40187 8
      vertex -4.08026 0.40187 0
    endloop
  endfacet
  facet normal -0.514101 0.85773 0
    outer loop
      vertex 2.27784 -3.40903 0
      vertex 1.93273 -3.61588 8
      vertex 2.27784 -3.40903 8
    endloop
  endfacet
  facet normal -0.514101 0.85773 0
    outer loop
      vertex 1.93273 -3.61588 8
      vertex 2.27784 -3.40903 0
      vertex 1.93273 -3.61588 0
    endloop
  endfacet
  facet normal 0.0490612 -0.998796 0
    outer loop
      vertex -0.40187 4.08026 0
      vertex 0 4.1 8
      vertex -0.40187 4.08026 8
    endloop
  endfacet
  facet normal 0.0490612 -0.998796 0
    outer loop
      vertex 0 4.1 8
      vertex -0.40187 4.08026 0
      vertex 0 4.1 0
    endloop
  endfacet
  facet normal 0.146736 -0.989176 0
    outer loop
      vertex -0.79987 4.02122 0
      vertex -0.40187 4.08026 8
      vertex -0.79987 4.02122 8
    endloop
  endfacet
  facet normal 0.146736 -0.989176 0
    outer loop
      vertex -0.40187 4.08026 8
      vertex -0.79987 4.02122 0
      vertex -0.40187 4.08026 0
    endloop
  endfacet
  facet normal -0.595717 0.803195 0
    outer loop
      vertex 2.60101 -3.16934 0
      vertex 2.27784 -3.40903 8
      vertex 2.60101 -3.16934 8
    endloop
  endfacet
  facet normal -0.595717 0.803195 0
    outer loop
      vertex 2.27784 -3.40903 8
      vertex 2.60101 -3.16934 0
      vertex 2.27784 -3.40903 0
    endloop
  endfacet
  facet normal 0.941542 0.336895 0
    outer loop
      vertex -3.78791 -1.569 8
      vertex -3.92346 -1.19017 0
      vertex -3.92346 -1.19017 8
    endloop
  endfacet
  facet normal 0.941542 0.336895 0
    outer loop
      vertex -3.92346 -1.19017 0
      vertex -3.78791 -1.569 8
      vertex -3.78791 -1.569 0
    endloop
  endfacet
  facet normal 0.242968 0.970034 -0
    outer loop
      vertex -0.79987 -4.02122 0
      vertex -1.19017 -3.92346 8
      vertex -0.79987 -4.02122 8
    endloop
  endfacet
  facet normal 0.242968 0.970034 0
    outer loop
      vertex -1.19017 -3.92346 8
      vertex -0.79987 -4.02122 0
      vertex -1.19017 -3.92346 0
    endloop
  endfacet
  facet normal -0.903991 -0.427552 0
    outer loop
      vertex 3.78791 1.569 0
      vertex 3.61588 1.93273 8
      vertex 3.61588 1.93273 0
    endloop
  endfacet
  facet normal -0.903991 -0.427552 0
    outer loop
      vertex 3.61588 1.93273 8
      vertex 3.78791 1.569 0
      vertex 3.78791 1.569 8
    endloop
  endfacet
  facet normal -0.740963 0.671546 0
    outer loop
      vertex 2.89914 -2.89914 0
      vertex 3.16934 -2.60101 8
      vertex 3.16934 -2.60101 0
    endloop
  endfacet
  facet normal -0.740963 0.671546 0
    outer loop
      vertex 3.16934 -2.60101 8
      vertex 2.89914 -2.89914 0
      vertex 2.89914 -2.89914 8
    endloop
  endfacet
  facet normal -0.0490612 0.998796 0
    outer loop
      vertex 0.40187 -4.08026 0
      vertex 0 -4.1 8
      vertex 0.40187 -4.08026 8
    endloop
  endfacet
  facet normal -0.0490612 0.998796 0
    outer loop
      vertex 0 -4.1 8
      vertex 0.40187 -4.08026 0
      vertex 0 -4.1 0
    endloop
  endfacet
  facet normal -0.427552 -0.903991 0
    outer loop
      vertex 1.569 3.78791 0
      vertex 1.93273 3.61588 8
      vertex 1.569 3.78791 8
    endloop
  endfacet
  facet normal -0.427552 -0.903991 -0
    outer loop
      vertex 1.93273 3.61588 8
      vertex 1.569 3.78791 0
      vertex 1.93273 3.61588 0
    endloop
  endfacet
  facet normal 0.595717 -0.803195 0
    outer loop
      vertex -2.60101 3.16934 0
      vertex -2.27784 3.40903 8
      vertex -2.60101 3.16934 8
    endloop
  endfacet
  facet normal 0.595717 -0.803195 0
    outer loop
      vertex -2.27784 3.40903 8
      vertex -2.60101 3.16934 0
      vertex -2.27784 3.40903 0
    endloop
  endfacet
  facet normal -0.514101 -0.85773 0
    outer loop
      vertex 1.93273 3.61588 0
      vertex 2.27784 3.40903 8
      vertex 1.93273 3.61588 8
    endloop
  endfacet
  facet normal -0.514101 -0.85773 -0
    outer loop
      vertex 2.27784 3.40903 8
      vertex 1.93273 3.61588 0
      vertex 2.27784 3.40903 0
    endloop
  endfacet
  facet normal -0.595717 -0.803195 0
    outer loop
      vertex 2.27784 3.40903 0
      vertex 2.60101 3.16934 8
      vertex 2.27784 3.40903 8
    endloop
  endfacet
  facet normal -0.595717 -0.803195 -0
    outer loop
      vertex 2.60101 3.16934 8
      vertex 2.27784 3.40903 0
      vertex 2.60101 3.16934 0
    endloop
  endfacet
  facet normal 0.242968 -0.970034 0
    outer loop
      vertex -1.19017 3.92346 0
      vertex -0.79987 4.02122 8
      vertex -1.19017 3.92346 8
    endloop
  endfacet
  facet normal 0.242968 -0.970034 0
    outer loop
      vertex -0.79987 4.02122 8
      vertex -1.19017 3.92346 0
      vertex -0.79987 4.02122 0
    endloop
  endfacet
  facet normal 0.941542 -0.336895 0
    outer loop
      vertex -3.92346 1.19017 8
      vertex -3.78791 1.569 0
      vertex -3.78791 1.569 8
    endloop
  endfacet
  facet normal 0.941542 -0.336895 0
    outer loop
      vertex -3.78791 1.569 0
      vertex -3.92346 1.19017 8
      vertex -3.92346 1.19017 0
    endloop
  endfacet
  facet normal 0.427552 -0.903991 0
    outer loop
      vertex -1.93273 3.61588 0
      vertex -1.569 3.78791 8
      vertex -1.93273 3.61588 8
    endloop
  endfacet
  facet normal 0.427552 -0.903991 0
    outer loop
      vertex -1.569 3.78791 8
      vertex -1.93273 3.61588 0
      vertex -1.569 3.78791 0
    endloop
  endfacet
  facet normal 0.989176 0.146736 0
    outer loop
      vertex -4.02122 -0.79987 8
      vertex -4.08026 -0.40187 0
      vertex -4.08026 -0.40187 8
    endloop
  endfacet
  facet normal 0.989176 0.146736 0
    outer loop
      vertex -4.08026 -0.40187 0
      vertex -4.02122 -0.79987 8
      vertex -4.02122 -0.79987 0
    endloop
  endfacet
  facet normal -0.941542 0.336895 0
    outer loop
      vertex 3.78791 -1.569 0
      vertex 3.92346 -1.19017 8
      vertex 3.92346 -1.19017 0
    endloop
  endfacet
  facet normal -0.941542 0.336895 0
    outer loop
      vertex 3.92346 -1.19017 8
      vertex 3.78791 -1.569 0
      vertex 3.78791 -1.569 8
    endloop
  endfacet
  facet normal -0.427552 0.903991 0
    outer loop
      vertex 1.93273 -3.61588 0
      vertex 1.569 -3.78791 8
      vertex 1.93273 -3.61588 8
    endloop
  endfacet
  facet normal -0.427552 0.903991 0
    outer loop
      vertex 1.569 -3.78791 8
      vertex 1.93273 -3.61588 0
      vertex 1.569 -3.78791 0
    endloop
  endfacet
  facet normal -0.336895 0.941542 0
    outer loop
      vertex 1.569 -3.78791 0
      vertex 1.19017 -3.92346 8
      vertex 1.569 -3.78791 8
    endloop
  endfacet
  facet normal -0.336895 0.941542 0
    outer loop
      vertex 1.19017 -3.92346 8
      vertex 1.569 -3.78791 0
      vertex 1.19017 -3.92346 0
    endloop
  endfacet
  facet normal 0.427552 0.903991 -0
    outer loop
      vertex -1.569 -3.78791 0
      vertex -1.93273 -3.61588 8
      vertex -1.569 -3.78791 8
    endloop
  endfacet
  facet normal 0.427552 0.903991 0
    outer loop
      vertex -1.93273 -3.61588 8
      vertex -1.569 -3.78791 0
      vertex -1.93273 -3.61588 0
    endloop
  endfacet
  facet normal -0.242968 0.970034 0
    outer loop
      vertex 1.19017 -3.92346 0
      vertex 0.79987 -4.02122 8
      vertex 1.19017 -3.92346 8
    endloop
  endfacet
  facet normal -0.242968 0.970034 0
    outer loop
      vertex 0.79987 -4.02122 8
      vertex 1.19017 -3.92346 0
      vertex 0.79987 -4.02122 0
    endloop
  endfacet
  facet normal 0.740963 -0.671546 0
    outer loop
      vertex -3.16934 2.60101 8
      vertex -2.89914 2.89914 0
      vertex -2.89914 2.89914 8
    endloop
  endfacet
  facet normal 0.740963 -0.671546 0
    outer loop
      vertex -2.89914 2.89914 0
      vertex -3.16934 2.60101 8
      vertex -3.16934 2.60101 0
    endloop
  endfacet
  facet normal 0.85773 0.514101 0
    outer loop
      vertex -3.40903 -2.27784 8
      vertex -3.61588 -1.93273 0
      vertex -3.61588 -1.93273 8
    endloop
  endfacet
  facet normal 0.85773 0.514101 0
    outer loop
      vertex -3.61588 -1.93273 0
      vertex -3.40903 -2.27784 8
      vertex -3.40903 -2.27784 0
    endloop
  endfacet
  facet normal 0.146736 0.989176 -0
    outer loop
      vertex -0.40187 -4.08026 0
      vertex -0.79987 -4.02122 8
      vertex -0.40187 -4.08026 8
    endloop
  endfacet
  facet normal 0.146736 0.989176 0
    outer loop
      vertex -0.79987 -4.02122 8
      vertex -0.40187 -4.08026 0
      vertex -0.79987 -4.02122 0
    endloop
  endfacet
  facet normal -0.336895 -0.941542 0
    outer loop
      vertex 1.19017 3.92346 0
      vertex 1.569 3.78791 8
      vertex 1.19017 3.92346 8
    endloop
  endfacet
  facet normal -0.336895 -0.941542 -0
    outer loop
      vertex 1.569 3.78791 8
      vertex 1.19017 3.92346 0
      vertex 1.569 3.78791 0
    endloop
  endfacet
  facet normal -0.671546 0.740963 0
    outer loop
      vertex 2.89914 -2.89914 0
      vertex 2.60101 -3.16934 8
      vertex 2.89914 -2.89914 8
    endloop
  endfacet
  facet normal -0.671546 0.740963 0
    outer loop
      vertex 2.60101 -3.16934 8
      vertex 2.89914 -2.89914 0
      vertex 2.60101 -3.16934 0
    endloop
  endfacet
  facet normal 0.85773 -0.514101 0
    outer loop
      vertex -3.61588 1.93273 8
      vertex -3.40903 2.27784 0
      vertex -3.40903 2.27784 8
    endloop
  endfacet
  facet normal 0.85773 -0.514101 0
    outer loop
      vertex -3.40903 2.27784 0
      vertex -3.61588 1.93273 8
      vertex -3.61588 1.93273 0
    endloop
  endfacet
  facet normal 0.803195 -0.595717 0
    outer loop
      vertex -3.40903 2.27784 8
      vertex -3.16934 2.60101 0
      vertex -3.16934 2.60101 8
    endloop
  endfacet
  facet normal 0.803195 -0.595717 0
    outer loop
      vertex -3.16934 2.60101 0
      vertex -3.40903 2.27784 8
      vertex -3.40903 2.27784 0
    endloop
  endfacet
  facet normal -0.970001 0.243101 0
    outer loop
      vertex 15.3397 -6.4064 0
      vertex 15.3731 -6.27313 8
      vertex 15.3731 -6.27313 0
    endloop
  endfacet
  facet normal -0.970001 0.243101 0
    outer loop
      vertex 15.3731 -6.27313 8
      vertex 15.3397 -6.4064 0
      vertex 15.3397 -6.4064 8
    endloop
  endfacet
  facet normal -0.740829 -0.671694 0
    outer loop
      vertex 15.0822 -5.11185 0
      vertex 14.9899 -5.01005 8
      vertex 14.9899 -5.01005 0
    endloop
  endfacet
  facet normal -0.740829 -0.671694 0
    outer loop
      vertex 14.9899 -5.01005 8
      vertex 15.0822 -5.11185 0
      vertex 15.0822 -5.11185 8
    endloop
  endfacet
  facet normal -0.0490662 0.998796 0
    outer loop
      vertex 14.1372 -7.39326 0
      vertex 14 -7.4 8
      vertex 14.1372 -7.39326 8
    endloop
  endfacet
  facet normal -0.0490662 0.998796 0
    outer loop
      vertex 14 -7.4 8
      vertex 14.1372 -7.39326 0
      vertex 14 -7.4 0
    endloop
  endfacet
  facet normal 0.0490662 -0.998796 0
    outer loop
      vertex 13.8628 -4.60674 0
      vertex 14 -4.6 8
      vertex 13.8628 -4.60674 8
    endloop
  endfacet
  facet normal 0.0490662 -0.998796 0
    outer loop
      vertex 14 -4.6 8
      vertex 13.8628 -4.60674 0
      vertex 14 -4.6 0
    endloop
  endfacet
  facet normal 0.970001 -0.243101 0
    outer loop
      vertex 12.6269 -5.72687 8
      vertex 12.6603 -5.5936 0
      vertex 12.6603 -5.5936 8
    endloop
  endfacet
  facet normal 0.970001 -0.243101 0
    outer loop
      vertex 12.6603 -5.5936 0
      vertex 12.6269 -5.72687 8
      vertex 12.6269 -5.72687 0
    endloop
  endfacet
  facet normal 0.741191 -0.671295 0
    outer loop
      vertex 12.9178 -5.11185 8
      vertex 13.01 -5.01005 0
      vertex 13.01 -5.01005 8
    endloop
  endfacet
  facet normal 0.741191 -0.671295 0
    outer loop
      vertex 13.01 -5.01005 0
      vertex 12.9178 -5.11185 8
      vertex 12.9178 -5.11185 0
    endloop
  endfacet
  facet normal -0.904108 0.427304 0
    outer loop
      vertex 15.2347 -6.65996 0
      vertex 15.2934 -6.53576 8
      vertex 15.2934 -6.53576 0
    endloop
  endfacet
  facet normal -0.904108 0.427304 0
    outer loop
      vertex 15.2934 -6.53576 8
      vertex 15.2347 -6.65996 0
      vertex 15.2347 -6.65996 8
    endloop
  endfacet
  facet normal -0.427542 0.903996 0
    outer loop
      vertex 14.66 -7.23469 0
      vertex 14.5358 -7.29343 8
      vertex 14.66 -7.23469 8
    endloop
  endfacet
  facet normal -0.427542 0.903996 0
    outer loop
      vertex 14.5358 -7.29343 8
      vertex 14.66 -7.23469 0
      vertex 14.5358 -7.29343 0
    endloop
  endfacet
  facet normal 0.146739 0.989175 -0
    outer loop
      vertex 13.8628 -7.39326 0
      vertex 13.7269 -7.3731 8
      vertex 13.8628 -7.39326 8
    endloop
  endfacet
  facet normal 0.146739 0.989175 0
    outer loop
      vertex 13.7269 -7.3731 8
      vertex 13.8628 -7.39326 0
      vertex 13.7269 -7.3731 0
    endloop
  endfacet
  facet normal -0.941511 -0.336982 0
    outer loop
      vertex 15.3397 -5.5936 0
      vertex 15.2934 -5.46424 8
      vertex 15.2934 -5.46424 0
    endloop
  endfacet
  facet normal -0.941511 -0.336982 0
    outer loop
      vertex 15.2934 -5.46424 8
      vertex 15.3397 -5.5936 0
      vertex 15.3397 -5.5936 8
    endloop
  endfacet
  facet normal -0.99881 0.0487686 0
    outer loop
      vertex 15.3933 -6.13722 0
      vertex 15.4 -6 8
      vertex 15.4 -6 0
    endloop
  endfacet
  facet normal -0.99881 0.0487686 0
    outer loop
      vertex 15.4 -6 8
      vertex 15.3933 -6.13722 0
      vertex 15.3933 -6.13722 8
    endloop
  endfacet
  facet normal 0.941511 -0.336982 0
    outer loop
      vertex 12.6603 -5.5936 8
      vertex 12.7066 -5.46424 0
      vertex 12.7066 -5.46424 8
    endloop
  endfacet
  facet normal 0.941511 -0.336982 0
    outer loop
      vertex 12.7066 -5.46424 0
      vertex 12.6603 -5.5936 8
      vertex 12.6603 -5.5936 0
    endloop
  endfacet
  facet normal -0.0490662 -0.998796 0
    outer loop
      vertex 14 -4.6 0
      vertex 14.1372 -4.60674 8
      vertex 14 -4.6 8
    endloop
  endfacet
  facet normal -0.0490662 -0.998796 -0
    outer loop
      vertex 14.1372 -4.60674 8
      vertex 14 -4.6 0
      vertex 14.1372 -4.60674 0
    endloop
  endfacet
  facet normal -0.514228 -0.857653 0
    outer loop
      vertex 14.66 -4.76531 0
      vertex 14.7778 -4.83594 8
      vertex 14.66 -4.76531 8
    endloop
  endfacet
  facet normal -0.514228 -0.857653 -0
    outer loop
      vertex 14.7778 -4.83594 8
      vertex 14.66 -4.76531 0
      vertex 14.7778 -4.83594 0
    endloop
  endfacet
  facet normal 0.989135 0.147013 0
    outer loop
      vertex 12.6269 -6.27313 8
      vertex 12.6067 -6.13722 0
      vertex 12.6067 -6.13722 8
    endloop
  endfacet
  facet normal 0.989135 0.147013 0
    outer loop
      vertex 12.6067 -6.13722 0
      vertex 12.6269 -6.27313 8
      vertex 12.6269 -6.27313 0
    endloop
  endfacet
  facet normal -0.989135 -0.147013 0
    outer loop
      vertex 15.3933 -5.86278 0
      vertex 15.3731 -5.72687 8
      vertex 15.3731 -5.72687 0
    endloop
  endfacet
  facet normal -0.989135 -0.147013 0
    outer loop
      vertex 15.3731 -5.72687 8
      vertex 15.3933 -5.86278 0
      vertex 15.3933 -5.86278 8
    endloop
  endfacet
  facet normal 0.427542 -0.903996 0
    outer loop
      vertex 13.34 -4.76531 0
      vertex 13.4642 -4.70657 8
      vertex 13.34 -4.76531 8
    endloop
  endfacet
  facet normal 0.427542 -0.903996 0
    outer loop
      vertex 13.4642 -4.70657 8
      vertex 13.34 -4.76531 0
      vertex 13.4642 -4.70657 0
    endloop
  endfacet
  facet normal -0.99881 -0.0487686 0
    outer loop
      vertex 15.4 -6 0
      vertex 15.3933 -5.86278 8
      vertex 15.3933 -5.86278 0
    endloop
  endfacet
  facet normal -0.99881 -0.0487686 0
    outer loop
      vertex 15.3933 -5.86278 8
      vertex 15.4 -6 0
      vertex 15.4 -6 8
    endloop
  endfacet
  facet normal -0.514228 0.857653 0
    outer loop
      vertex 14.7778 -7.16406 0
      vertex 14.66 -7.23469 8
      vertex 14.7778 -7.16406 8
    endloop
  endfacet
  facet normal -0.514228 0.857653 0
    outer loop
      vertex 14.66 -7.23469 8
      vertex 14.7778 -7.16406 0
      vertex 14.66 -7.23469 0
    endloop
  endfacet
  facet normal -0.740829 0.671694 0
    outer loop
      vertex 14.9899 -6.98995 0
      vertex 15.0822 -6.88815 8
      vertex 15.0822 -6.88815 0
    endloop
  endfacet
  facet normal -0.740829 0.671694 0
    outer loop
      vertex 15.0822 -6.88815 8
      vertex 14.9899 -6.98995 0
      vertex 14.9899 -6.98995 8
    endloop
  endfacet
  facet normal 0.336825 -0.941567 0
    outer loop
      vertex 13.4642 -4.70657 0
      vertex 13.5936 -4.66028 8
      vertex 13.4642 -4.70657 8
    endloop
  endfacet
  facet normal 0.336825 -0.941567 0
    outer loop
      vertex 13.5936 -4.66028 8
      vertex 13.4642 -4.70657 0
      vertex 13.5936 -4.66028 0
    endloop
  endfacet
  facet normal -0.671937 -0.740609 0
    outer loop
      vertex 14.8882 -4.91778 0
      vertex 14.9899 -5.01005 8
      vertex 14.8882 -4.91778 8
    endloop
  endfacet
  facet normal -0.671937 -0.740609 -0
    outer loop
      vertex 14.9899 -5.01005 8
      vertex 14.8882 -4.91778 0
      vertex 14.9899 -5.01005 0
    endloop
  endfacet
  facet normal 0.99881 0.0487686 0
    outer loop
      vertex 12.6067 -6.13722 8
      vertex 12.6 -6 0
      vertex 12.6 -6 8
    endloop
  endfacet
  facet normal 0.99881 0.0487686 0
    outer loop
      vertex 12.6 -6 0
      vertex 12.6067 -6.13722 8
      vertex 12.6067 -6.13722 0
    endloop
  endfacet
  facet normal 0.857827 -0.513939 0
    outer loop
      vertex 12.7653 -5.34004 8
      vertex 12.8359 -5.2222 0
      vertex 12.8359 -5.2222 8
    endloop
  endfacet
  facet normal 0.857827 -0.513939 0
    outer loop
      vertex 12.8359 -5.2222 0
      vertex 12.7653 -5.34004 8
      vertex 12.7653 -5.34004 0
    endloop
  endfacet
  facet normal -0.941511 0.336982 0
    outer loop
      vertex 15.2934 -6.53576 0
      vertex 15.3397 -6.4064 8
      vertex 15.3397 -6.4064 0
    endloop
  endfacet
  facet normal -0.941511 0.336982 0
    outer loop
      vertex 15.3397 -6.4064 8
      vertex 15.2934 -6.53576 0
      vertex 15.2934 -6.53576 8
    endloop
  endfacet
  facet normal -0.970001 -0.243101 0
    outer loop
      vertex 15.3731 -5.72687 0
      vertex 15.3397 -5.5936 8
      vertex 15.3397 -5.5936 0
    endloop
  endfacet
  facet normal -0.970001 -0.243101 0
    outer loop
      vertex 15.3397 -5.5936 8
      vertex 15.3731 -5.72687 0
      vertex 15.3731 -5.72687 8
    endloop
  endfacet
  facet normal -0.146739 -0.989175 0
    outer loop
      vertex 14.1372 -4.60674 0
      vertex 14.2731 -4.6269 8
      vertex 14.1372 -4.60674 8
    endloop
  endfacet
  facet normal -0.146739 -0.989175 -0
    outer loop
      vertex 14.2731 -4.6269 8
      vertex 14.1372 -4.60674 0
      vertex 14.2731 -4.6269 0
    endloop
  endfacet
  facet normal -0.595567 0.803306 0
    outer loop
      vertex 14.8882 -7.08221 0
      vertex 14.7778 -7.16406 8
      vertex 14.8882 -7.08221 8
    endloop
  endfacet
  facet normal -0.595567 0.803306 0
    outer loop
      vertex 14.7778 -7.16406 8
      vertex 14.8882 -7.08221 0
      vertex 14.7778 -7.16406 0
    endloop
  endfacet
  facet normal -0.242912 0.970048 0
    outer loop
      vertex 14.4064 -7.33972 0
      vertex 14.2731 -7.3731 8
      vertex 14.4064 -7.33972 8
    endloop
  endfacet
  facet normal -0.242912 0.970048 0
    outer loop
      vertex 14.2731 -7.3731 8
      vertex 14.4064 -7.33972 0
      vertex 14.2731 -7.3731 0
    endloop
  endfacet
  facet normal -0.59552 -0.803341 0
    outer loop
      vertex 14.7778 -4.83594 0
      vertex 14.8882 -4.91778 8
      vertex 14.7778 -4.83594 8
    endloop
  endfacet
  facet normal -0.59552 -0.803341 -0
    outer loop
      vertex 14.8882 -4.91778 8
      vertex 14.7778 -4.83594 0
      vertex 14.8882 -4.91778 0
    endloop
  endfacet
  facet normal 0.242912 -0.970048 0
    outer loop
      vertex 13.5936 -4.66028 0
      vertex 13.7269 -4.6269 8
      vertex 13.5936 -4.66028 8
    endloop
  endfacet
  facet normal 0.242912 -0.970048 0
    outer loop
      vertex 13.7269 -4.6269 8
      vertex 13.5936 -4.66028 0
      vertex 13.7269 -4.6269 0
    endloop
  endfacet
  facet normal 0.595567 0.803306 -0
    outer loop
      vertex 13.2222 -7.16406 0
      vertex 13.1118 -7.08221 8
      vertex 13.2222 -7.16406 8
    endloop
  endfacet
  facet normal 0.595567 0.803306 0
    outer loop
      vertex 13.1118 -7.08221 8
      vertex 13.2222 -7.16406 0
      vertex 13.1118 -7.08221 0
    endloop
  endfacet
  facet normal 0.970001 0.243101 0
    outer loop
      vertex 12.6603 -6.4064 8
      vertex 12.6269 -6.27313 0
      vertex 12.6269 -6.27313 8
    endloop
  endfacet
  facet normal 0.970001 0.243101 0
    outer loop
      vertex 12.6269 -6.27313 0
      vertex 12.6603 -6.4064 8
      vertex 12.6603 -6.4064 0
    endloop
  endfacet
  facet normal -0.427542 -0.903996 0
    outer loop
      vertex 14.5358 -4.70657 0
      vertex 14.66 -4.76531 8
      vertex 14.5358 -4.70657 8
    endloop
  endfacet
  facet normal -0.427542 -0.903996 -0
    outer loop
      vertex 14.66 -4.76531 8
      vertex 14.5358 -4.70657 0
      vertex 14.66 -4.76531 0
    endloop
  endfacet
  facet normal 0.803003 -0.595976 0
    outer loop
      vertex 12.8359 -5.2222 8
      vertex 12.9178 -5.11185 0
      vertex 12.9178 -5.11185 8
    endloop
  endfacet
  facet normal 0.803003 -0.595976 0
    outer loop
      vertex 12.9178 -5.11185 0
      vertex 12.8359 -5.2222 8
      vertex 12.8359 -5.2222 0
    endloop
  endfacet
  facet normal -0.857827 -0.513939 0
    outer loop
      vertex 15.2347 -5.34004 0
      vertex 15.1641 -5.2222 8
      vertex 15.1641 -5.2222 0
    endloop
  endfacet
  facet normal -0.857827 -0.513939 0
    outer loop
      vertex 15.1641 -5.2222 8
      vertex 15.2347 -5.34004 0
      vertex 15.2347 -5.34004 8
    endloop
  endfacet
  facet normal 0.59552 -0.803341 0
    outer loop
      vertex 13.1118 -4.91778 0
      vertex 13.2222 -4.83594 8
      vertex 13.1118 -4.91778 8
    endloop
  endfacet
  facet normal 0.59552 -0.803341 0
    outer loop
      vertex 13.2222 -4.83594 8
      vertex 13.1118 -4.91778 0
      vertex 13.2222 -4.83594 0
    endloop
  endfacet
  facet normal 0.514228 0.857653 -0
    outer loop
      vertex 13.34 -7.23469 0
      vertex 13.2222 -7.16406 8
      vertex 13.34 -7.23469 8
    endloop
  endfacet
  facet normal 0.514228 0.857653 0
    outer loop
      vertex 13.2222 -7.16406 8
      vertex 13.34 -7.23469 0
      vertex 13.2222 -7.16406 0
    endloop
  endfacet
  facet normal -0.146739 0.989175 0
    outer loop
      vertex 14.2731 -7.3731 0
      vertex 14.1372 -7.39326 8
      vertex 14.2731 -7.3731 8
    endloop
  endfacet
  facet normal -0.146739 0.989175 0
    outer loop
      vertex 14.1372 -7.39326 8
      vertex 14.2731 -7.3731 0
      vertex 14.1372 -7.39326 0
    endloop
  endfacet
  facet normal -0.989135 0.147013 0
    outer loop
      vertex 15.3731 -6.27313 0
      vertex 15.3933 -6.13722 8
      vertex 15.3933 -6.13722 0
    endloop
  endfacet
  facet normal -0.989135 0.147013 0
    outer loop
      vertex 15.3933 -6.13722 8
      vertex 15.3731 -6.27313 0
      vertex 15.3731 -6.27313 8
    endloop
  endfacet
  facet normal 0.989135 -0.147013 0
    outer loop
      vertex 12.6067 -5.86278 8
      vertex 12.6269 -5.72687 0
      vertex 12.6269 -5.72687 8
    endloop
  endfacet
  facet normal 0.989135 -0.147013 0
    outer loop
      vertex 12.6269 -5.72687 0
      vertex 12.6067 -5.86278 8
      vertex 12.6067 -5.86278 0
    endloop
  endfacet
  facet normal -0.904108 -0.427304 0
    outer loop
      vertex 15.2934 -5.46424 0
      vertex 15.2347 -5.34004 8
      vertex 15.2347 -5.34004 0
    endloop
  endfacet
  facet normal -0.904108 -0.427304 0
    outer loop
      vertex 15.2347 -5.34004 8
      vertex 15.2934 -5.46424 0
      vertex 15.2934 -5.46424 8
    endloop
  endfacet
  facet normal -0.803003 -0.595976 0
    outer loop
      vertex 15.1641 -5.2222 0
      vertex 15.0822 -5.11185 8
      vertex 15.0822 -5.11185 0
    endloop
  endfacet
  facet normal -0.803003 -0.595976 0
    outer loop
      vertex 15.0822 -5.11185 8
      vertex 15.1641 -5.2222 0
      vertex 15.1641 -5.2222 8
    endloop
  endfacet
  facet normal -0.336825 -0.941567 0
    outer loop
      vertex 14.4064 -4.66028 0
      vertex 14.5358 -4.70657 8
      vertex 14.4064 -4.66028 8
    endloop
  endfacet
  facet normal -0.336825 -0.941567 -0
    outer loop
      vertex 14.5358 -4.70657 8
      vertex 14.4064 -4.66028 0
      vertex 14.5358 -4.70657 0
    endloop
  endfacet
  facet normal 0.671574 -0.740937 0
    outer loop
      vertex 13.01 -5.01005 0
      vertex 13.1118 -4.91778 8
      vertex 13.01 -5.01005 8
    endloop
  endfacet
  facet normal 0.671574 -0.740937 0
    outer loop
      vertex 13.1118 -4.91778 8
      vertex 13.01 -5.01005 0
      vertex 13.1118 -4.91778 0
    endloop
  endfacet
  facet normal 0.904108 0.427304 0
    outer loop
      vertex 12.7653 -6.65996 8
      vertex 12.7066 -6.53576 0
      vertex 12.7066 -6.53576 8
    endloop
  endfacet
  facet normal 0.904108 0.427304 0
    outer loop
      vertex 12.7066 -6.53576 0
      vertex 12.7653 -6.65996 8
      vertex 12.7653 -6.65996 0
    endloop
  endfacet
  facet normal 0.242912 0.970048 -0
    outer loop
      vertex 13.7269 -7.3731 0
      vertex 13.5936 -7.33972 8
      vertex 13.7269 -7.3731 8
    endloop
  endfacet
  facet normal 0.242912 0.970048 0
    outer loop
      vertex 13.5936 -7.33972 8
      vertex 13.7269 -7.3731 0
      vertex 13.5936 -7.33972 0
    endloop
  endfacet
  facet normal 0.146739 -0.989175 0
    outer loop
      vertex 13.7269 -4.6269 0
      vertex 13.8628 -4.60674 8
      vertex 13.7269 -4.6269 8
    endloop
  endfacet
  facet normal 0.146739 -0.989175 0
    outer loop
      vertex 13.8628 -4.60674 8
      vertex 13.7269 -4.6269 0
      vertex 13.8628 -4.60674 0
    endloop
  endfacet
  facet normal 0.803003 0.595976 0
    outer loop
      vertex 12.9178 -6.88815 8
      vertex 12.8359 -6.7778 0
      vertex 12.8359 -6.7778 8
    endloop
  endfacet
  facet normal 0.803003 0.595976 0
    outer loop
      vertex 12.8359 -6.7778 0
      vertex 12.9178 -6.88815 8
      vertex 12.9178 -6.88815 0
    endloop
  endfacet
  facet normal 0.741191 0.671295 0
    outer loop
      vertex 13.01 -6.98995 8
      vertex 12.9178 -6.88815 0
      vertex 12.9178 -6.88815 8
    endloop
  endfacet
  facet normal 0.741191 0.671295 0
    outer loop
      vertex 12.9178 -6.88815 0
      vertex 13.01 -6.98995 8
      vertex 13.01 -6.98995 0
    endloop
  endfacet
  facet normal -0.242912 -0.970048 0
    outer loop
      vertex 14.2731 -4.6269 0
      vertex 14.4064 -4.66028 8
      vertex 14.2731 -4.6269 8
    endloop
  endfacet
  facet normal -0.242912 -0.970048 -0
    outer loop
      vertex 14.4064 -4.66028 8
      vertex 14.2731 -4.6269 0
      vertex 14.4064 -4.66028 0
    endloop
  endfacet
  facet normal 0.0490662 0.998796 -0
    outer loop
      vertex 14 -7.4 0
      vertex 13.8628 -7.39326 8
      vertex 14 -7.4 8
    endloop
  endfacet
  facet normal 0.0490662 0.998796 0
    outer loop
      vertex 13.8628 -7.39326 8
      vertex 14 -7.4 0
      vertex 13.8628 -7.39326 0
    endloop
  endfacet
  facet normal 0.941511 0.336982 0
    outer loop
      vertex 12.7066 -6.53576 8
      vertex 12.6603 -6.4064 0
      vertex 12.6603 -6.4064 8
    endloop
  endfacet
  facet normal 0.941511 0.336982 0
    outer loop
      vertex 12.6603 -6.4064 0
      vertex 12.7066 -6.53576 8
      vertex 12.7066 -6.53576 0
    endloop
  endfacet
  facet normal 0.427542 0.903996 -0
    outer loop
      vertex 13.4642 -7.29343 0
      vertex 13.34 -7.23469 8
      vertex 13.4642 -7.29343 8
    endloop
  endfacet
  facet normal 0.427542 0.903996 0
    outer loop
      vertex 13.34 -7.23469 8
      vertex 13.4642 -7.29343 0
      vertex 13.34 -7.23469 0
    endloop
  endfacet
  facet normal 0.514228 -0.857653 0
    outer loop
      vertex 13.2222 -4.83594 0
      vertex 13.34 -4.76531 8
      vertex 13.2222 -4.83594 8
    endloop
  endfacet
  facet normal 0.514228 -0.857653 0
    outer loop
      vertex 13.34 -4.76531 8
      vertex 13.2222 -4.83594 0
      vertex 13.34 -4.76531 0
    endloop
  endfacet
  facet normal 0.671534 0.740973 -0
    outer loop
      vertex 13.1118 -7.08221 0
      vertex 13.01 -6.98995 8
      vertex 13.1118 -7.08221 8
    endloop
  endfacet
  facet normal 0.671534 0.740973 0
    outer loop
      vertex 13.01 -6.98995 8
      vertex 13.1118 -7.08221 0
      vertex 13.01 -6.98995 0
    endloop
  endfacet
  facet normal -0.803003 0.595976 0
    outer loop
      vertex 15.0822 -6.88815 0
      vertex 15.1641 -6.7778 8
      vertex 15.1641 -6.7778 0
    endloop
  endfacet
  facet normal -0.803003 0.595976 0
    outer loop
      vertex 15.1641 -6.7778 8
      vertex 15.0822 -6.88815 0
      vertex 15.0822 -6.88815 8
    endloop
  endfacet
  facet normal -0.336825 0.941567 0
    outer loop
      vertex 14.5358 -7.29343 0
      vertex 14.4064 -7.33972 8
      vertex 14.5358 -7.29343 8
    endloop
  endfacet
  facet normal -0.336825 0.941567 0
    outer loop
      vertex 14.4064 -7.33972 8
      vertex 14.5358 -7.29343 0
      vertex 14.4064 -7.33972 0
    endloop
  endfacet
  facet normal 0.904108 -0.427304 0
    outer loop
      vertex 12.7066 -5.46424 8
      vertex 12.7653 -5.34004 0
      vertex 12.7653 -5.34004 8
    endloop
  endfacet
  facet normal 0.904108 -0.427304 0
    outer loop
      vertex 12.7653 -5.34004 0
      vertex 12.7066 -5.46424 8
      vertex 12.7066 -5.46424 0
    endloop
  endfacet
  facet normal 0.99881 -0.0487686 0
    outer loop
      vertex 12.6 -6 8
      vertex 12.6067 -5.86278 0
      vertex 12.6067 -5.86278 8
    endloop
  endfacet
  facet normal 0.99881 -0.0487686 0
    outer loop
      vertex 12.6067 -5.86278 0
      vertex 12.6 -6 8
      vertex 12.6 -6 0
    endloop
  endfacet
  facet normal 0.857827 0.513939 0
    outer loop
      vertex 12.8359 -6.7778 8
      vertex 12.7653 -6.65996 0
      vertex 12.7653 -6.65996 8
    endloop
  endfacet
  facet normal 0.857827 0.513939 0
    outer loop
      vertex 12.7653 -6.65996 0
      vertex 12.8359 -6.7778 8
      vertex 12.8359 -6.7778 0
    endloop
  endfacet
  facet normal 0.336825 0.941567 -0
    outer loop
      vertex 13.5936 -7.33972 0
      vertex 13.4642 -7.29343 8
      vertex 13.5936 -7.33972 8
    endloop
  endfacet
  facet normal 0.336825 0.941567 0
    outer loop
      vertex 13.4642 -7.29343 8
      vertex 13.5936 -7.33972 0
      vertex 13.4642 -7.29343 0
    endloop
  endfacet
  facet normal -0.857827 0.513939 0
    outer loop
      vertex 15.1641 -6.7778 0
      vertex 15.2347 -6.65996 8
      vertex 15.2347 -6.65996 0
    endloop
  endfacet
  facet normal -0.857827 0.513939 0
    outer loop
      vertex 15.2347 -6.65996 8
      vertex 15.1641 -6.7778 0
      vertex 15.1641 -6.7778 8
    endloop
  endfacet
  facet normal -0.671897 0.740645 0
    outer loop
      vertex 14.9899 -6.98995 0
      vertex 14.8882 -7.08221 8
      vertex 14.9899 -6.98995 8
    endloop
  endfacet
  facet normal -0.671897 0.740645 0
    outer loop
      vertex 14.8882 -7.08221 8
      vertex 14.9899 -6.98995 0
      vertex 14.8882 -7.08221 0
    endloop
  endfacet
  facet normal -0.740829 -0.671694 0
    outer loop
      vertex 15.0822 6.88815 0
      vertex 14.9899 6.98995 8
      vertex 14.9899 6.98995 0
    endloop
  endfacet
  facet normal -0.740829 -0.671694 0
    outer loop
      vertex 14.9899 6.98995 8
      vertex 15.0822 6.88815 0
      vertex 15.0822 6.88815 8
    endloop
  endfacet
  facet normal -0.336825 0.941567 0
    outer loop
      vertex 14.5358 4.70657 0
      vertex 14.4064 4.66028 8
      vertex 14.5358 4.70657 8
    endloop
  endfacet
  facet normal -0.336825 0.941567 0
    outer loop
      vertex 14.4064 4.66028 8
      vertex 14.5358 4.70657 0
      vertex 14.4064 4.66028 0
    endloop
  endfacet
  facet normal -0.857827 -0.513939 0
    outer loop
      vertex 15.2347 6.65996 0
      vertex 15.1641 6.7778 8
      vertex 15.1641 6.7778 0
    endloop
  endfacet
  facet normal -0.857827 -0.513939 0
    outer loop
      vertex 15.1641 6.7778 8
      vertex 15.2347 6.65996 0
      vertex 15.2347 6.65996 8
    endloop
  endfacet
  facet normal 0.671574 0.740937 -0
    outer loop
      vertex 13.1118 4.91778 0
      vertex 13.01 5.01005 8
      vertex 13.1118 4.91778 8
    endloop
  endfacet
  facet normal 0.671574 0.740937 0
    outer loop
      vertex 13.01 5.01005 8
      vertex 13.1118 4.91778 0
      vertex 13.01 5.01005 0
    endloop
  endfacet
  facet normal -0.904108 0.427304 0
    outer loop
      vertex 15.2347 5.34004 0
      vertex 15.2934 5.46424 8
      vertex 15.2934 5.46424 0
    endloop
  endfacet
  facet normal -0.904108 0.427304 0
    outer loop
      vertex 15.2934 5.46424 8
      vertex 15.2347 5.34004 0
      vertex 15.2347 5.34004 8
    endloop
  endfacet
  facet normal 0.803003 0.595976 0
    outer loop
      vertex 12.9178 5.11185 8
      vertex 12.8359 5.2222 0
      vertex 12.8359 5.2222 8
    endloop
  endfacet
  facet normal 0.803003 0.595976 0
    outer loop
      vertex 12.8359 5.2222 0
      vertex 12.9178 5.11185 8
      vertex 12.9178 5.11185 0
    endloop
  endfacet
  facet normal 0.989135 0.147013 0
    outer loop
      vertex 12.6269 5.72687 8
      vertex 12.6067 5.86278 0
      vertex 12.6067 5.86278 8
    endloop
  endfacet
  facet normal 0.989135 0.147013 0
    outer loop
      vertex 12.6067 5.86278 0
      vertex 12.6269 5.72687 8
      vertex 12.6269 5.72687 0
    endloop
  endfacet
  facet normal -0.0490662 0.998796 0
    outer loop
      vertex 14.1372 4.60674 0
      vertex 14 4.6 8
      vertex 14.1372 4.60674 8
    endloop
  endfacet
  facet normal -0.0490662 0.998796 0
    outer loop
      vertex 14 4.6 8
      vertex 14.1372 4.60674 0
      vertex 14 4.6 0
    endloop
  endfacet
  facet normal 0.904108 0.427304 0
    outer loop
      vertex 12.7653 5.34004 8
      vertex 12.7066 5.46424 0
      vertex 12.7066 5.46424 8
    endloop
  endfacet
  facet normal 0.904108 0.427304 0
    outer loop
      vertex 12.7066 5.46424 0
      vertex 12.7653 5.34004 8
      vertex 12.7653 5.34004 0
    endloop
  endfacet
  facet normal 0.99881 -0.0487686 0
    outer loop
      vertex 12.6 6 8
      vertex 12.6067 6.13722 0
      vertex 12.6067 6.13722 8
    endloop
  endfacet
  facet normal 0.99881 -0.0487686 0
    outer loop
      vertex 12.6067 6.13722 0
      vertex 12.6 6 8
      vertex 12.6 6 0
    endloop
  endfacet
  facet normal 0.904108 -0.427304 0
    outer loop
      vertex 12.7066 6.53576 8
      vertex 12.7653 6.65996 0
      vertex 12.7653 6.65996 8
    endloop
  endfacet
  facet normal 0.904108 -0.427304 0
    outer loop
      vertex 12.7653 6.65996 0
      vertex 12.7066 6.53576 8
      vertex 12.7066 6.53576 0
    endloop
  endfacet
  facet normal -0.99881 0.0487686 0
    outer loop
      vertex 15.3933 5.86278 0
      vertex 15.4 6 8
      vertex 15.4 6 0
    endloop
  endfacet
  facet normal -0.99881 0.0487686 0
    outer loop
      vertex 15.4 6 8
      vertex 15.3933 5.86278 0
      vertex 15.3933 5.86278 8
    endloop
  endfacet
  facet normal 0.336825 -0.941567 0
    outer loop
      vertex 13.4642 7.29343 0
      vertex 13.5936 7.33972 8
      vertex 13.4642 7.29343 8
    endloop
  endfacet
  facet normal 0.336825 -0.941567 0
    outer loop
      vertex 13.5936 7.33972 8
      vertex 13.4642 7.29343 0
      vertex 13.5936 7.33972 0
    endloop
  endfacet
  facet normal 0.857827 0.513939 0
    outer loop
      vertex 12.8359 5.2222 8
      vertex 12.7653 5.34004 0
      vertex 12.7653 5.34004 8
    endloop
  endfacet
  facet normal 0.857827 0.513939 0
    outer loop
      vertex 12.7653 5.34004 0
      vertex 12.8359 5.2222 8
      vertex 12.8359 5.2222 0
    endloop
  endfacet
  facet normal -0.989135 -0.147013 0
    outer loop
      vertex 15.3933 6.13722 0
      vertex 15.3731 6.27313 8
      vertex 15.3731 6.27313 0
    endloop
  endfacet
  facet normal -0.989135 -0.147013 0
    outer loop
      vertex 15.3731 6.27313 8
      vertex 15.3933 6.13722 0
      vertex 15.3933 6.13722 8
    endloop
  endfacet
  facet normal 0.0490662 -0.998796 0
    outer loop
      vertex 13.8628 7.39326 0
      vertex 14 7.4 8
      vertex 13.8628 7.39326 8
    endloop
  endfacet
  facet normal 0.0490662 -0.998796 0
    outer loop
      vertex 14 7.4 8
      vertex 13.8628 7.39326 0
      vertex 14 7.4 0
    endloop
  endfacet
  facet normal -0.99881 -0.0487686 0
    outer loop
      vertex 15.4 6 0
      vertex 15.3933 6.13722 8
      vertex 15.3933 6.13722 0
    endloop
  endfacet
  facet normal -0.99881 -0.0487686 0
    outer loop
      vertex 15.3933 6.13722 8
      vertex 15.4 6 0
      vertex 15.4 6 8
    endloop
  endfacet
  facet normal 0.970001 -0.243101 0
    outer loop
      vertex 12.6269 6.27313 8
      vertex 12.6603 6.4064 0
      vertex 12.6603 6.4064 8
    endloop
  endfacet
  facet normal 0.970001 -0.243101 0
    outer loop
      vertex 12.6603 6.4064 0
      vertex 12.6269 6.27313 8
      vertex 12.6269 6.27313 0
    endloop
  endfacet
  facet normal -0.146739 -0.989175 0
    outer loop
      vertex 14.1372 7.39326 0
      vertex 14.2731 7.3731 8
      vertex 14.1372 7.39326 8
    endloop
  endfacet
  facet normal -0.146739 -0.989175 -0
    outer loop
      vertex 14.2731 7.3731 8
      vertex 14.1372 7.39326 0
      vertex 14.2731 7.3731 0
    endloop
  endfacet
  facet normal -0.803003 -0.595976 0
    outer loop
      vertex 15.1641 6.7778 0
      vertex 15.0822 6.88815 8
      vertex 15.0822 6.88815 0
    endloop
  endfacet
  facet normal -0.803003 -0.595976 0
    outer loop
      vertex 15.0822 6.88815 8
      vertex 15.1641 6.7778 0
      vertex 15.1641 6.7778 8
    endloop
  endfacet
  facet normal 0.146739 -0.989175 0
    outer loop
      vertex 13.7269 7.3731 0
      vertex 13.8628 7.39326 8
      vertex 13.7269 7.3731 8
    endloop
  endfacet
  facet normal 0.146739 -0.989175 0
    outer loop
      vertex 13.8628 7.39326 8
      vertex 13.7269 7.3731 0
      vertex 13.8628 7.39326 0
    endloop
  endfacet
  facet normal -0.595567 -0.803306 0
    outer loop
      vertex 14.7778 7.16406 0
      vertex 14.8882 7.08221 8
      vertex 14.7778 7.16406 8
    endloop
  endfacet
  facet normal -0.595567 -0.803306 -0
    outer loop
      vertex 14.8882 7.08221 8
      vertex 14.7778 7.16406 0
      vertex 14.8882 7.08221 0
    endloop
  endfacet
  facet normal 0.514228 0.857653 -0
    outer loop
      vertex 13.34 4.76531 0
      vertex 13.2222 4.83594 8
      vertex 13.34 4.76531 8
    endloop
  endfacet
  facet normal 0.514228 0.857653 0
    outer loop
      vertex 13.2222 4.83594 8
      vertex 13.34 4.76531 0
      vertex 13.2222 4.83594 0
    endloop
  endfacet
  facet normal 0.242912 0.970048 -0
    outer loop
      vertex 13.7269 4.6269 0
      vertex 13.5936 4.66028 8
      vertex 13.7269 4.6269 8
    endloop
  endfacet
  facet normal 0.242912 0.970048 0
    outer loop
      vertex 13.5936 4.66028 8
      vertex 13.7269 4.6269 0
      vertex 13.5936 4.66028 0
    endloop
  endfacet
  facet normal -0.970001 0.243101 0
    outer loop
      vertex 15.3397 5.5936 0
      vertex 15.3731 5.72687 8
      vertex 15.3731 5.72687 0
    endloop
  endfacet
  facet normal -0.970001 0.243101 0
    outer loop
      vertex 15.3731 5.72687 8
      vertex 15.3397 5.5936 0
      vertex 15.3397 5.5936 8
    endloop
  endfacet
  facet normal -0.740829 0.671694 0
    outer loop
      vertex 14.9899 5.01005 0
      vertex 15.0822 5.11185 8
      vertex 15.0822 5.11185 0
    endloop
  endfacet
  facet normal -0.740829 0.671694 0
    outer loop
      vertex 15.0822 5.11185 8
      vertex 14.9899 5.01005 0
      vertex 14.9899 5.01005 8
    endloop
  endfacet
  facet normal 0.59552 0.803341 -0
    outer loop
      vertex 13.2222 4.83594 0
      vertex 13.1118 4.91778 8
      vertex 13.2222 4.83594 8
    endloop
  endfacet
  facet normal 0.59552 0.803341 0
    outer loop
      vertex 13.1118 4.91778 8
      vertex 13.2222 4.83594 0
      vertex 13.1118 4.91778 0
    endloop
  endfacet
  facet normal -0.970001 -0.243101 0
    outer loop
      vertex 15.3731 6.27313 0
      vertex 15.3397 6.4064 8
      vertex 15.3397 6.4064 0
    endloop
  endfacet
  facet normal -0.970001 -0.243101 0
    outer loop
      vertex 15.3397 6.4064 8
      vertex 15.3731 6.27313 0
      vertex 15.3731 6.27313 8
    endloop
  endfacet
  facet normal -0.514228 0.857653 0
    outer loop
      vertex 14.7778 4.83594 0
      vertex 14.66 4.76531 8
      vertex 14.7778 4.83594 8
    endloop
  endfacet
  facet normal -0.514228 0.857653 0
    outer loop
      vertex 14.66 4.76531 8
      vertex 14.7778 4.83594 0
      vertex 14.66 4.76531 0
    endloop
  endfacet
  facet normal -0.427542 -0.903996 0
    outer loop
      vertex 14.5358 7.29343 0
      vertex 14.66 7.23469 8
      vertex 14.5358 7.29343 8
    endloop
  endfacet
  facet normal -0.427542 -0.903996 -0
    outer loop
      vertex 14.66 7.23469 8
      vertex 14.5358 7.29343 0
      vertex 14.66 7.23469 0
    endloop
  endfacet
  facet normal 0.741191 -0.671295 0
    outer loop
      vertex 12.9178 6.88815 8
      vertex 13.01 6.98995 0
      vertex 13.01 6.98995 8
    endloop
  endfacet
  facet normal 0.741191 -0.671295 0
    outer loop
      vertex 13.01 6.98995 0
      vertex 12.9178 6.88815 8
      vertex 12.9178 6.88815 0
    endloop
  endfacet
  facet normal -0.427542 0.903996 0
    outer loop
      vertex 14.66 4.76531 0
      vertex 14.5358 4.70657 8
      vertex 14.66 4.76531 8
    endloop
  endfacet
  facet normal -0.427542 0.903996 0
    outer loop
      vertex 14.5358 4.70657 8
      vertex 14.66 4.76531 0
      vertex 14.5358 4.70657 0
    endloop
  endfacet
  facet normal -0.989135 0.147013 0
    outer loop
      vertex 15.3731 5.72687 0
      vertex 15.3933 5.86278 8
      vertex 15.3933 5.86278 0
    endloop
  endfacet
  facet normal -0.989135 0.147013 0
    outer loop
      vertex 15.3933 5.86278 8
      vertex 15.3731 5.72687 0
      vertex 15.3731 5.72687 8
    endloop
  endfacet
  facet normal -0.803003 0.595976 0
    outer loop
      vertex 15.0822 5.11185 0
      vertex 15.1641 5.2222 8
      vertex 15.1641 5.2222 0
    endloop
  endfacet
  facet normal -0.803003 0.595976 0
    outer loop
      vertex 15.1641 5.2222 8
      vertex 15.0822 5.11185 0
      vertex 15.0822 5.11185 8
    endloop
  endfacet
  facet normal 0.970001 0.243101 0
    outer loop
      vertex 12.6603 5.5936 8
      vertex 12.6269 5.72687 0
      vertex 12.6269 5.72687 8
    endloop
  endfacet
  facet normal 0.970001 0.243101 0
    outer loop
      vertex 12.6269 5.72687 0
      vertex 12.6603 5.5936 8
      vertex 12.6603 5.5936 0
    endloop
  endfacet
  facet normal -0.904108 -0.427304 0
    outer loop
      vertex 15.2934 6.53576 0
      vertex 15.2347 6.65996 8
      vertex 15.2347 6.65996 0
    endloop
  endfacet
  facet normal -0.904108 -0.427304 0
    outer loop
      vertex 15.2347 6.65996 8
      vertex 15.2934 6.53576 0
      vertex 15.2934 6.53576 8
    endloop
  endfacet
  facet normal -0.671897 -0.740645 0
    outer loop
      vertex 14.8882 7.08221 0
      vertex 14.9899 6.98995 8
      vertex 14.8882 7.08221 8
    endloop
  endfacet
  facet normal -0.671897 -0.740645 -0
    outer loop
      vertex 14.9899 6.98995 8
      vertex 14.8882 7.08221 0
      vertex 14.9899 6.98995 0
    endloop
  endfacet
  facet normal 0.242912 -0.970048 0
    outer loop
      vertex 13.5936 7.33972 0
      vertex 13.7269 7.3731 8
      vertex 13.5936 7.33972 8
    endloop
  endfacet
  facet normal 0.242912 -0.970048 0
    outer loop
      vertex 13.7269 7.3731 8
      vertex 13.5936 7.33972 0
      vertex 13.7269 7.3731 0
    endloop
  endfacet
  facet normal -0.146739 0.989175 0
    outer loop
      vertex 14.2731 4.6269 0
      vertex 14.1372 4.60674 8
      vertex 14.2731 4.6269 8
    endloop
  endfacet
  facet normal -0.146739 0.989175 0
    outer loop
      vertex 14.1372 4.60674 8
      vertex 14.2731 4.6269 0
      vertex 14.1372 4.60674 0
    endloop
  endfacet
  facet normal -0.336825 -0.941567 0
    outer loop
      vertex 14.4064 7.33972 0
      vertex 14.5358 7.29343 8
      vertex 14.4064 7.33972 8
    endloop
  endfacet
  facet normal -0.336825 -0.941567 -0
    outer loop
      vertex 14.5358 7.29343 8
      vertex 14.4064 7.33972 0
      vertex 14.5358 7.29343 0
    endloop
  endfacet
  facet normal -0.941511 -0.336982 0
    outer loop
      vertex 15.3397 6.4064 0
      vertex 15.2934 6.53576 8
      vertex 15.2934 6.53576 0
    endloop
  endfacet
  facet normal -0.941511 -0.336982 0
    outer loop
      vertex 15.2934 6.53576 8
      vertex 15.3397 6.4064 0
      vertex 15.3397 6.4064 8
    endloop
  endfacet
  facet normal 0.741191 0.671295 0
    outer loop
      vertex 13.01 5.01005 8
      vertex 12.9178 5.11185 0
      vertex 12.9178 5.11185 8
    endloop
  endfacet
  facet normal 0.741191 0.671295 0
    outer loop
      vertex 12.9178 5.11185 0
      vertex 13.01 5.01005 8
      vertex 13.01 5.01005 0
    endloop
  endfacet
  facet normal -0.857827 0.513939 0
    outer loop
      vertex 15.1641 5.2222 0
      vertex 15.2347 5.34004 8
      vertex 15.2347 5.34004 0
    endloop
  endfacet
  facet normal -0.857827 0.513939 0
    outer loop
      vertex 15.2347 5.34004 8
      vertex 15.1641 5.2222 0
      vertex 15.1641 5.2222 8
    endloop
  endfacet
  facet normal 0.99881 0.0487686 0
    outer loop
      vertex 12.6067 5.86278 8
      vertex 12.6 6 0
      vertex 12.6 6 8
    endloop
  endfacet
  facet normal 0.99881 0.0487686 0
    outer loop
      vertex 12.6 6 0
      vertex 12.6067 5.86278 8
      vertex 12.6067 5.86278 0
    endloop
  endfacet
  facet normal 0.671534 -0.740973 0
    outer loop
      vertex 13.01 6.98995 0
      vertex 13.1118 7.08221 8
      vertex 13.01 6.98995 8
    endloop
  endfacet
  facet normal 0.671534 -0.740973 0
    outer loop
      vertex 13.1118 7.08221 8
      vertex 13.01 6.98995 0
      vertex 13.1118 7.08221 0
    endloop
  endfacet
  facet normal -0.514228 -0.857653 0
    outer loop
      vertex 14.66 7.23469 0
      vertex 14.7778 7.16406 8
      vertex 14.66 7.23469 8
    endloop
  endfacet
  facet normal -0.514228 -0.857653 -0
    outer loop
      vertex 14.7778 7.16406 8
      vertex 14.66 7.23469 0
      vertex 14.7778 7.16406 0
    endloop
  endfacet
  facet normal 0.941511 0.336982 0
    outer loop
      vertex 12.7066 5.46424 8
      vertex 12.6603 5.5936 0
      vertex 12.6603 5.5936 8
    endloop
  endfacet
  facet normal 0.941511 0.336982 0
    outer loop
      vertex 12.6603 5.5936 0
      vertex 12.7066 5.46424 8
      vertex 12.7066 5.46424 0
    endloop
  endfacet
  facet normal 0.336825 0.941567 -0
    outer loop
      vertex 13.5936 4.66028 0
      vertex 13.4642 4.70657 8
      vertex 13.5936 4.66028 8
    endloop
  endfacet
  facet normal 0.336825 0.941567 0
    outer loop
      vertex 13.4642 4.70657 8
      vertex 13.5936 4.66028 0
      vertex 13.4642 4.70657 0
    endloop
  endfacet
  facet normal 0.146739 0.989175 -0
    outer loop
      vertex 13.8628 4.60674 0
      vertex 13.7269 4.6269 8
      vertex 13.8628 4.60674 8
    endloop
  endfacet
  facet normal 0.146739 0.989175 0
    outer loop
      vertex 13.7269 4.6269 8
      vertex 13.8628 4.60674 0
      vertex 13.7269 4.6269 0
    endloop
  endfacet
  facet normal 0.427542 -0.903996 0
    outer loop
      vertex 13.34 7.23469 0
      vertex 13.4642 7.29343 8
      vertex 13.34 7.23469 8
    endloop
  endfacet
  facet normal 0.427542 -0.903996 0
    outer loop
      vertex 13.4642 7.29343 8
      vertex 13.34 7.23469 0
      vertex 13.4642 7.29343 0
    endloop
  endfacet
  facet normal -0.242912 -0.970048 0
    outer loop
      vertex 14.2731 7.3731 0
      vertex 14.4064 7.33972 8
      vertex 14.2731 7.3731 8
    endloop
  endfacet
  facet normal -0.242912 -0.970048 -0
    outer loop
      vertex 14.4064 7.33972 8
      vertex 14.2731 7.3731 0
      vertex 14.4064 7.33972 0
    endloop
  endfacet
  facet normal -0.941511 0.336982 0
    outer loop
      vertex 15.2934 5.46424 0
      vertex 15.3397 5.5936 8
      vertex 15.3397 5.5936 0
    endloop
  endfacet
  facet normal -0.941511 0.336982 0
    outer loop
      vertex 15.3397 5.5936 8
      vertex 15.2934 5.46424 0
      vertex 15.2934 5.46424 8
    endloop
  endfacet
  facet normal 0.803003 -0.595976 0
    outer loop
      vertex 12.8359 6.7778 8
      vertex 12.9178 6.88815 0
      vertex 12.9178 6.88815 8
    endloop
  endfacet
  facet normal 0.803003 -0.595976 0
    outer loop
      vertex 12.9178 6.88815 0
      vertex 12.8359 6.7778 8
      vertex 12.8359 6.7778 0
    endloop
  endfacet
  facet normal -0.242912 0.970048 0
    outer loop
      vertex 14.4064 4.66028 0
      vertex 14.2731 4.6269 8
      vertex 14.4064 4.66028 8
    endloop
  endfacet
  facet normal -0.242912 0.970048 0
    outer loop
      vertex 14.2731 4.6269 8
      vertex 14.4064 4.66028 0
      vertex 14.2731 4.6269 0
    endloop
  endfacet
  facet normal -0.671937 0.740609 0
    outer loop
      vertex 14.9899 5.01005 0
      vertex 14.8882 4.91778 8
      vertex 14.9899 5.01005 8
    endloop
  endfacet
  facet normal -0.671937 0.740609 0
    outer loop
      vertex 14.8882 4.91778 8
      vertex 14.9899 5.01005 0
      vertex 14.8882 4.91778 0
    endloop
  endfacet
  facet normal -0.59552 0.803341 0
    outer loop
      vertex 14.8882 4.91778 0
      vertex 14.7778 4.83594 8
      vertex 14.8882 4.91778 8
    endloop
  endfacet
  facet normal -0.59552 0.803341 0
    outer loop
      vertex 14.7778 4.83594 8
      vertex 14.8882 4.91778 0
      vertex 14.7778 4.83594 0
    endloop
  endfacet
  facet normal -0.0490662 -0.998796 0
    outer loop
      vertex 14 7.4 0
      vertex 14.1372 7.39326 8
      vertex 14 7.4 8
    endloop
  endfacet
  facet normal -0.0490662 -0.998796 -0
    outer loop
      vertex 14.1372 7.39326 8
      vertex 14 7.4 0
      vertex 14.1372 7.39326 0
    endloop
  endfacet
  facet normal 0.857827 -0.513939 0
    outer loop
      vertex 12.7653 6.65996 8
      vertex 12.8359 6.7778 0
      vertex 12.8359 6.7778 8
    endloop
  endfacet
  facet normal 0.857827 -0.513939 0
    outer loop
      vertex 12.8359 6.7778 0
      vertex 12.7653 6.65996 8
      vertex 12.7653 6.65996 0
    endloop
  endfacet
  facet normal 0.989135 -0.147013 0
    outer loop
      vertex 12.6067 6.13722 8
      vertex 12.6269 6.27313 0
      vertex 12.6269 6.27313 8
    endloop
  endfacet
  facet normal 0.989135 -0.147013 0
    outer loop
      vertex 12.6269 6.27313 0
      vertex 12.6067 6.13722 8
      vertex 12.6067 6.13722 0
    endloop
  endfacet
  facet normal 0.941511 -0.336982 0
    outer loop
      vertex 12.6603 6.4064 8
      vertex 12.7066 6.53576 0
      vertex 12.7066 6.53576 8
    endloop
  endfacet
  facet normal 0.941511 -0.336982 0
    outer loop
      vertex 12.7066 6.53576 0
      vertex 12.6603 6.4064 8
      vertex 12.6603 6.4064 0
    endloop
  endfacet
  facet normal 0.0490662 0.998796 -0
    outer loop
      vertex 14 4.6 0
      vertex 13.8628 4.60674 8
      vertex 14 4.6 8
    endloop
  endfacet
  facet normal 0.0490662 0.998796 0
    outer loop
      vertex 13.8628 4.60674 8
      vertex 14 4.6 0
      vertex 13.8628 4.60674 0
    endloop
  endfacet
  facet normal 0.595567 -0.803306 0
    outer loop
      vertex 13.1118 7.08221 0
      vertex 13.2222 7.16406 8
      vertex 13.1118 7.08221 8
    endloop
  endfacet
  facet normal 0.595567 -0.803306 0
    outer loop
      vertex 13.2222 7.16406 8
      vertex 13.1118 7.08221 0
      vertex 13.2222 7.16406 0
    endloop
  endfacet
  facet normal 0.514228 -0.857653 0
    outer loop
      vertex 13.2222 7.16406 0
      vertex 13.34 7.23469 8
      vertex 13.2222 7.16406 8
    endloop
  endfacet
  facet normal 0.514228 -0.857653 0
    outer loop
      vertex 13.34 7.23469 8
      vertex 13.2222 7.16406 0
      vertex 13.34 7.23469 0
    endloop
  endfacet
  facet normal 0.427542 0.903996 -0
    outer loop
      vertex 13.4642 4.70657 0
      vertex 13.34 4.76531 8
      vertex 13.4642 4.70657 8
    endloop
  endfacet
  facet normal 0.427542 0.903996 0
    outer loop
      vertex 13.34 4.76531 8
      vertex 13.4642 4.70657 0
      vertex 13.34 4.76531 0
    endloop
  endfacet
endsolid OpenSCAD_Model
